{
  "name": "B1hcZZ-AW.pdf", 
  "metadata": {
    "title": null, 
    "year": 2018, 
    "referenceMentions": [
      {
        "referenceID": 11, 
        "startOffset": 102, 
        "context": "Each network architecture that is generated by our policy is then trained with Knowledge Distillation (Hinton et al., 2015).", 
        "endOffset": 123
      }, 
      {
        "referenceID": 12, 
        "startOffset": 102, 
        "context": "Pruning: Pruning-based methods preserve the weights that matter most and remove the redundant weights LeCun et al. (1989), Hassibi et al.", 
        "endOffset": 122
      }, 
      {
        "referenceID": 6, 
        "startOffset": 8, 
        "context": "(1989), Hassibi et al. (1993), Srinivas & Babu (2015), Han et al.", 
        "endOffset": 30
      }, 
      {
        "referenceID": 6, 
        "startOffset": 32, 
        "context": "(1993), Srinivas & Babu (2015), Han et al. (2015b), Han et al.", 
        "endOffset": 51
      }, 
      {
        "referenceID": 6, 
        "startOffset": 32, 
        "context": "(1993), Srinivas & Babu (2015), Han et al. (2015b), Han et al. (2015a), Mariet & Sra (2015), Anwar et al.", 
        "endOffset": 71
      }, 
      {
        "referenceID": 6, 
        "startOffset": 32, 
        "context": "(1993), Srinivas & Babu (2015), Han et al. (2015b), Han et al. (2015a), Mariet & Sra (2015), Anwar et al.", 
        "endOffset": 92
      }, 
      {
        "referenceID": 0, 
        "startOffset": 30, 
        "context": "(2015a), Mariet & Sra (2015), Anwar et al. (2015), Guo et al.", 
        "endOffset": 50
      }, 
      {
        "referenceID": 0, 
        "startOffset": 30, 
        "context": "(2015a), Mariet & Sra (2015), Anwar et al. (2015), Guo et al. (2016). While pruning-based approaches typically operate on the weights of the teacher model, our approach operates on a much larger search space over both model weights and model architecture.", 
        "endOffset": 69
      }, 
      {
        "referenceID": 11, 
        "startOffset": 29, 
        "context": "(2006), Ba & Caruana (2014), Hinton et al. (2015), Romero et al.", 
        "endOffset": 50
      }, 
      {
        "referenceID": 11, 
        "startOffset": 29, 
        "context": "(2006), Ba & Caruana (2014), Hinton et al. (2015), Romero et al. (2014), Urban et al.", 
        "endOffset": 72
      }, 
      {
        "referenceID": 11, 
        "startOffset": 29, 
        "context": "(2006), Ba & Caruana (2014), Hinton et al. (2015), Romero et al. (2014), Urban et al. (2016). The work of Hinton et al.", 
        "endOffset": 93
      }, 
      {
        "referenceID": 11, 
        "startOffset": 29, 
        "context": "(2006), Ba & Caruana (2014), Hinton et al. (2015), Romero et al. (2014), Urban et al. (2016). The work of Hinton et al. (2015) generalized this idea by training the student to learn from both the teacher and from the training data, demonstrating that this approach outperforms models trained using only training data.", 
        "endOffset": 127
      }, 
      {
        "referenceID": 11, 
        "startOffset": 29, 
        "context": "(2006), Ba & Caruana (2014), Hinton et al. (2015), Romero et al. (2014), Urban et al. (2016). The work of Hinton et al. (2015) generalized this idea by training the student to learn from both the teacher and from the training data, demonstrating that this approach outperforms models trained using only training data. In Romero et al. (2014), the approach uses Knowledge Distillation with an intermediate hint layer to train a thinner but deeper student network containing fewer parameters to outperform the teacher network.", 
        "endOffset": 342
      }, 
      {
        "referenceID": 11, 
        "startOffset": 29, 
        "context": "(2006), Ba & Caruana (2014), Hinton et al. (2015), Romero et al. (2014), Urban et al. (2016). The work of Hinton et al. (2015) generalized this idea by training the student to learn from both the teacher and from the training data, demonstrating that this approach outperforms models trained using only training data. In Romero et al. (2014), the approach uses Knowledge Distillation with an intermediate hint layer to train a thinner but deeper student network containing fewer parameters to outperform the teacher network. In previous Knowledge Distillation approaches, the networks are hand designed, possibly after many rounds of trial-and-error. In this paper, we train a policy to learn the optimal student architecture, instead of hand-designing one. In a sense, we automate Knowledge Distillation, employing the distillation method of Ba & Caruana (2014) as a component of our learning process.", 
        "endOffset": 863
      }, 
      {
        "referenceID": 11, 
        "startOffset": 29, 
        "context": "(2006), Ba & Caruana (2014), Hinton et al. (2015), Romero et al. (2014), Urban et al. (2016). The work of Hinton et al. (2015) generalized this idea by training the student to learn from both the teacher and from the training data, demonstrating that this approach outperforms models trained using only training data. In Romero et al. (2014), the approach uses Knowledge Distillation with an intermediate hint layer to train a thinner but deeper student network containing fewer parameters to outperform the teacher network. In previous Knowledge Distillation approaches, the networks are hand designed, possibly after many rounds of trial-and-error. In this paper, we train a policy to learn the optimal student architecture, instead of hand-designing one. In a sense, we automate Knowledge Distillation, employing the distillation method of Ba & Caruana (2014) as a component of our learning process. In the experiments section we show that our learned architectures outperform those described in Romero et al. (2014) and Hinton et al.", 
        "endOffset": 1020
      }, 
      {
        "referenceID": 20, 
        "startOffset": 95, 
        "context": "Architecture Search: There has been much work on exploring the design space of neural networks Saxe et al. (2011), Zoph & Le (2016), Baker et al.", 
        "endOffset": 114
      }, 
      {
        "referenceID": 20, 
        "startOffset": 95, 
        "context": "Architecture Search: There has been much work on exploring the design space of neural networks Saxe et al. (2011), Zoph & Le (2016), Baker et al.", 
        "endOffset": 132
      }, 
      {
        "referenceID": 2, 
        "startOffset": 26, 
        "context": "(2011), Zoph & Le (2016), Baker et al. (2016), Ludermir et al.", 
        "endOffset": 46
      }, 
      {
        "referenceID": 2, 
        "startOffset": 26, 
        "context": "(2011), Zoph & Le (2016), Baker et al. (2016), Ludermir et al. (2006), Miikkulainen et al.", 
        "endOffset": 70
      }, 
      {
        "referenceID": 2, 
        "startOffset": 26, 
        "context": "(2011), Zoph & Le (2016), Baker et al. (2016), Ludermir et al. (2006), Miikkulainen et al. (2017), Real et al.", 
        "endOffset": 98
      }, 
      {
        "referenceID": 2, 
        "startOffset": 26, 
        "context": "(2011), Zoph & Le (2016), Baker et al. (2016), Ludermir et al. (2006), Miikkulainen et al. (2017), Real et al. (2017), Snoek et al.", 
        "endOffset": 118
      }, 
      {
        "referenceID": 2, 
        "startOffset": 26, 
        "context": "(2011), Zoph & Le (2016), Baker et al. (2016), Ludermir et al. (2006), Miikkulainen et al. (2017), Real et al. (2017), Snoek et al. (2012), Snoek et al.", 
        "endOffset": 139
      }, 
      {
        "referenceID": 2, 
        "startOffset": 26, 
        "context": "(2011), Zoph & Le (2016), Baker et al. (2016), Ludermir et al. (2006), Miikkulainen et al. (2017), Real et al. (2017), Snoek et al. (2012), Snoek et al. (2015), Stanley & Miikkulainen (2002), Jozefowicz et al.", 
        "endOffset": 160
      }, 
      {
        "referenceID": 2, 
        "startOffset": 26, 
        "context": "(2011), Zoph & Le (2016), Baker et al. (2016), Ludermir et al. (2006), Miikkulainen et al. (2017), Real et al. (2017), Snoek et al. (2012), Snoek et al. (2015), Stanley & Miikkulainen (2002), Jozefowicz et al.", 
        "endOffset": 191
      }, 
      {
        "referenceID": 2, 
        "startOffset": 26, 
        "context": "(2011), Zoph & Le (2016), Baker et al. (2016), Ludermir et al. (2006), Miikkulainen et al. (2017), Real et al. (2017), Snoek et al. (2012), Snoek et al. (2015), Stanley & Miikkulainen (2002), Jozefowicz et al. (2015), Murdock et al.", 
        "endOffset": 217
      }, 
      {
        "referenceID": 2, 
        "startOffset": 26, 
        "context": "(2011), Zoph & Le (2016), Baker et al. (2016), Ludermir et al. (2006), Miikkulainen et al. (2017), Real et al. (2017), Snoek et al. (2012), Snoek et al. (2015), Stanley & Miikkulainen (2002), Jozefowicz et al. (2015), Murdock et al. (2016), Feng & Darrell (2015), Warde-Farley et al.", 
        "endOffset": 240
      }, 
      {
        "referenceID": 2, 
        "startOffset": 26, 
        "context": "(2011), Zoph & Le (2016), Baker et al. (2016), Ludermir et al. (2006), Miikkulainen et al. (2017), Real et al. (2017), Snoek et al. (2012), Snoek et al. (2015), Stanley & Miikkulainen (2002), Jozefowicz et al. (2015), Murdock et al. (2016), Feng & Darrell (2015), Warde-Farley et al.", 
        "endOffset": 263
      }, 
      {
        "referenceID": 2, 
        "startOffset": 26, 
        "context": "(2011), Zoph & Le (2016), Baker et al. (2016), Ludermir et al. (2006), Miikkulainen et al. (2017), Real et al. (2017), Snoek et al. (2012), Snoek et al. (2015), Stanley & Miikkulainen (2002), Jozefowicz et al. (2015), Murdock et al. (2016), Feng & Darrell (2015), Warde-Farley et al. (2014), Iandola et al.", 
        "endOffset": 291
      }, 
      {
        "referenceID": 2, 
        "startOffset": 26, 
        "context": "(2011), Zoph & Le (2016), Baker et al. (2016), Ludermir et al. (2006), Miikkulainen et al. (2017), Real et al. (2017), Snoek et al. (2012), Snoek et al. (2015), Stanley & Miikkulainen (2002), Jozefowicz et al. (2015), Murdock et al. (2016), Feng & Darrell (2015), Warde-Farley et al. (2014), Iandola et al. (2016). The principal aim of previous work in architecture search has been to build models that maximize performance on a given dataset.", 
        "endOffset": 314
      }, 
      {
        "referenceID": 2, 
        "startOffset": 26, 
        "context": "(2011), Zoph & Le (2016), Baker et al. (2016), Ludermir et al. (2006), Miikkulainen et al. (2017), Real et al. (2017), Snoek et al. (2012), Snoek et al. (2015), Stanley & Miikkulainen (2002), Jozefowicz et al. (2015), Murdock et al. (2016), Feng & Darrell (2015), Warde-Farley et al. (2014), Iandola et al. (2016). The principal aim of previous work in architecture search has been to build models that maximize performance on a given dataset. On the other hand, our goal is to find a compressed architecture while maintaining reasonable performance on a given dataset. Our approach also differs from existing architecture search method since we use the teacher model as the search space for our architecture instead of constructing networks from scratch. Current methods that construct networks from scratch either operate on a very large search space, making it computationally expensive Zoph & Le (2016), Real et al.", 
        "endOffset": 907
      }, 
      {
        "referenceID": 2, 
        "startOffset": 26, 
        "context": "(2011), Zoph & Le (2016), Baker et al. (2016), Ludermir et al. (2006), Miikkulainen et al. (2017), Real et al. (2017), Snoek et al. (2012), Snoek et al. (2015), Stanley & Miikkulainen (2002), Jozefowicz et al. (2015), Murdock et al. (2016), Feng & Darrell (2015), Warde-Farley et al. (2014), Iandola et al. (2016). The principal aim of previous work in architecture search has been to build models that maximize performance on a given dataset. On the other hand, our goal is to find a compressed architecture while maintaining reasonable performance on a given dataset. Our approach also differs from existing architecture search method since we use the teacher model as the search space for our architecture instead of constructing networks from scratch. Current methods that construct networks from scratch either operate on a very large search space, making it computationally expensive Zoph & Le (2016), Real et al. (2017), Miikkulainen et al.", 
        "endOffset": 927
      }, 
      {
        "referenceID": 2, 
        "startOffset": 26, 
        "context": "(2011), Zoph & Le (2016), Baker et al. (2016), Ludermir et al. (2006), Miikkulainen et al. (2017), Real et al. (2017), Snoek et al. (2012), Snoek et al. (2015), Stanley & Miikkulainen (2002), Jozefowicz et al. (2015), Murdock et al. (2016), Feng & Darrell (2015), Warde-Farley et al. (2014), Iandola et al. (2016). The principal aim of previous work in architecture search has been to build models that maximize performance on a given dataset. On the other hand, our goal is to find a compressed architecture while maintaining reasonable performance on a given dataset. Our approach also differs from existing architecture search method since we use the teacher model as the search space for our architecture instead of constructing networks from scratch. Current methods that construct networks from scratch either operate on a very large search space, making it computationally expensive Zoph & Le (2016), Real et al. (2017), Miikkulainen et al. (2017), Jozefowicz et al.", 
        "endOffset": 955
      }, 
      {
        "referenceID": 2, 
        "startOffset": 26, 
        "context": "(2011), Zoph & Le (2016), Baker et al. (2016), Ludermir et al. (2006), Miikkulainen et al. (2017), Real et al. (2017), Snoek et al. (2012), Snoek et al. (2015), Stanley & Miikkulainen (2002), Jozefowicz et al. (2015), Murdock et al. (2016), Feng & Darrell (2015), Warde-Farley et al. (2014), Iandola et al. (2016). The principal aim of previous work in architecture search has been to build models that maximize performance on a given dataset. On the other hand, our goal is to find a compressed architecture while maintaining reasonable performance on a given dataset. Our approach also differs from existing architecture search method since we use the teacher model as the search space for our architecture instead of constructing networks from scratch. Current methods that construct networks from scratch either operate on a very large search space, making it computationally expensive Zoph & Le (2016), Real et al. (2017), Miikkulainen et al. (2017), Jozefowicz et al. (2015) or operate on a highly restricted search space Baker et al.", 
        "endOffset": 981
      }, 
      {
        "referenceID": 2, 
        "startOffset": 26, 
        "context": "(2011), Zoph & Le (2016), Baker et al. (2016), Ludermir et al. (2006), Miikkulainen et al. (2017), Real et al. (2017), Snoek et al. (2012), Snoek et al. (2015), Stanley & Miikkulainen (2002), Jozefowicz et al. (2015), Murdock et al. (2016), Feng & Darrell (2015), Warde-Farley et al. (2014), Iandola et al. (2016). The principal aim of previous work in architecture search has been to build models that maximize performance on a given dataset. On the other hand, our goal is to find a compressed architecture while maintaining reasonable performance on a given dataset. Our approach also differs from existing architecture search method since we use the teacher model as the search space for our architecture instead of constructing networks from scratch. Current methods that construct networks from scratch either operate on a very large search space, making it computationally expensive Zoph & Le (2016), Real et al. (2017), Miikkulainen et al. (2017), Jozefowicz et al. (2015) or operate on a highly restricted search space Baker et al. (2016), Snoek et al.", 
        "endOffset": 1048
      }, 
      {
        "referenceID": 2, 
        "startOffset": 26, 
        "context": "(2011), Zoph & Le (2016), Baker et al. (2016), Ludermir et al. (2006), Miikkulainen et al. (2017), Real et al. (2017), Snoek et al. (2012), Snoek et al. (2015), Stanley & Miikkulainen (2002), Jozefowicz et al. (2015), Murdock et al. (2016), Feng & Darrell (2015), Warde-Farley et al. (2014), Iandola et al. (2016). The principal aim of previous work in architecture search has been to build models that maximize performance on a given dataset. On the other hand, our goal is to find a compressed architecture while maintaining reasonable performance on a given dataset. Our approach also differs from existing architecture search method since we use the teacher model as the search space for our architecture instead of constructing networks from scratch. Current methods that construct networks from scratch either operate on a very large search space, making it computationally expensive Zoph & Le (2016), Real et al. (2017), Miikkulainen et al. (2017), Jozefowicz et al. (2015) or operate on a highly restricted search space Baker et al. (2016), Snoek et al. (2015). Our approach instead leverages the idea that since the teacher model is able to achieve high accuracy on the dataset, it already contains the components required to solve the task well and therefore is a suitable search space for the compressed architecture.", 
        "endOffset": 1069
      }, 
      {
        "referenceID": 36, 
        "startOffset": 74, 
        "context": ": J(\u03b8) = Ea1:T\u223cP\u03b8 (R) We use the REINFORCE policy gradient algorithm from Williams (1992) to train both of our policy networks.", 
        "endOffset": 90
      }, 
      {
        "referenceID": 11, 
        "startOffset": 62, 
        "context": "Training using the logits helps to incorporate dark knowledge (Hinton et al., 2015) that regularizes students by placing emphasis on the relationships learned by the teacher model across all of the outputs.", 
        "endOffset": 83
      }, 
      {
        "referenceID": 11, 
        "startOffset": 63, 
        "context": "Training using the logits helps to incorporate dark knowledge (Hinton et al., 2015) that regularizes students by placing emphasis on the relationships learned by the teacher model across all of the outputs. As in Ba & Caruana (2014), the student is trained to minimize the mean L2 loss on the training data { (x, z) }N i=1 .", 
        "endOffset": 233
      }, 
      {
        "referenceID": 18, 
        "startOffset": 16, 
        "context": "MNIST The MNIST (LeCun et al., 1998) dataset consists of 28 \u00d7 28 pixel grey-scale images depicting handwritten digits.", 
        "endOffset": 36
      }, 
      {
        "referenceID": 24, 
        "startOffset": 35, 
        "context": "SVHN The Street View House Numbers (Netzer et al., 2011) dataset contains 3232 colored digit images with 73257 digits for training, 26032 digits for testing.", 
        "endOffset": 56
      }, 
      {
        "referenceID": 6, 
        "startOffset": 139, 
        "context": "Caltech-256 To test the effectiveness of our approach in circumstances where data is sparse, we run experiments on the Caltech-256 dataset (Griffin et al., 2007).", 
        "endOffset": 161
      }, 
      {
        "referenceID": 3, 
        "startOffset": 122, 
        "context": "ImageNet32x32 To test the efficiency of our approach, an experiment was conducted on a large scale dataset, ImageNet32x32 (Chrabaszcz et al., 2017).", 
        "endOffset": 147
      }, 
      {
        "referenceID": 16, 
        "startOffset": 83, 
        "context": "This dataset contains the same training/validation splits as the original ImageNet (Krizhevsky et al., 2012) dataset.", 
        "endOffset": 108
      }, 
      {
        "referenceID": 22, 
        "startOffset": 28, 
        "context": "We perform pruning based on Molchanov et al. (2016), which removes filters using a greedy criteria based approach and then finetunes the network.", 
        "endOffset": 52
      }, 
      {
        "referenceID": 12, 
        "startOffset": 23, 
        "context": "1 version described in Iandola et al. (2016), which contained 727K parameters after adapting it to CIFAR-10.", 
        "endOffset": 45
      }
    ], 
    "source": "CRF", 
    "creator": "LaTeX with hyperref package", 
    "references": [
      {
        "shortCiteRegEx": "Anwar et al\\.", 
        "author": [
          "Sajid Anwar", 
          "Kyuyeon Hwang", 
          "Wonyong Sung"
        ], 
        "citeRegEx": "Anwar et al\\.,? \\Q2015\\E", 
        "venue": "arXiv preprint arXiv:1512.08571,", 
        "year": 2015, 
        "title": "Structured pruning of deep convolutional neural networks"
      }, 
      {
        "shortCiteRegEx": "Ba and Caruana.", 
        "author": [
          "Jimmy Ba", 
          "Rich Caruana"
        ], 
        "citeRegEx": "Ba and Caruana.,? \\Q2014\\E", 
        "venue": null, 
        "year": 2014, 
        "title": "Do deep nets really need to be deep? In Advances in neural information processing"
      }, 
      {
        "shortCiteRegEx": "Baker et al\\.", 
        "author": [
          "Bowen Baker", 
          "Otkrist Gupta", 
          "Nikhil Naik", 
          "Ramesh Raskar"
        ], 
        "citeRegEx": "Baker et al\\.,? \\Q2016\\E", 
        "venue": "arXiv preprint arXiv:1611.02167,", 
        "year": 2016, 
        "title": "Designing neural network architectures using reinforcement learning"
      }, 
      {
        "shortCiteRegEx": "Chrabaszcz et al\\.", 
        "author": [
          "Patryk Chrabaszcz", 
          "Ilya Loshchilov", 
          "Frank Hutter"
        ], 
        "citeRegEx": "Chrabaszcz et al\\.,? \\Q2017\\E", 
        "venue": "arXiv preprint arXiv:1707.08819,", 
        "year": 2017, 
        "title": "A downsampled variant of imagenet as an alternative to the cifar datasets"
      }, 
      {
        "shortCiteRegEx": "Cox and Pinto.", 
        "author": [
          "David Cox", 
          "Nicolas Pinto"
        ], 
        "citeRegEx": "Cox and Pinto.,? \\Q2011\\E", 
        "venue": "IEEE International Conference on,", 
        "year": 2011, 
        "title": "Beyond simple features: A large-scale feature search approach to unconstrained face recognition"
      }, 
      {
        "shortCiteRegEx": "Feng and Darrell.", 
        "author": [
          "Jiashi Feng", 
          "Trevor Darrell"
        ], 
        "citeRegEx": "Feng and Darrell.,? \\Q2015\\E", 
        "venue": "In Proceedings of the IEEE International Conference on Computer Vision, pp", 
        "year": 2015, 
        "title": "Learning the structure of deep convolutional networks"
      }, 
      {
        "shortCiteRegEx": "Griffin et al\\.", 
        "author": [
          "Gregory Griffin", 
          "Alex Holub", 
          "Pietro Perona"
        ], 
        "citeRegEx": "Griffin et al\\.,? \\Q2007\\E", 
        "venue": null, 
        "year": 2007, 
        "title": "Caltech-256 object category dataset"
      }, 
      {
        "shortCiteRegEx": "Guo et al\\.", 
        "author": [
          "Yiwen Guo", 
          "Anbang Yao", 
          "Yurong Chen"
        ], 
        "citeRegEx": "Guo et al\\.,? \\Q2016\\E", 
        "venue": "In Advances In Neural Information Processing Systems,", 
        "year": 2016, 
        "title": "Dynamic network surgery for efficient dnns"
      }, 
      {
        "shortCiteRegEx": "Han et al\\.", 
        "author": [
          "Song Han", 
          "Huizi Mao", 
          "William J Dally"
        ], 
        "citeRegEx": "Han et al\\.,? \\Q2015\\E", 
        "venue": "arXiv preprint arXiv:1510.00149,", 
        "year": 2015, 
        "title": "Deep compression: Compressing deep neural networks with pruning, trained quantization and huffman coding"
      }, 
      {
        "shortCiteRegEx": "Han et al\\.", 
        "author": [
          "Song Han", 
          "Jeff Pool", 
          "John Tran", 
          "William Dally"
        ], 
        "citeRegEx": "Han et al\\.,? \\Q2015\\E", 
        "venue": "In Advances in Neural Information Processing Systems,", 
        "year": 2015, 
        "title": "Learning both weights and connections for efficient neural network"
      }, 
      {
        "shortCiteRegEx": "Hassibi et al\\.", 
        "author": [
          "Babak Hassibi", 
          "David G Stork", 
          "Gregory J Wolff"
        ], 
        "citeRegEx": "Hassibi et al\\.,? \\Q1993\\E", 
        "venue": "In Neural Networks,", 
        "year": 1993, 
        "title": "Optimal brain surgeon and general network pruning"
      }, 
      {
        "shortCiteRegEx": "Hinton et al\\.", 
        "author": [
          "Geoffrey Hinton", 
          "Oriol Vinyals", 
          "Jeff Dean"
        ], 
        "citeRegEx": "Hinton et al\\.,? \\Q2015\\E", 
        "venue": "arXiv preprint arXiv:1503.02531,", 
        "year": 2015, 
        "title": "Distilling the knowledge in a neural network"
      }, 
      {
        "shortCiteRegEx": "Iandola et al\\.", 
        "author": [
          "Forrest N Iandola", 
          "Song Han", 
          "Matthew W Moskewicz", 
          "Khalid Ashraf", 
          "William J Dally", 
          "Kurt Keutzer"
        ], 
        "citeRegEx": "Iandola et al\\.,? \\Q2016\\E", 
        "venue": "arXiv preprint arXiv:1602.07360,", 
        "year": 2016, 
        "title": "Squeezenet: Alexnet-level accuracy with 50x fewer parameters and\u00a1 0.5 mb model size"
      }, 
      {
        "shortCiteRegEx": "Jarrett et al\\.", 
        "author": [
          "Kevin Jarrett", 
          "Koray Kavukcuoglu", 
          "Yann LeCun"
        ], 
        "citeRegEx": "Jarrett et al\\.,? \\Q2009\\E", 
        "venue": "In Computer Vision,", 
        "year": 2009, 
        "title": "What is the best multi-stage architecture for object recognition"
      }, 
      {
        "shortCiteRegEx": "Jozefowicz et al\\.", 
        "author": [
          "Rafal Jozefowicz", 
          "Wojciech Zaremba", 
          "Ilya Sutskever"
        ], 
        "citeRegEx": "Jozefowicz et al\\.,? \\Q2015\\E", 
        "venue": "In Proceedings of the 32nd International Conference on Machine Learning", 
        "year": 2015, 
        "title": "An empirical exploration of recurrent network architectures"
      }, 
      {
        "shortCiteRegEx": "Krizhevsky and Hinton.", 
        "author": [
          "Alex Krizhevsky", 
          "Geoffrey Hinton"
        ], 
        "citeRegEx": "Krizhevsky and Hinton.,? \\Q2009\\E", 
        "venue": null, 
        "year": 2009, 
        "title": "Learning multiple layers of features from tiny images"
      }, 
      {
        "shortCiteRegEx": "Krizhevsky et al\\.", 
        "author": [
          "Alex Krizhevsky", 
          "Ilya Sutskever", 
          "Geoffrey E Hinton"
        ], 
        "citeRegEx": "Krizhevsky et al\\.,? \\Q2012\\E", 
        "venue": null, 
        "year": 2012, 
        "title": "Imagenet classification with deep convolutional neural networks. In Advances in neural information processing"
      }, 
      {
        "shortCiteRegEx": "LeCun et al\\.", 
        "author": [
          "Yann LeCun", 
          "John S Denker", 
          "Sara A Solla", 
          "Richard E Howard", 
          "Lawrence D Jackel"
        ], 
        "citeRegEx": "LeCun et al\\.,? \\Q1989\\E", 
        "venue": "In NIPs,", 
        "year": 1989, 
        "title": "Optimal brain damage"
      }, 
      {
        "shortCiteRegEx": "LeCun et al\\.", 
        "author": [
          "Yann LeCun", 
          "Corinna Cortes", 
          "Christopher JC Burges"
        ], 
        "citeRegEx": "LeCun et al\\.,? \\Q1998\\E", 
        "venue": null, 
        "year": 1998, 
        "title": "The mnist database of handwritten digits"
      }, 
      {
        "shortCiteRegEx": "Ludermir et al\\.", 
        "author": [
          "Teresa B Ludermir", 
          "Akio Yamazaki", 
          "Cleber Zanchettin"
        ], 
        "citeRegEx": "Ludermir et al\\.,? \\Q2006\\E", 
        "venue": "IEEE Transactions on Neural Networks,", 
        "year": 2006, 
        "title": "An optimization methodology for neural network weights and architectures"
      }, 
      {
        "shortCiteRegEx": "Miikkulainen et al\\.", 
        "author": [
          "Risto Miikkulainen", 
          "Jason Liang", 
          "Elliot Meyerson", 
          "Aditya Rawal", 
          "Dan Fink", 
          "Olivier Francon", 
          "Bala Raju", 
          "Arshak Navruzyan", 
          "Nigel Duffy", 
          "Babak Hodjat"
        ], 
        "citeRegEx": "Miikkulainen et al\\.,? \\Q2017\\E", 
        "venue": "arXiv preprint arXiv:1703.00548,", 
        "year": 2017, 
        "title": "Evolving deep neural networks"
      }, 
      {
        "shortCiteRegEx": "Mishkin and Matas.", 
        "author": [
          "Dmytro Mishkin", 
          "Jiri Matas"
        ], 
        "citeRegEx": "Mishkin and Matas.,? \\Q2015\\E", 
        "venue": "arXiv preprint arXiv:1511.06422,", 
        "year": 2015, 
        "title": "All you need is a good init"
      }, 
      {
        "shortCiteRegEx": "Molchanov et al\\.", 
        "author": [
          "Pavlo Molchanov", 
          "Stephen Tyree", 
          "Tero Karras", 
          "Timo Aila", 
          "Jan Kautz"
        ], 
        "citeRegEx": "Molchanov et al\\.,? \\Q2016\\E", 
        "venue": null, 
        "year": 2016, 
        "title": "Pruning convolutional neural networks for resource efficient inference"
      }, 
      {
        "shortCiteRegEx": "Murdock et al\\.", 
        "author": [
          "Calvin Murdock", 
          "Zhen Li", 
          "Howard Zhou", 
          "Tom Duerig"
        ], 
        "citeRegEx": "Murdock et al\\.,? \\Q2016\\E", 
        "venue": "In Proceedings of the IEEE Conference on Computer Vision and Pattern Recognition,", 
        "year": 2016, 
        "title": "Blockout: Dynamic model selection for hierarchical deep networks"
      }, 
      {
        "shortCiteRegEx": "Netzer et al\\.", 
        "author": [
          "Yuval Netzer", 
          "Tao Wang", 
          "Adam Coates", 
          "Alessandro Bissacco", 
          "Bo Wu", 
          "Andrew Y Ng"
        ], 
        "citeRegEx": "Netzer et al\\.,? \\Q2011\\E", 
        "venue": "In NIPS workshop on deep learning and unsupervised feature learning,", 
        "year": 2011, 
        "title": "Reading digits in natural images with unsupervised feature learning"
      }, 
      {
        "shortCiteRegEx": "Real et al\\.", 
        "author": [
          "Esteban Real", 
          "Sherry Moore", 
          "Andrew Selle", 
          "Saurabh Saxena", 
          "Yutaka Leon Suematsu", 
          "Quoc Le", 
          "Alex Kurakin"
        ], 
        "citeRegEx": "Real et al\\.,? \\Q2017\\E", 
        "venue": "arXiv preprint arXiv:1703.01041,", 
        "year": 2017, 
        "title": "Large-scale evolution of image classifiers"
      }, 
      {
        "shortCiteRegEx": "Romero et al\\.", 
        "author": [
          "Adriana Romero", 
          "Nicolas Ballas", 
          "Samira Ebrahimi Kahou", 
          "Antoine Chassang", 
          "Carlo Gatta", 
          "Yoshua Bengio"
        ], 
        "citeRegEx": "Romero et al\\.,? \\Q2014\\E", 
        "venue": "arXiv preprint arXiv:1412.6550,", 
        "year": 2014, 
        "title": "Fitnets: Hints for thin deep nets"
      }, 
      {
        "shortCiteRegEx": "Saxe et al\\.", 
        "author": [
          "Andrew Saxe", 
          "Pang W Koh", 
          "Zhenghao Chen", 
          "Maneesh Bhand", 
          "Bipin Suresh", 
          "Andrew Y Ng"
        ], 
        "citeRegEx": "Saxe et al\\.,? \\Q2011\\E", 
        "venue": "In Proceedings of the 28th international conference on machine learning", 
        "year": 2011, 
        "title": "On random weights and unsupervised feature learning"
      }, 
      {
        "shortCiteRegEx": "Simonyan and Zisserman.", 
        "author": [
          "Karen Simonyan", 
          "Andrew Zisserman"
        ], 
        "citeRegEx": "Simonyan and Zisserman.,? \\Q2014\\E", 
        "venue": "arXiv preprint arXiv:1409.1556,", 
        "year": 2014, 
        "title": "Very deep convolutional networks for large-scale image recognition"
      }, 
      {
        "shortCiteRegEx": "Snoek et al\\.", 
        "author": [
          "Jasper Snoek", 
          "Hugo Larochelle", 
          "Ryan P Adams"
        ], 
        "citeRegEx": "Snoek et al\\.,? \\Q2012\\E", 
        "venue": "In Advances in neural information processing systems,", 
        "year": 2012, 
        "title": "Practical bayesian optimization of machine learning algorithms"
      }, 
      {
        "shortCiteRegEx": "Snoek et al\\.", 
        "author": [
          "Jasper Snoek", 
          "Oren Rippel", 
          "Kevin Swersky", 
          "Ryan Kiros", 
          "Nadathur Satish", 
          "Narayanan Sundaram", 
          "Mostofa Patwary", 
          "Mr Prabhat", 
          "Ryan Adams"
        ], 
        "citeRegEx": "Snoek et al\\.,? \\Q2015\\E", 
        "venue": "In International Conference on Machine Learning,", 
        "year": 2015, 
        "title": "Scalable bayesian optimization using deep neural networks"
      }, 
      {
        "shortCiteRegEx": "Srinivas and Babu.", 
        "author": [
          "Suraj Srinivas", 
          "R Venkatesh Babu"
        ], 
        "citeRegEx": "Srinivas and Babu.,? \\Q2015\\E", 
        "venue": "arXiv preprint arXiv:1507.06149,", 
        "year": 2015, 
        "title": "Data-free parameter pruning for deep neural networks"
      }, 
      {
        "shortCiteRegEx": "Stanley and Miikkulainen.", 
        "author": [
          "Kenneth O Stanley", 
          "Risto Miikkulainen"
        ], 
        "citeRegEx": "Stanley and Miikkulainen.,? \\Q2002\\E", 
        "venue": "Evolutionary computation,", 
        "year": 2002, 
        "title": "Evolving neural networks through augmenting topologies"
      }, 
      {
        "shortCiteRegEx": "Urban et al\\.", 
        "author": [
          "Gregor Urban", 
          "Krzysztof J Geras", 
          "Samira Ebrahimi Kahou", 
          "Ozlem Aslan", 
          "Shengjie Wang", 
          "Rich Caruana", 
          "Abdelrahman Mohamed", 
          "Matthai Philipose", 
          "Matt Richardson"
        ], 
        "citeRegEx": "Urban et al\\.,? \\Q2016\\E", 
        "venue": "arXiv preprint arXiv:1603.05691,", 
        "year": 2016, 
        "title": "Do deep convolutional nets really need to be deep and convolutional"
      }, 
      {
        "shortCiteRegEx": "Warde.Farley et al\\.", 
        "author": [
          "David Warde-Farley", 
          "Andrew Rabinovich", 
          "Dragomir Anguelov"
        ], 
        "citeRegEx": "Warde.Farley et al\\.,? \\Q2014\\E", 
        "venue": "arXiv preprint arXiv:1412.6563,", 
        "year": 2014, 
        "title": "Self-informed neural network structure learning"
      }, 
      {
        "shortCiteRegEx": "Wierstra et al\\.", 
        "author": [
          "Daan Wierstra", 
          "Alexander F\u00f6rster", 
          "Jan Peters", 
          "J\u00fcrgen Schmidhuber"
        ], 
        "citeRegEx": "Wierstra et al\\.,? \\Q2010\\E", 
        "venue": "Logic Journal of IGPL,", 
        "year": 2010, 
        "title": "Recurrent policy gradients"
      }, 
      {
        "shortCiteRegEx": "Williams.", 
        "author": [
          "Ronald J Williams"
        ], 
        "citeRegEx": "Williams.,? \\Q1992\\E", 
        "venue": "Machine learning,", 
        "year": 1992, 
        "title": "Simple statistical gradient-following algorithms for connectionist reinforcement learning"
      }, 
      {
        "shortCiteRegEx": "Zoph and Le.", 
        "author": [
          "Barret Zoph", 
          "Quoc V Le"
        ], 
        "citeRegEx": "Zoph and Le.,? \\Q2016\\E", 
        "venue": "arXiv preprint arXiv:1611.01578,", 
        "year": 2016, 
        "title": "Neural architecture search with reinforcement learning"
      }
    ], 
    "authors": [
      "REINFORCEMENT LEARNING", 
      "Anubhav Ashok", 
      "Kris M. Kitani"
    ], 
    "abstractText": "While wider and deeper neural network architectures continue to advance the state-of-the-art for many computer vision tasks, real-world adoption of these networks is impeded by hardware and speed constraints. Conventional model compression methods attempt to address this problem by modifying the architecture manually or using pre-defined heuristics. Since the space of all reduced architectures is very large, modifying the architecture of a deep neural network in this way is a difficult task. In this paper, we tackle this issue by introducing a principled method for learning reduced network architectures in a data-driven way using reinforcement learning. Our approach takes a larger \u2018teacher\u2019 network as input and outputs a compressed \u2018student\u2019 network derived from the \u2018teacher\u2019 network. In the first stage of our method, a recurrent policy network aggressively removes layers from the large \u2018teacher\u2019 model. In the second stage, another recurrent policy network carefully reduces the size of each remaining layer. The resulting network is then evaluated to obtain a reward \u2013 a score based on the accuracy and compression of the network. Our approach uses this reward signal with policy gradients to train the policies to find a locally optimal student network. Our experiments show that we can achieve compression rates of more than 10\u00d7 for models such as ResNet34 while maintaining similar performance to the input \u2018teacher\u2019 network. We also present a valuable transfer learning result which shows that policies which are pre-trained on smaller \u2018teacher\u2019 networks can be used to rapidly speed up training on larger \u2018teacher\u2019 networks.", 
    "sections": [
      {
        "text": "While wider and deeper neural network architectures continue to advance the state-of-the-art for many computer vision tasks, real-world adoption of these networks is impeded by hardware and speed constraints. Conventional model compression methods attempt to address this problem by modifying the architecture manually or using pre-defined heuristics. Since the space of all reduced architectures is very large, modifying the architecture of a deep neural network in this way is a difficult task. In this paper, we tackle this issue by introducing a principled method for learning reduced network architectures in a data-driven way using reinforcement learning. Our approach takes a larger \u2018teacher\u2019 network as input and outputs a compressed \u2018student\u2019 network derived from the \u2018teacher\u2019 network. In the first stage of our method, a recurrent policy network aggressively removes layers from the large \u2018teacher\u2019 model. In the second stage, another recurrent policy network carefully reduces the size of each remaining layer. The resulting network is then evaluated to obtain a reward \u2013 a score based on the accuracy and compression of the network. Our approach uses this reward signal with policy gradients to train the policies to find a locally optimal student network. Our experiments show that we can achieve compression rates of more than 10\u00d7 for models such as ResNet34 while maintaining similar performance to the input \u2018teacher\u2019 network. We also present a valuable transfer learning result which shows that policies which are pre-trained on smaller \u2018teacher\u2019 networks can be used to rapidly speed up training on larger \u2018teacher\u2019 networks.", 
        "heading": null
      }, 
      {
        "text": "While carefully hand-designed deep convolutional networks continue to increase in size and in performance, they also require significant power, memory and computational resources, often to the point of prohibiting their deployment on smaller devices. As a result, researchers have developed model compression techniques based on Knowledge Distillation to compress a large (teacher) network to a smaller (student) network using various training techniques (e.g., soft output matching, hint layer matching, uncertainty modeling). Unfortunately, state-of-the-art knowledge distillation methods share a common feature: they require carefully hand-designed architectures for the student model. Hand-designing networks is a tedious sequential process, often loosely guided by a sequence of trial-and-error based decisions to identify a smaller network architecture. This process makes it very difficult to know if the resulting network is optimal. Clearly, there is a need to develop more principled methods of identifying optimal student architectures.\nTowards a more principled approach to network architecture compression, we present a reinforcement learning approach to identify a compressed high-performance architecture (student) given knowledge distilled from a larger high-performing model (teacher). We make a key conceptual assumption that formulates the sequential process of converting a teacher network to a student network as a Markov Decision Process (MDP). Under this model, a state s represents the network architecture. Clearly, the domain of the state S is very large since it contains every possible reduced architecture of the teacher network. A deterministic transition in this state space, T (s\u2032|s, a), is determined by selecting the action a, e.g., removing a convolutional filter or reducing the size of a fully connected layer. Each action will transform one architecture s to another architecture s\u2032. Under the MDP, the strategy for selecting an action given a certain state is represented by the policy \u03c0(a|s), which stochastically maps a state to an action. The process of reinforcement learning is used to learn an optimal policy based on a reward function r(s) defined over the state space. In our work, we define the reward function based on the accuracy and the compression rate of the specified architecture s.\nA straightforward application of reinforcement learning to this problem can be very slow depending on the definition of the action space. For example, an action could be defined as removing a single filter from every layer of a convolutional neural network. Since the search space is exponential in the size of the action space and sequence length, it certainly does not scale to modern networks that have hundreds of layers.\nOur proposed approach addresses the problem of scalability in part, by introducing a two-stage action selection mechanism which first selects a macro-scale \u201clayer removal\u201d action, followed by a micro-scale \u201clayer shrinkage\u201d action. In this way we enable our reinforcement learning process to efficiently explore the space of reduced networks. Each network architecture that is generated by our policy is then trained with Knowledge Distillation (Hinton et al., 2015). Figure 1 illustrates our proposed approach.\nTo the best of our knowledge, this is the first paper to provide a principled approach to the task of network compression, where the architecture of the student network is obtained via reinforcement learning. To facilitate reinforcement learning, we propose a reward function that encodes both the compression rate and the accuracy of the student model. In particular, we propose a novel formulation of the compression reward term based on a relaxation of a constrained optimization problem, which encodes the hardware-based computational budget items in the form of linear constraints.\nWe demonstrate the effectiveness of our approach over several network architectures and several visual learning tasks of varying difficulty (MNIST, SVHN, CIFAR-10, CIFAR-100, Caltech-256). We also demonstrate that the compression policies exhibit generalization across networks with similar architectures. In particular, we use a policy trained on a ResNet-18 model on a ResNet-34 model and show that it greatly accelerates the reinforcement learning process.", 
        "heading": "1 INTRODUCTION"
      }, 
      {
        "text": "We first discuss methods for compressing models to a manually designed network (pruning and distillation). Towards automation, we discuss methods for automatically constructing highperformance networks, orthogonal to the task of compression.\nPruning: Pruning-based methods preserve the weights that matter most and remove the redundant weights LeCun et al. (1989), Hassibi et al. (1993), Srinivas & Babu (2015), Han et al. (2015b), Han et al. (2015a), Mariet & Sra (2015), Anwar et al. (2015), Guo et al. (2016). While pruning-based approaches typically operate on the weights of the teacher model, our approach operates on a much larger search space over both model weights and model architecture. Additionally, our method offers greater flexibility as it allows the enforcement of memory, inference time, power, or other hardware constraints. This allows our approach to find the optimal architecture for the given dataset and constraints instead of being limited to that of the original model.\nKnowledge Distillation: Knowledge distillation is the task of training a smaller network (a \u201cstudent\u201d) to mimic a \u201cteacher\u201d network, performing comparably to the input network (a \u201cteacher\u201d) Bucilu et al. (2006), Ba & Caruana (2014), Hinton et al. (2015), Romero et al. (2014), Urban et al. (2016). The work of Hinton et al. (2015) generalized this idea by training the student to learn from both the teacher and from the training data, demonstrating that this approach outperforms models trained using only training data. In Romero et al. (2014), the approach uses Knowledge Distillation with an intermediate hint layer to train a thinner but deeper student network containing fewer parameters to outperform the teacher network. In previous Knowledge Distillation approaches, the networks are hand designed, possibly after many rounds of trial-and-error. In this paper, we train a policy to learn the optimal student architecture, instead of hand-designing one. In a sense, we automate Knowledge Distillation, employing the distillation method of Ba & Caruana (2014) as a component of our learning process. In the experiments section we show that our learned architectures outperform those described in Romero et al. (2014) and Hinton et al. (2015).\nArchitecture Search: There has been much work on exploring the design space of neural networks Saxe et al. (2011), Zoph & Le (2016), Baker et al. (2016), Ludermir et al. (2006), Miikkulainen et al. (2017), Real et al. (2017), Snoek et al. (2012), Snoek et al. (2015), Stanley & Miikkulainen (2002), Jozefowicz et al. (2015), Murdock et al. (2016), Feng & Darrell (2015), Warde-Farley et al. (2014), Iandola et al. (2016). The principal aim of previous work in architecture search has been to build models that maximize performance on a given dataset. On the other hand, our goal is to find a compressed architecture while maintaining reasonable performance on a given dataset. Our approach also differs from existing architecture search method since we use the teacher model as the search space for our architecture instead of constructing networks from scratch. Current methods that construct networks from scratch either operate on a very large search space, making it computationally expensive Zoph & Le (2016), Real et al. (2017), Miikkulainen et al. (2017), Jozefowicz et al. (2015) or operate on a highly restricted search space Baker et al. (2016), Snoek et al. (2015). Our approach instead leverages the idea that since the teacher model is able to achieve high accuracy on the dataset, it already contains the components required to solve the task well and therefore is a suitable search space for the compressed architecture.", 
        "heading": "2 RELATED WORK"
      }, 
      {
        "text": "Our goal is to learn an optimal compression strategy (policy) via reinforcement learning, that takes a Teacher network as input and systematically reduces it to output a small Student network.", 
        "heading": "3 APPROACH"
      }, 
      {
        "text": "We formulate the sequential process of finding a reduced architecture as a sequential decision making problem. The decision process is modeled as a Markov Decision Process (MDP). Formally, the MDP is defined as the tupleM = {S,A, T, r, \u03b3}. States: S is the state space, a finite set consisting of all possible reduced network architectures that can be derived from the Teacher model. For example, a VGG network (Simonyan & Zisserman,\n2014) represents the state s \u2208 S (the initial state) and by removing one convolutional filter from the first layer we obtain a new network architecture s\u2032.\nActions: A is a finite set of actions that can transform one network architecture into another network architecture. In our approach there are two classes of action types: layer removal actions and layer parameter reduction actions. The definition of these actions are further described in Section 3.2.1 and 3.2.2.\nTransition Function: T : S\u00d7A \u2192 S is the state transition dynamic. Here, T is deterministic since an action a always transforms a network architecture s to the resulting network architecture s\u2032 with probability one.\nDiscount Factor: \u03b3 is the discount factor. We use \u03b3 = 1 so that all rewards contribute equally to the final return.\nReward: r : S \u2192 R is the reward function. The rewards of network architecture r(s) can be interpreted to be a score associated with a given network architecture s. Note that we define the reward to be 0 for intermediate states, which represent \u201cincomplete\u201d networks, and only compute a non-trivial reward for the final state. The reward function is described in detail in Section 3.4.", 
        "heading": "3.1 MARKOV DECISION PROCESS"
      }, 
      {
        "text": "Under this MDP, the task of reinforcement learning is to learn an optimal policy \u03c0 : S \u2192 A, such that it maximizes the expected total reward, with the total reward given by:\nR(~s) = L=|~s|\u2211 i=0 r(si) = r(sL). (1)\nWe take a policy gradient reinforcement learning approach and iteratively update the policy based on sampled estimates of the reward. The design of the action space is critical for allowing the policy gradient method to effectively search the state space. If the actions are selected to be very incremental, a long sequence of actions would be needed to make a significant change to the network architecture, making credit assignment difficult. To address this issue, we propose a two stage reinforcement learning procedure. In the first stage a policy selects a sequence of actions deciding whether to keep or remove each layer of the teacher architecture. In the second stage, a different policy selects a sequence of discrete actions corresponding to the magnitude by which to attenuate configuration variables of each remaining layer. In this way, we are able to efficiently explore the state space to find the optimal student network.\nAlgorithm 1 Student-Teacher Reinforcement Learning 1: procedure STUDENT-TEACHER RL(S,A, T, r, \u03b3) 2: s0 \u2190 Teacher 3: for i = 1 to N1 do . Layer removal 4: for t = 1 to L1 do 5: at \u223c \u03c0remove(st\u22121; \u03b8remove,i\u22121) 6: st \u2190 T (st\u22121, at) 7: end for 8: R\u2190 r(sL1) 9: \u03b8remove,i \u2190 \u2207\u03b8remove,i\u22121J(\u03b8remove,i\u22121) . (Eq. 2) 10: end for 11: s0 \u2190 Stage-1 Candidate 12: for i = 1 to N2 do . Layer shrinkage 13: for t = 1 to L2 do 14: at \u223c \u03c0shrink(st\u22121; \u03b8shrink,i\u22121) 15: st \u2190 T (st\u22121, at) 16: end for 17: R\u2190 r(sL2) 18: \u03b8shrink,i \u2190 \u2207\u03b8shrink,i\u22121J(\u03b8shrink,i\u22121) . (Eq. 2) 19: end for 20: Output: Compressed model 21: end procedure\nA sketch of the algorithm is given in Algorithm 3.2. For both layer removal and shrinkage policies, we repeatedly sample architectures and update the policies based on the reward achieved by the architectures. We now describe the details of the two stages of student-teacher reinforcement learning.", 
        "heading": "3.2 STUDENT-TEACHER REINFORCEMENT LEARNING"
      }, 
      {
        "text": "In the layer removal stage, actions at correspond to the binary decision to keep or remove a layer. The length of the trajectory for layer removal is T = L, the number of layers in the network. At each step t of layer removal, the Bidirectional LSTM policy (See Figure 2a) observes the hidden states, ht\u22121, ht+1, as well as information xt about the current layer: \u03c0remove(at|ht\u22121, ht+1, xt). Information about the current layer l is given as\nxt = (l, k, s, p, n, sstart, send),\nwhere l is the layer type, k kernel size, s stride, p padding and n number of outputs (filters or connections). To model more complex architectures, such as ResNet, sstart and send are used to inform the policy network about skip connections. For a layer inside a block containing a skip connection, sstart is the number of layers prior to which the skip connection began and send is the number of layers remaining until the end of the block. Additionally it is to be noted that although actions are stochastically sampled from the outputs at each time step, the hidden states that are passed on serve as a sufficient statistic for x0, a0...xt\u22121, at\u22121 (Wierstra et al., 2010).", 
        "heading": "3.2.1 LAYER REMOVAL"
      }, 
      {
        "text": "The length of the trajectory for layer shrinkage is T = \u2211L l=1Hl, where H is the number of configuration variables for each layer. At each step t of layer shrinkage, the policy observes the hidden state ht\u22121, the previously sampled action at\u22121 and current layer information xt: \u03c0shrink(at|at\u22121, ht\u22121, xt). The parameterization of xt is similar to layer removal except that the previous action is appended to the representation in an autoregressive manner (See Figure 2b). The action space for layer shrinkage is defined as at \u2208 [0.1, 0.2, . . . , 1] (each action corresponds to how much to shrink a layer parameter) and an action is produced for each configurable variable for each layer. Examples include kernel size, padding, and number of output filters or connections.", 
        "heading": "3.2.2 LAYER SHRINKAGE"
      }, 
      {
        "text": "The design of the reward function plays a critical role in learning the policies. A poorly designed reward that provides no discrimination between good and bad student architectures prevents policies\nfrom learning the trade-offs in architecture space. The objective of model compression is to maximize compression while maintaining a high accuracy. Since there is no benefit in producing highly compressed models which have bad performance, we want to provide a harsher penalty for a model with high compression + low accuracy than one with low compression + high accuracy. Furthermore we would also like to define a general reward function that does not depend on dataset/model specific hyperparameters. Additional discussion on the design of the reward function is provided in the appendix.\nIn our approach, we define the reward function as follows:\nR = Rc \u00b7Ra\n= C(2\u2212 C) \u00b7 A Ateacher\nWhere C is the relative compression ratio of the student model, A is the validation accuracy of the student model and Ateacher is the validation accuracy of the teacher model provided defined as a constant. Rc and Ra refer to the compression and accuracy reward respectively. We compute the reward as a product of the compression and accuracy reward since we want the reward to scale with both quantities dependently. The compression reward, Rc = C(2 \u2212 C), is computed using a non-linear function that biases the policy towards producing models that maintain accuracy while optimizing for compression. The relative compression C \u2208 [0, 1) is defined in terms of the ratio of trainable parameters of each model: C = 1\u2212 #params(student)#params(teacher) . It is noted here that other compression methods that use quantization or coding define compression ratio in terms of number of bits instead of parameters. The accuracy reward,Ra, is defined with respect to the teacher model asRa = AAteacher , where A \u2208 [0, 1] refers to the validation accuracy of the student model and Ateacher refers to the validation accuracy of the teacher model. We note that both accuracy and compression rewards are normalized with respect to the teacher and thus do not require additional hyperparameters to perform task-specific weighting. Lastly, it is possible that the policies may produce degenerate architectures in such cases, a reward if -1 is assigned (details in appendix).", 
        "heading": "3.3 REWARD FUNCTION"
      }, 
      {
        "text": "Our approach allows us to incorporate pre-defined hardware or resource budget constraints by rewarding architectures that meet the constraints and discouraging those that do not. Formally, our constrained optimization problem is\nmaxEa1:T [R] subject to Ax \u2264 b,\nwhere A and b form our constraints, and x is vector of constrained variables. We relax these hard constraints by redefining our reward function as:\nR = { Ra \u00b7Rc if Ax \u2264 b \u22121 otherwise.\nThe introduction of the non-smooth penalty may result in a reduced exploration of the search space and hence convergence to a worse local minimum. To encourage early exploration gradually incorporate constraints over time:\nR = { Ra \u00b7Rc if Ax \u2264 b t(Ra \u00b7Rc + 1)\u2212 1 otherwise,\nwhere t \u2208 [0, 1] monotonically decreases with t and 0 = 1. As it is possible to incorporate a variety of constraints such as memory, time, power, accuracy, label-wise accuracy, our method is flexible enough to produce models practically viable in a diversity of settings. This is in contrast to conventional model compression techniques which require many manual repetitions of the algorithm in order to find networks that meet the constraints as well as optimally balance the accuracy-size tradeoff.", 
        "heading": "3.3.1 CONSTRAINTS AS REWARDS"
      }, 
      {
        "text": "We now describe the optimization procedure for each our stochastic policies, \u03c0remove and \u03c0shrink. The procedure is the same for each policy, thus we use \u03c0 in what follows. Each policy network is parameterized by its own \u03b8.\nOur objective function is the expected reward over all sequences of actions a1:T , i.e.: J(\u03b8) = Ea1:T\u223cP\u03b8 (R) We use the REINFORCE policy gradient algorithm from Williams (1992) to train both of our policy networks.\n\u2207\u03b8J(\u03b8) = \u2207\u03b8Ea1:T\u223cP\u03b8 (R)\n= T\u2211 t=1 Ea1:T\u223cP\u03b8 [\u2207\u03b8 logP\u03b8(at|a1:(t\u22121))R]\n\u2248 1 m m\u2211 k=1 T\u2211 t=1 [\u2207\u03b8 logP\u03b8(at|ht)Rk]\nwhere m is the number of rollouts for a single gradient update, T is the length of the trajectory, P\u03b8(at|ht) is the probability of selecting action at given the hidden state ht, generated by the current stochastic policy parameterized by \u03b8 and Rk is the reward of the kth rollout.\nThe above is an unbiased estimate of our gradient, but has high variance. A common trick is to use a state-independent baseline function to reduce the variance:\n\u2207\u03b8J(\u03b8) \u2248 1\nm m\u2211 k=1 T\u2211 t=1 [\u2207\u03b8 logP\u03b8(at|ht)(Rk \u2212 b)] (2)\nWe use an exponential moving average of the previous rewards as the baseline b. An Actor-Critic policy was also tested. While there was a minor improvement in stability, it failed to explore as effectively in some cases, resulting in a locally optimal solution. Details are in the appendix.", 
        "heading": "3.4 OPTIMIZATION"
      }, 
      {
        "text": "Student models are trained using data labelled by a teacher model. Instead of using hard labels, we use the un-normalized log probability values (the logits) of the teacher model. Training using the logits helps to incorporate dark knowledge (Hinton et al., 2015) that regularizes students by placing emphasis on the relationships learned by the teacher model across all of the outputs. As in Ba & Caruana (2014), the student is trained to minimize the mean L2 loss on the training data{ (xi, zi) }N i=1 . Where zi are the logits of the teacher model.\nLKD(f(x;W ), z) = 1\nN \u2211 i ||f(x(i);W )\u2212 z(i)||22\nwhere W represents the weights of the student network and f(x(i);W ) is the model prediction on the ith training data sample.\nFinal student models were trained to convergence with hard and soft labels using the following loss function. L(W) = Lhard(f(x;W ), ytrue) + \u03bb \u2217 LKD(f(x;W ), z) Where Lhard is the loss function used for training with hard labels (in our case cross-entropy) and ytrue are the ground truth labels.", 
        "heading": "3.5 KNOWLEDGE DISTILLATION"
      }, 
      {
        "text": "In the following experiments, we first show that our method is able to find highly compressed student architectures with high performance on multiple datasets and teacher architectures, often exceeding performance of the teacher model. We compare the results obtained to current baseline methods of model compression, showing competitive performance. Then we demonstrate the viability of our method in highly resource constrained conditions by running experiments with strong model size constraints. Finally, we show that it is possible to rapidly speed up training when using larger teacher models by reusing policies that are pretrained on smaller teacher models.", 
        "heading": "4 EXPERIMENTS"
      }, 
      {
        "text": "MNIST The MNIST (LeCun et al., 1998) dataset consists of 28 \u00d7 28 pixel grey-scale images depicting handwritten digits. We use the standard 60,000 training images and 10,000 test images for experiments. Although MNIST is easily solved with smaller networks, we used a high capacity models (e.g., VGG-13) to show that the policies learned by our approach are able to effectively and aggressively remove redundancies from large network architectures.\nCIFAR-10 The CIFAR-10 (Krizhevsky & Hinton, 2009) dataset consists of 10 classes of objects and is divided into 50,000 train and 10,000 test images (32x32 pixels). This dataset provides an incremental level of difficulty over the MNIST dataset, using multi-channel inputs to perform model compression.\nSVHN The Street View House Numbers (Netzer et al., 2011) dataset contains 3232 colored digit images with 73257 digits for training, 26032 digits for testing. This dataset is slightly larger that CIFAR-10 and allows us to observe the performance on a wider breadth of visual tasks.\nCIFAR-100 To further test the robustness of our approach, we evaluated it on the CIFAR-100 dataset. CIFAR-100 is a harder dataset with 100 classes instead of 10, but the same amount of data, 50,000 train and 10,000 test images (32x32). Since there is less data per class, there is a\nsteeper size-accuracy tradeoff. We show that our approach is able to produce solid results despite these limitations.\nCaltech-256 To test the effectiveness of our approach in circumstances where data is sparse, we run experiments on the Caltech-256 dataset (Griffin et al., 2007). This dataset contains more classes and less data per class than CIFAR-100, containing 256 classes and a total of 30607 images (224x224). We trained the networks from scratch instead of using pretraining in order to standardize our comparisons across datasets.\nImageNet32x32 To test the efficiency of our approach, an experiment was conducted on a large scale dataset, ImageNet32x32 (Chrabaszcz et al., 2017). This dataset contains the same training/validation splits as the original ImageNet (Krizhevsky et al., 2012) dataset. It consists of 1.28 million training images and 50,000 validation images with 1000 object classes. However, unlike the original ImageNet dataset which uses 224x224 RGB images, ImageNet32x32 uses 32x32 RGB images, which reduces training time while increasing the difficulty of the task.", 
        "heading": "4.1 DATASETS"
      }, 
      {
        "text": "In the following experiments, student models were trained as described in Section 3.5. We observed heuristically that 5 epochs was sufficient to compare performance.\nThe layer removal and layer shrinkage policy networks were trained using the Adam optimizer with a learning rate of 0.003 and 0.01 respectively. Both recurrent policy networks were trained using the REINFORCE algorithm (batch size=5) with standard backpropagation through time. A grid search was done to determine the ideal learning rate and batch size (details in appendix).", 
        "heading": "4.2 TRAINING DETAILS"
      }, 
      {
        "text": "In this section we evaluate the ability of our approach to learn policies to find compressed architectures without any constraints. In the following experiments, we expect that the policies learned by our approach will initially start out as random and eventually tend towards an optimal size-accuracy trade-off which results in a higher reward. Definitions of architectures are available in the appendix.\nMNIST To evaluate the compression performance we use (1) a Conv4 network consisting of 4 convolutional layers and (2) a high capacity VGG-13 network.\nFigure 3 shows the results of our compression approach for each teacher network. The lines represent the compression (blue), accuracy (green) and reward (orange). The y-axis represents the score of those quantities, between 0 and 1. The x-axis is the iteration number. We also highlight the largest and smallest models with red circles to give a sense of the magnitude of compression. This experiment appears to confirm our original expectation that the policies would improve over time.\nCIFAR-10 On the CIFAR-10 dataset we ran experiments using the following teacher networks: (1) VGG-19, (2) ResNet-18 and (3) ResNet-34 networks. The experimental results are shown in Figure 4. It is interesting to note that on CIFAR-10, our learned student networks perform almost as well or better the teacher networks despite a 10x compression rate.\nSVHN On the SVHN dataset, we ran experiments using ResNet-18 network as the teacher model. We observed that the reward and compression steadily increased while the accuracy remained stable, confirming similar results to that of CIFAR-10. This is a promising indication that our approach works for a breadth of tasks and isn\u2019t dataset specific. Results are in the appendix.\nCIFAR-100 We also verified our approach on a harder dataset, CIFAR-100 to show how our approach performs with less data per class (Figure 5). Considering the largely reduced number of parameters, the compressed network achieves reasonably high accuracy. A notable aspect of many of the final compressed models is that ReLU layers within residual blocks were removed. Another interesting result is that the compressed ResNet-34 student model outperforms the ResNet-18 model despite having fewer parameters. This can likely be explained by the increased number of residual blocks in the ResNet-34 model.\nCaltech-256 The Caltech-256 experiments (appendix) show the performance of our approach when training data is scarce. We would like to verify that our approach does not overly compress the network by overfitting to the small number of training examples. As with the other experiments, the policies appears to learn to maximize reward over time, although the positive trend is not as pronounced due to the lack of training data. This is expected since less data means the reward signal is less robust to sources of noise, which in turn affects training of the policy.\nImageNet32x32 We conducted an experiment on the ImageNet32x32 dataset to test the performance of our approach on a large scale dataset. Due to the increased difficulty of this dataset, the teacher model (ResNet-34) achieved a top-1 accuracy of 30.87% after training for 40 epochs. Despite the difficulty of the dataset, our approach was still able to find a compressed model with similar performance (-0.65% drop). The runtime for 100 iterations of the layer removal policy on a ResNet-34 teacher and a batch size of 3 was approximately 272 hours. More details regarding the runtime can be found in Section 12.", 
        "heading": "4.3 COMPRESSION EXPERIMENTS"
      }, 
      {
        "text": "We compare the performance of our approach to current model compression methods, namely pruning and Knowledge Distillation (with hand-designed model). We note here that compression rate is defined as the ratio of number of parameters instead of number of bits, which some other compression methods (quantization, coding) use. To provide a fair comparison with our method, the same trained teacher models used in our method were used.\n4.4.1 PRUNING\nWe compare our method to pruning, which is a model compression approach that operates directly on the weight space of a network, removing redundant weights or filters. We perform pruning based on Molchanov et al. (2016), which removes filters using a greedy criteria based approach and then finetunes the network. With pruning, the performance of the final model can vary depending on the degree to which it was pruned. To ensure a fair comparison, we stop pruning when 1. accuracy drops below 1% of the student model obtained by our method or 2. the number of parameters is less than our method. Pruning is done 5 times to control for variance and the best performing model is reported.\nThe results of this experiment, reported in Table 2, show that while the pruned models show good compression rates, our approach outperforms this baseline on both datasets. These results could indicate that operating on the architecture space of the model might result in more consistent results than using heuristics to operate on the weight space directly.", 
        "heading": "4.4 BASELINES"
      }, 
      {
        "text": "We also tested the validity of our hypothesis that hand designed models may not be optimal for Knowledge distillation. We compare models generated by our method to hand designed models that contain a similar number of parameters. We perform experiments with 3 hand designed model architectures, FitNet-4, SqueezeNet and a reduced network based on VGG, (VGG-small) which contains 10 layers. These networks were then trained to convergence with Knowledge Distillation on the CIFAR-10 dataset and the SVHN datasets.\nFor the implementation of FitNet-4 (17 layers), we used the same model architecture described in Mishkin & Matas (2015) with the ReLU activation and Xavier initialization. The paper reported a baseline accuracy of 90.63 when trained from scratch and 1.2 M parameters (Table 3 in Mishkin & Matas (2015)). For SqueezeNet, we implemented the 1.1 version described in Iandola et al. (2016), which contained 727K parameters after adapting it to CIFAR-10. We benchmarked VGG-small and FitNet on the CIFAR-10 dataset and SqueezeNet on the SVHN dataset in order to provide a fair comparison with our best models in terms of the number of parameters.\nFrom the results reported in Table 3, we observe that our method performs better than the handdesigned models on both datasets despite containing fewer parameters. The CIFAR-10 results seem to indicate that model selection is an important factor in Knowledge Distillation. Our model and the FitNet-4 model both outperform the VGG-small model, further confirming our hypothesis that hand-designing models may not be the optimal approach for use with Knowledge Distillation.", 
        "heading": "4.4.2 KNOWLEDGE DISTILLATION"
      }, 
      {
        "text": "While the experiments to this point used no explicit constraints, in this experiment, we add a size constraint in terms of the number of parameters via the reward function as in Section 3.3.1. We expect the optimization to be harder because the range of acceptable architectures is reduced.\nResults are summarized in Table 4. These promising results suggest that the compression policies are able to produce sensible results despite being heavily constrained, thus demonstrating the viability of the approach in practice.", 
        "heading": "4.5 COMPRESSION WITH SIZE CONSTRAINTS"
      }, 
      {
        "text": "Naively applying our approach to a new teacher network means that the compression policies must be learned from scratch for each new problem. We would like to know if layer removal and shrinkage policy networks can be reused to accelerate compression for new teacher architectures. In the\nfollowing experiments, we train a policy on an initial teacher model and then apply it to another teacher model to test whether the policy has learned a general strategy for compressing a network. Since both a pretrained policy and a randomly initialized policy is expected to eventually converge to a locally optimal policy given enough iterations, we provide performance measures over the the first 10 policy update iterations.\nResults are summarized in Table 5. The slight drop in accuracy (third subcolumn) in models produced by the pretrained policy is expected due to the tradeoff between compression and accuracy. However, the average reward (first subcolumn) is always higher when we use a pretrained policy. Note that in the VGG experiment, the reward is negative since the non-pretrained policy starts off by producing degenerate models. However, the pretrained policy starts off from a different initialization that does not.\nThis is an important result as it shows promising evidence that we can even transfer learned knowledge from a smaller model to a larger model, rapidly accelerating the policy search procedure on very deep networks.", 
        "heading": "4.6 TRANSFER LEARNING"
      }, 
      {
        "text": "We introduced a novel method for compressing neural networks. Our approach employs a two-stage layer removal and layer shrinkage procedure to learn how to compress large neural networks. By leveraging signals for accuracy and compression as supervision, our method efficiently learns to search the space of model architectures. We show that our method performs well over a variety of datasets and architectures. We also observe generalization capabilities of our method through transfer learning, allowing our procedure to be made even more efficient. Our method is also able to incorporate other practical constraints, such as power or inference time, thus showing potential for application in a real world setting.", 
        "heading": "5 CONCLUSION"
      }, 
      {
        "text": "This work was sponsored in part by IARPA (D17PC00340).", 
        "heading": "ACKNOWLEDGEMENTS"
      }, 
      {
        "text": "Policy gradient based Actor-Critic algorithms have been shown to improve the stability of the policy search. This is achieved by replacing the baseline with a learned estimate of the value function at each time step.\nFormally, with vanilla REINFORCE we have,\n\u2207\u03b8J(\u03b8) \u2248 1\nm m\u2211 k=1 T\u2211 t=1 [\u2207\u03b8 logP\u03b8(at|ht)(Rk \u2212 bk)]\nIn the Actor-Critic algorithm we replace bk with V \u03b8k , resulting in a new gradient estimate,\n\u2207\u03b8J(\u03b8) \u2248 1\nm m\u2211 k=1 T\u2211 t=1 [\u2207\u03b8 logP\u03b8(at|ht)(Rk \u2212 V \u03b8k )]\nWe implement the Critic network by adding an additional fully-connected layer that takes as input the hidden state of the LSTM and outputs a single scalar value. Figures 6-7 the results of the experiments performed.\nFor the MNIST dataset, our results show that there is a slight improvement in stability, although they both converge at a similar rate.\nFor the CIFAR-10 dataset, although the Actor-critic version was more stable, it did not perform as well as the vanilla REINFORCE algorithm.", 
        "heading": "6 ACTOR-CRITIC"
      }, 
      {
        "text": "The learning rate and batch size were selected via a grid search. The following graphs show the rate of convergence for different learning rates and batch sizes.", 
        "heading": "7 LEARNING RATE AND BATCH SIZE"
      }, 
      {
        "text": "In order to determine the learning rate, we performed a grid search over 0.03, 0.003, 0.0003. We performed this grid search on the MNIST dataset using the VGG-13 network to save time. For the stage-1 policy, it was observed that lr=0.03 did not converge while lr=0.0003 converged too slowly. Thus we used lr=0.003 as the learning rate.", 
        "heading": "7.1 LEARNING RATE"
      }, 
      {
        "text": "Similarly we performed a grid search to determine the optimal batch size over 1, 5, 10. A batch size of 1 was too unstable while a batch size of 10 offered no substantial improvements to justify the additional computation. Thus we observed that a batch size of 5 worked the best.", 
        "heading": "7.2 BATCH SIZE"
      }, 
      {
        "text": "Below are the results of the transfer learning experiments, as observed, the pretrained policies start off with a high reward unlike the policies trained from scratch.", 
        "heading": "8 TRANSFER LEARNING EXPERIMENTS"
      }, 
      {
        "text": "The following section contains results about additional compression experiments that were conducted.", 
        "heading": "9 ADDITIONAL EXPERIMENTS"
      }, 
      {
        "text": "The following section contains the implementation details required to replicate the experiments. All of the experiments were implemented in PyTorch with 1 NVIDIA TitanX GPU.", 
        "heading": "10 IMPLEMENTATION DETAILS"
      }, 
      {
        "text": "Removal policy The removal policy was implemented with 2 hidden layers and 30 hidden units and trained with the Adam optimizer and a learning rate of 0.003. The shrinkage policy was implemented with 2 hidden layers and 50 hidden units and trained with the Adam optimizer and with a learning rate of 0.1. These policies were each trained for at least 100 epochs for each experiment. Batch size of 5 rollouts was used.", 
        "heading": "10.1 POLICIES"
      }, 
      {
        "text": "MNIST Teacher models for MNIST were trained for 50 epochs with a starting learning rate of 0.01. The learning rate is reduced by a factor of 10 in the 30th epoch. A batch size of 64 was used. CIFAR-10/100 Teacher models for CIFAR-10/100 were trained for 150 epochs with a starting learning rate of 0.001. The learning rate is decreased by a factor of 10 in the 80th and 120th epochs. Standard data augmentation with horizontal mirroring (p=0.5), random cropping with padding of 4 pixels and mean subtraction of (0.5, 0.5, 0.5). A batch size of 128 was used. SVHN Teacher models for SVHN were trained for 150 epochs with a starting learning rate of 0.001. The learning rate is decreased by a factor of 10 in the 80th and 120th epochs. Mean subtraction of (0.5, 0.5, 0.5) and a batch size of 128 was used. Caltech256 To make the experiments controlled over all datasets the Caltech256 models were trained from scratch. It is to be noted that Caltech256 models are usually initialized with pre-trained ImageNet weights since data is sparse. The training procedure consisted of 50 epochs with an initial learning rate of 0.01. It was reduced to 0.001 after the 50th epoch. Data augmentation such as horizontal flipping and random cropping alongside mean subtraction was used. ImageNet32x32 The ResNet-34 teacher model for the ImageNet32x32 experiment was trained using a method similar to that described in Chrabaszcz et al. (2017). It was trained for 40 epochs with a starting learning rate of 0.01. The learning rate was reduced by a factor of 5.0 every 10 epochs. Mean subtraction was used with a batch size of 128.", 
        "heading": "10.2 TEACHER MODELS"
      }, 
      {
        "text": "In this section we go into greater detail regarding the design of the chosen reward function compared to a naive reward. For our objective of model compression, we want the reward to reflect the following qualitative heuristics.\n1. A model with \u2191 compression but \u2193 accuracy should be penalized more than a model with \u2193 compression and \u2191 accuracy. Since we do not want to produce highly compressed models which do not perform well on the task, we do not want to let the compression score dominate the reward.\n2. The reward function should montonically increase with both compression and accuracy.", 
        "heading": "11 REWARD DESIGN"
      }, 
      {
        "text": "Defining a naive, symmetrical reward function results in the following failure case. Suppose we define our reward as: R = A \u2217 C whereA,C are the relative validation accuracy and compression achieved by the student model. Let us consider the following 2 cases:\n1. \u2191 accuracy, \u2193 compression. A = 1, C = 0.25 2. \u2193 accuracy, \u2191 compression. A = 0.25, C = 1\nIn both cases R = A \u2217 C = 0.25, which we do not want. If we use the reward function defined in the paper we get a reward of 0.25 and 0.4375 for each of the cases, which is closer to our true objective. In our empirical experiments, the non-linear reward outperformed the naive one. Other more complex reward functions that respect the above criteria may also work well.\nThe visualization of the reward manifold in Figure 14 better illustrates the difference. As observed,\na naive reward function is symmetric while our reward function returns a lower reward for low accuracy, high compression models compared to high accuracy, low compression models. Both functions are monotonically increasing.", 
        "heading": "11.1 NAIVE APPROACH"
      }, 
      {
        "text": "The following section outlines a few of the cases which are considered degenerate and for which a fixed reward of -1 is assigned.\n1. Empty architecture - Depending on how it is implemented, the policies could possibly output \u201dremove\u201d actions for each layer during the layer removal stage. In this case, the output would be an empty architecture with no trainable parameters.\n2. Large FC layer - If too many layers are removed in the feature extraction portion of the convolutional neural network, the size of the feature map before the fully connected layers would be large. In this case, although we have a well defined reward, training the network could be impractical\n3. Specialized architectures - When dealing with more complex architectures, there may be inter-layer dependencies which impose certain requirements. For example, in a ResNet, the dimensionality of the feature maps at the start and end of each residual block has to match.", 
        "heading": "11.2 DEGENERATE CASES"
      }, 
      {
        "text": "To give the reader an approximate estimate of the time taken to train the policies, we have included Table 6 which shows the time taken to train a layer removal policy for 100 iterations. These experiments were done in PyTorch with a single NVIDIA TitanX GPU and an Intel Xeon E5-2660\nCPU. We note that runtime varies based on many factors such as hardware, machine usage and the inherent stochasticity in the approach. The times listed are simply an approximate estimate to how long the method takes on average.", 
        "heading": "12 TOTAL TRAINING TIME"
      }, 
      {
        "text": "This paper introduces a general method to generate an architecture that optimizes the size-capacity trade-off with respect to a particular task. The current limitation with this method is that we need to train each student model for a few epochs to determine a reward for it. This step can be computationally expensive depending on the dataset. Results from Saxe et al. (2011), Jarrett et al. (2009) and Cox & Pinto (2011) seem to suggest that initializing models with random weights could be an efficient way to evaluate architectures provided the right non-linearities and pooling are used. Another way to provide a better initialization could be to use a hypernetwork which takes the student model architecture as input and produces weights for the model. Other methods that select an informative subset of the training and test dataset to efficiently evaluate the network could also be interesting to explore. Another interesting direction would be to use the pretrained policies for transfer learning on different architecture search problems (apart from compression) to see if any generalizable information about deep architectures is being learned.", 
        "heading": "13 FUTURE DIRECTIONS"
      }
    ], 
    "emails": [
      "bhav@cmu.edu", 
      "nrhineha@cs.cmu.edu", 
      "fares.beainy@volvo.com", 
      "kkitani@cs.cmu.edu"
    ]
  }
}