{
  "reviews": [
    {
      "recommendation": 6,
      "comments": "Learning to Optimize Neural Nets \nSummary of the paper\n---------------------------\nThe paper derives a scheme for learning optimization algorithm for high-dimensional stochastic problems as the one involved in shallow neural nets training. The main motivation is to learn to optimize with the goal to design a meta-learner able to generalize across optimization problems (related to machine learning applications as learning a neural network) sharing the same properties. For this sake, the paper casts the problem into reinforcement learning framework and relies on guided policy search (GPS) to explore the space of states and actions. The states are represented by the iterates, the gradients, the objective function values, derived statistics and features, the actions are the update directions of parameters to be learned. To make the formulated problem tractable, some simplifications are introduced (the policies are restricted to gaussian distributions family, block diagonal structure is imposed on the involved parameters). The mean of the stationary non-linear policy of GPS is modeled as a recurrent network with parameters to be learned. A hatch of how to learn the overall process is presented. Finally experimental evaluations on synthetic or real datasets are conducted to show the effectiveness of the approach.\n\nComments\n-------------\n- The overall idea of the paper, learning how to optimize, is very seducing and the experimental evaluations (comparison to normal optimizers and other meta-learners) tend to conclude the proposed method is able to learn the behavior of an optimizer and to generalize to unseen problems.\n- Materials of the paper sometimes appear tedious to follow, mainly in sub-sections 3.4 and 3.5. It would be desirable to sum up the overall procedure in an algorithm. Page 5, the term $\\omega$ intervening in the definition of the policy $\\pi$ is not defined.\n- The definitions of the statistics and features (state and observation features) look highly elaborated. Can authors provide more intuition on these precise definitions? How do they impact for instance changing the time range in the definition of $\\Phi$) in the performance of the meta-learner?\n- Figures 3 and 4 illustrate some oscillations of the proposed approach. Which guarantees do we have that the algorithm will not diverge as L2LBGDBGD does? How long should be the training to ensure a good and stable convergence of the method?\n- An interesting experience to be conducted and shown is to train the meta-learner on another dataset (CIFAR for example) and to evaluate its generalization ability on the other sets to emphasize the effectiveness of the method. ",
      "title": "R1"
    },
    {
      "recommendation": 6,
      "comments": "This paper proposed a reinforcement learning (RL) based method to learn an optimal optimization algorithm for training shallow neural networks. This work is an extended version of [Li &Malik 2016] aiming to address the high-dimensional problem.\nThis paper proposed a reinforcement learning (RL) based method to learn an optimal optimization algorithm for training shallow neural networks. This work is an extended version of [1], aiming to address the high-dimensional problem.\n\n\n\nStrengths:\n\nThe proposed method has achieved a better convergence rate in different tasks than all other hand-engineered algorithms.\nThe proposed method has better robustess in different tasks and different batch size setting.\nThe invariant of coordinate permutation and the use of block-diagonal structure improve the efficiency of LQG.\n\n\nWeaknesses:\n\n1. Since the batch size is small in each experiment, it is hard to compare convergence rate within one epoch. More iterations should be taken and the log-scale style figure is suggested. \n\n2. In Figure 1b, L2LBGDBGD converges to a lower objective value, while the other figures are difficult to compare, the convergence value should be reported in all experiments.\n\n3. \u201cThe average recent iterate\u201c described in section 3.6 uses recent 3 iterations to compute the average, the reason to choose \u201c3\u201d, and the effectiveness of different choices should be discussed, as well as the \u201c24\u201d used in state features.\n\n4. Since the block-diagonal structure imposed on A_t, B_t, and F_t, how to choose a proper block size? Or how to figure out a coordinate group?\n\n5. The caption in Figure 1,3, \u201cwith 48 input and hidden units\u201d should clarify clearly.\nThe curves of different methods are suggested to use different lines (e.g., dashed lines) to denote different algorithms rather than colors only.\n\n6. typo: sec 1 parg 5, \u201ccurrent iterate\u201d -> \u201ccurrent iteration\u201d.\n\n\nConclusion:\n\nSince RL based framework has been proposed in [1] by Li & Malik, this paper tends to solve the high-dimensional problem. With the new observation of invariant in coordinates permutation in neural networks, this paper imposes the block-diagonal structure in the model to reduce the complexity of LQG algorithm. Sufficient experiment results show that the proposed method has better convergence rate than [1]. But comparing to [1], this paper has limited contribution.\n\n[1]: Ke Li and Jitendra Malik. Learning to optimize. CoRR, abs/1606.01885, 2016.",
      "title": "R2"
    },
    {
      "recommendation": 5,
      "comments": "See below for details\n[Main comments]\n\n* I would advice the authors to explain in more details in the intro\nwhat's new compared to Li & Malik (2016) and Andrychowicz et al. (2016).\nIt took me until section 3.5 to figure it out.\n\n* If I understand correctly, the only new part compared to Li & Malik (2016) is\nsection 3.5, where block-diagonal structure is imposed on the learned matrices.\nIs that correct?\n\n* In the experiments, why not comparing with Li & Malik (2016)? (i.e., without\n  block-diagonal structure)\n\n* Please clarify whether the objective value shown in the plots is wrt the training\n  set or the test set. Reporting the training objective value makes little\nsense to me, unless the time taken to train on MNIST is taken into account in\nthe comparison. \n\n* Please clarify what are the hyper-parameters of your meta-training algorithm\n  and how you chose them.\n\nI will adjust my score based on the answer to these questions.\n\n[Other comments]\n\n* \"Given this state of affairs, perhaps it is time for us to start practicing\n  what we preach and learn how to learn\"\n\nThis is in my opinion too casual for a scientific publication...\n\n* \"aim to learn what parameter values of the base-level learner are useful\n  across a family of related tasks\"\n\nIf this is essentially multi-task learning, why not calling it so?  \"Learning\nwhat to learn\" does not mean anything.  I understand that the authors wanted to\nhave \"what\", \"which\" and \"how\" sections but this is not clear at all.\n\nWhat is a \"base-level learner\"? I think it would be useful to define it more\nprecisely early on.\n\n* I don't see the difference between what is described in Section 2.2\n  (\"learning which model to learn\") and usual machine learning (searching for\nthe best hypothesis in a hypothesis class).\n\n* Typo: p captures the how -> p captures how\n\n* The L-BFGS results reported in all Figures looked suspicious to me.  How do you\n  explain that it converges to a an objective value that is so much worse?\nMoreover, the fact that there are huge oscillations makes me think that the\nauthors are measuring the function value during the line search rather than\nthat at the end of each iteration.\n",
      "title": "R3"
    },
    {
      "comments": "",
      "title": "R4"
    }
  ],
  "abstract": "Learning to Optimize (Li & Malik, 2016) is a recently proposed framework for learning optimization algorithms using reinforcement learning. In this paper, we explore learning an optimization algorithm for training shallow neural nets. Such high-dimensional stochastic optimization problems present interesting challenges for existing reinforcement learning algorithms. We develop an extension that is suited to learning optimization algorithms in this setting and demonstrate that the learned optimization algorithm consistently outperforms other known optimization algorithms even on unseen tasks and is robust to changes in stochasticity of gradients and the neural net architecture. More specifically, we show that an optimization algorithm trained with the proposed method on the problem of training a neural net on MNIST generalizes to the problems of training neural nets on the Toronto Faces Dataset, CIFAR-10 and CIFAR-100.",
  "score": -1,
  "verdict": "Reject",
  "year": 2018
}