{
  "name": "BybQ7zWCb.pdf", 
  "metadata": {
    "title": null, 
    "year": 2018, 
    "referenceMentions": [
      {
        "referenceID": 3, 
        "startOffset": 22, 
        "context": "Neural Style Transfer (Gatys et al., 2016) has become a popular technique for generating images of distinct artistic styles using convolutional neural networks.", 
        "endOffset": 42
      }, 
      {
        "referenceID": 13, 
        "startOffset": 149, 
        "context": "There have been attempts for learning representations of musical style include the use of generative models which use a MIDI representation of audio (Pachet, 2003).", 
        "endOffset": 163
      }, 
      {
        "referenceID": 3, 
        "startOffset": 173, 
        "context": "The ability to match each of these is expressed through separate content and style loss terms, which can both be used to optimize the pixels of a randomly initialized image (Gatys et al., 2016).", 
        "endOffset": 193
      }, 
      {
        "referenceID": 9, 
        "startOffset": 209, 
        "context": "Other work has helped explain the effectiveness of this approach by showing that single image style transfer can be re-written as a Maximum Mean Discrepancy problem with a 2nd-order polynomial distance kernel (Li et al., 2017).", 
        "endOffset": 226
      }, 
      {
        "referenceID": 6, 
        "startOffset": 120, 
        "context": "In fact, the ability to recreate the content of the original image was improved when using randomly initialized weights (He et al., 2016).", 
        "endOffset": 137
      }, 
      {
        "referenceID": 11, 
        "startOffset": 129, 
        "context": "More recent advances in generative music models include WaveNet and SampleRNN, which also offer possibilities for style transfer (van den Oord et al., 2016a; Mehri et al., 2016).", 
        "endOffset": 177
      }, 
      {
        "referenceID": 2, 
        "startOffset": 54, 
        "context": "There is also a recently proposed WaveNet Autoencoder (Engel et al., 2017), a generative model for raw audio that can be used to manipulate a latent representation of an encoded sound and then regenerate it.", 
        "endOffset": 74
      }, 
      {
        "referenceID": 2, 
        "startOffset": 186, 
        "context": "In order to get a much larger receptive field of audio, we use a much longer kernel and a multi-tiered dilated non-causal convolutional structure modeled after the WaveNet auto-encoders (Engel et al., 2017).", 
        "endOffset": 206
      }, 
      {
        "referenceID": 1, 
        "startOffset": 229, 
        "context": "Recent work has shown that BFGS is not only capable of reconstructing phase in time-domain signals from magnitude STFT representations, but it converges faster and can reconstruct phase on some signals on which Griffin-Lim fails (Decorsi\u00e8re et al., 2015).", 
        "endOffset": 254
      }, 
      {
        "referenceID": 3, 
        "startOffset": 196, 
        "context": "Prior work in style transfer proposed that higher layer neural representations of images captured the content more than style, where content is any information relevant to the classification task (Gatys et al., 2016).", 
        "endOffset": 216
      }, 
      {
        "referenceID": 16, 
        "startOffset": 135, 
        "context": "Previous work in image style transfer has shown that using instance normalization layers can improve quality of the synthesized images (Ulyanov et al., 2016).", 
        "endOffset": 157
      }, 
      {
        "referenceID": 8, 
        "startOffset": 178, 
        "context": "desirable non-linear properties of activation functions as well as the property of allowing network activations to have 0 mean and unit variance with LeCun Normal initialization (LeCun et al., 1998).", 
        "endOffset": 198
      }, 
      {
        "referenceID": 8, 
        "startOffset": 67, 
        "context": "Since we use SELUs, we also use LeCun Normal weight initialization (LeCun et al., 1998).", 
        "endOffset": 87
      }, 
      {
        "referenceID": 10, 
        "startOffset": 143, 
        "context": "we detect onsets using Librosa\u2019s onset detector, which picks peaks based on the differences of energy in adjacent time frames of a spectrogram (McFee et al., 2015).", 
        "endOffset": 163
      }
    ], 
    "source": "CRF", 
    "creator": "LaTeX with hyperref package", 
    "references": [
      {
        "shortCiteRegEx": "Choi et al\\.", 
        "author": [
          "Keunwoo Choi", 
          "George Fazekas", 
          "Mark B. Sandler", 
          "Kyunghyun Cho"
        ], 
        "citeRegEx": "Choi et al\\.,? \\Q2016\\E", 
        "venue": "CoRR, abs/1609.04243,", 
        "year": 2016, 
        "title": "Convolutional recurrent neural networks for music classification"
      }, 
      {
        "shortCiteRegEx": "Decorsi\u00e8re et al\\.", 
        "author": [
          "R. Decorsi\u00e8re", 
          "P.L. S\u00f8ndergaard", 
          "E.N. MacDonald", 
          "T. Dau"
        ], 
        "citeRegEx": "Decorsi\u00e8re et al\\.,? \\Q2015\\E", 
        "venue": "IEEE/ACM Transactions on Audio, Speech, and Language Processing,", 
        "year": 2015, 
        "title": "Inversion of auditory spectrograms, traditional spectrograms, and other envelope representations"
      }, 
      {
        "shortCiteRegEx": "Engel et al\\.", 
        "author": [
          "Jesse Engel", 
          "Cinjon Resnick", 
          "Adam Roberts", 
          "Sander Dieleman", 
          "Douglas Eck", 
          "Karen Simonyan", 
          "Mohammad Norouzi"
        ], 
        "citeRegEx": "Engel et al\\.,? \\Q2017\\E", 
        "venue": "CoRR, abs/1704.01279,", 
        "year": 2017, 
        "title": "Neural audio synthesis of musical notes with wavenet autoencoders"
      }, 
      {
        "shortCiteRegEx": "Gatys et al\\.", 
        "author": [
          "L.A. Gatys", 
          "A.S. Ecker", 
          "M. Bethge"
        ], 
        "citeRegEx": "Gatys et al\\.,? \\Q2016\\E", 
        "venue": "IEEE Conference on Computer Vision and Pattern Recognition (CVPR),", 
        "year": 2016, 
        "title": "Image style transfer using convolutional neural networks"
      }, 
      {
        "shortCiteRegEx": "Glorot and Bengio.", 
        "author": [
          "Xavier Glorot", 
          "Yoshua Bengio"
        ], 
        "citeRegEx": "Glorot and Bengio.,? \\Q2010\\E", 
        "venue": "In Yee Whye Teh and Mike Titterington (eds.), Proceedings of the Thirteenth International Conference on Artificial Intelligence and Statistics,", 
        "year": 2010, 
        "title": "Understanding the difficulty of training deep feedforward neural networks"
      }, 
      {
        "shortCiteRegEx": "Griffin and Lim.", 
        "author": [
          "D. Griffin", 
          "Jae Lim"
        ], 
        "citeRegEx": "Griffin and Lim.,? \\Q1984\\E", 
        "venue": "IEEE Transactions on Acoustics, Speech, and Signal Processing,", 
        "year": 1984, 
        "title": "Signal estimation from modified short-time fourier transform"
      }, 
      {
        "shortCiteRegEx": "He et al\\.", 
        "author": [
          "Kun He", 
          "Yan Wang", 
          "John Hopcroft"
        ], 
        "citeRegEx": "He et al\\.,? \\Q2016\\E", 
        "venue": "In Advances in Neural Information Processing Systems,", 
        "year": 2016, 
        "title": "A powerful generative model using random weights for the deep image representation"
      }, 
      {
        "shortCiteRegEx": "Jing et al\\.", 
        "author": [
          "Yongcheng Jing", 
          "Yezhou Yang", 
          "Zunlei Feng", 
          "Jingwen Ye", 
          "Mingli Song"
        ], 
        "citeRegEx": "Jing et al\\.,? \\Q2017\\E", 
        "venue": "CoRR, abs/1705.04058,", 
        "year": 2017, 
        "title": "Neural style transfer: A review"
      }, 
      {
        "shortCiteRegEx": "LeCun et al\\.", 
        "author": [
          "Yann LeCun", 
          "Leon Bottou", 
          "Genevieve B. Orr", 
          "Klaus Robert M\u00fcller"
        ], 
        "citeRegEx": "LeCun et al\\.,? \\Q1998\\E", 
        "venue": null, 
        "year": 1998, 
        "title": "Efficient BackProp, pp. 9\u201350"
      }, 
      {
        "shortCiteRegEx": "Li et al\\.", 
        "author": [
          "Yanghao Li", 
          "Naiyan Wang", 
          "Jiaying Liu", 
          "Xiaodi Hou"
        ], 
        "citeRegEx": "Li et al\\.,? \\Q2017\\E", 
        "venue": "CoRR, abs/1701.01036,", 
        "year": 2017, 
        "title": "Demystifying neural style transfer"
      }, 
      {
        "shortCiteRegEx": "McFee et al\\.", 
        "author": [
          "Brian McFee", 
          "Colin Raffel", 
          "Dawen Liang", 
          "Daniel PW Ellis", 
          "Matt McVicar", 
          "Eric Battenberg", 
          "Oriol Nieto"
        ], 
        "citeRegEx": "McFee et al\\.,? \\Q2015\\E", 
        "venue": "In Proceedings of the 14th python in science conference,", 
        "year": 2015, 
        "title": "librosa: Audio and music signal analysis in python"
      }, 
      {
        "shortCiteRegEx": "Mehri et al\\.", 
        "author": [
          "Soroush Mehri", 
          "Kundan Kumar", 
          "Ishaan Gulrajani", 
          "Rithesh Kumar", 
          "Shubham Jain", 
          "Jose Sotelo", 
          "Aaron C. Courville", 
          "Yoshua Bengio"
        ], 
        "citeRegEx": "Mehri et al\\.,? \\Q2016\\E", 
        "venue": "CoRR, abs/1612.07837,", 
        "year": 2016, 
        "title": "Samplernn: An unconditional end-to-end neural audio generation model"
      }, 
      {
        "shortCiteRegEx": "Nair and Hinton.", 
        "author": [
          "Vinod Nair", 
          "Geoffrey E. Hinton"
        ], 
        "citeRegEx": "Nair and Hinton.,? \\Q2010\\E", 
        "venue": "In Proceedings of the 27th International Conference on International Conference on Machine Learning,", 
        "year": 2010, 
        "title": "Rectified linear units improve restricted boltzmann machines"
      }, 
      {
        "shortCiteRegEx": "Pachet.", 
        "author": [
          "Fran\u00e7ois Pachet"
        ], 
        "citeRegEx": "Pachet.,? \\Q2003\\E", 
        "venue": "Journal of New Music Research,", 
        "year": 2003, 
        "title": "The continuator: Musical interaction with style"
      }, 
      {
        "shortCiteRegEx": "Sch\u00f6rkhuber and Klapuri.", 
        "author": [
          "Christian Sch\u00f6rkhuber", 
          "Anssi Klapuri"
        ], 
        "citeRegEx": "Sch\u00f6rkhuber and Klapuri.,? \\Q2010\\E", 
        "venue": null, 
        "year": 2010, 
        "title": "Constant-q transform toolbox for music processing"
      }, 
      {
        "shortCiteRegEx": "Simonyan and Zisserman.", 
        "author": [
          "Karen Simonyan", 
          "Andrew Zisserman"
        ], 
        "citeRegEx": "Simonyan and Zisserman.,? \\Q2014\\E", 
        "venue": "CoRR, abs/1409.1556,", 
        "year": 2014, 
        "title": "Very deep convolutional networks for large-scale image recognition"
      }, 
      {
        "shortCiteRegEx": "Ulyanov et al\\.", 
        "author": [
          "Dmitry Ulyanov", 
          "Andrea Vedaldi", 
          "Victor S. Lempitsky"
        ], 
        "citeRegEx": "Ulyanov et al\\.,? \\Q2016\\E", 
        "venue": "CoRR, abs/1607.08022,", 
        "year": 2016, 
        "title": "Instance normalization: The missing ingredient for fast stylization"
      }, 
      {
        "shortCiteRegEx": "Ustyuzhaninov et al\\.", 
        "author": [
          "Ivan Ustyuzhaninov", 
          "Wieland Brendel", 
          "Leon A. Gatys", 
          "Matthias Bethge"
        ], 
        "citeRegEx": "Ustyuzhaninov et al\\.,? \\Q2016\\E", 
        "venue": "CoRR, abs/1606.00021,", 
        "year": 2016, 
        "title": "Texture synthesis using shallow convolutional networks with random filters"
      }, 
      {
        "shortCiteRegEx": "Oord et al\\.", 
        "author": [
          "A\u00e4ron van den Oord", 
          "Sander Dieleman", 
          "Heiga Zen", 
          "Karen Simonyan", 
          "Oriol Vinyals", 
          "Alex Graves", 
          "Nal Kalchbrenner", 
          "Andrew W. Senior", 
          "Koray Kavukcuoglu"
        ], 
        "citeRegEx": "Oord et al\\.,? \\Q2016\\E", 
        "venue": "CoRR, abs/1609.03499,", 
        "year": 2016, 
        "title": "Wavenet: A generative model for raw audio"
      }, 
      {
        "shortCiteRegEx": "Oord et al\\.", 
        "author": [
          "A\u00e4ron van den Oord", 
          "Sander Dieleman", 
          "Heiga Zen", 
          "Karen Simonyan", 
          "Oriol Vinyals", 
          "Alex Graves", 
          "Nal Kalchbrenner", 
          "Andrew W. Senior", 
          "Koray Kavukcuoglu"
        ], 
        "citeRegEx": "Oord et al\\.,? \\Q2016\\E", 
        "venue": null, 
        "year": 2016, 
        "title": "Wavenet: A generative model for raw audio, 2016b. URL https://deepmind.com/blog/ wavenet-generative-modelraw-audio"
      }, 
      {
        "shortCiteRegEx": "Wyse.", 
        "author": [
          "Lonce Wyse"
        ], 
        "citeRegEx": "Wyse.,? \\Q2017\\E", 
        "venue": "CoRR, abs/1706.09559,", 
        "year": 2017, 
        "title": "Audio spectrogram representations for processing with convolutional neural networks"
      }
    ], 
    "authors": [], 
    "abstractText": "Neural Style Transfer (Gatys et al., 2016) has become a popular technique for generating images of distinct artistic styles using convolutional neural networks. This recent success in image style transfer has raised the question of whether similar methods can be leveraged to alter the \u201cstyle\u201d of musical audio. In this work, we attempt long time-scale high-quality audio transfer and texture synthesis in the time-domain that captures harmonic, rhythmic, and timbral elements related to musical style, using examples that may have different lengths and musical keys. We demonstrate the ability to use randomly initialized convolutional neural networks to transfer these aspects of musical style from one piece onto another using 3 different representations of audio: the log-magnitude of the Short Time Fourier Transform (STFT), the Mel spectrogram, and the Constant-Q Transform spectrogram. We propose using these representations as a way of generating and modifying perceptually significant characteristics of musical audio content. We demonstrate each representation\u2019s shortcomings and advantages over others by carefully designing neural network structures that complement the nature of musical audio. Finally, we show that the most compelling \u201cstyle\u201d transfer examples make use of an ensemble of these representations to help capture the varying desired characteristics of audio signals.", 
    "sections": [
      {
        "text": "The problem we seek to explore in this paper is the transfer of artistic \u201cstyle\u201d from one musical audio example onto another. The definition and perception of an artistic style in visual art images (e.g., impressionist, pointilist, cubist) shown in Figure 1 is perhaps more straightforward than in the case musical audio. For images, a successful style transfer algorithm is capable of generating a novel image whose content information, or what is in the image, is matched as well as its stylistic information, or the artistic approach. In other words, it explores the question, \u201cWhat would a rendering of scene A by artist B look like?\u201d\nFor our work, we similarly set out to develop an algorithm that explores the question, \u201cWhat would it sound like if a musical piece by ensemble/artist A was performed by ensemble/artist B?\u201d It should be noted that we do not approach the problem according to strict musicological definitions (e.g., melodic, harmonic, rhythmic, and structural elements), as one might proceed if given the musical notation of a composition. We do not presume access to the notation or any music theoretic analysis of a\npiece. We are instead interested in transferring the acoustic features related to harmonic, rhythmic, and timbral aspects of one musical piece onto another. Therefore, for the single instance \u201cstyle\u201d transfer algorithm we propose in this work, it is more accurate to pose the question as \u201cWhat would a rendering of musical piece A (by artist A) using the harmonic and rhythmic patterns of piece B (by artist B) sound like?\u201d In this paper, we define musical \u201cstyle\u201d transfer according to this type of audio content transformation, and will henceforth drop the use of quotation marks around \u201cstyle\u201d. In texture generation, we instead ask \u201cWhat would it sound like for a source musical piece to contain the same musical patterns and higher-order statistics without any of the same local, event-based information?\u201d This can be achieved in the image or audio domain by only optimizing those terms of the loss function of a transfer algorithm associated with style, and not using any loss term associated with content.\nCurrently, there are two types of approaches to image style transfer. The first method uses a learned generative model to manipulate the representation of the data such that it maintains its original content rendered into a new style. The second class of methods, which we investigate and apply in this paper, are concerned with synthesizing new data that matches the representations of data in a learned model in some specific way. Measuring the accuracy of such algorithms\u2019 abilities to transfer style is difficult, since most data is not able to be entirely disentangled into separate content and style components. This is especially true for musical style.\nThere have been attempts for learning representations of musical style include the use of generative models which use a MIDI representation of audio (Pachet, 2003). The advantages of using this representation are the ability to focus solely on a highly understandable representation of musical information in its harmonic and rhythmic components, but lacks the ability to capture other important sonic information like timbre.\nOur approach utilizes many interesting findings from recent research in image style transfer. We suggest that it is possible to use the same style transfer algorithm used for images for musical audio, but best performance requires a careful selection of how content and style is represented, given the task. Figure 2 shows a spectral visualization of how a style transfer result contains both local, event based information from the content piece, while also having the characteristic nature of the style signal, as there is clearly more energy in the higher frequencies. However, it is important to note that despite this visualization in the log-magnitude STFT representation, the audio is ultimately synthesized in the time-domain.", 
        "heading": "1 INTRODUCTION"
      }, 
      {
        "text": "Original attempts at single image style transfer demonstrated successful transfer of artistic style between images through a gradient-based optimization of the convolutional map representations in the Visual Geometry Group (VGG) network (Simonyan & Zisserman, 2014). This work focused on synthesizing preferred images whose layer representations in the VGG network, a convolutional\nneural network that rivals human performance on visual object recognition tasks, matching the likeliness of a content image while the statistics of the layer representations of a target style image are also matched. These statistics are typically represented by taking the inner product of the convolutional layer activations in order to compute the gram matrix. The ability to match each of these is expressed through separate content and style loss terms, which can both be used to optimize the pixels of a randomly initialized image (Gatys et al., 2016). The motivation for using the gram matrix to represent style is that local information about the style image is lost, preserving only statistics about the convolutional representation over the entire image. Other work has helped explain the effectiveness of this approach by showing that single image style transfer can be re-written as a Maximum Mean Discrepancy problem with a 2nd-order polynomial distance kernel (Li et al., 2017). It was also shown that the need for a pre-trained network to perform style transfer was not at all necessary. In fact, the ability to recreate the content of the original image was improved when using randomly initialized weights (He et al., 2016). Additionally, Ustyuzhaninov et al. (2016) has shown that very shallow, untrained neural networks with as little as 1 layer are also capable of sufficiently representing artistic style in images.\nUlyanov and Lebedev proposed an algorithm for the transfer of audio style using the log-magnitude STFT of audio with a single random convolutional layer (Ulyanov & Lebedev, 2016). After the novel log-magnitude spectrogram is generated, the Griffin-Lim algorithm (Griffin & Lim, 1984) is used to restore phase information before taking the inverse STFT to recover the time-domain signal. In order to generate these results, only 1 convolutional layer with random, untrained weights was used with a rectified linear activation function. In order to make this model successful, 4096 different convolutional kernels must be used. Also, while spectrograms are typically thought of as F (Frequency bins) x T (Time bins) images with no color channels, this work represented them as 1xT images with F color channels. Therefore, the only convolution taking place is happening in time, while the patterns and relationships between frequencies are localized within the style loss.\nMore recent advances in generative music models include WaveNet and SampleRNN, which also offer possibilities for style transfer (van den Oord et al., 2016a; Mehri et al., 2016). These autoregressive models have successfully demonstrated the ability to generate long-term structure in audio signals. SampleRNN uses a multi-hierarchical recurrent neural network trained with Truncated Backpropogation Through Time (TBTT). WaveNet uses causal, dilated convolutions and residual skip-connections, and has the ability to be conditioned on vocal features which gives the ability to generate the same words and speech patterns with different voice characteristics, such as male or female (van den Oord et al., 2016b). There is also a recently proposed WaveNet Autoencoder (Engel et al., 2017), a generative model for raw audio that can be used to manipulate a latent representation of an encoded sound and then regenerate it.", 
        "heading": "2 RELATED WORK"
      }, 
      {
        "text": "", 
        "heading": "3 METHODS"
      }, 
      {
        "text": "In the previous attempt by Ulyanov & Lebedev (2016) at style transfer for audio, a simple convolutional layer with a ReLU non-linearity was used. A single 1-D convolutional layer, whose kernel has a shape that we denote as 1xKxFxNf was used. K represents the length of time bins convolved with the feature, while F and Nf represent the number of frequency bins and filters. These weights are initialized using Glorot Initialization (Glorot & Bengio, 2010). For our notation, we use x to denote the generated log-magnitude STFT, whose feature map, X is the convolved feature map over whichever dimension is being considered for style transfer or texture generation. Following this, we use s and c to denote the log-magnitude STFT representations for the style and content audio, respectively, whose feature maps are represented by S and C, respectively. The L2 distance between the target audio and the content audio\u2019s feature maps summed over all spatial indices i and channels j is used for content loss expressed in Equation 1.\nLContent(C,X) = 1\n2 \u2211 i,j (Cij \u2212Xij)2 (1)\nIn representing style, it is ideal that local information about where musical events happen is lost, but information about how they happen in relation to each other is maintained. To represent the style,\nthe inner-product, or gram matrix of the convolutional feature map is used. The inner-product of the vectorized feature maps X and S, denoted by W and G respectively, are calculated using Equations 2 and 3 for a filter i and another filter j is used to represent style.\nGi,j = \u2211 k SijSjk (2)\nWi,j = \u2211 k XijXjk (3)\nThe style loss, LStyle, calculated as the sum of the L2 distances between G and W over all pairs of filters i and j in Nf , is given in Equation 4.\nLStyle(G,W ) = 1\nN2f \u2211 i,j (Gij \u2212Wij)2 (4)\nThe total loss is represented by Equation 5, which uses parameters \u03b1 and \u03b2 to measure the importance of transferring each type of style.\nL(X,C, S) = \u03b1LContent + \u03b2LStyle (5)\nAll network weights are unaltered during optimization of the L. Only the log magnitude STFT representation of the target audio is adjusted.", 
        "heading": "3.1 PREVIOUS WORK FROM ULYANOV AND LEBEDEV\u2019S ALGORITHM"
      }, 
      {
        "text": "We introduce an extended version of the algorithm proposed in Ulyanov & Lebedev (2016) with different versions of two additional log-magnitude spectrogram representations described below in order to address the shortcomings of this algorithm as it applies to musical audio. In particular, Ulyanov & Lebedev (2016) characterizes and represents the timbral style of musical audio, which we can defined in this work as the short time envelope and harmonic statistics of the audio signal, but fails to capture information which is either rhythmic or harmonic. We propose using the Mel Spectrogram to better capture rhythmic information, and using the Constant Q Transform (CQT) Spectrogram in a 2-D convolutional neural network to represent harmonic style. While we use the Mel spectrogram to help represent rhythmic information, the true benefit of this representation is that the compressed channel axis allows for a deeper dilated network structure with a much longer receptive field in time.", 
        "heading": "3.2 PROPOSED AUDIO REPRESENTATIONS"
      }, 
      {
        "text": "While this simple, single layer design is effective in representing short-term harmonic and timbral features of audio, its most obvious fault is its inability to effectively represent longer-term features of the audio signals, which we refer to as the rhythmic components. In order to increase the size of the kernel that spans the temporal dimension of a spectrogram, we need to also decrease the size of the filter dimension in, or the number of frequency channels. Without this, the size of our computation graph becomes very large, and the time needed for synthesis is greatly increased. We argue that rhythmic information is still preserved when compressing this frequency dimension. We propose using the same algorithm on a Mel scaled spectrogram of the log-magnitude STFT, which we refer to as the Mel spectrogram version of the signal, xMel. The Mel scale provides a mapping from the perceived Mel center frequency and the actual measured frequency, f , as shown in Equation 6 below. The mapping can be used to create a filter bank for projecting the magnitude STFT onto a perceptually optimal smaller number of channels.\nM(f) = 1125 ln(1 + f\n700 ) (6)\nBecause the Mel spectrogram decreases spectral resolution of the STFT in a perceptually uniform manner, it has been a popular choice for state of the art neural networks trained on large corpuses of\nmusical audio (Choi et al., 2016; Wyse, 2017). However, instead of using 2-D convolutions on the Mel spectrogram like this work, we propose treating the mel-frequency axis as a channel axis rather than a spatial axis like is done for the STFT representations.\nWhile a large number of filters in a convolutional kernel are still needed to represent style from this representation, the significantly reduced number of frequency bins means the number of our parameters in the kernel can be much smaller. In order to get a much larger receptive field of audio, we use a much longer kernel and a multi-tiered dilated non-causal convolutional structure modeled after the WaveNet auto-encoders (Engel et al., 2017). This architecture makes use of dilated convolutions with residual, skip-connections in its encoding stage to vastly increase the receptive field. In this way, our model actually can be thought of as a generalization of this encoding model structure, but we have inserted the Mel spectrogram transformation in front of the initial layer which normally receives raw audio. While the original convolutional kernel used in Ulyanov & Lebedev (2016)\u2019s implementation only had a receptive field of about 30 ms, this structure is capable of representing up to 4 seconds of audio with only 2 residual blocks for audio sampled at 22.05 kHz and NDFT = 2048. Additionally, since the dimensionality of the representation in the channel dimension is decreased by at least 2, we find that we can use a much smaller number for Nf , which reduces the size of the computation graph needed for the same receptive field and decreases computation time. Following the WaveNet auto-encoder architecture, we only use dilated convolutions if more than one residual block is used, starting with a dilation rate of 2, and doubling again for each additional residual block. We compute the style loss from each layer in this neural network structure, and the content loss only using the last layer. In practice, we use between 16 (128:1 reduction) and 512 Mel filters (4:1 reduction) that are triangularly shaped and span from 0 Hz to 22.05 kHz.", 
        "heading": "3.2.1 MEL SPECTROGRAM"
      }, 
      {
        "text": "While the STFT and Mel spectrogram allow us to represent both short and long term musical statistics well, neither representation is capable of representing musically relevant frequency patterns, such as chords and intervals, along the frequency axis that can be shifted linearly. In order to achieve this, we need to use a 2-D convolution over a spectral representation. We have chosen the CQT spectrogram (Sch\u00f6rkhuber & Klapuri, 2010) since it is capable of representing transposition in musical pitch as a simple shift along the (warped) frequency axis. In this way, an activation for a particular harmony at a note, n, should be close in value to the same harmonic structure being present at any other note within +/-6 semitones. Similarly to the Mel spectrogram, it has often been chosen as a representation for neural networks for this reason. While in some ways the CQT spectrogram is worse than the Mel spectrogram in terms of perceptual reconstruction quality due to the frequency scaling in lower frequencies, it is the most natural representation for 2-D convolutional kernels to use to represent joint time-frequency spatial features.\nWe implement the \u201cpseudo-CQT\u201d, which is obtained by projecting the magnitude STFT signal onto a wavelet filter bank with Constant Q frequency scaling, rather than the recursive sub-sampling method described in Sch\u00f6rkhuber & Klapuri (2010), which has the benefit of modeling the transformation as a fully differentiable operation on the raw time-domain audio. In order to achieve key invariance for musical content, we use a total of 86 bins with 12 bins per octave spanning from the notes C1 to D8, and use max-pooling along the convolved frequency axis if key-invariance is desired. This allows features from the target audio to match the features of the content and style audio from multiple keys. As the width of the pooling increases, the representation becomes more key-invariant, and the distortion of the content representation increases. This filter bank is similarly logarithmic to the Mel filter bank in the higher frequency range (> 1kHz), but it oversamples the lower frequencies in comparison.", 
        "heading": "3.2.2 CONSTANT Q TRANSFORM (CQT) SPECTROGRAM"
      }, 
      {
        "text": "We generalize the formulation described in section 3.1 for the content and style loss to yield 6 total possible loss terms (content and style for all 3 networks) to be used during optimization: LContent,STFT ; LContent,Mel; LContent,CQT ; LStyle,STFT ; LStyle,Mel; LStyle,CQT . For each content loss, use the L2 loss of the final layers\u2019 representations. For the style loss terms, we use the sum of all L2 loss of the gram matrix representations of each layer in the network as described in Section 3.1. For the CQT network representations, the inner-product of both the temporal and frequency axes is used since both frequency and time invariance is desired. In practice, we make\nuse of all possible terms, using up to 5 at once. Since there are up to 5 different objectives in our proposed solution, it can be difficult to discover the optimal weighting for a style transfer example. In order to alleviate this process, we propose initializing each loss term\u2019s coefficient such that the magnitude of the gradient is 1 for all loss terms as shown in Equation 7, inspired by Li et al. (2017). We then control the scaling of the then normalized loss terms using the parameter, \u0393Type,Net, as shown in Equation 8.\n\u03b2\u2032Type,Net = 1\u2225\u2225\u2225\u2202LType,Net\u2202xtime \u2225\u2225\u2225 , Type \u2208 {Content, Style}, Net \u2208 {STFT,Mel, CQT} (7)\n\u03b2Type,Net = \u0393Type,Net\u03b2 \u2032 Type,Net (8)\nThe objective function to be minimized is the sum of all of these losses scaled by \u03b2Type,Net as expressed in Equation 9.\nL(X,C, S) = \u2211\nType\u2208{Content,Style} Net\u2208{STFT,Mel,CQT}\n\u03b2Type,NetLType,Net (9)\nThe previous method computes the log-magnitude STFT as a pre-processing step and, after optimizing the result, used the Griffin-Lim algorithm (Griffin & Lim, 1984) to reconstruct phase. We, instead, propose a method for estimating phase simultaneously with the optimization of the STFT representation. This transformation is fully differentiable to the raw time domain audio signal, meaning if overlapping time windows are used, phase information can be approximated. We use gradient descent based optimization algorithm Limited Memory BFGS (L-BFGS-B) for its superior performance in non-linear optimization problems including image style transfer. Recent work has shown that BFGS is not only capable of reconstructing phase in time-domain signals from magnitude STFT representations, but it converges faster and can reconstruct phase on some signals on which Griffin-Lim fails (Decorsi\u00e8re et al., 2015). Because of this, we choose to model the transformation from the time-domain target input to the log-magnitude STFT as well as the Mel and CQT representations extracted as a projection of the target audio onto different bases as symbolic combinations of differentiable convolutional and dense layers in our computation graph. This allows us to optimize the time-domain audio from each spectral representation network\u2019s gradient in one stage without suffering major phase distortion. Another advantage of optimizing the target audio directly in the time domain is that it allows also for neural representations of the time-domain audio to be optimized simultaneously. We see this as being outside of the scope of the work being presented here, however.\nWhile each of these representations has complementary advantages and disadvantages, we can still use all 3 representations in parallel neural networks to capitalize upon the advantages from each. This is entirely possible through the ensemble representation of each network shown in Figure 3 below.", 
        "heading": "3.3 PARALLEL ARCHITECTURE AND TIME DOMAIN SYNTHESIS"
      }, 
      {
        "text": "Prior work in style transfer proposed that higher layer neural representations of images captured the content more than style, where content is any information relevant to the classification task (Gatys et al., 2016). We seek to create a similarly meaningful content representation, which maintains general information about musical events, without specifics like key and timbre. Key-invariance is desired since modern popular music is often composed without an emphasis on the specific key, and instead the harmony is commonly defined as its relation to the \u201cone\u201d, which in Western music can be any of 12 musical keys. For these reasons, we argue that key-invariance is a crucial feature for a representation of musical content. We propose and test 3 methods for examining invariance to musical key between the content and style audio sources.\nFor the first, we suggest using a Mel spectrogram content representation with only a few channels. This has the effect of taking a wide-band average of the audio signal, capturing the envelope of the audio signal. This type of representation captures only the rhythmic hits and the overall phonemes of words being sung. While prominent rhythmic and timbral shape information is preserved, all information about key is lost since the signal is being averaged over large regions of frequency. In\npractice, we use anywhere between 8 and 16 Mel bins with a max Mel bin frequency of 11.025 kHz. Reducing further obscures phonetic information and any distinctive timbral components and adding additional Mel bins leaks information about the key of the song.\nFor the second key-invariant content representation, we wish to use the convolved 2-D feature map of the CQT spectrogram. We choose a convolutional kernel that is 11x11, meaning it spans just under one octave at each stride. We use a max-pooling layer in order to make this content representation keyinvariant, and we use max-pooling along the convolved frequency axis of the convolutional feature map. This representation ensures that content that has been shifted in key, or shifted along the warped frequency axis of the CQT spectrogram, will yield a similar representation as the non-shifted version of the same signal. However, it is important to note that this max-pooling layer is only beneficial for making LContent,CQT key-invariant, since the LStyle,CQT uses the inner product of the spatial dimension of the data, making it already key-invariant. In comparison with the key-invariant Mel spectrogram representation, this representation better preserves melodic and harmonic information without maintaining local key information. In practice we use a stride of 2 for the pooling, however, a greater stride could be used for increased invariance at the cost of greater information loss. It is important to note that pooling occurs on the convolutional layer versions of the representation, not the raw CQT itself. Pooling in this fashion would destroy harmonic information, while pooling on extracted patterns spanning enough frequency allows for these same patterns (i.e. a major third interval) to be placed at any fundamental frequency within the width of semi-tones defined by the pooling size.\nFinally, for the best approximation, we recommend combining both of these loss terms to encapsulate the information from each key-invariant representation.", 
        "heading": "3.4 PROPOSED KEY-INVARIANT CONTENT REPRESENTATION"
      }, 
      {
        "text": "Previous work in image style transfer has shown that using instance normalization layers can improve quality of the synthesized images (Ulyanov et al., 2016). Unfortunately, when we attempted to implement these results for audio, these layers also seemed to introduce a noticeable amount of noise to the target audio. Instead, we use newly proposed self-normalizing non-linear activation functions, SeLUs (Klambauer et al., 2017), in place of ReLUs (Nair & Hinton, 2010) since they have both\ndesirable non-linear properties of activation functions as well as the property of allowing network activations to have 0 mean and unit variance with LeCun Normal initialization (LeCun et al., 1998). We find that using this activation function increases the quality of the synthesized audio, reduces convergence time, and makes finding an optimal weighting for the style and content terms more consistent from example to example. Since we don\u2019t use any type of dense neural network layers in our proposed networks, we demonstrate that it is possible to use different lengths of content and style audio with the same convolutional kernels and still obtain a valid style loss. To achieve this, we simply divide by the size of the convolutional feature map being used prior to computing the difference in the style loss calculation.", 
        "heading": "3.5 SELU ACTIVATION FUNCTION FOR BETTER PERFORMANCE"
      }, 
      {
        "text": "We propose 3 experiments for showing the ability for our algorithm to improve the transfer of musical style. First, we show how using the Mel spectrogram representation of style is able to better capture the musical statistics of the audio through texture generation. We do so by examining what happens when we generate musical textures, meaning only style loss with no content. We also examine how the combined representation of the Mel and CQT representations of content offer a frequency invariant representation. Finally, we examine the quality of our algorithm for a variety of musical style transfer examples using both quantitative and qualitative assessment.\nFor hyper-parameters, we find that using 4096 filters for the STFT network, 1025 for the Mel network, and 256 for the CQT network in each convolutional layer to be sufficient. We use kernel sizes of 1x11 (~25 ms), 1x50 (~1 second at first layer), and 11x11 (11 semitones x ~25 ms) for the STFT, Mel, and CQT networks respectively as well. However, for residual layers in the Mel network, we use a 1x25 kernel. Since we use SELUs, we also use LeCun Normal weight initialization (LeCun et al., 1998).\nAll experiments were conducted using a Tensorflow implementation of the ensemble model described in the previous section. We have released code used for the experiments.1 Additionally, we also have a collection of musical style transfer examples, including all of the examples used for the results shown below.2", 
        "heading": "4 EXPERIMENTS AND RESULTS"
      }, 
      {
        "text": "While textures synthesized using prior methods exhibit a lack of rhythmic structure, we show the use of residual dilated non-causal convolutions on the Mel spectrogram works well for achieving a large receptive field and better capturing rhythmic statistics. In order to measure the rhythmic style similarity of a texture to its source audio, we compute the Kullback-Leibler (KL)-divergence of the Inter-Onset Interval Length Distributions. we detect onsets using Librosa\u2019s onset detector, which picks peaks based on the differences of energy in adjacent time frames of a spectrogram (McFee et al., 2015). While increasing the receptive field to a much longer length improves this measure of rhythmic similarity, it is important to show that this is not introducing the effect of copying sections of the original source audio. In order to verify that this is not occurring, we also show that the maximum cross-correlation value between the time-domain audio waveforms are not significantly affected by the length of this field. We denote max(\u03a6XY ) as the maximum cross-correlation value between two signals, X and Y . This helps justify that the source and texture are still significantly different, so that the texture isn\u2019t simply a distorted duplicate of the source. Additionally, we show that the mean local autocorrelation has more consistent hierarchical rhythmic structure at different lag times. Figure 4 summarizes these results.", 
        "heading": "4.1 MUSICAL TEXTURE GENERATION"
      }, 
      {
        "text": "In order to test the quality of key-invariance we suggest that it must be possible to use songs in two different keys for style and content, and be able to reconstruct the same content in the key of the style audio. We synthesized 13 different transpositions from a MIDI score of 4 second clips from \u201cThe Star Spangled Banner\u201d and performed style transfer experiments where the original key version is used as\n1https://github.com/anonymousiclr2018/Style-Transfer-for-Musical-Audio 2https://anonymousiclr2018.github.io/jekyll/update/2017/05/20/\nmusical-style-transfer.html\ncontent, and the versions which are transposed +/-6 semitones are used for style. We used both the mean squared error of the log-magnitude STFT representation of the result and the style used as a metric for content key-invariance. We choose this metric because the log-magnitude STFT contains most information about original time-domain audio signal, and we argue that being able to reconstruct the exact style signal should be possible if the content and style are the same, but in different keys. Figure 5 shows the full results for all experiments. Our results confirm that changing key between style content has less of an effect on our proposed key-invariant content representations. The results confirm that for all cases where the content and style pieces are in different keys, all of the proposed key-invariant representations have lower error than the normal STFT representations. While there is no clear best representation of these three proposed versions according to this quantitative metric, we observe that using both the CQT and Mel representations captures different kinds of key-invariant information and combining these representations yields the best sounding results. Samples from this experiment are included in the supplement.", 
        "heading": "4.2 TESTING KEY INVARIANCE"
      }, 
      {
        "text": "We tested the full style transfer algorithm with different combinations of loss terms and hyperparameters for a diverse set of examples. We found that there is not one set of loss terms that works best for all content-style transfer pairs, as the best set of loss terms is usually dependent on the nature of the specific style transfer task. However, we are able to demonstrate specific cases where using only the STFT loss terms fails, and significant improvement is achieved with the introduction of the other objectives based on perceptual audio representations. All examples use content and style with tempos within 10 beats per minute (bpm) of each other. We summarize our findings for a variety of loss content and style representation formulations in Table 1.\nWe notice that using Mel spectrogram representations for achieving a larger receptive field in time greatly helps transfer style in certain cases where the long-term nature of the style audio is complex, and important to recognizing the nature of the musical style. Using both Mel and CQT representations for content greatly helps for cases where the nature of the content and style audio are very different from each other, even in cases where the content and style are in the same key. The abstracted content representation is better able to re-implement content with the musical attributes of the style audio without simply laying 2 different sounding examples over each other. This increase in performance is best displayed in examples of singing style transfer. Using a higher number of Mel channels and residual blocks will give the behavior similar to a \u201cmash-up\u201d of 2 audio examples, where portions of the style audio are placed over the content audio. Simply reducing the number of Mel channels eliminates this behavior so that the LStyle,STFT has high resolution frequency information over a short time span, representing the timbral and short-time harmonic features only, and LStyle,Mel uses a much longer time span with low frequency resolution, representing long-term musical attributes like rhythmic structure. When we use the Mel spectrogram content representation, we notice that the wide-frequency band nature of the synthesized audio sometimes has an undesirable, \u201cbreathy\u201d quality to it. This problem is most evident when there are vocals. In order to restrain this effect, we add the\nL1 penalty to the log-magnitude STFT to enforce the synthesized audio to have a sparse spectrum. We find that this helps eliminate the evenly distributed nature of the content part of the synthesized audio.", 
        "heading": "4.3 QUALITATIVE COMPARISON OF POSSIBLE LOSS TERM CONFIGURATIONS"
      }, 
      {
        "text": "We introduce several improvements for performing musical style transfer on raw audio through the utilization of multiple audio representations. Our contributions can be summarized as follows: First, we have demonstrated that using additional representations of Mel and CQT spectrograms with accompanying neural structure improve in many cases the capture of musically meaningful style information. Secondly, we have proposed a novel, key-invariant content representation for musical audio. Finally we have shown that despite using log-magnitude spectrograms to capture the content and style information, we are still able to synthesize a target audio waveform in the time domain using the backpropogation of the STFT.\nWhile our proposed content representations work for audio in different keys, there still is no representation for tempo invariance. Other future work may include using learned generative models to perform musical style transfer and trying to perform style transfer entirely in the time-domain. This or the use of complex weights may be able to help improve representation of phase information in neural representations.", 
        "heading": "5 CONCLUSIONS AND FUTURE WORK"
      }
    ], 
    "emails": []
  }
}