{
  "name": "BydLzGb0Z.pdf", 
  "metadata": {
    "title": null, 
    "year": 2018, 
    "referenceMentions": [
      {
        "referenceID": 6, 
        "startOffset": 209, 
        "context": "RNNs are trained to generate sequences by predicting one output at a time given all previous ones, and excel at the task through their capacity to remember past information well beyond classical n-gram models (Bengio et al., 1994; Hochreiter & Schmidhuber, 1997).", 
        "endOffset": 262
      }, 
      {
        "referenceID": 12, 
        "startOffset": 112, 
        "context": "More recently, RNNs have also found success when applied to conditional generation tasks such as speech-to-text (Chorowski et al., 2015; Chan et al., 2016), image captioning (Xu et al.", 
        "endOffset": 155
      }, 
      {
        "referenceID": 9, 
        "startOffset": 112, 
        "context": "More recently, RNNs have also found success when applied to conditional generation tasks such as speech-to-text (Chorowski et al., 2015; Chan et al., 2016), image captioning (Xu et al.", 
        "endOffset": 155
      }, 
      {
        "referenceID": 60, 
        "startOffset": 26, 
        "context": ", 2016), image captioning (Xu et al., 2015) and machine translation (Sutskever et al.", 
        "endOffset": 43
      }, 
      {
        "referenceID": 26, 
        "startOffset": 106, 
        "context": "This difficulty in capturing long-term dependencies has been noted and discussed in several seminal works (Hochreiter, 1991; Bengio et al., 1994; Hochreiter & Schmidhuber, 1997; Pascanu et al., 2013).", 
        "endOffset": 199
      }, 
      {
        "referenceID": 6, 
        "startOffset": 106, 
        "context": "This difficulty in capturing long-term dependencies has been noted and discussed in several seminal works (Hochreiter, 1991; Bengio et al., 1994; Hochreiter & Schmidhuber, 1997; Pascanu et al., 2013).", 
        "endOffset": 199
      }, 
      {
        "referenceID": 45, 
        "startOffset": 106, 
        "context": "This difficulty in capturing long-term dependencies has been noted and discussed in several seminal works (Hochreiter, 1991; Bengio et al., 1994; Hochreiter & Schmidhuber, 1997; Pascanu et al., 2013).", 
        "endOffset": 199
      }, 
      {
        "referenceID": 14, 
        "startOffset": 90, 
        "context": "Recent efforts to address this problem have involved augmenting RNNs with external memory (Dieng et al., 2016; Grave et al., 2016; Gulcehre et al., 2017a), with unitary or hierarchical architectures (Arjovsky et al.", 
        "endOffset": 154
      }, 
      {
        "referenceID": 18, 
        "startOffset": 90, 
        "context": "Recent efforts to address this problem have involved augmenting RNNs with external memory (Dieng et al., 2016; Grave et al., 2016; Gulcehre et al., 2017a), with unitary or hierarchical architectures (Arjovsky et al.", 
        "endOffset": 154
      }, 
      {
        "referenceID": 0, 
        "startOffset": 53, 
        "context": ", 2017a), with unitary or hierarchical architectures (Arjovsky et al., 2016; Serban et al., 2017), or with explicit planning mechanisms (Gulcehre et al.", 
        "endOffset": 97
      }, 
      {
        "referenceID": 51, 
        "startOffset": 53, 
        "context": ", 2017a), with unitary or hierarchical architectures (Arjovsky et al., 2016; Serban et al., 2017), or with explicit planning mechanisms (Gulcehre et al.", 
        "endOffset": 97
      }, 
      {
        "referenceID": 41, 
        "startOffset": 169, 
        "context": "Parallel efforts aim to prevent overfitting on strong local correlations by regularizing the states of the network, by applying dropout or penalizing various statistics (Moon et al., 2015; Zaremba et al., 2014; Gal & Ghahramani, 2016; Krueger et al., 2016; Merity et al., 2017).", 
        "endOffset": 277
      }, 
      {
        "referenceID": 63, 
        "startOffset": 169, 
        "context": "Parallel efforts aim to prevent overfitting on strong local correlations by regularizing the states of the network, by applying dropout or penalizing various statistics (Moon et al., 2015; Zaremba et al., 2014; Gal & Ghahramani, 2016; Krueger et al., 2016; Merity et al., 2017).", 
        "endOffset": 277
      }, 
      {
        "referenceID": 32, 
        "startOffset": 169, 
        "context": "Parallel efforts aim to prevent overfitting on strong local correlations by regularizing the states of the network, by applying dropout or penalizing various statistics (Moon et al., 2015; Zaremba et al., 2014; Gal & Ghahramani, 2016; Krueger et al., 2016; Merity et al., 2017).", 
        "endOffset": 277
      }, 
      {
        "referenceID": 39, 
        "startOffset": 169, 
        "context": "Parallel efforts aim to prevent overfitting on strong local correlations by regularizing the states of the network, by applying dropout or penalizing various statistics (Moon et al., 2015; Zaremba et al., 2014; Gal & Ghahramani, 2016; Krueger et al., 2016; Merity et al., 2017).", 
        "endOffset": 277
      }, 
      {
        "referenceID": 32, 
        "startOffset": 107, 
        "context": "This is distinct from other regularization methods that act on the hidden states either by injecting noise (Krueger et al., 2016) or by penalizing their norm (Krueger & Memisevic, 2015; Merity et al.", 
        "endOffset": 129
      }, 
      {
        "referenceID": 39, 
        "startOffset": 36, 
        "context": ", 2016) or by penalizing their norm (Krueger & Memisevic, 2015; Merity et al., 2017), because we formulate explicit auxiliary targets for the forward hidden states: namely, the backward hidden states.", 
        "endOffset": 84
      }, 
      {
        "referenceID": 7, 
        "startOffset": 97, 
        "context": "This particular decomposition of the joint probability has been widely used in language modeling (Bengio et al., 2003; Mikolov, 2010) and speech recognition (Bahl et al.", 
        "endOffset": 133
      }, 
      {
        "referenceID": 40, 
        "startOffset": 97, 
        "context": "This particular decomposition of the joint probability has been widely used in language modeling (Bengio et al., 2003; Mikolov, 2010) and speech recognition (Bahl et al.", 
        "endOffset": 133
      }, 
      {
        "referenceID": 5, 
        "startOffset": 46, 
        "context": ", 2003; Mikolov, 2010) and speech recognition (Bahl et al., 1983).", 
        "endOffset": 65
      }, 
      {
        "referenceID": 11, 
        "startOffset": 326, 
        "context": "At each step, the RNN updates a hidden state hft , which iteratively summarizes the inputs seen up to time t: hft = \u03a6f (xt\u22121, h f t\u22121), (2) where f symbolizes that the network reads the sequence in the forward direction, and \u03a6f is typically a non-linear function, such as a LSTM cell (Hochreiter & Schmidhuber, 1997) or a GRU (Cho et al., 2014).", 
        "endOffset": 344
      }, 
      {
        "referenceID": 3, 
        "startOffset": 23, 
        "context": "in machine translation (Bahdanau et al., 2015), question answering (Chen et al.", 
        "endOffset": 46
      }, 
      {
        "referenceID": 10, 
        "startOffset": 28, 
        "context": ", 2015), question answering (Chen et al., 2017) and sequence labeling (Ma & Hovy, 2016).", 
        "endOffset": 47
      }, 
      {
        "referenceID": 64, 
        "startOffset": 80, 
        "context": "However, it is not straightforward to apply these models to sequence generation (Zhang et al., 2018) due to the fact that the ancestral sampling process is not allowed to look into the future.", 
        "endOffset": 100
      }, 
      {
        "referenceID": 13, 
        "startOffset": 76, 
        "context": "Gated architectures such as LSTMs (Hochreiter & Schmidhuber, 1997) and GRUs (Chung et al., 2014) have been successful in easing the modeling of long term-dependencies: the gates indicate time-steps for which the network is allowed to keep new information in the memory or forget stored information.", 
        "endOffset": 96
      }, 
      {
        "referenceID": 51, 
        "startOffset": 161, 
        "context": "Another solution for capturing long-term dependencies and avoiding gradient vanishing problems is equipping existing architectures with a hierarchical structure (Serban et al., 2017).", 
        "endOffset": 182
      }, 
      {
        "referenceID": 0, 
        "startOffset": 92, 
        "context": "Other works tackled the vanishing gradient problem by making the recurrent dynamics unitary (Arjovsky et al., 2016).", 
        "endOffset": 115
      }, 
      {
        "referenceID": 52, 
        "startOffset": 90, 
        "context": "In parallel, inspired by recent advances in \u201clearning to plan\u201d for reinforcement learning (Silver et al., 2016; Tamar et al., 2016), recent efforts try to augment RNNs with an explicit planning mechanism (Gulcehre et al.", 
        "endOffset": 131
      }, 
      {
        "referenceID": 55, 
        "startOffset": 90, 
        "context": "In parallel, inspired by recent advances in \u201clearning to plan\u201d for reinforcement learning (Silver et al., 2016; Tamar et al., 2016), recent efforts try to augment RNNs with an explicit planning mechanism (Gulcehre et al.", 
        "endOffset": 131
      }, 
      {
        "referenceID": 34, 
        "startOffset": 122, 
        "context": ", 2017b) to force the network to commit to a plan while generating, or to make hidden states predictive of the far future (Li et al., 2017).", 
        "endOffset": 139
      }, 
      {
        "referenceID": 53, 
        "startOffset": 77, 
        "context": "One of the most popular methods for neural network regularization is dropout (Srivastava et al., 2014).", 
        "endOffset": 102
      }, 
      {
        "referenceID": 41, 
        "startOffset": 37, 
        "context": "Dropout in RNNs has been proposed in (Moon et al., 2015), and was later extended in (Semeniuta et al.", 
        "endOffset": 56
      }, 
      {
        "referenceID": 50, 
        "startOffset": 35, 
        "context": ", 2015), and was later extended in (Semeniuta et al., 2016; Gal & Ghahramani, 2016), where recurrent connections are dropped at random.", 
        "endOffset": 83
      }, 
      {
        "referenceID": 32, 
        "startOffset": 8, 
        "context": "Zoneout (Krueger et al., 2016) modifies the hidden state to regularize the network by effectively creating an ensemble of different length recurrent networks.", 
        "endOffset": 30
      }, 
      {
        "referenceID": 19, 
        "startOffset": 58, 
        "context": "Other RNN regularization methods include the weight noise (Graves, 2011), gradient clipping (Pascanu et al.", 
        "endOffset": 72
      }, 
      {
        "referenceID": 45, 
        "startOffset": 92, 
        "context": "Other RNN regularization methods include the weight noise (Graves, 2011), gradient clipping (Pascanu et al., 2013) and gradient noise (Neelakantan et al.", 
        "endOffset": 114
      }, 
      {
        "referenceID": 12, 
        "startOffset": 94, 
        "context": "The forward and backward RNNs are trained as conditional generative models with softattention (Chorowski et al., 2015).", 
        "endOffset": 118
      }, 
      {
        "referenceID": 39, 
        "startOffset": 131, 
        "context": ", 2016); the regularizer proposed by Krueger & Memisevic (2015) (\u201cStabilizing norm\u201d); penalty on the L2 norm of the forward states (Merity et al., 2017) (\u201cAR\u201d), which is equivalent to TwinNet when all the hidden states of the backward network are set to zero.", 
        "endOffset": 152
      }, 
      {
        "referenceID": 46, 
        "startOffset": 81, 
        "context": "puts to the model, these features are generated according to the Kaldi s5 recipe (Povey et al., 2011).", 
        "endOffset": 101
      }, 
      {
        "referenceID": 39, 
        "startOffset": 119, 
        "context": "For \u201cAR,\u201d the backward states are set to zero, which is equivalent to penalizing the norm of the forward hidden states (Merity et al., 2017).", 
        "endOffset": 140
      }, 
      {
        "referenceID": 35, 
        "startOffset": 108, 
        "context": "We evaluate our model on the conditional generation task of image captioning task on Microsoft COCO dataset (Lin et al., 2014).", 
        "endOffset": 126
      }, 
      {
        "referenceID": 60, 
        "startOffset": 104, 
        "context": "Due to the lack of standardized split of training, validation and test data, we follow Karpathy\u2019s split (Karpathy & Fei-Fei, 2015; Xu et al., 2015; Wang et al., 2016).", 
        "endOffset": 166
      }, 
      {
        "referenceID": 59, 
        "startOffset": 104, 
        "context": "Due to the lack of standardized split of training, validation and test data, we follow Karpathy\u2019s split (Karpathy & Fei-Fei, 2015; Xu et al., 2015; Wang et al., 2016).", 
        "endOffset": 166
      }, 
      {
        "referenceID": 25, 
        "startOffset": 18, 
        "context": "5 We use a Resnet (He et al., 2016) with 101 and 152 layers pre-trained on ImageNet for image classification.", 
        "endOffset": 35
      }, 
      {
        "referenceID": 60, 
        "startOffset": 104, 
        "context": "The last layer of the Resned is used to extract 2048 dimensional input features for the attention model (Xu et al., 2015).", 
        "endOffset": 121
      }, 
      {
        "referenceID": 58, 
        "startOffset": 30, 
        "context": "We reimplement both Show&Tell (Vinyals et al., 2015) and Soft Attention (Xu et al.", 
        "endOffset": 52
      }, 
      {
        "referenceID": 60, 
        "startOffset": 27, 
        "context": ", 2015) and Soft Attention (Xu et al., 2015) in order to add the twin cost.", 
        "endOffset": 44
      }, 
      {
        "referenceID": 39, 
        "startOffset": 59, 
        "context": "(right) Perplexity results on WikiText-2 and Penn Treebank (Merity et al., 2017).", 
        "endOffset": 80
      }, 
      {
        "referenceID": 39, 
        "startOffset": 32, 
        "context": "AWD-LSTM refers to the model of (Merity et al., 2017) trained with the official implementation at http://github.", 
        "endOffset": 53
      }, 
      {
        "referenceID": 63, 
        "startOffset": 33, 
        "context": "12 Penn Treebank Valid Test LSTM (Zaremba et al., 2014) 82.", 
        "endOffset": 55
      }, 
      {
        "referenceID": 38, 
        "startOffset": 34, 
        "context": "WikiText-2 Valid Test 5-layer RHN (Melis et al., 2017) 78.", 
        "endOffset": 54
      }, 
      {
        "referenceID": 24, 
        "startOffset": 33, 
        "context": ", 2016b) (7-layers) and PixelVAE (Gulrajani et al., 2016) which uses an autoregressive decoder coupled with a deep stochastic auto-encoder.", 
        "endOffset": 57
      }, 
      {
        "referenceID": 39, 
        "startOffset": 126, 
        "context": "As a last experiment, we report results obtained on a language modelling task using the PennTree Bank and WikiText-2 datasets (Merity et al., 2017).", 
        "endOffset": 147
      }, 
      {
        "referenceID": 39, 
        "startOffset": 47, 
        "context": "We augment the state-of-the-art AWD-LSTM model (Merity et al., 2017) with the proposed TwinNet regularization cost.", 
        "endOffset": 68
      }, 
      {
        "referenceID": 17, 
        "startOffset": 287, 
        "context": "One way of overcoming this problem would be to replace the proposed L2 loss (which implicitly assumes a unimodal distribution of the backward states) by a more expressive loss obtained by either employing an inference network (Kingma & Welling, 2013) or distribution matching techniques (Goodfellow et al., 2014).", 
        "endOffset": 312
      }
    ], 
    "source": "CRF", 
    "creator": "LaTeX with hyperref package", 
    "references": [
      {
        "shortCiteRegEx": "Arjovsky et al\\.", 
        "author": [
          "Martin Arjovsky", 
          "Amar Shah", 
          "Yoshua Bengio"
        ], 
        "citeRegEx": "Arjovsky et al\\.,? \\Q2016\\E", 
        "venue": "In ICML,", 
        "year": 2016, 
        "title": "Unitary evolution recurrent neural networks"
      }, 
      {
        "shortCiteRegEx": "Bachman.", 
        "author": [
          "Philip Bachman"
        ], 
        "citeRegEx": "Bachman.,? \\Q2016\\E", 
        "venue": "In NIPS,", 
        "year": 2016, 
        "title": "An architecture for deep, hierarchical generative models"
      }, 
      {
        "shortCiteRegEx": "Bahdanau et al\\.", 
        "author": [
          "Dzmitry Bahdanau", 
          "Kyunghyun Cho", 
          "Yoshua Bengio"
        ], 
        "citeRegEx": "Bahdanau et al\\.,? \\Q2014\\E", 
        "venue": "arXiv preprint arXiv:1409.0473,", 
        "year": 2014, 
        "title": "Neural machine translation by jointly learning to align and translate"
      }, 
      {
        "shortCiteRegEx": "Bahdanau et al\\.", 
        "author": [
          "Dzmitry Bahdanau", 
          "Dmitriy Serdyuk", 
          "Philemon Brakel", 
          "Nan Rosemary Ke", 
          "Jan Chorowski", 
          "Aaron C. Courville", 
          "Yoshua Bengio"
        ], 
        "citeRegEx": "Bahdanau et al\\.,? \\Q2015\\E", 
        "venue": null, 
        "year": 2015, 
        "title": "Task loss estimation for sequence prediction"
      }, 
      {
        "shortCiteRegEx": "Bahdanau et al\\.", 
        "author": [
          "Dzmitry Bahdanau", 
          "Jan Chorowski", 
          "Dmitriy Serdyuk", 
          "Philemon Brakel", 
          "Yoshua Bengio"
        ], 
        "citeRegEx": "Bahdanau et al\\.,? \\Q2016\\E", 
        "venue": null, 
        "year": 2016, 
        "title": "Endto-end attention-based large vocabulary speech recognition"
      }, 
      {
        "shortCiteRegEx": "Bahl et al\\.", 
        "author": [
          "Lalit R Bahl", 
          "Frederick Jelinek", 
          "Robert L Mercer"
        ], 
        "citeRegEx": "Bahl et al\\.,? \\Q1983\\E", 
        "venue": "IEEE transactions on pattern analysis and machine intelligence,", 
        "year": 1983, 
        "title": "A maximum likelihood approach to continuous speech recognition"
      }, 
      {
        "shortCiteRegEx": "Bengio et al\\.", 
        "author": [
          "Yoshua Bengio", 
          "Patrice Simard", 
          "Paolo Frasconi"
        ], 
        "citeRegEx": "Bengio et al\\.,? \\Q1994\\E", 
        "venue": "IEEE transactions on neural networks,", 
        "year": 1994, 
        "title": "Learning long-term dependencies with gradient descent is difficult"
      }, 
      {
        "shortCiteRegEx": "Bengio et al\\.", 
        "author": [
          "Yoshua Bengio", 
          "R\u00e9jean Ducharme", 
          "Pascal Vincent", 
          "Christian Jauvin"
        ], 
        "citeRegEx": "Bengio et al\\.,? \\Q2003\\E", 
        "venue": null, 
        "year": 2003, 
        "title": "A neural probabilistic language model"
      }, 
      {
        "shortCiteRegEx": "Bottou.", 
        "author": [
          "L\u00e9on Bottou"
        ], 
        "citeRegEx": "Bottou.,? \\Q2009\\E", 
        "venue": "In Proceedings of the symposium on learning and data science,", 
        "year": 2009, 
        "title": "Curiously fast convergence of some stochastic gradient descent algorithms"
      }, 
      {
        "shortCiteRegEx": "Chan et al\\.", 
        "author": [
          "William Chan", 
          "Navdeep Jaitly", 
          "Quoc V Le", 
          "Oriol Vinyals"
        ], 
        "citeRegEx": "Chan et al\\.,? \\Q2016\\E", 
        "venue": null, 
        "year": 2016, 
        "title": "Listen, attend and spell"
      }, 
      {
        "shortCiteRegEx": "Chen et al\\.", 
        "author": [
          "Danqi Chen", 
          "Adam Fisch", 
          "Jason Weston", 
          "Antoine Bordes"
        ], 
        "citeRegEx": "Chen et al\\.,? \\Q2017\\E", 
        "venue": "arXiv preprint arXiv:1704.00051,", 
        "year": 2017, 
        "title": "Reading Wikipedia to answer opendomain questions"
      }, 
      {
        "shortCiteRegEx": "Cho et al\\.", 
        "author": [
          "Kyunghyun Cho", 
          "Bart Van Merri\u00ebnboer", 
          "Caglar Gulcehre", 
          "Dzmitry Bahdanau", 
          "Fethi Bougares", 
          "Holger Schwenk", 
          "Yoshua Bengio"
        ], 
        "citeRegEx": "Cho et al\\.,? \\Q2014\\E", 
        "venue": null, 
        "year": 2014, 
        "title": "Learning phrase representations using RNN encoder-decoder for statistical machine"
      }, 
      {
        "shortCiteRegEx": "Chorowski et al\\.", 
        "author": [
          "Jan K Chorowski", 
          "Dzmitry Bahdanau", 
          "Dmitriy Serdyuk", 
          "Kyunghyun Cho", 
          "Yoshua Bengio"
        ], 
        "citeRegEx": "Chorowski et al\\.,? \\Q2015\\E", 
        "venue": "In NIPS", 
        "year": 2015, 
        "title": "Attention-based models for speech recognition"
      }, 
      {
        "shortCiteRegEx": "Chung et al\\.", 
        "author": [
          "Junyoung Chung", 
          "Caglar Gulcehre", 
          "KyungHyun Cho", 
          "Yoshua Bengio"
        ], 
        "citeRegEx": "Chung et al\\.,? \\Q2014\\E", 
        "venue": null, 
        "year": 2014, 
        "title": "Empirical evaluation of gated recurrent neural networks on sequence modeling"
      }, 
      {
        "shortCiteRegEx": "Dieng et al\\.", 
        "author": [
          "Adji B Dieng", 
          "Chong Wang", 
          "Jianfeng Gao", 
          "John Paisley"
        ], 
        "citeRegEx": "Dieng et al\\.,? \\Q2016\\E", 
        "venue": "arXiv preprint arXiv:1611.01702,", 
        "year": 2016, 
        "title": "TopicRNN: A recurrent neural network with long-range semantic dependency"
      }, 
      {
        "shortCiteRegEx": "Gal and Ghahramani.", 
        "author": [
          "Yarin Gal", 
          "Zoubin Ghahramani"
        ], 
        "citeRegEx": "Gal and Ghahramani.,? \\Q2016\\E", 
        "venue": "In NIPS,", 
        "year": 2016, 
        "title": "A theoretically grounded application of dropout in recurrent neural networks"
      }, 
      {
        "shortCiteRegEx": "Germain et al\\.", 
        "author": [
          "Mathieu Germain", 
          "Karol Gregor", 
          "Iain Murray", 
          "Hugo Larochelle"
        ], 
        "citeRegEx": "Germain et al\\.,? \\Q2015\\E", 
        "venue": "In ICML,", 
        "year": 2015, 
        "title": "MADE: Masked autoencoder for distribution estimation"
      }, 
      {
        "shortCiteRegEx": "Goodfellow et al\\.", 
        "author": [
          "Ian Goodfellow", 
          "Jean Pouget-Abadie", 
          "Mehdi Mirza", 
          "Bing Xu", 
          "David Warde-Farley", 
          "Sherjil Ozair", 
          "Aaron Courville", 
          "Yoshua Bengio"
        ], 
        "citeRegEx": "Goodfellow et al\\.,? \\Q2014\\E", 
        "venue": "In NIPS,", 
        "year": 2014, 
        "title": "Generative adversarial nets"
      }, 
      {
        "shortCiteRegEx": "Grave et al\\.", 
        "author": [
          "Edouard Grave", 
          "Armand Joulin", 
          "Nicolas Usunier"
        ], 
        "citeRegEx": "Grave et al\\.,? \\Q2016\\E", 
        "venue": "arXiv preprint arXiv:1612.04426,", 
        "year": 2016, 
        "title": "Improving neural language models with a continuous cache"
      }, 
      {
        "shortCiteRegEx": "Graves.", 
        "author": [
          "Alex Graves"
        ], 
        "citeRegEx": "Graves.,? \\Q2011\\E", 
        "venue": "In NIPS,", 
        "year": 2011, 
        "title": "Practical variational inference for neural networks"
      }, 
      {
        "shortCiteRegEx": "Graves et al\\.", 
        "author": [
          "Alex Graves", 
          "Greg Wayne", 
          "Ivo Danihelka"
        ], 
        "citeRegEx": "Graves et al\\.,? \\Q2014\\E", 
        "venue": "arXiv preprint arXiv:1410.5401,", 
        "year": 2014, 
        "title": "Neural turing machines"
      }, 
      {
        "shortCiteRegEx": "Gregor et al\\.", 
        "author": [
          "Karol Gregor", 
          "Ivo Danihelka", 
          "Alex Graves", 
          "Danilo Jimenez Rezende", 
          "Daan Wierstra"
        ], 
        "citeRegEx": "Gregor et al\\.,? \\Q2015\\E", 
        "venue": "arXiv preprint arXiv:1502.04623,", 
        "year": 2015, 
        "title": "DRAW: A recurrent neural network for image generation"
      }, 
      {
        "shortCiteRegEx": "Gulcehre et al\\.", 
        "author": [
          "Caglar Gulcehre", 
          "Sarath Chandar", 
          "Yoshua Bengio"
        ], 
        "citeRegEx": "Gulcehre et al\\.,? \\Q2017\\E", 
        "venue": "arXiv preprint arXiv:1701.08718,", 
        "year": 2017, 
        "title": "Memory augmented neural networks with wormhole connections"
      }, 
      {
        "shortCiteRegEx": "Gulcehre et al\\.", 
        "author": [
          "Caglar Gulcehre", 
          "Francis Dutil", 
          "Adam Trischler", 
          "Yoshua Bengio"
        ], 
        "citeRegEx": "Gulcehre et al\\.,? \\Q2017\\E", 
        "venue": "In Proc. of NIPS,", 
        "year": 2017, 
        "title": "Plan, attend, generate: Planning for sequence-to-sequence models"
      }, 
      {
        "shortCiteRegEx": "Gulrajani et al\\.", 
        "author": [
          "Ishaan Gulrajani", 
          "Kundan Kumar", 
          "Faruk Ahmed", 
          "Adrien Ali Taiga", 
          "Francesco Visin", 
          "David Vazquez", 
          "Aaron Courville"
        ], 
        "citeRegEx": "Gulrajani et al\\.,? \\Q2016\\E", 
        "venue": "arXiv preprint arXiv:1611.05013,", 
        "year": 2016, 
        "title": "PixelVAE: A latent variable model for natural images"
      }, 
      {
        "shortCiteRegEx": "He et al\\.", 
        "author": [
          "Kaiming He", 
          "Xiangyu Zhang", 
          "Shaoqing Ren", 
          "Jian Sun"
        ], 
        "citeRegEx": "He et al\\.,? \\Q2016\\E", 
        "venue": null, 
        "year": 2016, 
        "title": "Deep residual learning for image recognition"
      }, 
      {
        "shortCiteRegEx": "Hochreiter.", 
        "author": [
          "Sepp Hochreiter"
        ], 
        "citeRegEx": "Hochreiter.,? \\Q1991\\E", 
        "venue": "Diploma, Technische Universita\u0308t Mu\u0308nchen,", 
        "year": 1991, 
        "title": "Untersuchungen zu dynamischen neuronalen netzen"
      }, 
      {
        "shortCiteRegEx": "Hochreiter and Schmidhuber.", 
        "author": [
          "Sepp Hochreiter", 
          "J\u00fcrgen Schmidhuber"
        ], 
        "citeRegEx": "Hochreiter and Schmidhuber.,? \\Q1997\\E", 
        "venue": "Neural computation,", 
        "year": 1997, 
        "title": "Long short-term memory"
      }, 
      {
        "shortCiteRegEx": "Karpathy and Fei.Fei.", 
        "author": [
          "Andrej Karpathy", 
          "Li Fei-Fei"
        ], 
        "citeRegEx": "Karpathy and Fei.Fei.,? \\Q2015\\E", 
        "venue": "In CVPR,", 
        "year": 2015, 
        "title": "Deep visual-semantic alignments for generating image descriptions"
      }, 
      {
        "shortCiteRegEx": "Kingma and Ba.", 
        "author": [
          "Diederik Kingma", 
          "Jimmy Ba"
        ], 
        "citeRegEx": "Kingma and Ba.,? \\Q2014\\E", 
        "venue": "arXiv preprint arXiv:1412.6980,", 
        "year": 2014, 
        "title": "Adam: A method for stochastic optimization"
      }, 
      {
        "shortCiteRegEx": "Kingma and Welling.", 
        "author": [
          "Diederik P Kingma", 
          "Max Welling"
        ], 
        "citeRegEx": "Kingma and Welling.,? \\Q2013\\E", 
        "venue": "arXiv preprint arXiv:1312.6114,", 
        "year": 2013, 
        "title": "Auto-encoding variational Bayes"
      }, 
      {
        "shortCiteRegEx": "Krueger and Memisevic.", 
        "author": [
          "David Krueger", 
          "Roland Memisevic"
        ], 
        "citeRegEx": "Krueger and Memisevic.,? \\Q2015\\E", 
        "venue": null, 
        "year": 2015, 
        "title": "Regularizing RNNs by stabilizing activations"
      }, 
      {
        "shortCiteRegEx": "Krueger et al\\.", 
        "author": [
          "David Krueger", 
          "Tegan Maharaj", 
          "J\u00e1nos Kram\u00e1r", 
          "Mohammad Pezeshki", 
          "Nicolas Ballas", 
          "Nan Rosemary Ke", 
          "Anirudh Goyal", 
          "Yoshua Bengio", 
          "Hugo Larochelle", 
          "Aaron Courville", 
          "Chistopher Pal"
        ], 
        "citeRegEx": "Krueger et al\\.,? \\Q2016\\E", 
        "venue": null, 
        "year": 2016, 
        "title": "Zoneout: Regularizing RNNs by randomly preserving hidden activations"
      }, 
      {
        "shortCiteRegEx": "Lamb et al\\.", 
        "author": [
          "Alex M Lamb", 
          "Anirudh Goyal", 
          "Ying Zhang", 
          "Saizheng Zhang", 
          "Aaron C Courville", 
          "Yoshua Bengio"
        ], 
        "citeRegEx": "Lamb et al\\.,? \\Q2016\\E", 
        "venue": null, 
        "year": 2016, 
        "title": "Professor forcing: A new algorithm for training recurrent networks"
      }, 
      {
        "shortCiteRegEx": "Li et al\\.", 
        "author": [
          "Jiwei Li", 
          "Will Monroe", 
          "Dan Jurafsky"
        ], 
        "citeRegEx": "Li et al\\.,? \\Q2017\\E", 
        "venue": null, 
        "year": 2017, 
        "title": "Learning to decode for future success"
      }, 
      {
        "shortCiteRegEx": "Lin et al\\.", 
        "author": [
          "Tsung-Yi Lin", 
          "Michael Maire", 
          "Serge Belongie", 
          "James Hays", 
          "Pietro Perona", 
          "Deva Ramanan", 
          "Piotr Doll\u00e1r", 
          "C Lawrence Zitnick"
        ], 
        "citeRegEx": "Lin et al\\.,? \\Q2014\\E", 
        "venue": "In European conference on computer vision,", 
        "year": 2014, 
        "title": "Microsoft COCO: Common objects in context"
      }, 
      {
        "shortCiteRegEx": "Lu et al\\.", 
        "author": [
          "Jiasen Lu", 
          "Caiming Xiong", 
          "Devi Parikh", 
          "Richard Socher"
        ], 
        "citeRegEx": "Lu et al\\.,? \\Q2017\\E", 
        "venue": "In Proc. of CVPR", 
        "year": 2017, 
        "title": "Knowing when to look: Adaptive attention via a visual sentinel for image captioning"
      }, 
      {
        "shortCiteRegEx": "Ma and Hovy.", 
        "author": [
          "Xuezhe Ma", 
          "Eduard Hovy"
        ], 
        "citeRegEx": "Ma and Hovy.,? \\Q2016\\E", 
        "venue": "arXiv preprint arXiv:1603.01354,", 
        "year": 2016, 
        "title": "End-to-end sequence labeling via bi-directional LSTM-CNNs-CRF"
      }, 
      {
        "shortCiteRegEx": "Melis et al\\.", 
        "author": [
          "G\u00e1bor Melis", 
          "Chris Dyer", 
          "Phil Blunsom"
        ], 
        "citeRegEx": "Melis et al\\.,? \\Q2017\\E", 
        "venue": "arXiv preprint arXiv:1707.05589,", 
        "year": 2017, 
        "title": "On the state of the art of evaluation in neural language models"
      }, 
      {
        "shortCiteRegEx": "Merity et al\\.", 
        "author": [
          "Stephen Merity", 
          "Nitish Shirish Keskar", 
          "Richard Socher"
        ], 
        "citeRegEx": "Merity et al\\.,? \\Q2017\\E", 
        "venue": "arXiv preprint arXiv:1708.02182,", 
        "year": 2017, 
        "title": "Regularizing and optimizing LSTM language models"
      }, 
      {
        "shortCiteRegEx": "Mikolov.", 
        "author": [
          "Tomas Mikolov"
        ], 
        "citeRegEx": "Mikolov.,? \\Q2010\\E", 
        "venue": null, 
        "year": 2010, 
        "title": "Recurrent neural network based language model"
      }, 
      {
        "shortCiteRegEx": "Moon et al\\.", 
        "author": [
          "Taesup Moon", 
          "Heeyoul Choi", 
          "Hoshik Lee", 
          "Inchul Song"
        ], 
        "citeRegEx": "Moon et al\\.,? \\Q2015\\E", 
        "venue": "In ASRU,", 
        "year": 2015, 
        "title": "RNNDROP: A novel dropout for RNNs in ASR"
      }, 
      {
        "shortCiteRegEx": "Neelakantan et al\\.", 
        "author": [
          "Arvind Neelakantan", 
          "Luke Vilnis", 
          "Quoc V Le", 
          "Ilya Sutskever", 
          "Lukasz Kaiser", 
          "Karol Kurach", 
          "James Martens"
        ], 
        "citeRegEx": "Neelakantan et al\\.,? \\Q2015\\E", 
        "venue": null, 
        "year": 2015, 
        "title": "Adding gradient noise improves learning for very deep"
      }, 
      {
        "shortCiteRegEx": "Oord et al\\.", 
        "author": [
          "Aaron van den Oord", 
          "Sander Dieleman", 
          "Heiga Zen", 
          "Karen Simonyan", 
          "Oriol Vinyals", 
          "Alex Graves", 
          "Nal Kalchbrenner", 
          "Andrew Senior", 
          "Koray Kavukcuoglu"
        ], 
        "citeRegEx": "Oord et al\\.,? \\Q2016\\E", 
        "venue": null, 
        "year": 2016, 
        "title": "Wavenet: A generative model for raw audio"
      }, 
      {
        "shortCiteRegEx": "Oord et al\\.", 
        "author": [
          "Aaron van den Oord", 
          "Nal Kalchbrenner", 
          "Koray Kavukcuoglu"
        ], 
        "citeRegEx": "Oord et al\\.,? \\Q2016\\E", 
        "venue": "arXiv preprint arXiv:1601.06759,", 
        "year": 2016, 
        "title": "Pixel recurrent neural networks"
      }, 
      {
        "shortCiteRegEx": "Pascanu et al\\.", 
        "author": [
          "Razvan Pascanu", 
          "Tomas Mikolov", 
          "Yoshua Bengio"
        ], 
        "citeRegEx": "Pascanu et al\\.,? \\Q2013\\E", 
        "venue": "In ICML,", 
        "year": 2013, 
        "title": "On the difficulty of training recurrent neural networks"
      }, 
      {
        "shortCiteRegEx": "Povey et al\\.", 
        "author": [
          "Daniel Povey", 
          "Arnab Ghoshal", 
          "Gilles Boulianne", 
          "Lukas Burget", 
          "Ondrej Glembek", 
          "Nagendra Goel", 
          "Mirko Hannemann", 
          "Petr Motlicek", 
          "Yanmin Qian", 
          "Petr Schwarz"
        ], 
        "citeRegEx": "Povey et al\\.,? \\Q2011\\E", 
        "venue": "In IEEE 2011 workshop on automatic speech recognition and understanding,", 
        "year": 2011, 
        "title": "The Kaldi speech recognition toolkit"
      }, 
      {
        "shortCiteRegEx": "Raiko et al\\.", 
        "author": [
          "Tapani Raiko", 
          "Yao Li", 
          "Kyunghyun Cho", 
          "Yoshua Bengio"
        ], 
        "citeRegEx": "Raiko et al\\.,? \\Q2014\\E", 
        "venue": "In NIPS,", 
        "year": 2014, 
        "title": "Iterative neural autoregressive distribution estimator nade-k"
      }, 
      {
        "shortCiteRegEx": "Salimans et al\\.", 
        "author": [
          "Tim Salimans", 
          "Diederik P Kingma", 
          "Max Welling"
        ], 
        "citeRegEx": "Salimans et al\\.,? \\Q2014\\E", 
        "venue": "arXiv preprint arXiv:1410.6460,", 
        "year": 2014, 
        "title": "Markov chain monte carlo and variational inference: Bridging the gap"
      }, 
      {
        "shortCiteRegEx": "Schuster and Paliwal.", 
        "author": [
          "Mike Schuster", 
          "Kuldip K Paliwal"
        ], 
        "citeRegEx": "Schuster and Paliwal.,? \\Q1997\\E", 
        "venue": "IEEE Transactions on Signal Processing,", 
        "year": 1997, 
        "title": "Bidirectional recurrent neural networks"
      }, 
      {
        "shortCiteRegEx": "Semeniuta et al\\.", 
        "author": [
          "Stanislau Semeniuta", 
          "Aliaksei Severyn", 
          "Erhardt Barth"
        ], 
        "citeRegEx": "Semeniuta et al\\.,? \\Q2016\\E", 
        "venue": null, 
        "year": 2016, 
        "title": "Recurrent dropout without memory loss"
      }, 
      {
        "shortCiteRegEx": "Serban et al\\.", 
        "author": [
          "Iulian Vlad Serban", 
          "Alessandro Sordoni", 
          "Ryan Lowe", 
          "Laurent Charlin", 
          "Joelle Pineau", 
          "Aaron C Courville", 
          "Yoshua Bengio"
        ], 
        "citeRegEx": "Serban et al\\.,? \\Q2017\\E", 
        "venue": null, 
        "year": 2017, 
        "title": "A hierarchical latent variable encoder-decoder model for generating dialogues"
      }, 
      {
        "shortCiteRegEx": "Silver et al\\.", 
        "author": [
          "David Silver", 
          "Hado van Hasselt", 
          "Matteo Hessel", 
          "Tom Schaul", 
          "Arthur Guez", 
          "Tim Harley", 
          "Gabriel Dulac-Arnold", 
          "David Reichert", 
          "Neil Rabinowitz", 
          "Andre Barreto"
        ], 
        "citeRegEx": "Silver et al\\.,? \\Q2016\\E", 
        "venue": "arXiv preprint arXiv:1612.08810,", 
        "year": 2016, 
        "title": "The predictron: End-toend learning and planning"
      }, 
      {
        "shortCiteRegEx": "Srivastava et al\\.", 
        "author": [
          "Nitish Srivastava", 
          "Geoffrey E Hinton", 
          "Alex Krizhevsky", 
          "Ilya Sutskever", 
          "Ruslan Salakhutdinov"
        ], 
        "citeRegEx": "Srivastava et al\\.,? \\Q2014\\E", 
        "venue": null, 
        "year": 2014, 
        "title": "Dropout: a simple way to prevent neural networks from overfitting"
      }, 
      {
        "shortCiteRegEx": "Sutskever et al\\.", 
        "author": [
          "Ilya Sutskever", 
          "Oriol Vinyals", 
          "Quoc V Le"
        ], 
        "citeRegEx": "Sutskever et al\\.,? \\Q2014\\E", 
        "venue": "In NIPS,", 
        "year": 2014, 
        "title": "Sequence to sequence learning with neural networks"
      }, 
      {
        "shortCiteRegEx": "Tamar et al\\.", 
        "author": [
          "Aviv Tamar", 
          "Yi Wu", 
          "Garrett Thomas", 
          "Sergey Levine", 
          "Pieter Abbeel"
        ], 
        "citeRegEx": "Tamar et al\\.,? \\Q2016\\E", 
        "venue": "In NIPS,", 
        "year": 2016, 
        "title": "Value iteration networks"
      }, 
      {
        "shortCiteRegEx": "Uria et al\\.", 
        "author": [
          "Benigno Uria", 
          "Marc-Alexandre C\u00f4t\u00e9", 
          "Karol Gregor", 
          "Iain Murray", 
          "Hugo Larochelle"
        ], 
        "citeRegEx": "Uria et al\\.,? \\Q2016\\E", 
        "venue": null, 
        "year": 2016, 
        "title": "Neural autoregressive distribution estimation"
      }, 
      {
        "shortCiteRegEx": "Merri\u00ebnboer et al\\.", 
        "author": [
          "Bart van Merri\u00ebnboer", 
          "Dzmitry Bahdanau", 
          "Vincent Dumoulin", 
          "Dmitriy Serdyuk", 
          "David WardeFarley", 
          "Jan Chorowski", 
          "Yoshua Bengio"
        ], 
        "citeRegEx": "Merri\u00ebnboer et al\\.,? \\Q2015\\E", 
        "venue": null, 
        "year": 2015, 
        "title": "Blocks and fuel: Frameworks for deep learning"
      }, 
      {
        "shortCiteRegEx": "Vinyals et al\\.", 
        "author": [
          "Oriol Vinyals", 
          "Alexander Toshev", 
          "Samy Bengio", 
          "Dumitru Erhan"
        ], 
        "citeRegEx": "Vinyals et al\\.,? \\Q2015\\E", 
        "venue": "In CVPR,", 
        "year": 2015, 
        "title": "Show and tell: A neural image caption generator"
      }, 
      {
        "shortCiteRegEx": "Wang et al\\.", 
        "author": [
          "Cheng Wang", 
          "Haojin Yang", 
          "Christian Bartz", 
          "Christoph Meinel"
        ], 
        "citeRegEx": "Wang et al\\.,? \\Q2016\\E", 
        "venue": "In Proceedings of the 2016 ACM on Multimedia Conference", 
        "year": 2016, 
        "title": "Image captioning with deep bidirectional LSTMs"
      }, 
      {
        "shortCiteRegEx": "Xu et al\\.", 
        "author": [
          "Kelvin Xu", 
          "Jimmy Ba", 
          "Ryan Kiros", 
          "Kyunghyun Cho", 
          "Aaron Courville", 
          "Ruslan Salakhudinov", 
          "Rich Zemel", 
          "Yoshua Bengio"
        ], 
        "citeRegEx": "Xu et al\\.,? \\Q2015\\E", 
        "venue": "In ICML,", 
        "year": 2015, 
        "title": "Show, attend and tell: Neural image caption generation with visual attention"
      }, 
      {
        "shortCiteRegEx": "Yao et al\\.", 
        "author": [
          "Ting Yao", 
          "Yingwei Pan", 
          "Yehao Li", 
          "Zhaofan Qiu", 
          "Tao Mei"
        ], 
        "citeRegEx": "Yao et al\\.,? \\Q2016\\E", 
        "venue": "arXiv preprint arXiv:1611.01646,", 
        "year": 2016, 
        "title": "Boosting image captioning with attributes"
      }, 
      {
        "shortCiteRegEx": "You et al\\.", 
        "author": [
          "Quanzeng You", 
          "Hailin Jin", 
          "Zhaowen Wang", 
          "Chen Fang", 
          "Jiebo Luo"
        ], 
        "citeRegEx": "You et al\\.,? \\Q2016\\E", 
        "venue": null, 
        "year": 2016, 
        "title": "Image captioning with semantic attention"
      }, 
      {
        "shortCiteRegEx": "Zaremba et al\\.", 
        "author": [
          "Wojciech Zaremba", 
          "Ilya Sutskever", 
          "Oriol Vinyals"
        ], 
        "citeRegEx": "Zaremba et al\\.,? \\Q2014\\E", 
        "venue": null, 
        "year": 2014, 
        "title": "Recurrent neural network regularization"
      }, 
      {
        "shortCiteRegEx": "Zhang et al\\.", 
        "author": [
          "Xiangwen Zhang", 
          "Jinsong Su", 
          "Yue Qin", 
          "Yang Liu", 
          "Rongrong Ji", 
          "Hongji Wang"
        ], 
        "citeRegEx": "Zhang et al\\.,? \\Q2018\\E", 
        "venue": "arXiv preprint arXiv:1801.05122,", 
        "year": 2018, 
        "title": "Asynchronous bidirectional decoding for neural machine translation"
      }
    ], 
    "authors": [
      "Dmitriy Serdyuk", 
      "Nan Rosemary Ke", 
      "Alessandro Sordoni", 
      "Adam Trischler", 
      "Chris Pal", 
      "Yoshua Bengio"
    ], 
    "abstractText": "We propose a simple technique for encouraging generative RNNs to plan ahead. We train a \u201cbackward\u201d recurrent network to generate a given sequence in reverse order, and we encourage states of the forward model to predict cotemporal states of the backward model. The backward network is used only during training, and plays no role during sampling or inference. We hypothesize that our approach eases modeling of long-term dependencies by implicitly forcing the forward states to hold information about the longer-term future (as contained in the backward states). We show empirically that our approach achieves 9% relative improvement for a speech recognition task, and achieves significant improvement on a COCO caption generation task.", 
    "sections": [
      {
        "text": "We propose a simple technique for encouraging generative RNNs to plan ahead. We train a \u201cbackward\u201d recurrent network to generate a given sequence in reverse order, and we encourage states of the forward model to predict cotemporal states of the backward model. The backward network is used only during training, and plays no role during sampling or inference. We hypothesize that our approach eases modeling of long-term dependencies by implicitly forcing the forward states to hold information about the longer-term future (as contained in the backward states). We show empirically that our approach achieves 9% relative improvement for a speech recognition task, and achieves significant improvement on a COCO caption generation task.", 
        "heading": null
      }, 
      {
        "text": "Recurrent Neural Networks (RNNs) are the basis of state-of-art models for generating sequential data such as text and speech. RNNs are trained to generate sequences by predicting one output at a time given all previous ones, and excel at the task through their capacity to remember past information well beyond classical n-gram models (Bengio et al., 1994; Hochreiter & Schmidhuber, 1997). More recently, RNNs have also found success when applied to conditional generation tasks such as speech-to-text (Chorowski et al., 2015; Chan et al., 2016), image captioning (Xu et al., 2015) and machine translation (Sutskever et al., 2014; Bahdanau et al., 2014).\nRNNs are usually trained by teacher forcing: at each point in a given sequence, the RNN is optimized to predict the next token given all preceding tokens. This corresponds to optimizing one-stepahead prediction. As there is no explicit bias toward planning in the training objective, the model may prefer to focus on the most recent tokens instead of capturing subtle long-term dependencies that could contribute to global coherence. Local correlations are usually stronger than long-term dependencies and thus end up dominating the learning signal. The consequence is that samples from RNNs tend to exhibit local coherence but lack meaningful global structure. This difficulty in capturing long-term dependencies has been noted and discussed in several seminal works (Hochreiter, 1991; Bengio et al., 1994; Hochreiter & Schmidhuber, 1997; Pascanu et al., 2013).\nRecent efforts to address this problem have involved augmenting RNNs with external memory (Dieng et al., 2016; Grave et al., 2016; Gulcehre et al., 2017a), with unitary or hierarchical architectures (Arjovsky et al., 2016; Serban et al., 2017), or with explicit planning mechanisms (Gulcehre et al., 2017b). Parallel efforts aim to prevent overfitting on strong local correlations by regularizing the states of the network, by applying dropout or penalizing various statistics (Moon et al., 2015; Zaremba et al., 2014; Gal & Ghahramani, 2016; Krueger et al., 2016; Merity et al., 2017).\nIn this paper, we propose TwinNet,1 a simple method for regularizing a recurrent neural network that encourages modeling those aspects of the past that are predictive of the long-term future. Succinctly, this is achieved as follows: in parallel to the standard forward RNN, we run a \u201ctwin\u201d backward RNN (with no parameter sharing) that predicts the sequence in reverse, and we encourage the hidden state of the forward network to be close to that of the backward network used to predict the same token. Intuitively, this forces the forward network to focus on the past information that is useful to predicting a specific token and that is also present in and useful to the backward network, coming from the future (Fig. 1).\nIn practice, our model introduces a regularization term to the training loss. This is distinct from other regularization methods that act on the hidden states either by injecting noise (Krueger et al., 2016) or by penalizing their norm (Krueger & Memisevic, 2015; Merity et al., 2017), because we formulate explicit auxiliary targets for the forward hidden states: namely, the backward hidden states. The activation regularizer (AR) proposed by Merity et al. (2017), which penalizes the norm of the hidden states, is equivalent to the TwinNet approach with the backward states set to zero. Overall, our model is driven by the intuition (a) that the backward hidden states contain a summary of the future of the sequence, and (b) that in order to predict the future more accurately, the model will have to form a better representation of the past. We demonstrate the effectiveness of the TwinNet approach experimentally, through several conditional and unconditional generation tasks that include speech recognition, image captioning, language modelling, and sequential image generation. To summarize, the contributions of this work are as follows:\n\u2022 We introduce a simple method for training generative recurrent networks that regularizes the hidden states of the network to anticipate future states (see Section 2);\n\u2022 The paper provides extensive evaluation of the proposed model on multiple tasks and concludes that it helps training and regularization for conditioned generation (speech recognition, image captioning) and for the unconditioned case (sequential MNIST, language modelling, see Section 4);\n\u2022 For deeper analysis we visualize the introduced cost and observe that it negatively correlates with the word frequency (more surprising words have higher cost).\n1 The source code is available at https://github.com/dmitriy-serdyuk/twin-net/.", 
        "heading": "1 INTRODUCTION"
      }, 
      {
        "text": "Given a dataset of sequences S = {s1, . . . , sn}, where each sk = {x1, . . . , xTk} is an observed sequence of inputs xi \u2208 X , we wish to estimate a density p(s) by maximizing the log-likelihood of the observed data L = \u2211n i=1 log p(s\ni). Using the chain rule, the joint probability over a sequence x1, . . . , xT decomposes as:\np(x1, . . . , xT ) = p(x1)p(x2|x1)... = T\u220f\nt=1\np(xt|x1, . . . , xt\u22121). (1)\nThis particular decomposition of the joint probability has been widely used in language modeling (Bengio et al., 2003; Mikolov, 2010) and speech recognition (Bahl et al., 1983). A recurrent neural network is a powerful architecture for approximating this conditional probability. At each step, the RNN updates a hidden state hft , which iteratively summarizes the inputs seen up to time t:\nhft = \u03a6f (xt\u22121, h f t\u22121), (2)\nwhere f symbolizes that the network reads the sequence in the forward direction, and \u03a6f is typically a non-linear function, such as a LSTM cell (Hochreiter & Schmidhuber, 1997) or a GRU (Cho et al., 2014). Thus, hft forms a representation summarizing information about the sequence\u2019s past. The prediction of the next symbol xt is performed using another non-linear transformation on top of hft , i.e. pf (xt|x<t) = \u03a8f (h f t ), which is typically a linear or affine transformation (followed by a softmax when xt is a symbol). The basic idea of our approach is to encourage h f t to contain information that is useful to predict xt and which is also compatible with the upcoming (future) inputs in the sequence. To achieve this, we run a twin recurrent network that predicts the sequence in reverse and further require the hidden states of the forward and the backward networks to be close. The backward network updates its hidden state according to:\nhbt = \u03a6b(xt+1, h b t+1), (3)\nand predicts pb(xt|x>t) = \u03a8b(hbt) using information only about the future of the sequence. Thus, hft and h b t both contain useful information for predicting xt, coming respectively from the past and future. Our idea consists in penalizing the distance between forward and backward hidden states leading to the same prediction. For this we use the Euclidean distance (see Fig. 1):\nLt(s) = \u2016g(hft )\u2212 hbt\u20162, (4) where the dependence on x is implicit in the definition of hft and h b t . The function g adds further capacity to the model and comes from the class of parameterized affine transformations. Note that this class includes the identity tranformation. As we will show experimentally in Section 4, a learned affine transformation gives more flexibility to the model and leads to better results. This relaxes the strict match between forward and backward states, requiring just that the forward hidden states are predictive of the backward hidden states.2\nThe total objective maximized by our model for a sequence s is a weighted sum of the forward and backward log-likelihoods minus the penalty term, computed at each time-step:\nF(s) = \u2211 t log pf (xt|x<t) + log pb(xt|x>t)\u2212 \u03b1Lt(s), (5)\nwhere \u03b1 is an hyper-parameter controlling the importance of the penalty term. In order to provide a more stable learning signal to the forward network, we only propagate the gradient of the penalty term through the forward network. That is, we avoid co-adaptation of the backward and forward networks. During sampling and evaluation, we discard the backward network.\nThe proposed method can be easily extended to the conditional generation case. The forward hiddenstate transition is modified to\nhft = \u03a6f ( xt\u22121, [ hft\u22121, c ]) , (6)\nwhere c denotes the task-dependent conditioning information, and similarly for the backward RNN. 2 Matching hidden states is equivalent to matching joint distributions factorized in two different ways, since a given state contains a representation of all previous states for generation of all later states and outputs. For comparison, we made several experiments matching outputs of the forward and backward networks rather than their hidden states, which is equivalent to matching p(xt|x<t) and p(xt|x>t) separately for every t. None of these experiments converged.", 
        "heading": "2 MODEL"
      }, 
      {
        "text": "Bidirectional neural networks (Schuster & Paliwal, 1997) have been used as powerful feature extractors for sequence tasks. The hidden state at each time step includes both information from the past and the future. For this reason, they usually act as better feature extractors than the unidirectional counterpart and have been successfully used in a myriad of tasks, e.g. in machine translation (Bahdanau et al., 2015), question answering (Chen et al., 2017) and sequence labeling (Ma & Hovy, 2016). However, it is not straightforward to apply these models to sequence generation (Zhang et al., 2018) due to the fact that the ancestral sampling process is not allowed to look into the future. In this paper, the backward model is used to regularize the hidden states of the forward model and thus is only used during training. Both inference and sampling are strictly equivalent to the unidirectional case.\nGated architectures such as LSTMs (Hochreiter & Schmidhuber, 1997) and GRUs (Chung et al., 2014) have been successful in easing the modeling of long term-dependencies: the gates indicate time-steps for which the network is allowed to keep new information in the memory or forget stored information. Graves et al. (2014); Dieng et al. (2016); Grave et al. (2016) effectively augment the memory of the network by means of an external memory. Another solution for capturing long-term dependencies and avoiding gradient vanishing problems is equipping existing architectures with a hierarchical structure (Serban et al., 2017). Other works tackled the vanishing gradient problem by making the recurrent dynamics unitary (Arjovsky et al., 2016). In parallel, inspired by recent advances in \u201clearning to plan\u201d for reinforcement learning (Silver et al., 2016; Tamar et al., 2016), recent efforts try to augment RNNs with an explicit planning mechanism (Gulcehre et al., 2017b) to force the network to commit to a plan while generating, or to make hidden states predictive of the far future (Li et al., 2017).\nRegularization methods such as noise injection are also useful to shape the learning dynamics and overcome local correlations to take over the learning process. One of the most popular methods for neural network regularization is dropout (Srivastava et al., 2014). Dropout in RNNs has been proposed in (Moon et al., 2015), and was later extended in (Semeniuta et al., 2016; Gal & Ghahramani, 2016), where recurrent connections are dropped at random. Zoneout (Krueger et al., 2016) modifies the hidden state to regularize the network by effectively creating an ensemble of different length recurrent networks. Krueger & Memisevic (2015) introduce a \u201cnorm stabilization\u201d regularization term that ensures that the consecutive hidden states of an RNN have similar Euclidean norm. Recently, Merity et al. (2017) proposed a set of regularization methods that achieve state-of-the-art on the Penn Treebank language modeling dataset. Other RNN regularization methods include the weight noise (Graves, 2011), gradient clipping (Pascanu et al., 2013) and gradient noise (Neelakantan et al., 2015).", 
        "heading": "3 RELATED WORK"
      }, 
      {
        "text": "We now present experiments on conditional and unconditional sequence generation, and analyze the results in an effort to understand the performance gains of TwinNet. First, we examine conditional generation tasks such as speech recognition and image captioning, where the results show clear improvements over the baseline and other regularization methods. Next, we explore unconditional language generation, where we find our model does not significantly improve on the baseline. Finally, to further determine what tasks the model is well-suited to, we analyze a sequential imputation task, where we can vary the task from unconditional to strongly conditional.", 
        "heading": "4 EXPERIMENTAL SETUP AND RESULTS"
      }, 
      {
        "text": "We evaluated our approach on the conditional generation for character-level speech recognition, where the model is trained to convert the speech audio signal to the sequence of characters. The forward and backward RNNs are trained as conditional generative models with softattention (Chorowski et al., 2015). The context information c is an encoding of the audio sequence and the output sequence s is the corresponding character sequence. We evaluate our model on the Wall Street Journal (WSJ) dataset closely following the setting described in Bahdanau et al. (2016). We use 40 mel-filter bank features with delta and delta-deltas with their energies as the acoustic in-\nputs to the model, these features are generated according to the Kaldi s5 recipe (Povey et al., 2011). The resulting input feature dimension is 123.\nWe observe the Character Error Rate (CER) for our validation set, and we early stop on the best CER observed so far. We report CER for both our validation and test sets. For all our models and the baseline, we follow the setup in Bahdanau et al. (2016) and pretrain the model for 1 epoch, within this period, the context window is only allowed to move forward. We then perform 10 epochs of training, where the context window looks freely along the time axis of the encoded sequence, we also perform annealing on the models with 2 different learning rates and 3 epochs for each annealing stage. We use the AdaDelta optimizer for training. We perform a small hyper-parameter search on the weight \u03b1 of our twin loss, \u03b1 \u2208 {2.0, 1.5, 1.0, 0.5, 0.25, 0.1}, and select the best one according to the CER on the validation set.3\nResults We summarize our findings in Table 1. Our best performing model shows relative improvement of 12% comparing to the baseline. We found that the TwinNet with a learned metric (learnt g) is more effective than strictly matching forward and hidden states. In order to gain insights on whether the empirical usefulness comes from using a backward recurrent network, we propose two ablation tests. For \u201cGaussian Noise,\u201d the backward states are randomly sampled from a Gaussian distribution, therefore the forward states are trained to predict white noise. For \u201cAR,\u201d the backward states are set to zero, which is equivalent to penalizing the norm of the forward hidden states (Merity et al., 2017). Finally, we compare the model with the \u201cStabilizing Norm\u201d regularizer (Krueger & Memisevic, 2015), that penalizes the difference of the norm of consecutive forward hidden states. Results shows that the information included in the backward states is indeed useful for obtaining a significant improvement.\nAnalysis The training/validation curve comparison for the baseline and our network is presented in Figure 2a.4 The TwinNet converges faster than the baseline and generalizes better. The L2 cost raises in the beginning as the forward and backward network start to learn independently. Later, due to the pressure of this cost, networks produce more aligned hidden representations. Figure 3 provides examples of utterances with L2 plotted along the time axis. We observe that the high entropy words produce spikes in the loss for such words as \u201cuzi.\u201d This is the case for rare words which are hard to predict from the acoustic information. To elaborate on this, we plot the L2 cost averaged over a word depending on the word frequency. The average distance decreases with the increasing frequency. The histogram comparison (Figure 2b) for the cost of rare and frequent words reveal that the not only the average cost is lower for frequent words, but the variance is higher for rare words. Additionally, we plot the dependency of the L2 cost cross-entropy cost of the forward network (Figure 2c) to show that the conditioning also plays the role in the entropy of the output, the losses are not absolutely correlated.\n3The best hyperparameter was 1.5. 4The saw tooth pattern of both training curves corresponds to shuffling within each epoch as was previously\nnoted by Bottou (2009).", 
        "heading": "4.1 SPEECH RECOGNITION"
      }, 
      {
        "text": "We evaluate our model on the conditional generation task of image captioning task on Microsoft COCO dataset (Lin et al., 2014). The MS COCO dataset covers 82,783 training images and 40,504 images for validation. Due to the lack of standardized split of training, validation and test data, we follow Karpathy\u2019s split (Karpathy & Fei-Fei, 2015; Xu et al., 2015; Wang et al., 2016). These are 80,000 training images and 5,000 images for validation and test. We do early stopping based on the validation CIDEr scores and we report BLEU-1 to BLEU-4, CIDEr, and Meteor scores. To evaluate the consistency of our method, we tested TwinNet on both encoder-decoder (\u2018Show&Tell\u2019, Vinyals et al., 2015) and soft attention (\u2018Show, Attend and Tell\u2019, Xu et al., 2015) image captioning models.5\nWe use a Resnet (He et al., 2016) with 101 and 152 layers pre-trained on ImageNet for image classification. The last layer of the Resned is used to extract 2048 dimensional input features for the attention model (Xu et al., 2015). We use an LSTM with 512 hidden units for both \u201cShow & Tell\u201d and soft attention. Both models are trained with the Adam (Kingma & Ba, 2014) optimizer with a\n5Following the setup in https://github.com/ruotianluo/neuraltalk2.pytorch.\nlearning rate of 10\u22124. TwinNet showed consistent improvements over \u201cShow & Tell\u201d (Table 2). For the soft attention model we observe small but consistent improvements for majority of scores.", 
        "heading": "4.2 IMAGE CAPTIONING"
      }, 
      {
        "text": "We investigate the performance of our model in pixel-by-pixel generation for sequential MNIST. We follow the setting described by Lamb et al. (2016): we use an LSTM with 3-layers of 512 hidden\nunits for both forward and backward LSTMs, batch size 20, learning rate 0.001 and clip the gradient norms to 5. We use Adam (Kingma & Ba, 2014) as our optimization algorithm and we decay the learning rate by half after 5, 10, and 15 epochs. Our results are reported at the Table 3 (left). Our baseline LSTM implementation achieves 79.87 nats on the test set. We observe that by adding the TwinNet regularization cost consistently improves performance in this setting by about 0.52 nats. Adding dropout to the baseline LSTM is beneficial. Further gains were observed by adding both dropout and the TwinNet regularization cost. This last model achieves 79.12 nats on test set. Note that this result is competitive with deeper models such as PixelRNN (Oord et al., 2016b) (7-layers) and PixelVAE (Gulrajani et al., 2016) which uses an autoregressive decoder coupled with a deep stochastic auto-encoder.\nAs a last experiment, we report results obtained on a language modelling task using the PennTree Bank and WikiText-2 datasets (Merity et al., 2017). We augment the state-of-the-art AWD-LSTM model (Merity et al., 2017) with the proposed TwinNet regularization cost. The results are reported in Table 3 (right).", 
        "heading": "4.3 UNCONDITIONAL GENERATION: SEQUENTIAL MNIST AND LANGUAGE MODELING"
      }, 
      {
        "text": "In this paper, we presented a simple recurrent neural network model that has two separate networks running in opposite directions during training. Our model is motivated by the fact that states of the forward model should be predictive of the entire future sequence. This may be hard to obtain by optimizing one-step ahead predictions. The backward path is discarded during the sampling and evaluation process, which makes the sampling process efficient. Empirical results show that the proposed method performs well on conditional generation for several tasks. The analysis reveals an interpretable behaviour of the proposed loss.\nOne of the shortcomings of the proposed approach is that the training process doubles the computation needed for the baseline (due to the backward network training). However, since the backward network is discarded during sampling, the sampling or inference process has the exact same computation steps as the baseline. This makes our approach applicable to models that requires expensive sampling steps, such as PixelRNNs (Oord et al., 2016b) and WaveNet (Oord et al., 2016a). One of future work directions is to test whether it could help in conditional speech synthesis using WaveNet.\nWe observed that the proposed approach yield minor improvements when applied to language modelling with PennTree bank. We hypothesize that this may be linked to the amount of entropy of the target distribution. In these high-entropy cases, at any time-step in the sequence, the distribution of backward states may be highly multi-modal (many possible futures may be equally likely for the same past). One way of overcoming this problem would be to replace the proposed L2 loss (which implicitly assumes a unimodal distribution of the backward states) by a more expressive loss obtained by either employing an inference network (Kingma & Welling, 2013) or distribution matching techniques (Goodfellow et al., 2014). We leave that for future investigation.", 
        "heading": "5 DISCUSSION"
      }, 
      {
        "text": "The authors would like to acknowledge the support of the following agencies for research funding and computing support: NSERC, Calcul Que\u0301bec, Compute Canada, the Canada Research Chairs, CIFAR, and Samsung. We would also like to thank the developers of Theano Theano Development Team (2016), Blocks and Fuel van Merrie\u0308nboer et al. (2015), and Pytorch for developments of great frameworks. We thank Aaron Courville, Sandeep Subramanian, Marc-Alexandre Co\u0302te\u0301, Anirudh Goyal, Alex Lamb, Philemon Brakel, Devon Hjelm, Kyle Kastner, Olivier Breuleux, Phil Bachman, and Gae\u0301tan Marceau Caron for useful feedback and discussions.", 
        "heading": "ACKNOWLEDGMENTS"
      }
    ], 
    "emails": [
      "serdyuk@iro.umontreal.ca,", 
      "rosemary.nan.ke@gmail.com"
    ]
  }
}