{
  "name": "ByYPLJA6W.pdf", 
  "metadata": {
    "title": null, 
    "year": 2017, 
    "referenceMentions": [
      {
        "referenceID": 2, 
        "startOffset": 89, 
        "context": "However, the scope of the regression is mostly limited to real valued inputs and outputs (Fiori et al., 2015; Marquardt, 1963).", 
        "endOffset": 126
      }, 
      {
        "referenceID": 3, 
        "startOffset": 80, 
        "context": "Potential applications include predicting voting outcomes of demographic groups (Flaxman et al., 2016) and predicting economic growth from income distribution (Perotti, 1996).", 
        "endOffset": 102
      }, 
      {
        "referenceID": 15, 
        "startOffset": 64, 
        "context": ", 2016) and predicting economic growth from income distribution (Perotti, 1996).", 
        "endOffset": 79
      }, 
      {
        "referenceID": 16, 
        "startOffset": 78, 
        "context": "Variants of the distribution regression task have been explored in literature (P\u00f3czos et al., 2013; Oliva et al., 2014).", 
        "endOffset": 119
      }, 
      {
        "referenceID": 14, 
        "startOffset": 78, 
        "context": "Variants of the distribution regression task have been explored in literature (P\u00f3czos et al., 2013; Oliva et al., 2014).", 
        "endOffset": 119
      }, 
      {
        "referenceID": 17, 
        "startOffset": 96, 
        "context": "In many variants of the artificial neural network, the network encodes real values in the nodes (Rumelhart et al., 1985; LeCun et al., 1989; Bengio, 2009).", 
        "endOffset": 154
      }, 
      {
        "referenceID": 8, 
        "startOffset": 96, 
        "context": "In many variants of the artificial neural network, the network encodes real values in the nodes (Rumelhart et al., 1985; LeCun et al., 1989; Bengio, 2009).", 
        "endOffset": 154
      }, 
      {
        "referenceID": 10, 
        "startOffset": 166, 
        "context": "Our energy function formulation is motivated by work on spin models in statistical physics where spin alignment to coupling fields and critical phenomena are studied (Lee et al., 2002; 2003; Katsura, 1962; Wu, 1982).", 
        "endOffset": 215
      }, 
      {
        "referenceID": 6, 
        "startOffset": 166, 
        "context": "Our energy function formulation is motivated by work on spin models in statistical physics where spin alignment to coupling fields and critical phenomena are studied (Lee et al., 2002; 2003; Katsura, 1962; Wu, 1982).", 
        "endOffset": 215
      }, 
      {
        "referenceID": 23, 
        "startOffset": 166, 
        "context": "Our energy function formulation is motivated by work on spin models in statistical physics where spin alignment to coupling fields and critical phenomena are studied (Lee et al., 2002; 2003; Katsura, 1962; Wu, 1982).", 
        "endOffset": 215
      }, 
      {
        "referenceID": 20, 
        "startOffset": 126, 
        "context": "Energy functions are also used in other network models where a scalar energy is associated to each configuration of the nodes (Teh et al., 2003; LeCun et al., 2007).", 
        "endOffset": 164
      }, 
      {
        "referenceID": 9, 
        "startOffset": 126, 
        "context": "Energy functions are also used in other network models where a scalar energy is associated to each configuration of the nodes (Teh et al., 2003; LeCun et al., 2007).", 
        "endOffset": 164
      }, 
      {
        "referenceID": 10, 
        "startOffset": 127, 
        "context": "The weight and bias values play a similar role as the inverse temperature in the Boltzmann distribution in statistical physics (Lee et al., 2002; Wu, 1982).", 
        "endOffset": 155
      }, 
      {
        "referenceID": 23, 
        "startOffset": 127, 
        "context": "The weight and bias values play a similar role as the inverse temperature in the Boltzmann distribution in statistical physics (Lee et al., 2002; Wu, 1982).", 
        "endOffset": 155
      }, 
      {
        "referenceID": 18, 
        "startOffset": 75, 
        "context": "We derive the cost gradients similar to backpropagation in neural networks (Rumelhart et al., 1988).", 
        "endOffset": 99
      }, 
      {
        "referenceID": 24, 
        "startOffset": 168, 
        "context": "In the commodity market, prices exhibit mean-reverting patterns due to market forces and hence modelling the prices with the OU process helps form valuation strategies (Schwartz & Smith, 2000; Zhang et al., 2012).", 
        "endOffset": 212
      }, 
      {
        "referenceID": 4, 
        "startOffset": 104, 
        "context": "With greater integration of the global stock markets, there is significant co-movement of stock indices (Hamao et al., 1990; Chong et al., 2008).", 
        "endOffset": 144
      }, 
      {
        "referenceID": 0, 
        "startOffset": 104, 
        "context": "With greater integration of the global stock markets, there is significant co-movement of stock indices (Hamao et al., 1990; Chong et al., 2008).", 
        "endOffset": 144
      }, 
      {
        "referenceID": 12, 
        "startOffset": 161, 
        "context": "To reduce the noise in the data, we performed exponential window averaging on the price series for each stock with a window of 50 days following common practice (Murphy, 1999).", 
        "endOffset": 175
      }
    ], 
    "source": "CRF", 
    "creator": "LaTeX with hyperref package", 
    "references": [
      {
        "shortCiteRegEx": "Chong et al\\.", 
        "author": [
          "Terence Tai-Leung Chong", 
          "Ying-Chiu Wong", 
          "Isabel Kit-Ming Yan"
        ], 
        "citeRegEx": "Chong et al\\.,? \\Q2008\\E", 
        "venue": "Japan and the World Economy,", 
        "year": 2008, 
        "title": "International linkages of the japanese stock market"
      }, 
      {
        "shortCiteRegEx": "Ferraty and Vieu.", 
        "author": [
          "Fr\u00e9d\u00e9ric Ferraty", 
          "Philippe Vieu"
        ], 
        "citeRegEx": "Ferraty and Vieu.,? \\Q2006\\E", 
        "venue": "Springer Science & Business Media,", 
        "year": 2006, 
        "title": "Nonparametric functional data analysis: theory and practice"
      }, 
      {
        "shortCiteRegEx": "Fiori et al\\.", 
        "author": [
          "Simone Fiori", 
          "Tianxia Gong", 
          "Hwee Kuan Lee"
        ], 
        "citeRegEx": "Fiori et al\\.,? \\Q2015\\E", 
        "venue": "Cognitive Computation,", 
        "year": 2015, 
        "title": "Bivariate nonisotonic statistical regression by a lookup table neural system"
      }, 
      {
        "shortCiteRegEx": "Flaxman et al\\.", 
        "author": [
          "Seth Flaxman", 
          "Dougal Sutherland", 
          "Yu-Xiang Wang", 
          "Yee Whye Teh"
        ], 
        "citeRegEx": "Flaxman et al\\.,? \\Q2016\\E", 
        "venue": "arXiv preprint arXiv:1611.03787,", 
        "year": 2016, 
        "title": "Understanding the 2016 us presidential election using ecological inference and distribution regression with census microdata"
      }, 
      {
        "shortCiteRegEx": "Hamao et al\\.", 
        "author": [
          "Yasushi Hamao", 
          "Ronald W Masulis", 
          "Victor Ng"
        ], 
        "citeRegEx": "Hamao et al\\.,? \\Q1990\\E", 
        "venue": "Review of Financial studies,", 
        "year": 1990, 
        "title": "Correlations in price changes and volatility across international stock markets"
      }, 
      {
        "shortCiteRegEx": "Kaastra and Boyd.", 
        "author": [
          "Iebeling Kaastra", 
          "Milton Boyd"
        ], 
        "citeRegEx": "Kaastra and Boyd.,? \\Q1996\\E", 
        "venue": null, 
        "year": 1996, 
        "title": "Designing a neural network for forecasting financial and economic time series"
      }, 
      {
        "shortCiteRegEx": "Katsura.", 
        "author": [
          "Shigetoshi Katsura"
        ], 
        "citeRegEx": "Katsura.,? \\Q1962\\E", 
        "venue": "Physical Review,", 
        "year": 1962, 
        "title": "Statistical mechanics of the anisotropic linear heisenberg model"
      }, 
      {
        "shortCiteRegEx": "Lampert.", 
        "author": [
          "Christoph H Lampert"
        ], 
        "citeRegEx": "Lampert.,? \\Q2015\\E", 
        "venue": "In Proceedings of the IEEE Conference on Computer Vision and Pattern Recognition,", 
        "year": 2015, 
        "title": "Predicting the future behavior of a time-varying probability distribution"
      }, 
      {
        "shortCiteRegEx": "LeCun et al\\.", 
        "author": [
          "Yann LeCun", 
          "Bernhard Boser", 
          "John S Denker", 
          "Donnie Henderson", 
          "Richard E Howard", 
          "Wayne Hubbard", 
          "Lawrence D Jackel"
        ], 
        "citeRegEx": "LeCun et al\\.,? \\Q1989\\E", 
        "venue": "Neural computation,", 
        "year": 1989, 
        "title": "Backpropagation applied to handwritten zip code recognition"
      }, 
      {
        "shortCiteRegEx": "LeCun et al\\.", 
        "author": [
          "Yann LeCun", 
          "Sumit Chopra", 
          "Marc\u2019Aurelio Ranzato", 
          "Fu Jie Huang"
        ], 
        "citeRegEx": "LeCun et al\\.,? \\Q2007\\E", 
        "venue": "In ICDAR,", 
        "year": 2007, 
        "title": "Energy-based models in document recognition and computer vision"
      }, 
      {
        "shortCiteRegEx": "Lee et al\\.", 
        "author": [
          "Hwee Kuan Lee", 
          "Thomas C Schulthess", 
          "David P Landau", 
          "Gregory Brown", 
          "John Philip Pierce", 
          "Z Gai", 
          "GA Farnan", 
          "J Shen"
        ], 
        "citeRegEx": "Lee et al\\.,? \\Q2002\\E", 
        "venue": "Journal of applied physics,", 
        "year": 2002, 
        "title": "Monte carlo simulations of interacting magnetic nanoparticles"
      }, 
      {
        "shortCiteRegEx": "Lee et al\\.", 
        "author": [
          "Hwee Kuan Lee", 
          "David P Landau", 
          "Thomas C Schulthess"
        ], 
        "citeRegEx": "Lee et al\\.,? \\Q2003\\E", 
        "venue": "Journal of applied physics,", 
        "year": 2003, 
        "title": "Monte carlo simulations of phase transitions in Rb2MnF4"
      }, 
      {
        "shortCiteRegEx": "Murphy.", 
        "author": [
          "John J Murphy"
        ], 
        "citeRegEx": "Murphy.,? \\Q1999\\E", 
        "venue": "Institute of Finance,", 
        "year": 1999, 
        "title": "Technical analysis of the futures markets: A comprehensive guide to trading methods and applications, New York"
      }, 
      {
        "shortCiteRegEx": "Oliva et al\\.", 
        "author": [
          "Junier Oliva", 
          "William Neiswanger", 
          "Barnab\u00e1s P\u00f3czos", 
          "Eric Xing", 
          "Hy Trac", 
          "Shirley Ho", 
          "Jeff Schneider"
        ], 
        "citeRegEx": "Oliva et al\\.,? \\Q2015\\E", 
        "venue": "In Artificial Intelligence and Statistics,", 
        "year": 2015, 
        "title": "Fast function to function regression"
      }, 
      {
        "shortCiteRegEx": "Oliva et al\\.", 
        "author": [
          "Junier B Oliva", 
          "Willie Neiswanger", 
          "Barnab\u00e1s P\u00f3czos", 
          "Jeff G Schneider", 
          "Eric P Xing"
        ], 
        "citeRegEx": "Oliva et al\\.,? \\Q2014\\E", 
        "venue": "In AISTATS,", 
        "year": 2014, 
        "title": "Fast distribution to real regression"
      }, 
      {
        "shortCiteRegEx": "Perotti.", 
        "author": [
          "Roberto Perotti"
        ], 
        "citeRegEx": "Perotti.,? \\Q1996\\E", 
        "venue": "Journal of Economic growth,", 
        "year": 1996, 
        "title": "Growth, income distribution, and democracy: what the data say"
      }, 
      {
        "shortCiteRegEx": "P\u00f3czos et al\\.", 
        "author": [
          "Barnab\u00e1s P\u00f3czos", 
          "Aarti Singh", 
          "Alessandro Rinaldo", 
          "Larry A Wasserman"
        ], 
        "citeRegEx": "P\u00f3czos et al\\.,? \\Q2013\\E", 
        "venue": "In AISTATS, pp", 
        "year": 2013, 
        "title": "Distribution-free distribution regression"
      }, 
      {
        "shortCiteRegEx": "Rumelhart et al\\.", 
        "author": [
          "David E Rumelhart", 
          "Geoffrey E Hinton", 
          "Ronald J Williams"
        ], 
        "citeRegEx": "Rumelhart et al\\.,? \\Q1985\\E", 
        "venue": "Technical report, DTIC Document,", 
        "year": 1985, 
        "title": "Learning internal representations by error propagation"
      }, 
      {
        "shortCiteRegEx": "Rumelhart et al\\.", 
        "author": [
          "David E Rumelhart", 
          "Geoffrey E Hinton", 
          "Ronald J Williams"
        ], 
        "citeRegEx": "Rumelhart et al\\.,? \\Q1988\\E", 
        "venue": "Cognitive modeling,", 
        "year": 1988, 
        "title": "Learning representations by backpropagating errors"
      }, 
      {
        "shortCiteRegEx": "Schwartz and Smith.", 
        "author": [
          "Eduardo Schwartz", 
          "James E Smith"
        ], 
        "citeRegEx": "Schwartz and Smith.,? \\Q2000\\E", 
        "venue": "Management Science,", 
        "year": 2000, 
        "title": "Short-term variations and long-term dynamics in commodity prices"
      }, 
      {
        "shortCiteRegEx": "Teh et al\\.", 
        "author": [
          "Yee Whye Teh", 
          "Max Welling", 
          "Simon Osindero", 
          "Geoffrey E Hinton"
        ], 
        "citeRegEx": "Teh et al\\.,? \\Q2003\\E", 
        "venue": "Journal of Machine Learning Research,", 
        "year": 2003, 
        "title": "Energy-based models for sparse overcomplete representations"
      }, 
      {
        "shortCiteRegEx": "Uhlenbeck and Ornstein.", 
        "author": [
          "George E Uhlenbeck", 
          "Leonard S Ornstein"
        ], 
        "citeRegEx": "Uhlenbeck and Ornstein.,? \\Q1930\\E", 
        "venue": "Physical review,", 
        "year": 1930, 
        "title": "On the theory of the brownian motion"
      }, 
      {
        "shortCiteRegEx": "Vega and Smolarski.", 
        "author": [
          "Jose G Vega", 
          "Jan M Smolarski"
        ], 
        "citeRegEx": "Vega and Smolarski.,? \\Q2012\\E", 
        "venue": "International Journal of Economics and Finance,", 
        "year": 2012, 
        "title": "Forecasting ftse index using global stock markets"
      }, 
      {
        "shortCiteRegEx": "Wu.", 
        "author": [
          "Fa-Yueh Wu"
        ], 
        "citeRegEx": "Wu.,? \\Q1982\\E", 
        "venue": "Reviews of modern physics,", 
        "year": 1982, 
        "title": "The potts model"
      }, 
      {
        "shortCiteRegEx": "Zhang et al\\.", 
        "author": [
          "Bowen Zhang", 
          "Lech Aleksander Grzelak", 
          "Cornelis Willebrordus Oosterlee"
        ], 
        "citeRegEx": "Zhang et al\\.,? \\Q2012\\E", 
        "venue": "Applied Numerical Mathematics,", 
        "year": 2012, 
        "title": "Efficient pricing of commodity options with early-exercise under the ornstein\u2013uhlenbeck process"
      }
    ], 
    "authors": [], 
    "abstractText": "We introduce our Distribution Regression Network (DRN) which performs regression from input probability distributions to output probability distributions. Compared to existing methods, DRN learns with fewer model parameters and easily extends to multiple input and multiple output distributions. On synthetic and real-world datasets, DRN performs similarly or better than the state-of-the-art. Furthermore, DRN generalizes the conventional multilayer perceptron (MLP). In the framework of MLP, each node encodes a real number, whereas in DRN, each node encodes a probability distribution.", 
    "sections": [
      {
        "text": "The field of regression analysis is largely established with methods ranging from linear least squares to multilayer perceptrons. However, the scope of the regression is mostly limited to real valued inputs and outputs (Fiori et al., 2015; Marquardt, 1963). In this paper, we perform distribution-todistribution regression where one regresses from input probability distributions to output probability distributions.\nDistribution-to-distribution regression (see work by Oliva et al. (2013)) has not been as widely studied compared to the related task of functional regression (Ferraty & Vieu, 2006). Nevertheless, regression on distributions has many relevant applications. In the study of human populations, probability distributions capture the collective characteristics of the people. Potential applications include predicting voting outcomes of demographic groups (Flaxman et al., 2016) and predicting economic growth from income distribution (Perotti, 1996). In particular, distribution-to-distribution regression is very useful in predicting future outcomes of phenomena driven by stochastic processes. For instance, the Ornstein-Uhlenbeck process, which exhibits a mean-reverting random walk, has wide-ranging applications. In the commodity market, prices exhibit mean-reverting patterns due to market forces (Schwartz & Smith, 2000). It is also used in quantitative biology to model phenotypic traits evolution (Bartoszek et al., 2016).\nVariants of the distribution regression task have been explored in literature (Po\u0301czos et al., 2013; Oliva et al., 2014). For the distribution-to-distribution regression task, Oliva et al. (2013) proposed an instance-based learning method where a linear smoother estimator (LSE) is applied across the inputoutput distributions. However, the computation time of LSE scales badly with the size of the dataset. To that end, Oliva et al. (2015) developed the Triple-Basis Estimator (3BE) where the prediction time is independent of the number of data by using basis representations of distributions and Random Kitchen Sink basis functions. Lampert (2015) proposed the Extrapolating the Distribution Dynamics (EDD) method which predicts the future state of a time-varying probability distribution given a sequence of samples from previous time steps. However, it is unclear how it can be used for the general case of regressing distributions of different objects.\nOur proposed Distribution Regression Network (DRN) is based on a completely different scheme of network learning, motivated by spin models in statistical physics and similar to artificial neural networks. In many variants of the artificial neural network, the network encodes real values in the nodes (Rumelhart et al., 1985; LeCun et al., 1989; Bengio, 2009). DRN is novel in that it generalizes the conventional multilayer perceptron (MLP) by encoding a probability distribution in each node. Each distribution in DRN is treated as a single object which is then processed by the connecting weights. Hence, the propagation behavior in DRN is much richer, enabling DRN to represent distribution regression mappings with fewer parameters than MLP. We experimentally demonstrate that compared to existing methods, DRN achieves comparable or better regression performance with fewer model parameters.", 
        "heading": "1 INTRODUCTION"
      }, 
      {
        "text": "Given a training dataset with M data points D = {(X11 , \u00b7 \u00b7 \u00b7 , XK1 , Y1), \u00b7 \u00b7 \u00b7 , (X1M , \u00b7 \u00b7 \u00b7 , XKM , YM )} where Xki and Yi are univariate continuous distributions with compact support, the regression task is to learn the function f which maps the input distributions to the output distribution.\nYi = f(X 1 i , \u00b7 \u00b7 \u00b7 , XKi ) (1)\nNo further assumptions are made on the form of the distribution. It is trivial to generalize our method to regress to multiple output distributions but for simplicity of explanation we shall restrict to single output regressions in the following discussions.", 
        "heading": "2 DISTRIBUTION REGRESSION NETWORK"
      }, 
      {
        "text": "Fig. 1 illustrates how the regression in Eq. (1) is realized. DRN generalizes the traditional neural network structure by encoding each node with a probability distribution and connecting the nodes with real-valued weights. The input data consists of one or more probability distributions which are fed into the first layer and propagated layerwise through the hidden layers. We emphasize our network is not a Bayesian network even though each node encodes a probability. Unlike bayes net where the conditional probability among variables are learnt by maximizing the likelihood over observed data, DRN regresses probability distributions using a feedforward network, similar to MLP.\nAt each node in the hidden layer, the probability distribution is computed from the probability distributions of the incoming nodes in the previous layer and the network parameters consisting of the weights and bias parameters (see right of Fig. 1). P (l)k represents the probability density function (pdf) of the kth node in the lth layer and P (l)k (s (l) k ) is the density of the pdf when the node variable is s (l) k .\nBefore obtaining the probability distribution P (l)k , we first compute its unnormalized form P\u0303 (l) k . P\u0303 (l) k is computed by marginalizing over the product of the unnormalized conditional probability Q\u0303(s\n(l) k |s (l\u22121) 1 , \u00b7 \u00b7 \u00b7 , s (l\u22121) n ) and the incoming node probabilities.\nP\u0303 (l) k\n( s\n(l) k\n) = \u222b s1(l\u22121) \u00b7 \u00b7 \u00b7 \u222b sn(l\u22121) Q\u0303 ( s (l) k |s (l\u22121) 1 , \u00b7 \u00b7 \u00b7 , s(l\u22121)n ) (2)\nP (l\u22121) 1\n( s\n(l\u22121) 1 ) \u00b7 \u00b7 \u00b7P (l\u22121)n ( s(l\u22121)n ) ds (l\u22121) 1 \u00b7 \u00b7 \u00b7 ds(l\u22121)n\nQ\u0303 ( s\n(l) k |s (l\u22121) 1 , \u00b7 \u00b7 \u00b7 , s(l\u22121)n\n) = exp [ \u2212E ( s\n(l) k |s (l\u22121) 1 , \u00b7 \u00b7 \u00b7 , s(l\u22121)n\n)] (3)\ns (l\u22121) 1 , \u00b7 \u00b7 \u00b7 , s (l\u22121) n represent the variables of the lower layer nodes and E is the energy given a set of node variables, which we define later in Eq. (4). The unnormalized conditional probability has the same form as the Boltzmann distribution in statistical mechanics, except that the partition function is omitted. This omission reduces the computational complexity of our model through factorization, shown later in Eq. (5).\nOur energy function formulation is motivated by work on spin models in statistical physics where spin alignment to coupling fields and critical phenomena are studied (Lee et al., 2002; 2003; Katsura, 1962; Wu, 1982). Energy functions are also used in other network models where a scalar energy is associated to each configuration of the nodes (Teh et al., 2003; LeCun et al., 2007). In such energybased models, the parameters are learnt such that the observed configurations of the variables have lower energies than unobserved ones. However, the energy function used in DRN is part of the forward propagation process and is not directly optimized. For a given set of node variables, the energy function is\nE ( s\n(l) k |s (l\u22121) 1 , \u00b7 \u00b7 \u00b7 , s(l\u22121)n\n) = n\u2211 i w (l) ki\n( s\n(l) k \u2212 s (l\u22121) i\n\u2206\n)2 + b\n(l) q,k\n( s\n(l) k \u2212 \u03bb (l) q,k\n\u2206\n)2 (4)\n+ b (l) a,k \u2223\u2223\u2223\u2223\u2223s (l) k \u2212 \u03bb (l) a,k \u2206 \u2223\u2223\u2223\u2223\u2223 w\n(l) ki is the weight connecting the i th node in the lower layer to the upper layer node. b(l)q,k and\nb (l) a,k are the values of the quadratic and absolute bias terms which act at the positions \u03bb (l) q,k and \u03bb (l) a,k respectively. The support length of the distribution is given by \u2206. All terms in Eq. (4) are normalized by the support length so that the energy function is invariant with respect to the support. Eq. (2) can be factorized such that instead of having multidimensional integrals, there are n univariate integrals:\nP\u0303 (l) k\n( s\n(l) k\n) = exp ( B ( s\n(l) k ))\u222b s1(l\u22121) \u00b7 \u00b7 \u00b7 \u222b s (l\u22121) n P (l\u22121) 1 ( s (l\u22121) 1 ) \u00b7 \u00b7 \u00b7P (l\u22121)n ( s(l\u22121)n ) (5)\nexp \u2212 n\u2211 i w (l) ki ( s (l) k \u2212 s (l\u22121) i \u2206 )2 ds(l\u22121)1 \u00b7 \u00b7 \u00b7 ds(l\u22121)n = exp ( B ( s\n(l) k )) n\u220f i  \u222b s (l\u22121) i P (l\u22121) i ( s (l\u22121) i ) exp \u2212w(l)ki ( s (l) k \u2212 s (l\u22121) i \u2206 )2 ds(l\u22121)i \nwhere B(s(l)k ) captures the bias terms of the energy function in Eq. (4).\nB ( s\n(l) k ) = \u2212b(l)q,k\n( s\n(l) k \u2212 \u03bb (l) q,k\n\u2206\n)2 \u2212 b(l)a,k \u2223\u2223\u2223\u2223\u2223s (l) k \u2212 \u03bb (l) a,k \u2206 \u2223\u2223\u2223\u2223\u2223 (6) Finally, the probability distribution from Eq. (2) is normalized.\nP (l) k\n( s\n(l) k\n) =\nP\u0303 (l) k\n( s\n(l) k ) \u222b s (l)\u2032 k P\u0303 (l) k ( s (l)\u2032 k ) ds (l)\u2032 k\n(7)\nThe propagation of probability distributions within a connection unit forms the basis for forward propagation. Forward propagation is performed layerwise from the input layer using Eq. (2) to (7).", 
        "heading": "2.1 FORWARD PROPAGATION"
      }, 
      {
        "text": "The forward propagation in DRN has some important properties. Fig. 2 illustrates the propagation behavior for a connection unit with one input node where the bias values b(l)a,k and b (l) q,k are set as zero.\nWhen the weight is zero, the output distribution is flat and the output distribution is independent of the input. With a positive weight, the output distribution is \u2018attracted\u2019 to the peak of the input distribution whereas a negative weight causes the output distribution to be \u2018repelled\u2019 away from the input peak. In addition, the weight magnitude represents the strength of the \u2018attraction\u2019 or \u2018repulsion\u2019. When the weight is a sufficiently large positive number, the propagation tends towards the identity mapping (top right example in Fig. 2). The implication is that like in neural networks, a deeper network should have at least the same complexity as a shallow one, as the added layers can produce the identity function. Conversely, a small positive weight causes the output peak to be at the same position as the input peak, but with more spread (second example on left column of Fig. 2).\nThe remaining absolute and quadratic bias terms in Eq. (4) have a similar role as the bias in a traditional neural network. Depending on the bias values b(l)a,k and b (l) q,k, the bias terms act as attractors or repellers from the positions defined by \u03bb(l)a,k and \u03bb (l) q,k respectively. The weight and bias values play a similar role as the inverse temperature in the Boltzmann distribution in statistical physics (Lee et al., 2002; Wu, 1982).", 
        "heading": "2.1.1 PROPAGATION PROPERTIES"
      }, 
      {
        "text": "The cost function of the network given a set network parameters is measured by the Jensen-Shannon (JS) divergence between the label (Yi) and predicted (Y\u0302i) distributions. The JS divergence is given by DJS(Yi||Y\u0302i) = 12DKL(Yi||Wi) + 12DKL(Y\u0302i||Wi), where Wi = 12 (Yi + Y\u0302i) and DKL is the Kullback-Liebler divergence. The Jensen-Shannon divergence is a suitable cost function as it is symmetric and bounded. The network cost function Cnet is the average DJS over all M training data: Cnet = 1M \u2211M i DJS(Yi||Y\u0302i).", 
        "heading": "2.2 NETWORK COST FUNCTION"
      }, 
      {
        "text": "In our experiments, the integrals in Eq. (5) and (7) are performed numerically. This is done through discretization from continuous probability density functions (pdf) to discrete probability mass functions (pmf). Given a continuous pdf with finite support, the range of the continuous variable is partitioned into q equal widths and the probability distribution is binned into the q states. The estimation error arising from the discretization step will decrease with larger q.", 
        "heading": "2.3 DISCRETIZATION OF PROBABILITY DISTRIBUTIONS"
      }, 
      {
        "text": "The network cost is a differentiable function over the network parameters. We derive the cost gradients similar to backpropagation in neural networks (Rumelhart et al., 1988). We use chain rule to derive at each node a q-by-q matrix which denotes the derivative of the final layer node distribution with respect to the current node distribution.\n\u2202P (L) 1\n( s\n(L) 1 ) \u2202P\n(l) k\n( s\n(l) k ) = n\u2211 i \u2211 s (l+1) i \u2202P (L) 1\n( s\n(L) 1 ) \u2202P\n(l+1) i\n( s\n(l+1) i\n) \u2202P (l+1)i ( s (l+1) i ) \u2202P\n(l) k\n( s\n(l) k ) (8) where P (L)1 ( s (L) 1 ) is the final layer output probability distribution. From the derivative \u2202P (L) 1 ( s (L) 1 ) \u2202P\n(l) k ( s (l) k ) , the cost gradients for all network parameters can be obtained. Detailed derivations of the cost gradients are included in Appendix A. The network weights w(l)ki and bias magnitudes b (l) a,k, b (l) q,k are randomly initialized with a uniform distribution, though other initialization methods are also feasible. The bias positions \u03bb(l)a,k and \u03bb (l) q,k are uniformly sampled from the range corresponding to the support of the distributions.", 
        "heading": "2.4 OPTIMIZATION BY BACKPROPAGATION"
      }, 
      {
        "text": "We evaluate DRN on synthetic and real-world datasets and compare its performance to the state-ofthe-art 3BE method and a fully-connected multilayer perceptron (MLP). For each of the datasets, DRN achieves similar or higher accuracy with fewer model parameters.\nIn MLP, each discretized probability mass function is represented by q nodes. The MLP consists of fully connected hidden layers with ReLU units and a softmax final layer, and is optimized with mean squared error using Adam. Unlike DRN and MLP where the distribution pdfs are directly used by the methods, 3BE assumes the input and output distributions are observed through i.i.d. samples. Hence, for the first two datasets we provide 3BE with sufficient samples from the underlying distribution such that errors from density estimation are minimal.", 
        "heading": "3 EXPERIMENTS"
      }, 
      {
        "text": "The first experiment involves a synthetic dataset similar to the one used by Oliva et al. (2013) but with increased complexity. We first generate two truncated gaussians by sampling their means \u00b51 \u223c Unif[0.1, 0.4], \u00b52 \u223c Unif[0.6, 0.9] and standard deviations \u03c31, \u03c32 \u223c Unif[0.05, 0.1]. The input pdf is X(s) = \u03b3g(s;\u00b51, \u03c31) + (1 \u2212 \u03b3)g(s;\u00b52, \u03c32) and the output pdf is Y (s) = \u03b3g(s;h(\u00b51, 0.1, 0.4), h(\u03c31, 0.05, 0.1)) + (1 \u2212 \u03b3)g(s;h(\u00b52, 0.6, 0.9), h(\u03c32, 0.05, 0.1)) where g is the truncated normal pdf with support of [0,1], \u03b3 \u223c Unif[0, 1], and h is\nh(\u03bd, \u03bdmin, \u03bdmax) = \u03bdmin + sin ( 2\u03c0 \u03bd\u2212\u03bdmin\u03bdmax\u2212\u03bdmin ) + 1\n2 \u00d7 (\u03bdmax \u2212 \u03bdmin) (9)\nThe function h transforms the means and standard deviations using the non-linear function shown in Fig. 3a. The transformation is such that the two gaussian means will remain in their respective ranges. The sample input-output data pairs in Fig. 3b shows the complexity of the regression task with various behavior like peak splitting and peak spreading. 1000 training data and 1000 testing data were created to evaluate the regression methods.\nFor DRN and MLP, the pdfs are discretized into q = 100 states and for 3BE, 10,000 samples from each data distribution are generated. While 3BE gives a continuous distribution as the output, DRN and MLP output the discrete pmf and require conversion to continuous pdf. Following Oliva et al. (2014), the regression performance on the test set is measured by the L2 loss between the continuous predicted distribution, Y\u0302 (s) and the true distribution.\nWe study how the regression accuracy varies with respect to the number of model parameters. For DRN and MLP, the number of parameters are varied using different depths and widths of the networks and for 3BE, we vary the number of Random Kitchen Sink features. We present the detailed\nDRN architecture in Appendix B. Fig. 4a shows the L2 loss on the test set as we vary the number of model parameters. Note that the x-axis is presented on the log scale. DRN\u2019s test performance is comparable to the other methods and uses fewer model parameters to attain reasonable performance. We note there is little overfitting for the three methods, as shown in the plots comparing train and test loss in Fig. 4b, though 3BE starts to exhibit overfitting when the number of model parameters approaches 10,000.", 
        "heading": "3.1 SYNTHETIC DATA"
      }, 
      {
        "text": "Because of the Boltzmann distribution term (ref. Eq. 3), DRN models the diffusion process very well. For this experiment, we evaluate our model on data generated from the stochastic OrnsteinUhlenbeck (OU) process (Uhlenbeck & Ornstein, 1930) which combines the notion of random walk with a drift towards a long-term mean. The OU process has wide-ranging applications. In the commodity market, prices exhibit mean-reverting patterns due to market forces and hence modelling the prices with the OU process helps form valuation strategies (Schwartz & Smith, 2000; Zhang et al., 2012).\nThe OU process is described by a time-varying gaussian pdf. With the long-term mean set at zero, the pdf has a mean of \u00b5(t) = y exp(\u2212\u03b8t) and variance of \u03c32(t) = D(1\u2212e\n\u22122\u03b8t) \u03b8 . t represents time, y is\nthe initial point mass position, and D and \u03b8 are the diffusion and drift coefficients respectively. The\nregression task is to map from an initial gaussian distribution at tinit to the resulting distribution after some time step \u2206t. The gaussian distributions are truncated with support of [0, 1]. With different sampled values for y \u2208 [0.3, 0.9] and tinit \u2208 [0.01, 2], pairs of distributions are created for \u2206t = 1, D = 0.003 and \u03b8 = 0.1. For DRN and MLP, q = 100 was used for discretization of the pdfs while 10,000 samples were taken for each distribution to train 3BE.\nWe compare the number of model parameters required to achieve a small L2 test loss with 100 training data. We also increased the training size to 1000 and attained similar results. Table 1 and Fig. 5b show that a simple DRN of one input node connecting to one output node with 5 parameters performs similarly as MLP and 3BE. MLP requires 1 fully-connected hidden layer with 3 nodes, with a total of 703 network parameters. 3BE requires 64 projection coefficients for both input and output distributions and 17 Random Kitchen Sink features, resulting in 272 model parameters.\nThe regression by DRN on two random test samples are shown in Fig. 5a and we see that DRN is able to demonstrate the OU process. Fig. 5b shows the 5 DRN parameters after training. The values of these parameters are interpreted as follows. The weight parameter is positive, hence the output peak position is positively correlated to the input peak position. Moreover, w = 75.3 is such that the network mimics the diffusion property of the OU process. The bias position \u03bba is negative and its magnitude is 5 times the distribution support, causing the output peak to be displaced leftwards of the input peak. These two observations reflect the random walk and mean-reverting properties of the OU process.", 
        "heading": "3.2 ORNSTEIN-UHLENBECK PROCESS"
      }, 
      {
        "text": "We demonstrate that DRN can be useful for an important real-world problem and outperforms 3BE and MLP in terms of prediction accuracy. With greater integration of the global stock markets, there is significant co-movement of stock indices (Hamao et al., 1990; Chong et al., 2008). In a study by Vega & Smolarski (2012), it was found that the previous day stock returns of the Nikkei and Dow Jones Industrial Average (Dow) are good predictors of the FTSE return. Modelling the co-movement of global stock indices has its value as it facilitates investment decisions.\nStock indices are weighted average of the constituent companies\u2019 prices in a stock exchange, and existing research has primarily focused on the movement of returns of the indices. However, for our experiment, we predict the future distribution of returns over the constituent companies in the index as it provides more information than just a weighted average. Our regression task is as follows. Given the current day\u2019s distribution of returns of constituent companies in FTSE, Dow and Nikkei, predict the distribution of returns for constituent companies in FTSE k days later. The logarithmic return for the company\u2019s stock at day t is given by ln(Vt/Vt\u22121), where Vt and Vt\u22121 represent its closing price at day t and t\u2212 1 respectively. The stock data consists of 9 years of daily returns from January 2007 to December 2015. To adapt to changing market conditions, we use a sliding-window training scheme where the data is split into windows of training, validation and test sets and moved foward in time (Kaastra & Boyd, 1996). A new window is created and the network is retrained after every 300 days (which is the size of test set). For each test set, the previous 500 and 100 days were used for training and validation. To reduce the noise in the data, we performed exponential window averaging on the price series for each stock with a window of 50 days following common practice (Murphy, 1999). The logarithmic returns of the constituent company stocks form the samples for the distributions of the returns.\nFor DRN and MLP, the pdf is estimated using kernel density estimation with a gaussian kernel function with bandwidth of 0.001 and q = 100 was used for discretization of the pdf. The authors of 3BE have extended their method for multiple input functions (see joint motion prediction experiment in Oliva et al. (2015)). We followed their method and concatenated the basis coefficients obtained from the three input distributions. In addition, for 3BE we scale the return samples to [0, 1] before applying cosine basis projection. The predicted distribution is then scaled back to the original range for quantification of the regression performance.\nFirst, we performed evaluations for the task of predicting the next-day distributions. As we do not have the underlying true pdf for this real-world dataset, the regression performance is measured by the log-likelihood of the test samples. Table 2 shows the test log-likelihoods, where higher loglikelihood is favorable. Interestingly, the single-layer network in DRN (see Fig. 6) was sufficient to perform well, using just 7 network parameters. In comparison, MLP and 3BE require 4110 and 8100 parameters respectively.\nTo visualize the regression results on the test set, we compare for each day the first two moments (mean and variance) of the predicted distribution and the ground truth (see 1-day ahead panels of Fig. 7a and Fig. 7b). Each point represents one test data and we show the Pearson correlation coefficients between the predicted and labelled moments. DRN has the best regression performance as the points lie closest to the diagonal line where the predicted and labelled moments are equal, and its correlation values are highest.", 
        "heading": "3.3 STOCK DATA"
      }, 
      {
        "text": "As an extension, we predict the FTSE returns distribution several days ahead. The second and third rows of Fig. 7a and Fig. 7b show the moment plots for 5 and 10 days ahead respectively. Expectedly, the performance deterioriates as the number of days increases. Still, DRN outperforms the rest as shown by the moment plots and the correlation values. Fig. 8 summarizes the results by showing the average absolute error of the mean and variance as the number of days-ahead increases. For all experiments, DRN consistently has the lowest error.", 
        "heading": "3.3.1 PREDICTING SEVERAL DAYS AHEAD"
      }, 
      {
        "text": "Finally, we conducted experiments on a real-world cell dataset similar to the one used in Oliva et al. (2013). The dataset is a time-series of images of NIH3T3 fibroblast cells. There are 277 time frames taken at 5-minute intervals, containing 176 to 222 cells each. In each frame, we measured the long and short-axis nuclear length of the cells and scaled the lengths to [0, 1]. At each time-frame, given the distribution of long-axis length, we predict the distribution of the short-axis length. The first 200 frames were used for training and last 77 for testing. For DRN and MLP, the pdf is estimated using kernel density estimation with a gaussian kernel of bandwidth 0.02 and q = 100 was used for discretization. We compare the log-likelihood on test data in Table 3. DRN had the best loglikelihood with a simple network of one input node connecting to one output node. In contrast, MLP and 3BE used more model parameters but achieved lower log-likelihoods. This validated DRN\u2019s advantage at learning distribution regressions on real-world data with fewer model parameters.", 
        "heading": "4 CELL LENGTH DATA"
      }, 
      {
        "text": "The distribution-to-distribution regression task has many useful applications ranging from population studies to stock market prediction. In this paper, we propose our Distribution Regression Network which generalizes the MLP framework by encoding a probability distribution in each node.\nOur DRN is able to learn the regression mappings with fewer model parameters compared to MLP and 3BE. MLP has not been used for distribution-to-distribution regression in literature and we have adapted it for this task. Though both DRN and MLP are network-based methods, they encode the distribution very differently. By generalizing each node to encode a distribution, each distribution in DRN is treated as a single object which is then processed by the connecting weight. Thus, the propagation behavior in DRN is much richer, enabling DRN to represent the regression mappings with fewer parameters. In 3BE, the number of model parameters scales linearly with the number of projection coefficients of the distributions and number of Random Kitchen Sink features. In our experiments, DRN is able to achieve similar or better regression performance using less parameters than 3BE. Furthermore, the runtime for DRN is competitive with other methods (see comparison of mean prediction times in Appendix C).\nFor future work, we look to extend DRN for variants of the distribution regression task such as distribution-to-real regression and distribution classification. Extensions may also be made for regressing multivariate distributions.", 
        "heading": "5 DISCUSSION"
      }, 
      {
        "text": "In Section 2.4, we presented the key equation for deriving backpropagation gradients:\n\u2202P (L) 1\n( s\n(L) 1 ) \u2202P\n(l) k\n( s\n(l) k ) = n\u2211 j \u2211 s (l+1) j \u2202P (L) 1\n( s\n(L) 1 ) \u2202P\n(l+1) j\n( s\n(l+1) j\n) \u2202P (l+1)j ( s (l+1) j ) \u2202P\n(l) k\n( s\n(l) k ) (10) To derive the cost gradients for optimization, we need the derivative of the final output node distribution with respect to the network parameters. For instance, for the network weights:\n\u2202P (L) 1\n( s\n(L) 1 ) \u2202w\n(l) ki\n= \u2211 s (l) k \u2202P (L) 1\n( s\n(L) 1 ) \u2202P\n(l) k\n( s\n(l) k\n) \u2202P (l)k ( s (l) k ) \u2202w\n(l) ki\n(11)\nWe first derive the intermediate gradient terms required to obtain the gradients in Eq. (10) and proceed to derive gradients for the network parameters. All of the equations work on the discretized distributions, where the integrals are now expressed in summations.\nA.1 DERIVATION OF INTERMEDIATE BACKPROPAGATION TERMS\nWe start with deriving the final term of Eq. (10) which is the gradient of the upper layer node distribution with respect to the incoming lower node distribution. The subscripts and superscripts are renamed for ease of explanation in later derivations.\n\u2202P (l) k\n( s\n(l) k ) \u2202P\n(l\u22121) i\n( s\n(l\u22121) i ) = \u2211 s (l)\u2032 k \u2202P (l) k\n( s\n(l) k ) \u2202P\u0303\n(l) k\n( s (l)\u2032\nk\n) \u2202P\u0303 (l)k ( s (l)\u2032 k ) \u2202P\n(l\u22121) i\n( s\n(l\u22121) i ) (12) The above derivative is a consequence of the normalization step taken in Eq. (7). At each node, we need to compute the derivative of the normalized distribution with respect to the unnormalized\ndistribution. Recall P (l)k ( s (l) k ) = P\u0303 (l) k ( s (l) k ) Z\n(l) k , where Z(l)k = \u2211 s (l)\u2032 k P\u0303 (l) k ( s (l)\u2032 k ) .\n\u2202P (l) k\n( s\n(l) k ) \u2202P\u0303\n(l) k\n( s (l)\u2032\nk ) =  1 Z (l) k \u2212 P\u0303 (l) k ( s (l) k ) ( Z (l) k )2 if s(l)k = s(l)\u2032k \u2212 P\u0303 (l) k ( s (l) k ) ( Z\n(l) k\n)2 otherwise (13)\nFor the final term of Eq. (12), \u2202P\u0303\n(l) k ( s (l)\u2032 k ) \u2202P\n(l\u22121) i ( s (l\u22121) i ) , the derivation proceeds from the propagation step in Eq. (5), reproduced here in discrete form.\nP\u0303 (l) k\n( s\n(l) k\n) = exp ( B ( s\n(l) k )) n\u220f i  \u2211 s (l\u22121) i P (l\u22121) i ( s (l\u22121) i ) exp \u2212w(l)ki ( s (l) k \u2212 s (l\u22121) i \u2206 )2  (14)\nBy substituting \u03b2 ( s\n(l) k\n) = exp ( B ( s\n(l) k\n)) ,\n\u03b3i\n( s\n(l) k ) = \u2211 s (l\u22121) i P (l\u22121) i ( s (l\u22121) i ) exp \u2212w(l)ki ( s (l) k \u2212 s (l\u22121) i \u2206 )2 , we obtain\nP\u0303 (l) k\n( s\n(l) k\n) = \u03b2 ( s\n(l) k ) n\u220f i \u03b3i ( s (l) k ) . (15)\nEq. (15) is a product of variables and its derivative with respect to any variable is obtained by product rule.\n\u2202P\u0303 (l) k\n( s\n(l) k ) \u2202x = P\u0303 (l) k ( s (l) k ) \u2202\u03b2 ( s (l) k ) \u2202x \u03b2 ( s\n(l) k ) + n\u2211 i\n\u2202\u03b3i ( s (l) k ) \u2202x\n\u03b3i\n( s\n(l) k\n)  , (16)\nwhere x can be one of the lower layer node probabilities P (l\u22121)i ( s (l\u22121) i ) , or one of the network\nparameters (w(l)ki , b (l) a,k, b (l) q,k, \u03bb (l) a,k, \u03bb (l) q,k). Now we can derive the final term of Eq. (12).\n\u2202P\u0303 (l) k\n( s\n(l) k ) \u2202P\n(l\u22121) i\n( s\n(l\u22121) i\n) = P\u0303 (l)k (s(l)k ) \u2202\u03b3i\n( s (l) k ) \u2202P\n(l\u22121) i ( s (l\u22121) i ) \u03b3i ( s (l) k ) (17)\n= P\u0303 (l) k\n( s\n(l) k\n) exp [ \u2212w(l)ki ( s (l) k \u2212s (l\u22121) i \u2206 )2] \u03b3i ( s (l) k\n) A.2 DERIVATION OF GRADIENTS WITH RESPECT TO NETWORK PARAMETERS\nThe derivatives of the unnormalized probability distribution of a node with respect to the connecting weights and bias parameters can be derived from Eq. (16).\nFirst, for each node, we compute the derivative of its unnormalized distribution with respect to an incoming weight.\n\u2202P\u0303 (l) k\n( s\n(l) k ) \u2202w\n(l) ki\n= P\u0303\n(l) k\n\u03b3i\n( s\n(l) k\n) \u2202\u03b3i ( s (l) k ) \u2202w\n(l) ki\n, (18)\nwhere\n\u2202\u03b3i\n( s\n(l) k ) \u2202w\n(l) ki = \u2211 s (l\u22121) i P (l\u22121) i ( s (l\u22121) i ) exp \u2212w(l)ki ( s (l) k \u2212 s (l\u22121) i \u2206 )2\u2212(s(l)k \u2212 s(l\u22121)i \u2206 )2 . (19)\nSimilarly, for the bias parameters, we derive the gradients from Eq. (16). Here we show for b(l)a,k,\n\u2202P\u0303 (l) k\n( s\n(l) k ) \u2202b\n(l) a,k\n= P\u0303\n(l) k\n( s\n(l) k ) \u03b2 ( s\n(l) k\n) \u2202\u03b2 ( s (l) k ) \u2202b\n(l) a,k\n, (20)\nwhere\n\u2202\u03b2 ( s\n(l) k ) \u2202b\n(l) a,k\n= \u2202 exp\n( B ( s\n(l) k )) \u2202b\n(l) a,k\n= \u2202B ( s (l) k ) \u2202b\n(l) a,k\n\u03b2 ( s\n(l) k\n) , (21)\nand\n\u2202B ( s\n(l) k ) \u2202b\n(l) a,k\n= \u2212 s (l) k \u2212\u03bb (l) a,k \u2206 if s (l) k > \u03bb (l) a,k s (l) k \u2212\u03bb (l) a,k\n\u2206 otherwise (22)\nThe derivatives for the other bias parameters can be obtained similarly. \u2202B ( s\n(l) k ) \u2202b\n(l) q,k\n= \u2212 ( s (l) k \u2212 \u03bb (l) q,k\n\u2206\n)2 (23)\n\u2202B ( s\n(l) k ) \u2202\u03bb\n(l) a,k\n=\n{ b (l) a,k if s (l) k > \u03bb (l) a,k\n\u2212b(l)a,k otherwise (24)\n\u2202B ( s\n(l) k ) \u2202\u03bb\n(l) q,k\n= \u22122b(l)q,k\n( s\n(l) k \u2212 \u03bb (l) q,k\n\u2206\n)( \u2212 1\n\u2206\n) (25)\n= 2b\n(l) q,k\n\u22062\n( s\n(l) k \u2212 \u03bb (l) q,k )", 
        "heading": "A DERIVATIONS OF COST GRADIENTS"
      }, 
      {
        "text": "In this section, show the DRN network architecture used for the synthetic dataset results presented in Fig. 4a. There is one input node and one output node connected by a number of hidden layers of arbitrary width. All layers are fully-connected.", 
        "heading": "B DRN NETWORK ARCHITECTURE FOR SYNTHETIC DATASET"
      }, 
      {
        "text": "We compare the mean prediction time per data for DRN and the baseline methods. All runs were conducted on the CPU. For the synthetic dataset, we have shown the test loss for varying parameter sizes. For a fair comparison of runtime, for each method we chose a model size which gave a test L2 loss of about 0.37. For all the datasets, MLP has the fastest prediction time, followed by DRN and then 3BE.", 
        "heading": "C COMPARISON OF PREDICTION TIMES"
      }
    ], 
    "emails": []
  }
}