{
  "name": "Hk5elxbRW.pdf", 
  "metadata": {
    "title": "SMOOTH LOSS FUNCTIONS FOR DEEP TOP-K CLASSIFICATION", 
    "year": 2018, 
    "referenceMentions": [
      {
        "referenceID": 12, 
        "startOffset": 94, 
        "context": "This phenomenon can be explained by the fact that cross-entropy is top-k calibrated for any k (Lapin et al., 2016), an asymptotic property which is verified in practice in the large data setting.", 
        "endOffset": 114
      }, 
      {
        "referenceID": 9, 
        "startOffset": 85, 
        "context": "The majority of the work on top-k loss functions has been applied to shallow models: Lapin et al. (2016) suggest a convex surrogate on the top-k loss; Fan et al.", 
        "endOffset": 105
      }, 
      {
        "referenceID": 4, 
        "startOffset": 53, 
        "context": "(2016) suggest a convex surrogate on the top-k loss; Fan et al. (2017) select the k largest individual losses in order to be robust to data outliers; Chang et al.", 
        "endOffset": 71
      }, 
      {
        "referenceID": 1, 
        "startOffset": 86, 
        "context": "(2017) select the k largest individual losses in order to be robust to data outliers; Chang et al. (2017) formulate a truncated re-weighted top-k loss as a difference-of-convex objective and optimize it with the Concave-Convex Procedure (Yuille & Rangarajan, 2002); and Yan et al.", 
        "endOffset": 106
      }, 
      {
        "referenceID": 1, 
        "startOffset": 86, 
        "context": "(2017) select the k largest individual losses in order to be robust to data outliers; Chang et al. (2017) formulate a truncated re-weighted top-k loss as a difference-of-convex objective and optimize it with the Concave-Convex Procedure (Yuille & Rangarajan, 2002); and Yan et al. (2017) propose to use a combination of top-k classifiers and to fuse their outputs.", 
        "endOffset": 288
      }, 
      {
        "referenceID": 1, 
        "startOffset": 86, 
        "context": "(2017) select the k largest individual losses in order to be robust to data outliers; Chang et al. (2017) formulate a truncated re-weighted top-k loss as a difference-of-convex objective and optimize it with the Concave-Convex Procedure (Yuille & Rangarajan, 2002); and Yan et al. (2017) propose to use a combination of top-k classifiers and to fuse their outputs. Closest to our work is the extensive review of top-k loss functions for computer vision by Lapin et al. (2017). The authors conduct a study of a number of top-k loss functions derived from cross-entropy and hinge losses.", 
        "endOffset": 476
      }, 
      {
        "referenceID": 14, 
        "startOffset": 0, 
        "context": "Schwing et al. (2012) use a temperature parameter to smooth latent variables for structured prediction.", 
        "endOffset": 22
      }, 
      {
        "referenceID": 11, 
        "startOffset": 0, 
        "context": "Lapin et al. (2017) apply Moreau-Yosida regularization to smooth their top-k surrogate losses.", 
        "endOffset": 20
      }, 
      {
        "referenceID": 2, 
        "startOffset": 11, 
        "context": "(2015) and Clevert et al. (2016) both suggest modifying the non-smooth ReLU activation to improve the training.", 
        "endOffset": 33
      }, 
      {
        "referenceID": 2, 
        "startOffset": 11, 
        "context": "(2015) and Clevert et al. (2016) both suggest modifying the non-smooth ReLU activation to improve the training. Gulcehre et al. (2017) suggest to introduce \u201cmollifyers\u201d to smooth the objective function by gradually increasing the difficulty of the optimization problem.", 
        "endOffset": 135
      }, 
      {
        "referenceID": 2, 
        "startOffset": 0, 
        "context": "Chaudhari et al. (2017) add a local entropy term to the loss to promote solutions with high local entropy.", 
        "endOffset": 24
      }, 
      {
        "referenceID": 11, 
        "startOffset": 18, 
        "context": "As pointed out in Lapin et al. (2015), there is a natural extension of the previous multi-class case: lk(s, y) , max {( s\\y + 1 ) [k] \u2212 sy, 0 } .", 
        "endOffset": 38
      }, 
      {
        "referenceID": 11, 
        "startOffset": 18, 
        "context": "As pointed out in Lapin et al. (2015), there is a natural extension of the previous multi-class case: lk(s, y) , max {( s\\y + 1 ) [k] \u2212 sy, 0 } . (6) This loss creates a margin between the ground truth and the k-th largest score, irrespectively of the values of the (k \u2212 1)-largest scores. Note that we retrieve the formulation of Crammer & Singer (2001) for k = 1. Difficulty of the Optimization. The surrogate loss lk of equation (6) suffers from two disadvantages that make it difficult to optimize: (i) it is not a smooth function of s \u2013 it is continuous but not differentiable \u2013 and (ii) its weak derivatives have at most two non-zero elements. Indeed at most two elements of s are retained by the (\u00b7)[k] and max operators in equation (6). All others are discarded and thus get zero derivatives. When lk is coupled with a deep neural network, the model typically yields poor performance, even on the training set. Similar difficulties to optimizing a piecewise linear loss have also been reported by Li et al. (2017) in the context of multi-label classification.", 
        "endOffset": 1022
      }, 
      {
        "referenceID": 7, 
        "startOffset": 95, 
        "context": "In order to show how smoothing helps the training, we train a DenseNet 40-12 on CIFAR-100 from Huang et al. (2017) with the same hyper-parameters and learning rate schedule.", 
        "endOffset": 115
      }, 
      {
        "referenceID": 7, 
        "startOffset": 95, 
        "context": "In order to show how smoothing helps the training, we train a DenseNet 40-12 on CIFAR-100 from Huang et al. (2017) with the same hyper-parameters and learning rate schedule. The only difference with Huang et al. (2017) is that we replace the cross-entropy loss with L5,\u03c4 for different values of \u03c4 .", 
        "endOffset": 219
      }, 
      {
        "referenceID": 8, 
        "startOffset": 30, 
        "context": "For the most recent work, see Jiang et al. (2016). To efficiently train deep neural networks with Lk,\u03c4 , we need algorithms that are numerically stable with single floating point precision and that exploit GPU parallelization.", 
        "endOffset": 50
      }, 
      {
        "referenceID": 9, 
        "startOffset": 67, 
        "context": "For the former, we introduce label noise in the CIFAR-100 data set (Krizhevsky, 2009) in a manner that would not perturb the top-5 error of a perfect classifier.", 
        "endOffset": 85
      }, 
      {
        "referenceID": 16, 
        "startOffset": 42, 
        "context": "The algorithms are implemented in Pytorch (Paszke et al., 2017) and are publicly available at https://github.", 
        "endOffset": 63
      }, 
      {
        "referenceID": 7, 
        "startOffset": 76, 
        "context": "To evaluate our loss functions, we use the architecture DenseNet 40-40 from Huang et al. (2017), and we use the same hyper-parameters and learning rate schedule as in Huang et al.", 
        "endOffset": 96
      }, 
      {
        "referenceID": 7, 
        "startOffset": 76, 
        "context": "To evaluate our loss functions, we use the architecture DenseNet 40-40 from Huang et al. (2017), and we use the same hyper-parameters and learning rate schedule as in Huang et al. (2017). The temperature parameter is fixed to one.", 
        "endOffset": 187
      }, 
      {
        "referenceID": 10, 
        "startOffset": 53, 
        "context": "At test time, we use the standard ten-crop procedure (Krizhevsky et al., 2012).", 
        "endOffset": 78
      }, 
      {
        "referenceID": 6, 
        "startOffset": 55, 
        "context": "In all the following experiments, we train a ResNet-18 (He et al., 2016), adapting the protocol of the ImageNet experiment in Huang et al.", 
        "endOffset": 72
      }, 
      {
        "referenceID": 6, 
        "startOffset": 56, 
        "context": "In all the following experiments, we train a ResNet-18 (He et al., 2016), adapting the protocol of the ImageNet experiment in Huang et al. (2017). In more details, we optimize the model with Stochastic Gradient Descent with a batch-size of 256, for a total of 120 epochs.", 
        "endOffset": 146
      }, 
      {
        "referenceID": 8, 
        "startOffset": 0, 
        "context": "Jiang et al. (2016) mention that SA is a stable algorithm, under the assumption that no overflow or underflow is encountered.", 
        "endOffset": 20
      }
    ], 
    "source": "CRF", 
    "creator": "LaTeX with hyperref package", 
    "references": [
      {
        "shortCiteRegEx": "Beck and Teboulle.", 
        "author": [
          "Amir Beck", 
          "Marc Teboulle"
        ], 
        "citeRegEx": "Beck and Teboulle.,? \\Q2012\\E", 
        "venue": "SIAM Journal on Optimization,", 
        "year": 2012, 
        "title": "Smoothing and first order methods: A unified framework"
      }, 
      {
        "shortCiteRegEx": "Chang et al\\.", 
        "author": [
          "Xiaojun Chang", 
          "Yao-Liang Yu", 
          "Yi Yang"
        ], 
        "citeRegEx": "Chang et al\\.,? \\Q2017\\E", 
        "venue": "International Conference on Knowledge Discovery and Data Mining,", 
        "year": 2017, 
        "title": "Robust top-k multiclass SVM for visual category recognition"
      }, 
      {
        "shortCiteRegEx": "Chaudhari et al\\.", 
        "author": [
          "Pratik Chaudhari", 
          "Anna Choromanska", 
          "Stefano Soatto", 
          "Yann LeCun"
        ], 
        "citeRegEx": "Chaudhari et al\\.,? \\Q2017\\E", 
        "venue": "International Conference on Learning Representations,", 
        "year": 2017, 
        "title": "Entropy-SGD: Biasing gradient descent into wide valleys"
      }, 
      {
        "shortCiteRegEx": "Clevert et al\\.", 
        "author": [
          "Djork-Arn\u00e9 Clevert", 
          "Thomas Unterthiner", 
          "Sepp Hochreiter"
        ], 
        "citeRegEx": "Clevert et al\\.,? \\Q2016\\E", 
        "venue": "International Conference on Learning Representations,", 
        "year": 2016, 
        "title": "Fast and accurate deep network learning by exponential linear units (ELUs)"
      }, 
      {
        "shortCiteRegEx": "Crammer and Singer.", 
        "author": [
          "Koby Crammer", 
          "Yoram Singer"
        ], 
        "citeRegEx": "Crammer and Singer.,? \\Q2001\\E", 
        "venue": "Journal of Machine Learning Research,", 
        "year": 2001, 
        "title": "On the algorithmic implementation of multiclass kernel-based vector machines"
      }, 
      {
        "shortCiteRegEx": "Fan et al\\.", 
        "author": [
          "Yanbo Fan", 
          "Siwei Lyu", 
          "Yiming Ying", 
          "Bao-Gang Hu"
        ], 
        "citeRegEx": "Fan et al\\.,? \\Q2017\\E", 
        "venue": "Neural Information Processing Systems,", 
        "year": 2017, 
        "title": "Learning with average top-k loss"
      }, 
      {
        "shortCiteRegEx": "He et al\\.", 
        "author": [
          "Kaiming He", 
          "Xiangyu Zhang", 
          "Shaoqing Ren", 
          "Jian Sun"
        ], 
        "citeRegEx": "He et al\\.,? \\Q2016\\E", 
        "venue": "Conference on Computer Vision and Pattern Recognition,", 
        "year": 2016, 
        "title": "Deep residual learning for image recognition"
      }, 
      {
        "shortCiteRegEx": "Huang et al\\.", 
        "author": [
          "Gao Huang", 
          "Zhuang Liu", 
          "Kilian Q Weinberger", 
          "Laurens van der Maaten"
        ], 
        "citeRegEx": "Huang et al\\.,? \\Q2017\\E", 
        "venue": "Conference on Computer Vision and Pattern Recognition,", 
        "year": 2017, 
        "title": "Densely connected convolutional networks"
      }, 
      {
        "shortCiteRegEx": "Jiang et al\\.", 
        "author": [
          "Hao Jiang", 
          "Stef Graillat", 
          "Roberto Barrio", 
          "Canqun Yang"
        ], 
        "citeRegEx": "Jiang et al\\.,? \\Q2016\\E", 
        "venue": "Applied Mathematics and Computation,", 
        "year": 2016, 
        "title": "Accurate, validated and fast evaluation of elementary symmetric functions and its application"
      }, 
      {
        "shortCiteRegEx": "Krizhevsky.", 
        "author": [
          "Alex Krizhevsky"
        ], 
        "citeRegEx": "Krizhevsky.,? \\Q2009\\E", 
        "venue": null, 
        "year": 2009, 
        "title": "Learning multiple layers of features from tiny images"
      }, 
      {
        "shortCiteRegEx": "Krizhevsky et al\\.", 
        "author": [
          "Alex Krizhevsky", 
          "Ilya Sutskever", 
          "Geoffrey E Hinton"
        ], 
        "citeRegEx": "Krizhevsky et al\\.,? \\Q2012\\E", 
        "venue": "Neural Information Processing Systems,", 
        "year": 2012, 
        "title": "Imagenet classification with deep convolutional neural networks"
      }, 
      {
        "shortCiteRegEx": "Lapin et al\\.", 
        "author": [
          "Maksim Lapin", 
          "Matthias Hein", 
          "Bernt Schiele"
        ], 
        "citeRegEx": "Lapin et al\\.,? \\Q2015\\E", 
        "venue": "Neural Information Processing Systems,", 
        "year": 2015, 
        "title": "Top-k multiclass SVM"
      }, 
      {
        "shortCiteRegEx": "Lapin et al\\.", 
        "author": [
          "Maksim Lapin", 
          "Matthias Hein", 
          "Bernt Schiele"
        ], 
        "citeRegEx": "Lapin et al\\.,? \\Q2016\\E", 
        "venue": "Conference on Computer Vision and Pattern Recognition,", 
        "year": 2016, 
        "title": "Loss functions for top-k error: Analysis and insights"
      }, 
      {
        "shortCiteRegEx": "Lapin et al\\.", 
        "author": [
          "Maksim Lapin", 
          "Matthias Hein", 
          "Bernt Schiele"
        ], 
        "citeRegEx": "Lapin et al\\.,? \\Q2017\\E", 
        "venue": "IEEE Transactions on Pattern Analysis and Machine Intelligence,", 
        "year": 2017, 
        "title": "Analysis and optimization of loss functions for multiclass, top-k, and multilabel classification"
      }, 
      {
        "shortCiteRegEx": "Lee and Mangasarian.", 
        "author": [
          "Yuh-Jye Lee", 
          "Olvi L Mangasarian"
        ], 
        "citeRegEx": "Lee and Mangasarian.,? \\Q2001\\E", 
        "venue": "Computational optimization and Applications,", 
        "year": 2001, 
        "title": "SSVM: A smooth support vector machine for classification"
      }, 
      {
        "shortCiteRegEx": "Li et al\\.", 
        "author": [
          "Yuncheng Li", 
          "Yale Song", 
          "Jiebo Luo"
        ], 
        "citeRegEx": "Li et al\\.,? \\Q2017\\E", 
        "venue": "Conference on Computer Vision and Pattern Recognition,", 
        "year": 2017, 
        "title": "Improving pairwise ranking for multi-label image classification"
      }, 
      {
        "shortCiteRegEx": "Paszke et al\\.", 
        "author": [
          "Adam Paszke", 
          "Sam Gross", 
          "Soumith Chintala", 
          "Gregory Chanan", 
          "Edward Yang", 
          "Zachary DeVito", 
          "Zeming Lin", 
          "Alban Desmaison", 
          "Luca Antiga", 
          "Adam Lerer"
        ], 
        "citeRegEx": "Paszke et al\\.,? \\Q2017\\E", 
        "venue": "NIPS Autodiff Workshop,", 
        "year": 2017, 
        "title": "Automatic differentiation in pytorch"
      }, 
      {
        "shortCiteRegEx": "Schwing et al\\.", 
        "author": [
          "Alexander G. Schwing", 
          "Tamir Hazan", 
          "Marc Pollefeys", 
          "Raquel Urtasun"
        ], 
        "citeRegEx": "Schwing et al\\.,? \\Q2012\\E", 
        "venue": "International Conference on Machine Learning,", 
        "year": 2012, 
        "title": "Efficient structured prediction with latent variables for general graphical models"
      }, 
      {
        "shortCiteRegEx": "Yan et al\\.", 
        "author": [
          "Caixia Yan", 
          "Minnan Luo", 
          "Huan Liu", 
          "Zhihui Li", 
          "Qinghua Zheng"
        ], 
        "citeRegEx": "Yan et al\\.,? \\Q2017\\E", 
        "venue": "Information Sciences,", 
        "year": 2017, 
        "title": "Top-k multi-class svm using multiple features"
      }, 
      {
        "shortCiteRegEx": "Yuille and Rangarajan.", 
        "author": [
          "Alan L. Yuille", 
          "Anand Rangarajan"
        ], 
        "citeRegEx": "Yuille and Rangarajan.,? \\Q2002\\E", 
        "venue": "Neural Information Processing Systems,", 
        "year": 2002, 
        "title": "The concave-convex procedure (CCCP)"
      }, 
      {
        "shortCiteRegEx": "Zheng et al\\.", 
        "author": [
          "Hao Zheng", 
          "Zhanlei Yang", 
          "Wenju Liu", 
          "Jizhong Liang", 
          "Yanpeng Li"
        ], 
        "citeRegEx": "Zheng et al\\.,? \\Q2015\\E", 
        "venue": "International Joint Conference on Neural Networks,", 
        "year": 2015, 
        "title": "Improving deep neural networks using softplus units"
      }, 
      {
        "shortCiteRegEx": "Jiang", 
        "author": [
          "Jiang"
        ], 
        "citeRegEx": "Jiang,? \\Q2016\\E", 
        "venue": null, 
        "year": 2016, 
        "title": "2016) mention that SA is a stable algorithm, under the assumption that no overflow or underflow is encountered"
      }
    ], 
    "authors": [
      "Leonard Berrada", 
      "Andrew Zisserman", 
      "Pawan Kumar"
    ], 
    "abstractText": "The top-k error is a common measure of performance in machine learning and computer vision. In practice, top-k classification is typically performed with deep neural networks trained with the cross-entropy loss. Theoretical results indeed suggest that cross-entropy is an optimal learning objective for such a task in the limit of infinite data. In the context of limited and noisy data however, the use of a loss function that is specifically designed for top-k classification can bring significant improvements. Our empirical evidence suggests that the loss function must be smooth and have non-sparse gradients in order to work well with deep neural networks. Consequently, we introduce a family of smoothed loss functions that are suited to top-k optimization via deep learning. The widely used cross-entropy is a special case of our family. Evaluating our smooth loss functions is computationally challenging: a na\u0131\u0308ve algorithm would require O( ( n k ) ) operations, where n is the number of classes. Thanks to a connection to polynomial algebra and a divideand-conquer approach, we provide an algorithm with a time complexity of O(kn). Furthermore, we present a novel approximation to obtain fast and stable algorithms on GPUs with single floating point precision. We compare the performance of the cross-entropy loss and our margin-based losses in various regimes of noise and data size, for the predominant use case of k = 5. Our investigation reveals that our loss is more robust to noise and overfitting than cross-entropy.", 
    "sections": [
      {
        "text": "( n k ) ) operations, where n is the\nnumber of classes. Thanks to a connection to polynomial algebra and a divideand-conquer approach, we provide an algorithm with a time complexity of O(kn). Furthermore, we present a novel approximation to obtain fast and stable algorithms on GPUs with single floating point precision. We compare the performance of the cross-entropy loss and our margin-based losses in various regimes of noise and data size, for the predominant use case of k = 5. Our investigation reveals that our loss is more robust to noise and overfitting than cross-entropy.", 
        "heading": null
      }, 
      {
        "text": "In machine learning many classification tasks present inherent label confusion. The confusion can originate from a variety of factors, such as incorrect labeling, incomplete annotation, or some fundamental ambiguities that obfuscate the ground truth label even to a human expert. For example, consider the images from the ImageNet data set (Russakovsky et al., 2015) in Figure 1, which illustrate the aforementioned factors. To mitigate these issues, one may require the model to predict the k most likely labels, where k is typically very small compared to the total number of labels. Then the prediction is considered incorrect if all of its k labels differ from the ground truth, and correct otherwise. This is commonly referred to as the top-k error. Learning such models is a longstanding task in machine learning, and many loss functions for top-k error have been suggested in the literature.\nIn the context of correctly labeled large data, deep neural networks trained with cross-entropy have shown exemplary capacity to accurately approximate the data distribution. An illustration of this phenomenon is the performance attained by deep convolutional neural networks on the ImageNet challenge. Specifically, state-of-the-art models trained with cross-entropy yield remarkable success on the top-5 error, although cross-entropy is not tailored for top-5 error minimization. This phenomenon can be explained by the fact that cross-entropy is top-k calibrated for any k (Lapin et al., 2016), an asymptotic property which is verified in practice in the large data setting. However, in cases where only a limited amount of data is available, learning large models with cross-entropy can be prone to over-fitting on incomplete or noisy labels.\nTo alleviate the deficiency of cross-entropy, we present a new family of top-k classification loss functions for deep neural networks. Taking inspiration from multi-class SVMs, our loss creates a\nmargin between the correct top-k predictions and the incorrect ones. Our empirical results show that traditional top-k loss functions do not perform well in combination with deep neural networks. We believe that the reason for this is the lack of smoothness and the sparsity of the derivatives that are used in backpropagation. In order to overcome this difficulty, we smooth the loss with a temperature parameter. The evaluation of the smooth function and its gradient is challenging, as smoothing increases the na\u0131\u0308ve time complexity from O(n) to O( ( n k ) ). With a connection to polynomial algebra and a divide-and-conquer method, we present an algorithm with O(kn) time complexity and training time comparable to cross-entropy in practice. We provide insights for numerical stability of the forward pass. To deal with instabilities of the backward pass, we derive a novel approximation. Our investigation reveals that our top-k loss outperforms cross-entropy in the presence of noisy labels or in the absence of large amounts of data. We further confirm that the difference of performance reduces with large correctly labeled data, which is consistent with known theoretical results.", 
        "heading": "1 INTRODUCTION"
      }, 
      {
        "text": "Top-k Loss Functions. The majority of the work on top-k loss functions has been applied to shallow models: Lapin et al. (2016) suggest a convex surrogate on the top-k loss; Fan et al. (2017) select the k largest individual losses in order to be robust to data outliers; Chang et al. (2017) formulate a truncated re-weighted top-k loss as a difference-of-convex objective and optimize it with the Concave-Convex Procedure (Yuille & Rangarajan, 2002); and Yan et al. (2017) propose to use a combination of top-k classifiers and to fuse their outputs.\nClosest to our work is the extensive review of top-k loss functions for computer vision by Lapin et al. (2017). The authors conduct a study of a number of top-k loss functions derived from cross-entropy and hinge losses. Interestingly, they prove that for any k, cross-entropy is top-k calibrated, which is a necessary condition for the classifier to be consistent with regard to the theoretically optimal top-k risk. In other words, cross-entropy satisfies an essential property to perform the optimal top-k classification decision for any k in the limit of infinite data. This may explain why cross-entropy performs well on top-5 error on large scale data sets. While thorough, the experiments are conducted on linear models, or pre-trained deep networks that are fine-tuned. For a more complete analysis, we wish to design loss functions that allow for the training of deep neural networks from a random initialization.\nSmoothing. Smoothing is a helpful technique in optimization (Beck & Teboulle, 2012). In work closely related to ours, Lee & Mangasarian (2001) show that smoothing a binary SVM with a temperature parameter improves the theoretical convergence speed of their algorithm. Schwing et al. (2012) use a temperature parameter to smooth latent variables for structured prediction. Lapin et al. (2017) apply Moreau-Yosida regularization to smooth their top-k surrogate losses.\nSmoothing has also been applied in the context of deep neural networks. In particular, Zheng et al. (2015) and Clevert et al. (2016) both suggest modifying the non-smooth ReLU activation to improve the training. Gulcehre et al. (2017) suggest to introduce \u201cmollifyers\u201d to smooth the objective function by gradually increasing the difficulty of the optimization problem. Chaudhari et al. (2017) add a local entropy term to the loss to promote solutions with high local entropy. These smoothing techniques are used to speed up the optimization or improve generalization. In this work, we show that smoothing is necessary for the neural network to perform well in combination with our loss function. We hope that this insight can also help the design of losses for tasks other than top-k error minimization.", 
        "heading": "2 RELATED WORK"
      }, 
      {
        "text": "", 
        "heading": "3 TOP-K SVM"
      }, 
      {
        "text": "In order to build an intuition about top-k losses, we start with the simple case of k = 1, namely multi-class classification, where the output space is defined as Y = {1, ..., n}. We suppose that a vector of scores per label s \u2208 Rn, and a ground truth label y \u2208 Y are both given. The vector s is the output of the model we wish to learn, for example a linear model or a deep neural network. The notation 1 will refer to the indicator function over Boolean statements (1 if true, 0 if false).\nPrediction. The prediction is given by any index with maximal score:\nP (s) \u2208 argmax s. (1)\nLoss. The classification loss incurs a binary penalty by comparing the prediction to the ground truth label. Plugging in equation (1), this can also be written in terms of scores s as follows:\n\u039b(s, y) , 1(y 6= P (s)) = 1(max j\u2208Y sj > sy). (2)\nSurrogate. The loss in equation (2) is not amenable to optimization, as it is not even continuous in s. To overcome this difficulty, a typical approach in machine learning is to resort to a surrogate loss that provides a continuous upper bound on \u039b. Crammer & Singer (2001) suggest the following upper bound on the loss, known as the multi-class SVM loss:\nl(s, y) = max { max\nj\u2208Y\\{y} {sj + 1} \u2212 sy, 0\n} . (3)\nIn other words, the surrogate loss is zero if the ground truth score is higher than all other scores by a margin of at least one. Otherwise it incurs a penalty which is linear in the difference between the score of the ground truth and the highest score over all other classes.\nRescaling. Note that the value of 1 as a margin is an arbitrary choice, and can be changed to \u03b1 for any \u03b1 > 0. This simply entails that we consider the cost \u039b of a misclassification to be \u03b1 instead of 1. Moreover, we show in Proposition 8 of Appendix D.2 how the choices of \u03b1 and of the quadratic regularization hyper-parameter are interchangeable.", 
        "heading": "3.1 BACKGROUND: MULTI-CLASS SVM"
      }, 
      {
        "text": "We now generalize the above framework to top-k classification, where k \u2208 {1, ..., n\u2212 1}. We use the following notation: for p \u2208 {1, ..., n}, s[p] refers to the p-th largest element of s, and s\\p to the vector (s1, ..., sp\u22121, sp+1, ..., sn) \u2208 Rn\u22121 (that is, the vector s with the p-th element omitted). The term Y(k) denotes the set of k-tuples with k distinct elements of Y . Note that we use a bold font for a tuple y\u0304 \u2208 Y(k) in order to distinguish it from a single label y\u0304 \u2208 Y . Prediction. Given the scores s \u2208 Rn, the top-k prediction consists of any set of labels corresponding to the k largest scores:\nPk(s) \u2208 { y\u0304 \u2208 Y(k) : \u2200 i \u2208 {1, .., k}, sy\u0304i \u2265 s[k] } . (4)\nLoss. The loss depends on whether y is part of the top-k prediction, which is equivalent to comparing the k-largest score with the ground truth score:\n\u039bk(s, y) , 1(y /\u2208 Pk(s)) = 1(s[k] > sy). (5)\nAgain, such a binary loss is not suitable for optimization. Thus we introduce a surrogate loss.\nSurrogate. As pointed out in Lapin et al. (2015), there is a natural extension of the previous multi-class case:\nlk(s, y) , max {( s\\y + 1 )\n[k] \u2212 sy, 0\n} . (6)\nThis loss creates a margin between the ground truth and the k-th largest score, irrespectively of the values of the (k \u2212 1)-largest scores. Note that we retrieve the formulation of Crammer & Singer (2001) for k = 1.\nDifficulty of the Optimization. The surrogate loss lk of equation (6) suffers from two disadvantages that make it difficult to optimize: (i) it is not a smooth function of s \u2013 it is continuous but not differentiable \u2013 and (ii) its weak derivatives have at most two non-zero elements. Indeed at most two elements of s are retained by the (\u00b7)[k] and max operators in equation (6). All others are discarded and thus get zero derivatives. When lk is coupled with a deep neural network, the model typically yields poor performance, even on the training set. Similar difficulties to optimizing a piecewise linear loss have also been reported by Li et al. (2017) in the context of multi-label classification. We illustrate this in the next section.\nWe postulate that the difficulty of the optimization explains why there has been little work exploring the use of SVM losses in deep learning (even in the case k = 1), and that this work may help remedy it. We propose a smoothing that alleviates both issues (i) and (ii), and we present experimental evidence that the smooth surrogate loss offers better performance in practice.", 
        "heading": "3.2 TOP-K CLASSIFICATION"
      }, 
      {
        "text": "Reformulation. We introduce the following notation: given a label y\u0304 \u2208 Y , Y(k)y\u0304 is the subset of tuples from Y(k) that include y\u0304 as one of their elements. For y\u0304 \u2208 Y(k) and y \u2208 Y , we further define \u2206k(y\u0304, y) , 1(y /\u2208 y\u0304). Then, by adding and subtracting the k \u2212 1 largest scores of s\\y as well as sy , we obtain:\nlk(s, y) = max {( s\\y + 1 )\n[k] \u2212 sy, 0\n} ,\n= max y\u0304\u2208Y(k) \u2206k(y\u0304, y) +\u2211 j\u2208y\u0304 sj \u2212 maxy\u0304\u2208Y(k)y \u2211 j\u2208y\u0304 sj  . (7)\nWe give a more detailed proof of this in Appendix A.1. Since the margin can be rescaled without loss of generality, we rewrite lk as:\nlk(s, y) = max y\u0304\u2208Y(k) \u2206k(y\u0304, y) + 1k\u2211 j\u2208y\u0304 sj \u2212 maxy\u0304\u2208Y(k)y 1k\u2211 j\u2208y\u0304 sj  . (8) Smoothing. In the form of equation (8), the loss function can be smoothed with a temperature parameter \u03c4 > 0:\nLk,\u03c4 (s, y) = \u03c4 log [ \u2211 y\u0304\u2208Y(k) exp ( 1 \u03c4 ( \u2206k(y\u0304, y) + 1 k \u2211 j\u2208y\u0304 sj ))] \u2212 \u03c4 log [ \u2211 y\u0304\u2208Y(k)y exp ( 1 k\u03c4 \u2211 j\u2208y\u0304 sj )] .\n(9)\nNote that we have changed the notation to use Lk,\u03c4 to refer to the smooth loss. In what follows, we first outline the properties of Lk,\u03c4 and its relationship with cross-entropy. Then we show the empirical advantage of Lk,\u03c4 over its non-smooth counter-part lk.\nProperties of the Smooth Loss. The smooth loss Lk,\u03c4 has a few interesting properties. First, for any \u03c4 > 0, Lk,\u03c4 is infinitely differentiable and has non-sparse gradients. Second, under mild conditions, when \u03c4 \u2192 0+, the non-maximal terms become negligible, therefore the summations collapse to maximizations and Lk,\u03c4 \u2192 lk in a pointwise sense (Proposition 2 in Appendix A.2). Third, Lk,\u03c4 is an upper bound on lk if and only if k = 1 (Proposition 3 in Appendix A.3), but Lk,\u03c4 is, up to a scaling factor, an upper bound on \u039bk (Proposition 4 in Appendix A.4). This makes it a valid surrogate loss for the minimization of \u039bk.\nRelationship with Cross-Entropy. We have previously seen that the margin can be rescaled by a factor of \u03b1 > 0. In particular, if we scale \u2206 by \u03b1 \u2192 0+ and choose a temperature \u03c4 = 1, it can be seen that L1,1 becomes exactly the cross-entropy loss for classification. In that sense, Lk,\u03c4 is a generalization of the cross-entropy loss to: (i) different values of k \u2265 1, (ii) different values of temperature and (iii) higher margins with the scaling \u03b1 of \u2206. For simplicity purposes, we will keep \u03b1 = 1 in this work.\nExperimental Validation. In order to show how smoothing helps the training, we train a DenseNet 40-12 on CIFAR-100 from Huang et al. (2017) with the same hyper-parameters and learning rate schedule. The only difference with Huang et al. (2017) is that we replace the cross-entropy loss with L5,\u03c4 for different values of \u03c4 . We plot the top-5 training error in Figure 2a (for each curve, the value of \u03c4 is held constant during training):\nWe remark that the network exhibits good accuracy when \u03c4 is high enough (0.01 or larger). For \u03c4 too small, the model fails to converge to a good critical point. When \u03c4 is positive but small, the function is smooth but the gradients are numerically sparse (see Figure 2b), which suggests that the smoothness property is not sufficient and that non-sparsity is a key factor here.", 
        "heading": "3.3 SMOOTH SURROGATE LOSS"
      }, 
      {
        "text": "", 
        "heading": "4 COMPUTATIONAL CHALLENGES AND EFFICIENT ALGORITHMS"
      }, 
      {
        "text": "Experimental evidence suggests that it is beneficial to use Lk,\u03c4 rather than lk to train a neural network. However, at first glance, Lk,\u03c4 may appear prohibitively expensive to compute. Specifically, there are summations over Y(k) and Y(k)y , which have a cardinality of ( n k ) and ( n k\u22121 )\nrespectively. For instance for ImageNet, we have k = 5 and n = 1, 000, which amounts to ( n k ) ' 8.1012 terms to compute and sum over for each single sample, thereby making the approach practically infeasible. This is in stark contrast with lk, for which the most expensive operation is to compute the k-th largest score of an array of size n, which can be done in O(n). To overcome this computational challenge, we will now reframe the problem and reveal its exploitable structure.\nFor a vector e \u2208 Rn and i \u2208 {1, .., n}, we define \u03c3i(e) as the sum of all products of i distinct elements of e. Explicitly, \u03c3i(e) can be written as \u03c3i(e) = \u2211 1\u2264j1<...<ji\u2264n ej1 ...eji . The terms \u03c3i are known as the elementary symmetric polynomials. We further define \u03c30(e) = 1 for convenience.\nWe now re-write Lk,\u03c4 using the elementary symmetric polynomials, which appear naturally when separating the terms that contain the ground truth from the ones that do not:\nLk,\u03c4 (s, y) = \u03c4 log [ \u2211 y\u0304\u2208Y(k) exp (\u2206k(y\u0304, y)/\u03c4) \u220f j\u2208y\u0304 exp(sj/k\u03c4) ]\n\u2212 \u03c4 log [ \u2211 y\u0304\u2208Y(k)y \u220f j\u2208y\u0304 exp(sj/k\u03c4) ] ,\n= \u03c4 log [ \u2211 y\u0304\u2208Y(k)y \u220f j\u2208y\u0304 exp(sj/k\u03c4) + exp (1/\u03c4) \u2211 y\u0304\u2208Y(k)\\Y(k)y \u220f j\u2208y\u0304 exp(sj/k\u03c4) ]\n\u2212 \u03c4 log [ \u2211 y\u0304\u2208Y(k)y \u220f j\u2208y\u0304 exp(sj/k\u03c4) ] , (10)\n= \u03c4 log [ exp(sy/k\u03c4)\u03c3k\u22121(exp(s\\y/k\u03c4)) + exp (1/\u03c4)\u03c3k(exp(s\\y/k\u03c4)) ] \u2212 \u03c4 log [ exp(sy/k\u03c4)\u03c3k\u22121(exp(s\\y/k\u03c4)) ] .\nNote that the application of exp to vectors is meant in an element-wise fashion. The last equality of equation (10) reveals that the challenge is to efficiently compute \u03c3k\u22121 and \u03c3k, and their derivatives for the optimization.\nWhile there are existing algorithms to evaluate the elementary symmetric polynomials, they have been designed for computations on CPU with double floating point precision. For the most recent work, see Jiang et al. (2016). To efficiently train deep neural networks with Lk,\u03c4 , we need algorithms that are numerically stable with single floating point precision and that exploit GPU parallelization. In the next sections, we design algorithms that meet these requirements. The final performance is compared to the standard alternative algorithm in Appendix B.3.", 
        "heading": "4.1 CHALLENGE"
      }, 
      {
        "text": "We consider the general problem of efficiently computing (\u03c3k\u22121, \u03c3k). Our goal is to compute \u03c3k(e), where e \u2208 Rn and k n. Since this algorithm will be applied to e = exp(s\\y/k\u03c4) (see equation (10)), we can safely assume ei 6= 0 for all i \u2208 J1, nK. The main insight of our approach is the connection of \u03c3i(e) to the polynomial:\nP , (X + e1)(X + e2)...(X + en). (11)\nIndeed, if we expand P to \u03b10 + \u03b11X + ...+ \u03b1nXn, Vieta\u2019s formula gives the relationship:\n\u2200i \u2208 J0, nK, \u03b1i = \u03c3n\u2212i(e). (12)\nTherefore, it suffices to compute the coefficients \u03b1n\u2212k to obtain the value of \u03c3k(e). To compute the expansion of P , we can use a divide-and-conquer approach with polynomial multiplications when merging two branches of the recursion.\nThis method computes all (\u03c3i)1\u2264i\u2264n instead of the only (\u03c3i)k\u22121\u2264i\u2264k that we require. Since we do not need \u03c3i(e) for i > k, we can avoid computations of all coefficients for a degree higher than n\u2212k. However, typically k n. For example, in ImageNet, we have k = 5 and n = 1, 000, therefore we have to compute coefficients up to a degree 995 instead of 1,000, which is a negligible improvement.\nTo turn k n to our advantage, we notice that \u03c3i(e) = \u03c3n(e)\u03c3n\u2212i(1/e). Moreover, \u03c3n(e) = n\u220f i=1 ei can be computed in O(n). Therefore we introduce the polynomial:\nQ , \u03c3n(e)(X + 1\ne1 )(X +\n1\ne2 )...(X +\n1\nen ). (13)\nThen if we expand Q to \u03b20 + \u03b21X + ...+ \u03b2nXn, we obtain with Vieta\u2019s formula again:\n\u2200i \u2208 J0, nK, \u03b2i = \u03c3n(e)\u03c3n\u2212i(1/e) = \u03c3i(e). (14) Subsequently, in order to compute \u03c3k(e), we only require the k first coefficients of Q, which is very efficient when k is small in comparison with n. This results in a time complexity of O(kn) (Proposition 5 in Appendix B.1). Moreover, there are only O(log(n)) levels of recursion, and since every level can have its operations parallelized, the resulting algorithm scales very well with n when implemented on a GPU (see Appendix B.3.2 for practical runtimes).\nThe algorithm is described in Algorithm 1: step 2 initializes the polynomials for the divide and conquer method. While the polynomial has not been fully expanded, steps 5-6 merge branches by performing the polynomial multiplications (which can be done in parallel). Step 10 adjusts the coefficients using equation (14). We point out that we could obtain an algorithm with a time complexity of O(n log(k)2) if we were using Fast Fourier Transform for polynomial multiplications in steps 5-6. Since we are interested in the case where k is small (typically 5), such an improvement is negligible.\nAlgorithm 1 Forward Pass Require: e \u2208 (R\u2217+)n, k \u2208 N\u2217\n1: t\u2190 0 2: P (t)i \u2190 (1, 1/ei) for i \u2208 J1, nK . Initialize n polynomials to X + 1ei (encoded by coefficients) 3: p\u2190 n . Number of polynomials 4: while p > 1 do . Merge branches with polynomial multiplications 5: P (t+1)1 \u2190 P (t) 1 \u2217 P (t) 2 . Polynomial multiplication up to degree k\n... 6: P (t+1)(p\u22121)//2 \u2190 P (t) p\u22121 \u2217 P (t) p . Polynomial multiplication up to degree k 7: t\u2190 t+ 1 8: p\u2190 (p\u2212 1)//2 . Update number of polynomials 9: end while\n10: P (t+1) \u2190 P (t) \u00d7 n\u220f i=1 ei . Recover \u03c3i(e) = \u03c3n\u2212i(1/e)\u03c3n(e) 11: return P (t+1)\nObtaining numerical stability in single floating point precision requires special attention: the use of exponentials with an arbitrarily small temperature parameter is fundamentally unstable. In Appendix B.2.1, we describe how operating in the log-space and using the log-sum-exp trick alleviates this issue. The stability of the resulting algorithm is empirically verified in Appendix B.3.3.", 
        "heading": "4.2 FORWARD COMPUTATION"
      }, 
      {
        "text": "A side effect of using Algorithm 1 is that a large number of buffers are allocated for automatic differentiation: for each addition in log-space, we apply log and exp operations, each of which needs to store values for the backward pass. This results in a significant amount of time spent on memory allocations, which become the time bottleneck. To avoid this, we exploit the structure of the problem\nand design a backward algorithm that relies on the results of the forward pass. By avoiding the memory allocations and considerably reducing the number of operations, the backward pass is then sped up by one to two orders of magnitude and becomes negligible in comparison to the forward pass. We describe our efficient backward pass in more details below.\nFirst, we introduce the notation for derivatives:\nFor i \u2208 J1, nK, 1 \u2264 j \u2264 k, \u03b4j,i , \u2202\u03c3j(e)\n\u2202ei . (15)\nWe now observe that: \u03b4j,i = \u03c3j\u22121(e\\i). (16)\nIn other words, equation (16) states that \u03b4j,i, the derivative of \u03c3j(e) with respect to ei, is the sum of product of all (j \u2212 1)-tuples that do not include ei. One way of obtaining \u03c3j\u22121(e\\i) is to compute a forward pass for e\\i, which we would need to do for every i \u2208 J1, nK. To avoid such expensive computations, we remark that \u03c3j(e) can be split into two terms: the ones that contain ei (which can expressed as ei\u03c3j\u22121(e\\i)) and the ones that do not (which are equal to \u03c3j(e\\i) by definition). This gives the following relationship:\n\u03c3j(e\\i) = \u03c3j(e)\u2212 ei\u03c3j\u22121(e\\i). (17)\nSimplifying equation (17) using equation (16), we obtain the following recursive relationship:\n\u03b4j,i = \u03c3j\u22121(e)\u2212 ei\u03b4j\u22121,i. (18)\nSince the (\u03c3j(e))1\u2264i\u2264k have been computed during the forward pass, we can initialize the induction with \u03b41,i = 1 and iteratively compute the derivatives \u03b4j,i for j \u2265 2 with equation (18). This is summarized in Algorithm 2.\nAlgorithm 2 Backward Pass Require: e, (\u03c3j(e))1\u2264j\u2264k, k \u2208 N\u2217 . (\u03c3j(e))1\u2264j\u2264k have been computed in the forward pass\n1: \u03b41,i = 1 for i \u2208 J1, nK 2: for j \u2208 J1, kK do 3: \u03b4j,i = \u03c3j\u22121(e)\u2212 ei\u03b4j\u22121,i for i \u2208 J1, nK 4: end for\nAlgorithm 2 is subject to numerical instabilities (Observation 1 in Appendix B.2.2). In order to avoid these, one solution is to use equation (16) for each unstable element, which requires numerous forward passes. To avoid this inefficiency, we provide a novel approximation in Appendix B.2.2: the computation can be stabilized by an approximation with significantly smaller overhead.", 
        "heading": "4.3 BACKWARD COMPUTATION"
      }, 
      {
        "text": "Theoretical results suggest that Cross-Entropy (CE) is an optimal classifier in the limit of infinite data, by accurately approximating the data distribution. In practice, the presence of label noise makes the data distribution more complex to estimate when only a finite number of samples is available. For these reasons, we explore the behavior of CE and Lk,\u03c4 when varying the amount of label noise and the training data size. For the former, we introduce label noise in the CIFAR-100 data set (Krizhevsky, 2009) in a manner that would not perturb the top-5 error of a perfect classifier. For the latter, we vary the training data size on subsets of the ImageNet data set (Russakovsky et al., 2015).\nIn all the following experiments, the temperature parameter is fixed throughout training. This choice is discussed in Appendix D.1. The algorithms are implemented in Pytorch (Paszke et al., 2017) and are publicly available at https://github.com/oval-group/smooth-topk. Experiments on CIFAR-100 and ImageNet are performed on respectively one and two Nvidia Titan Xp cards.", 
        "heading": "5 EXPERIMENTS"
      }, 
      {
        "text": "Data set. In this experiment, we investigate the impact of label noise on CE and L5,1. The CIFAR100 data set contains 60,000 RGB images, with 50,000 samples for training-validation and 10,000 for testing. There are 20 \u201ccoarse\u201d classes, each consisting of 5 \u201cfine\u201d labels. For example, the coarse\nclass \u201cpeople\u201d is made up of the five fine labels \u201cbaby\u201d, \u201cboy\u201d, \u201cgirl\u201d, \u201cman\u201d and \u201cwoman\u201d. In this set of experiments, the images are centered and normalized channel-wise before they are fed to the network. We use the standard data augmentation technique with random horizontal flips and random crops of size 32 \u00d7 32 on the images padded with 4 pixels on each side. We introduce noise in the labels as follows: with probability p, each fine label is replaced by a fine label from the same coarse class. This new label is chosen at random and may be identical to the original label. Note that all instances generated by data augmentation from a single image are assigned the same label. The case p = 0 corresponds to the original data set without noise, and p = 1 to the case where the label is completely random (within the fine labels of the coarse class). With this method, a perfect top-5 classifier would still be able to achieve 100 % accuracy by systematically predicting the five fine labels of the unperturbed coarse label.\nMethods. To evaluate our loss functions, we use the architecture DenseNet 40-40 from Huang et al. (2017), and we use the same hyper-parameters and learning rate schedule as in Huang et al. (2017). The temperature parameter is fixed to one. When the level of noise becomes non-negligible, we empirically find that CE suffers from over-fitting and significantly benefits from early stopping \u2013 which our loss does not need. Therefore we help the baseline and hold out a validation set of 5,000 images, on which we monitor the accuracy across epochs. Then we use the model with the best top-5 validation accuracy and report its performance on the test set. Results are averaged over three runs with different random seeds.\nResults. As seen in Table 1, L5,1 outperforms CE on the top-5 testing accuracy when the labels are noisy, with an improvement of over 5% in the case p = 1. When there is no noise in the labels, CE provides better top-1 performance, as expected. It also obtains a better top-5 accuracy, although by a very small margin. Interestingly, L5,1 outperforms CE on the top-1 error when there is noise, although L5,1 is not a surrogate for the top-1 error. For example when p = 0.8, L5,1 still yields an accuracy of 55.85%, as compared to 35.53% for CE. This suggests that when the provided label is only informative about top-5 predictions (because of noise or ambiguity), it is preferable to use L5,1.", 
        "heading": "5.1 CIFAR-100 WITH NOISE"
      }, 
      {
        "text": "Data set. As shown in Figure 1, the ImageNet data set presents different forms of ambiguity and noise in the labels. It also has a large number of training samples, which allows us to explore different regimes up to the large-scale setting. Out of the 1.28 million training samples, we use subsets of various sizes and always hold out a balanced validation set of 50,000 images. We then report results on the 50,000 images of the official validation set, which we use as our test set. Images are resized so that their smaller dimension is 256, and they are centered and normalized channel-wise. At training time, we take random crops of 224 \u00d7 224 and randomly flip the images horizontally. At test time, we use the standard ten-crop procedure (Krizhevsky et al., 2012).\nWe report results for the following subset sizes of the data: 64k images (5%), 128k images (10%), 320k images (25%), 640k images (50%) and finally the whole data set (1.28M \u2212 50k = 1.23M images for training). Each strict subset has all 1,000 classes and a balanced number of images per class. The largest subset has the same slight unbalance as the full ImageNet data set.\nMethods. In all the following experiments, we train a ResNet-18 (He et al., 2016), adapting the protocol of the ImageNet experiment in Huang et al. (2017). In more details, we optimize the model with Stochastic Gradient Descent with a batch-size of 256, for a total of 120 epochs. We use a Nesterov momentum of 0.9. The temperature is set to 0.1 for the SVM loss (we discuss the choice of the temperature parameter in Appendix D.1). The learning rate is divided by ten at epochs 30, 60 and 90, and is set to an initial value of 0.1 for CE and 1 for L5,0.1. The quadratic regularization hyper-parameter is set to 0.0001 for CE. For L5,0.1, it is set to 0.000025 to preserve a similar relative weighting of the loss and the regularizer. For both methods, training on the whole data set takes about a day and a half (it is only 10% longer with L5,0.1 than with CE). As in the previous experiments, the validation top-5 accuracy is monitored at every epoch, and we use the model with best top-5 validation accuracy to report its test error.\nProbabilities for Multiple Crops. Using multiple crops requires a probability distribution over labels for each crop. Then this probability is averaged over the crops to compute the final prediction. The standard method is to use a softmax activation over the scores. We believe that such an approach is only grounded to make top-1 predictions. The probability of a label y\u0304 being part of the top-5 prediction should be marginalized over all combinations of 5 labels that include y\u0304 as one of their elements. This can be directly computed with our algorithms to evaluate \u03c3k and its derivative. We refer the reader to Appendix C for details. All the reported results of top-5 error with multiple crops are computed with this method. This provides a systematic boost of at least 0.2% for all loss functions. In fact, it is more beneficial to the CE baseline, by up to 1% in the small data setting.\nResults. The results of Table 2 confirm that L5,0.1 offers better top-5 error than CE when the amount of training data is restricted. As the data set size increases, the difference of performance becomes very small, and CE outperforms L5,0.1 by an insignificant amount in the full data setting.", 
        "heading": "5.2 IMAGENET"
      }, 
      {
        "text": "This work has introduced a new family of loss functions for the direct minimization of the top-k error (that is, without the need for fine-tuning). We have empirically shown that non-sparsity is essential for loss functions to work well with deep neural networks. Thanks to a connection to polynomial algebra and a novel approximation, we have presented efficient algorithms to compute the smooth loss and its gradient. The experimental results have demonstrated that our smooth top-5 loss function is more robust to noise and overfitting than cross-entropy when the amount of training data is limited.\nWe have argued that smoothing the surrogate loss function helps the training of deep neural networks. This insight is not specific to top-k classification, and we hope that it will help the design of other surrogate loss functions. In particular, structured prediction problems could benefit from smoothed SVM losses. How to efficiently compute such smooth functions could open interesting research problems.", 
        "heading": "6 CONCLUSION"
      }, 
      {
        "text": "This work was supported by the EPSRC grants AIMS CDT EP/L015987/1, Seebibyte EP/M013774/1, EP/P020658/1 and TU/B/000048, and by Yougov. Many thanks to A. Desmaison and R. Bunel for the helpful discussions.", 
        "heading": "ACKNOWLEDGMENTS"
      }, 
      {
        "text": "", 
        "heading": "APPENDIX"
      }, 
      {
        "text": "A.1 Reformulation . . . . . . . . . . . . . . . . . . . . . . . . . . . . . . . . . . . . . 14\nA.2 Point-wise Convergence . . . . . . . . . . . . . . . . . . . . . . . . . . . . . . . 14\nA.3 Bound on Non-Smooth Function . . . . . . . . . . . . . . . . . . . . . . . . . . . 15\nA.4 Bound on Prediction Loss . . . . . . . . . . . . . . . . . . . . . . . . . . . . . . . 16", 
        "heading": "A Surrogate Losses: Properties 14"
      }, 
      {
        "text": "B.1 Time Complexity . . . . . . . . . . . . . . . . . . . . . . . . . . . . . . . . . . . 18\nB.2 Numerical Stability . . . . . . . . . . . . . . . . . . . . . . . . . . . . . . . . . . 19\nB.2.1 Forward Pass . . . . . . . . . . . . . . . . . . . . . . . . . . . . . . . . . 19\nB.2.2 Backward Pass . . . . . . . . . . . . . . . . . . . . . . . . . . . . . . . . 19\nB.3 A Performance Comparison with the Summation Algorithm . . . . . . . . . . . . 20\nB.3.1 Summation Algorithm . . . . . . . . . . . . . . . . . . . . . . . . . . . . 20\nB.3.2 Speed . . . . . . . . . . . . . . . . . . . . . . . . . . . . . . . . . . . . . . 21\nB.3.3 Stability . . . . . . . . . . . . . . . . . . . . . . . . . . . . . . . . . . . . . 21", 
        "heading": "B Algorithms: Properties & Performance 18"
      }, 
      {
        "text": "", 
        "heading": "C Top-k Prediction: Marginalization with the Elementary Symmetric Polynomials 22"
      }, 
      {
        "text": "D.1 The Temperature Parameter . . . . . . . . . . . . . . . . . . . . . . . . . . . . . . 23\nD.1.1 Optimization and Learning . . . . . . . . . . . . . . . . . . . . . . . . . . 23\nD.1.2 Illustration on CIFAR-100 . . . . . . . . . . . . . . . . . . . . . . . . . . 23\nD.1.3 To Anneal or Not To Anneal . . . . . . . . . . . . . . . . . . . . . . . . . 23\nD.1.4 Practical Methodology . . . . . . . . . . . . . . . . . . . . . . . . . . . . 23\nD.2 The Margin . . . . . . . . . . . . . . . . . . . . . . . . . . . . . . . . . . . . . . 24\nD.2.1 Relationship with Squared Norm Regularization . . . . . . . . . . . . . . 24\nD.2.2 Experiment on ImageNet . . . . . . . . . . . . . . . . . . . . . . . . . . . 25\nD.3 Supplementary Details . . . . . . . . . . . . . . . . . . . . . . . . . . . . . . . . 25", 
        "heading": "D Hyper-Parameters & Experimental Details 23"
      }, 
      {
        "text": "In this section, we fix n the number of classes. We let \u03c4 > 0 and k \u2208 {1, ..., n\u2212 1}. All following results are derived with a loss lk defined as in equation (8):\nlk(s, y) , max\n{( 1\nk s\\y + 1 ) [k] \u2212 1 k sy, 0 } . (19)", 
        "heading": "A SURROGATE LOSSES: PROPERTIES"
      }, 
      {
        "text": "Proposition 1. We can equivalently re-write lk as:\nlk(s, y) = max y\u0304\u2208Y(k) \u2206k(y\u0304, y) + 1k\u2211 j\u2208y\u0304 sj \u2212 maxy\u0304\u2208Y(k)y 1k\u2211 j\u2208y\u0304 sj  . (20)", 
        "heading": "A.1 REFORMULATION"
      }, 
      {
        "text": "lk(s, y) = max\n{( 1\nk s\\y + 1 ) [k] \u2212 1 k sy, 0 } ,\n= max\n{( 1\nk s\\y + 1 ) [k] \u2212 1 k sy, 0 } + 1 k k\u22121\u2211 j=1 s[j] + 1 k sy \u2212 1 k k\u22121\u2211 j=1 s[j] + 1 k sy  , = max  ( 1 k s\\y + 1 ) [k] + 1 k k\u22121\u2211 j=1 s[j], 1 k k\u22121\u2211 j=1 s[j] + 1 k sy \u2212 1 k k\u22121\u2211 j=1 s[j] + 1 k sy\n , = max\n maxy\u0304\u2208Y(k)\\Y(k)y 1 + 1k\u2211 j\u2208y\u0304 sj  , maxy\u0304\u2208Y(k)y 1k\u2211 j\u2208y\u0304 sj  \u2212 maxy\u0304\u2208Y(k)y 1k\u2211 j\u2208y\u0304 sj  , = max\ny\u0304\u2208Y(k) \u2206k(y\u0304, y) + 1k\u2211 j\u2208y\u0304 sj \u2212 maxy\u0304\u2208Y(k)y 1k\u2211 j\u2208y\u0304 sj  . (21)", 
        "heading": "Proof."
      }, 
      {
        "text": "Lemma 1. Let n \u2265 2 and e \u2208 Rn. Assume that the largest element of e is greater than its second\nlargest element: e[1] > e[2]. Then lim \u03c4\u21920 \u03c4>0 \u03c4 log ( n\u2211 i=1 exp(ei/\u03c4) ) = e[1].\nProof. For simplicity of notation, and without loss of generality, we suppose that the elements of e are sorted in descending order. Then for i \u2208 {2, ..n}, we have ei \u2212 e1 \u2264 e2 \u2212 e1 < 0 by assumption, and thus \u2200 i \u2208 {2, ..n}, lim\n\u03c4\u21920 \u03c4>0\nexp((ei \u2212 e1)/\u03c4) = 0. Therefore:\nlim \u03c4\u21920 \u03c4>0 n\u2211 i=1 exp((ei \u2212 e1)/\u03c4) = n\u2211 i=1 lim \u03c4\u21920 \u03c4>0 exp((ei \u2212 e1)/\u03c4) = 1. (22)\nAnd thus:\nlim \u03c4\u21920 \u03c4>0 \u03c4 log ( n\u2211 i=1 exp((ei \u2212 e1)/\u03c4) ) = 0. (23)\nThe result follows by noting that:\n\u03c4 log ( n\u2211 i=1 exp(ei/\u03c4) ) = e1 + \u03c4 log ( n\u2211 i=1 exp((ei \u2212 e1)/\u03c4) ) . (24)\nProposition 2. Assume that s[k\u22121] > s[k] and that s[k] > s[k+1] or 1\nk sy > 1 +\n1 k s[k]. Then\nlim \u03c4\u21920 \u03c4>0 Lk,\u03c4 (s, y) = lk(s, y).\nProof. From s[k] > s[k+1] or 1\nk sy > 1 +\n1 k s[k], one can see that max y\u0304\u2208Y(k)\n{ \u2206k(y\u0304, y) + 1\nk \u2211 j\u2208y\u0304 sj } is a\nstrict maximum. Similarly, from s[k\u22121] > s[k], we have that max y\u0304\u2208Y(k)y\n{1 k \u2211 j\u2208y\u0304 sj } is a strict maximum.\nSince Lk,\u03c4 can be written as:\nLk,\u03c4 (s, y) = \u03c4 log [ \u2211 y\u0304\u2208Y(k) exp (( \u2206k(y\u0304, y) + 1 k \u2211 j\u2208y\u0304 sj ) /\u03c4 )]\n\u2212 \u03c4 log [ \u2211 y\u0304\u2208Y(k)y exp ((1 k \u2211 j\u2208y\u0304 sj ) /\u03c4 )] ,\n(25)\nthe result follows by two applications of Lemma 1.", 
        "heading": "A.2 POINT-WISE CONVERGENCE"
      }, 
      {
        "text": "Proposition 3. Lk,\u03c4 is an upper bound on lk if and only if k = 1.\nProof. Suppose k = 1. Let s \u2208 Rn and y \u2208 Y . We introduce y\u2217 = argmax y\u0304\u2208Y {\u22061(y\u0304, y) + sy\u0304}. Then we have:\nl1(s, y) = \u22061(y \u2217, y) + sy\u2217 \u2212 sy,\n= \u03c4 log(exp((\u22061(y \u2217, y) + sy\u2217)/\u03c4)\u2212 \u03c4 log exp(sy/\u03c4), \u2264 \u03c4 log( \u2211 y\u0304\u2208Y exp((\u22061(y\u0304, y) + sy\u0304)/\u03c4)\u2212 \u03c4 log exp(sy/\u03c4) = L1,\u03c4 (s, y). (26)\nNow suppose k \u2265 2. We construct an example (s, y) such that Lk,\u03c4 (s, y) < lk(s, y). For simplicity, we set y = 1. Then let s1 = \u03b1, si = \u03b2 for i \u2208 {2, ..., k + 1} and si = \u2212\u221e for i \u2208 {k + 2, ..., n}. The variables \u03b1 and \u03b2 are our degrees of freedom to construct the example. Assuming infinite values simplifies the analysis, and by continuity of Lk,\u03c4 and lk, the proof will hold for real values sufficiently small. We further assume that 1 + 1k (\u03b2 \u2212 \u03b1) > 0. Then can write lk(s, y) as:\nlk(s, y) = 1 + 1\nk (\u03b2 \u2212 \u03b1). (27)\nExploiting the fact that exp(si/\u03c4) = 0 for i \u2265 k + 2, we have:\u2211 y\u0304\u2208Y(k)\\Y(k)y \u220f j\u2208y\u0304 exp((1 + sj)/k\u03c4) = exp ( 1 + \u03b2 \u03c4 ) , (28)\nAnd: \u2211 y\u0304\u2208Y(k)y exp ((1 k \u2211 j\u2208y\u0304 sj ) /\u03c4 ) = k exp ( \u03b1+ (k \u2212 1)\u03b2 k\u03c4 ) . (29)\nThis allows us to write Lk,\u03c4 as:\nLk,\u03c4 (s, y) = \u03c4 log\n( k exp ( \u03b1+ (k \u2212 1)\u03b2\nk\u03c4\n) + exp ( 1 + \u03b2\n\u03c4\n)) \u2212 \u03c4 log ( k exp ( \u03b1+ (k \u2212 1)\u03b2\nk\u03c4\n)) ,\n= \u03c4 log 1 + exp ( 1+\u03b2 \u03c4 ) k exp ( \u03b1+(k\u22121)\u03b2\nk\u03c4\n)  ,\n= \u03c4 log 1 + exp ( 1\u03c4 ) k exp ( \u03b1\u2212\u03b2 k\u03c4 )  ,\n= \u03c4 log ( 1 + 1\nk exp\n( 1\n\u03c4 (1 +\n1 k (\u03b2 \u2212 \u03b1))\n)) .\n(30)\nWe introduce x = 1 + 1k (\u03b2 \u2212 \u03b1). Then we have:\nLk,\u03c4 (s, y) = \u03c4 log\n( 1 + 1\nk exp (x \u03c4 )) , (31)\nAnd: lk(s, y) = x. (32)\nFor any value x > 0, we can find (\u03b1, \u03b2) \u2208 R2 such that x = 1+ 1k (\u03b2\u2212\u03b1) and that all our hypotheses are verified. Consequently, we only have to prove that there exists x > 0 such that:\n\u2206(x) , \u03c4 log ( 1 + 1\nk exp (x \u03c4 )) \u2212 x < 0. (33)\nWe show that lim x\u2192\u221e \u2206(x) < 0, which will conclude the proof by continuity of \u2206.\n\u2206(x) = \u03c4 log ( 1 + 1\nk exp (x \u03c4 )) \u2212 x,\n= \u03c4 log ( 1 + 1\nk exp (x \u03c4 )) \u2212 \u03c4 log(exp(x \u03c4 )),\n= \u03c4 log ( exp ( \u2212x \u03c4 ) + 1 k ) \u2212\u2212\u2212\u2212\u2192 x\u2192\u221e \u03c4 log( 1 k ) < 0 since k \u2265 2.\n(34)", 
        "heading": "A.3 BOUND ON NON-SMOOTH FUNCTION"
      }, 
      {
        "text": "Lemma 2. Let (p, q) \u2208 N2 such that p \u2264 q \u2212 1 and q \u2265 1. Then ( q p ) \u2264 q ( q p+1 ) .\nProof. ( q p )( q p+1 ) = (q \u2212 p\u2212 1)!(p+ 1)! (q \u2212 p)!p! ,\n= (p+ 1)\nq \u2212 p .\n(35)\nThis is a monotonically increasing function of p \u2264 q\u22121, therefore it is upper bounded by its maximal value at p = q \u2212 1: (\nq p )( q p+1 ) = (p+ 1) q \u2212 p \u2264 q. (36)\nLemma 3. Assume that y /\u2208 Pk(s). Then we have:\n1\nk \u2211 y\u0304\u2208Y(k)y exp \u2211 j\u2208y\u0304 sj k\u03c4  \u2264 \u2211 y\u0304\u2208Y(k)\\Y(k)y exp \u2211 j\u2208y\u0304 sj k\u03c4  . (37) Proof. Let j \u2208 J0, k \u2212 1K. We introduce the random variable Uj , whose probability distribution is uniform over the set Uj , {y\u0304 \u2208 Y(k)y : y\u0304 \u2229 Pk(s) = j}. Then Vj is the random variable such that Vj |Uj replaces y from Uj with a value drawn uniformly from Pk(s). We denote by Vj the set of values taken by Vj with non-zero probability. Since Vj replaces the ground truth score by one of the values of Pk(s), it can be seen that:\nVj = {y\u0304 \u2208 Y(k)\\Y(k)y : y\u0304 \u2229 Pk(s) = j + 1}. (38) Furthermore, we introduce the scoring function f : y\u0304 \u2208 Y(k) 7\u2192 exp( 1k\u03c4 \u2211 j\u2208y\u0304 sj). Since Pk(s) is the set of the k largest scores and y /\u2208 Pk(s), we have that: f(Vj |Uj) \u2265 f(Uj) with probability 1. (39)\nTherefore we also have that:\nEVj |Ujf(Vj) \u2265 f(Uj) with probability 1. (40) This finally gives us:\nEUjEVj |Ujf(Vj) \u2265 EUjf(Uj), EVjf(Vj) \u2265 EUjf(Uj).\n(41)\nMaking the (uniform) probabilities explicit, we obtain:\n1 |Vj | \u2211 v\u2208Vj f(v) \u2265 1 |Uj | \u2211 u\u2208Uj f(u),\n|Uj | |Vj | \u2211 v\u2208Vj f(v) \u2265 \u2211 u\u2208Uj f(u).\n(42)\nTo derive the set cardinalities, we rewrite Uj and Vj as:\nUj = {y\u0304 \u2208 Y(k)y : y\u0304 \u2229 Pk(s) = j} = {y} \u00d7 Pk(s)(j) \u00d7 (Y\\({y} \u222a Pk(s))(k\u2212j\u22121), Vj = {y\u0304 \u2208 Y(k)\\Y(k)y : y\u0304 \u2229 Pk(s) = j + 1} = Pk(s)(j+1) \u00d7 (Y\\({y} \u222a Pk(s))(k\u2212j\u22121). (43)\nTherefore we have that: |Uj | = \u2223\u2223\u2223{y} \u00d7 Pk(s)(j) \u00d7 (Y\\({y} \u222a Pk(s))(k\u2212j\u22121)\u2223\u2223\u2223 ,\n=\n( k\nj )( n\u2212 k \u2212 1 k \u2212 j \u2212 1 ) ,\n(44)\nAnd:\n|Vj | = \u2223\u2223\u2223Pk(s)(j+1) \u00d7 (Y\\({y} \u222a Pk(s))(k\u2212j\u22121)\u2223\u2223\u2223 ,\n=\n( k\nj + 1 )( n\u2212 k \u2212 1 k \u2212 j \u2212 1 ) .\n(45)\nTherefore:\n|Uj | |Vj | =\n( k j )( n\u2212k\u22121 k\u2212j\u22121 )( k j+1 )( n\u2212k\u22121 k\u2212j\u22121 ) = (kj)( k j+1\n) \u2264 k by Lemma 2. (46) Combining with equation (42), we obtain:\nk \u2211 v\u2208Vj f(v) \u2265 \u2211 u\u2208Uj f(u). (47)\nWe sum over j \u2208 J0, k \u2212 1K, which yields:\nk k\u22121\u2211 j=0 \u2211 v\u2208Vj f(v) \u2265 k\u22121\u2211 j=0 \u2211 u\u2208Uj f(u). (48)\nFinally, we note that {Uj}0\u2264j\u2264k\u22121 and {Vj}0\u2264j\u2264k\u22121 are respective partitions of Y (k) y and Y(k)\\Y(k)y , which gives us the final result:\nk \u2211\nv\u2208Y(k)\\Y(k)y\nf(v) \u2265 \u2211\nu\u2208Y(k)y\nf(u). (49)\nProposition 4. Lk,\u03c4 is, up to a scaling factor, an upper bound on the prediction loss \u039bk:\nLk,\u03c4 (s, y) \u2265 (1\u2212 \u03c4 log(k))\u039bk(s, y). (50)\nProof. Suppose that \u039bk(s, y) = 0. Then the inequality is trivial because Lk,\u03c4 (s, y) \u2265 0. We now assume that \u039bk(s, y) = 1. Then there exist at least k higher scores than sy. To simplify indexing, we introduce Z(k)y = Y(k)\\Y(k)y and Tk the set of k labels corresponding to the k-largest scores. By assumption, y /\u2208 Tk since y is misclassified. We then write:\u2211\ny\u0304\u2208Y(k) exp (\u2206(y\u0304, y)/\u03c4) \u220f j\u2208y\u0304 uj = exp (1/\u03c4) \u2211\ny\u0304\u2208Z(k)y\n\u220f j\u2208y\u0304 uj + \u2211\ny\u0304\u2208Y(k)y\n\u220f j\u2208y\u0304 uj . (51)\nThanks to Lemma 3, we have: \u2211 y\u0304\u2208Z(k)y \u220f j\u2208y\u0304 uj \u2265 1 k \u2211 y\u0304\u2208Y(k)y \u220f j\u2208y\u0304 uj . (52)\nInjecting this back into (51):\u2211 y\u0304\u2208Y(k) exp (\u2206(y\u0304, y)/\u03c4) \u220f j\u2208y\u0304 uj \u2265 (1 + 1 k exp (1/\u03c4)) \u2211 y\u0304\u2208Y(k)y \u220f j\u2208y\u0304 uj , (53)\nAnd back to the original loss: Lk,\u03c4 (s, y) \u2265 \u03c4 log [ (1 + 1\nk exp (1/\u03c4)) \u2211 y\u0304\u2208Y(k)y \u220f j\u2208y\u0304 uj ] \u2212 \u03c4 log [ \u2211 y\u0304\u2208Y(k)y \u220f j\u2208y\u0304 uj ] ,\n= \u03c4 log(1 + 1 k exp (1/\u03c4)) \u2265 \u03c4 log( 1 k exp (1/\u03c4)) = \u03c4 log( 1 k ) + 1 = 1\u2212 \u03c4 log(k).\n(54)", 
        "heading": "A.4 BOUND ON PREDICTION LOSS"
      }, 
      {
        "text": "", 
        "heading": "B ALGORITHMS: PROPERTIES & PERFORMANCE"
      }, 
      {
        "text": "Lemma 4. Let P and Q be two polynomials of degree p and q. The time complexity of obtaining the first r coefficients of PQ is O(min{r, p}min{r, q}).\nProof. The multiplication of two polynomials can be written as the convolution of their coefficients, which can be truncated at degree r for each polynomial.\nProposition 5. The time complexity of Algorithm 1 is O(kn).\nProof. Let N = log2(n), or equivalently n = 2 N . With the divide-and-conquer algorithm, the complexity of computing the k first coefficients of P can be written as:\nT (k, n) = 2T (k, n\n2 ) + min{k, n}2. (55)\nIndeed we decompose P = Q1Q2, with each Qi of degree n/2, and for these we compute their k first coefficients in T (n2 ). Then given the k first coefficients of Q1 and Q2, the k first coefficients of P are computed in O(min{k, n}2) by Lemma 4. Then we can write:\nT (k, n) = 2T ( k, n\n2\n) + min{k, n}2,\n2T ( k, n\n2\n) = 4T ( k, n\n4\n) + 2 min { k, n\n2\n}2 ,\n... 2N\u22121T ( k, n 2N\u22121 )\n= 2NT (k, 1)\ufe38 \ufe37\ufe37 \ufe38 2NO(1)=O(n)\n+2N\u22121 min { k, n\n2N\u22121\n}2 .\n(56)\nBy summing these terms, we obtain T (k, n) = 2NT (k, 1) + N\u22121\u2211 j=0 2j min { k, n 2j }2 . Let n0 \u2208 N such that n\n2n0+1 < k \u2264 n 2n0 . In loose notation, we have k\n2n0\nn = O(1). Then we can write:\nN\u22121\u2211 j=0 2j min { k, n 2j }2 = n0\u2211 j=0 2j min { k, n 2j }2 + N\u22121\u2211 j=n0+1 2j min { k, n 2j }2 ,\n= n0\u2211 j=0 2jk2 + N\u22121\u2211 j=n0+1 2j ( n 2j )2 , = (2n0+1 \u2212 1)k2 + n2(2\u2212n0\u22121 \u2212 2\u2212N ), = O(kn).\n(57)\nThus finally:\nT (k, n) = 2NT (k, 1) + N\u22121\u2211 j=0 2j min { k, n 2j }2 ,\n= O(n) +O(kn), = O(kn).\n(58)", 
        "heading": "B.1 TIME COMPLEXITY"
      }, 
      {
        "text": "", 
        "heading": "B.2 NUMERICAL STABILITY"
      }, 
      {
        "text": "In order to ensure numerical stability of the computation, we maintain all computations in the log space: for a multiplication exp(x1) exp(x2), we actually compute and store x1 + x2; for an addition exp(x1) + exp(x2) we use the \u201clog-sum-exp\u201d trick: we compute m = max{x1, x2}, and store m+log(exp(x1\u2212m)+exp(x2\u2212m)), which guarantees stability of the result. These two operations suffice to describe the forward pass.", 
        "heading": "B.2.1 FORWARD PASS"
      }, 
      {
        "text": "Observation 1. The backward recursion of Algorithm 2 is unstable when ei 1 and ei max p 6=i {ep}. Sketch of Proof. To see that, assume that when we compute ( n\u2211 p=1 ep)\u2212 ei, we make a numerical error in the order of (e.g ' 10\u22125 for single floating point precision). With the numerical errors, we\nobtain approximate \u03b4\u0302 as follows:\n\u03b4\u03021,i = 1, \u03b4\u03022,i = \u03c31(e)\u2212 ei\u03b4\u03021,i = n\u2211 p=1 ep \u2212 ei = \u03b42,i +O( ),\n\u03b4\u03023,i = \u03c32(e)\u2212 ei\u03b4\u03022,i = \u03c32(e)\u2212 ei(\u03b42,i +O( )) = \u03b43,i +O(ei )), ...\n\u03b4\u0302k,i = \u03c3k\u22121(e)\u2212 ei\u03b4\u0302k\u22121,i = ... = \u03b4k,i +O(ek\u22121i )).\n(59)\nSince ei 1, we quickly obtain unstable results.\nDefinition 1. For p \u2208 {0, ..., n\u2212 k}, we define the p-th order approximation to the gradient as:\n\u03b4\u0303 (p) k,i , p\u2211 j=0 (\u22121)j \u03c3k+j(e) eji . (60)\nProposition 6. If we approximate the gradient by its p-th order approximation as defined in equation (60), the absolute error is: \u2223\u2223\u2223\u03b4k,i \u2212 \u03b4\u0303(p)k,i \u2223\u2223\u2223 = \u03c3k+p(e\\i)\nep+1i . (61)\nProof. We remind equation (18), which gives a recursive relationship for the gradients:\n\u03b4j,i = \u03c3j\u22121(e)\u2212 ei\u03b4j\u22121,i.\nThis can be re-written as:\n\u03b4j\u22121,i = 1\nei (\u03c3j\u22121(e)\u2212 \u03b4j,i) . (62)\nWe write \u03c3k+p(e\\i) = \u03b4k+p+1,i, and the result follows by repeated applications of equation (62) for j \u2208 {k + 1, k + 2, ..., k + p+ 1}.\nIntuition. We have seen in Observation 1 that the recursion tends to be unstable for \u03b4j,i when ei is among the largest elements. When that is the case, the ratio \u03c3k+p(e\\i)\nep+1i decreases quickly with p.\nThis has two consequences: (i) the sum of equation (60) is stable to compute because the summands have different orders of magnitude and (ii) the error becomes small. Unfortunately, it is difficult to upper-bound the error of equation (61) by a quantity that is both measurable at runtime (without expensive computations) and small enough to be informative. Therefore the approximation error is not controlled at runtime. In practice, we detect the instability of \u03b4k,i: numerical issues arise if subtracted terms have a very small relative difference. For those unstable elements we use the p-th order approximation (to choose the value of p, a good rule of thumb is p ' 0.2k). We have empirically found out that this heuristic works well in practice. Note that this changes the complexity of the forward pass to O((k + p)n) since we need p additional coefficients during the backward. If p ' 0.2k, this increases the running time of the forward pass by 20%, which is a moderate impact.", 
        "heading": "B.2.2 BACKWARD PASS"
      }, 
      {
        "text": "", 
        "heading": "B.3 A PERFORMANCE COMPARISON WITH THE SUMMATION ALGORITHM"
      }, 
      {
        "text": "The Summation Algorithm (SA) is an alternative to the Divide-and-Conquer (DC) algorithm for the evaluation of the elementary symmetric polynomials. It is described for instance in (Jiang et al., 2016). The algorithm can be summarized as follows:\nImplementation. Note that the inner loop can be parallelized, but the outer one is essentially sequential. In our implementation for speed comparisons, the inner loop is parallelized and a buffer is pre-allocated for the \u03c3j,i.\nAlgorithm 3 Summation Algorithm Require: e \u2208 Rn, k \u2208 N\u2217\n1: \u03c30,i \u2190 1 for 1 \u2264 i \u2264 n . \u03c3j,i = \u03c3j(e1, . . . , ei) 2: \u03c3j,i \u2190 0 for i < j . Do not define values for i < j (meaningless) 3: \u03c31,1 \u2190 e1 . Initialize recursion 4: for i \u2208 J2, nK do 5: m\u2190 max{1, i+ k \u2212 n} 6: M \u2190 min{i, k} 7: for i \u2208 Jm,MK do 8: \u03c3j,i \u2190 \u03c3j,i\u22121 + ei\u03c3j\u22121,i\u22121 9: end for\n10: end for 11: return \u03c3k,n", 
        "heading": "B.3.1 SUMMATION ALGORITHM"
      }, 
      {
        "text": "We compare the execution time of the DC and SA algorithms on a GPU (Nvidia Titan Xp). We use the following parameters: k = 5, a batch size of 256 and a varying value of n. The following timings are given in seconds, and are computed as the average of 50 runs. In Table 3, we compare the speed of Summation and DC for the evaluation of the forward pass. In Table 4, we compare the speed of the evaluation of the backward pass using Automatic Differentiation (AD) and our Custom Algorithm (CA) (see Algorithm 2).\nWe remind that both algorithms have a time complexity of O(kn). SA provides little parallelization (the parallelizable inner loop is small for k n), which is reflected in the runtimes. On the other hand, DC is a recursive algorithm with O(log(n)) levels of recursion, and all operations are parallelized at each level of the recursion. This allows DC to have near-logarithmic effective scaling with n, at least in the range {100\u2212 10, 000}.\nThese runtimes demonstrate the advantage of using Algorithm 2 instead of automatic differentiation. In particular, we see that in the use case of ImageNet (n = 1, 000), the backward computation changes from being 8x slower than the forward pass to being 3x faster.", 
        "heading": "B.3.2 SPEED"
      }, 
      {
        "text": "We now investigate the numerical stability of the algorithms. Here we only analyze the numerical stability, and not the precision of the algorithm. We point out that compensation algorithms are useful to improve the precision of SA but not its stability. Therefore they are not considered in this discussion.\nJiang et al. (2016) mention that SA is a stable algorithm, under the assumption that no overflow or underflow is encountered. However this assumption is not verified in our use case, as we demonstrate below. We consider that the algorithm is stable if no overflow occurs in the algorithm (underflows\nare not an issue for our use cases). We stress out that numerical stability is critical for our machine learning context: if an overflow occurs, the weights of the learning model inevitably diverge to infinite values.\nTo test numerical stability in a representative setting of our use cases, we take a random mini-batch of 128 images from the ImageNet data set and forward it through a pre-trained ResNet-18 to obtain a vector of scores per sample. Then we use the scores as an input to the SA and DC algorithms, for various values of the temperature parameter \u03c4 . We compare the algorithms with single (S) and double (D) floating point precision.\nBy operating in the log-space, DC is significantly more stable than SA. In this experimental setting, DC log is stable in single floating point precision until \u03c4 = 10\u221236.", 
        "heading": "B.3.3 STABILITY"
      }, 
      {
        "text": "We consider the probability of label i being part of the final top-k prediction. To that end, we marginalize over all k-tuples that contain i as one of their element. Then the probability of selecting label i for the top-k prediction can be written as:\np (k) i \u221d \u2211 y\u0304\u2208Y(k)i exp( \u2211 j\u2208y\u0304 sj). (63)\nProposition 7. The unnormalized probability can be computed as:\np (k) i \u221d\nd log \u03c3i(exp(s))\ndsi . (64)\nProof.\np (k) i \u221d exp(si)\u03c3k\u22121(exp(s\\i)),\n= exp(si) d\u03c3i(exp(s))\nd exp(si) ,\n= d\u03c3i(exp(s))\ndsi .\n(65)\nFinally we can rescale the unnormalized probability p(k)i by \u03c3k(exp(s)) since the latter quantity is independent of i. We obtain:\np\u0302i (k) \u221d 1\n\u03c3k(exp(s))\nd\u03c3i(exp(s)) dsi = d log \u03c3i(exp(s)) dsi . (66)\nNB. We prefer to use d log \u03c3i(exp(s))\ndsi rather than\nd\u03c3i(exp(s))\ndsi for stability reasons. Once the\nunnormalized probabilities are computed, they can be normalized by simply dividing by their sum.", 
        "heading": "C TOP-K PREDICTION: MARGINALIZATION WITH THE ELEMENTARY SYMMETRIC POLYNOMIALS"
      }, 
      {
        "text": "", 
        "heading": "D HYPER-PARAMETERS & EXPERIMENTAL DETAILS"
      }, 
      {
        "text": "In this section, we discuss the choice of the temperature parameter. Note that such insights are not necessarily confined to a top-k minimization: we believe that these ideas generalize to any loss that is smoothed with a temperature parameter.", 
        "heading": "D.1 THE TEMPERATURE PARAMETER"
      }, 
      {
        "text": "When the temperature \u03c4 has a low value, propositions 3 and 4 suggest that Lk,\u03c4 is a sound learning objective. However, as shown in Figure 2a, optimization is difficult and can fail in practice. Conversely, optimization with a high value of the temperature is easy, but uninformative about the learning: then Lk,\u03c4 is not representative of the task loss we wish to learn.\nIn other words, there is a trade-off between the ease of the optimization and the quality of the surrogate loss in terms of learning. Therefore, it makes sense to use a low temperature that still permits satisfactory optimization.\nD.1.2 ILLUSTRATION ON CIFAR-100\nIn Figure 2a, we have provided the plots of the training objective to illustrate the speed of convergence. In Table 6, we give the training and validation accuracies to show the influence of the temperature:", 
        "heading": "D.1.1 OPTIMIZATION AND LEARNING"
      }, 
      {
        "text": "The choice of temperature parameter can affect the scale of the loss function. In order to preserve a sensible trade-off between regularizer and loss, it is important to adjust the regularization hyperparameter(s) accordingly (the value of the quadratic regularization for instance). Similarly, the energy landscape may vary significantly for a different value of the temperature, and the learning rate may need to be adapted too.\nContinuation methods usually rely on an annealing scheme to gradually improve the quality of the approximation. For this work, we have found that such an approach required heavy engineering and did not provide substantial improvement in our experiments. Indeed, we have mentioned that other hyper-parameters depend on the temperature, thus these need to be adapted dynamically too. This requires sensitive heuristics. Furthermore, we empirically find that setting the temperature to an appropriate fixed value yields the same performance as careful fine-tuning of a pre-trained network with temperature annealing.", 
        "heading": "D.1.3 TO ANNEAL OR NOT TO ANNEAL"
      }, 
      {
        "text": "We summarize the methodology that reflects the previous insights and that we have found to work well during our experimental investigation. First, the temperature hyper-parameter is set to a low fixed value that allows for the model to learn on the training data set. Then other hyper-parameters, such as quadratic regularization and learning rate are adapted as usual by cross-validation on the validation set. We believe that the optimal value of the temperature is mostly independent of the architecture of the neural network, but is greatly influenced by the values of k and n (see how these impact the number of summands involved in Lk,\u03c4 , and therefore its scale).", 
        "heading": "D.1.4 PRACTICAL METHODOLOGY"
      }, 
      {
        "text": "", 
        "heading": "D.2 THE MARGIN"
      }, 
      {
        "text": "In this subsection, we establish the relationship between hyper-parameters of the margin and of the regularization with a squared norm. Typically the regularizing norm is the Frobenius norm in deep learning, but the following results will follow for any norm \u2016 \u00b7 \u2016. Although we prove the result for our top-k loss, we also point out that these results easily generalize to any linear latent structural SVM.\nFirst, we make explicit the role of \u03b1 in lk with an overload of notation: lk(s, y, \u03b1) = max {( s\\y + \u03b11 )\n[k] \u2212 sy, 0\n} , (67)\nwhere \u03b1 is a non-negative real number. Now consider the problem of learning a linear top-k SVM on a dataset (xi, yi)1\u2264i\u2264N \u2208 ( Rd \u00d7 {1, ..., n} )N . We (hyper-)parameterize this problem by \u03bb and \u03b1:\n(P\u03bb,\u03b1) : min w\u2208Rd\u00d7n\n\u03bb 2 \u2016w\u20162 + 1 N N\u2211 i=1 lk(w Txi, yi, \u03b1). (68)\nDefinition 2. Let \u03bb1, \u03bb2, \u03b11, \u03b12 \u2265 0. We say that (P\u03bb1,\u03b11) and (P\u03bb2,\u03b12) are equivalent if there exists \u03b3 > 0, \u03bd \u2208 R such that:\nw \u2208 Rd\u00d7n is a solution of (P\u03bb1,\u03b11) \u21d0\u21d2 (\u03b3w + \u03bd) is a solution of (P\u03bb2,\u03b12) (69)\nJustification. This definition makes sense because for \u03b3 > 0, \u03bd \u2208 R, (\u03b3w + \u03bd) has the same decision boundary as w. In other words, equivalent problems yield equivalent classifiers.\nProposition 8. Let \u03bb, \u03b1 \u2265 0.\n1. If \u03b1 > 0 and \u03bb > 0, then problem (P\u03bb,\u03b1) is equivalent to problems (P\u03b1\u03bb,1) and (P1,\u03b1\u03bb).\n2. If \u03b1 = 0 or \u03bb = 0, then problem (P\u03bb,\u03b1) is equivalent to problem (P0,0).\nProof. Let w \u2208 Rd\u00d7n. We introduce a constant \u03b2 > 0. Then we can successively write:\nw is a solution to (P\u03bb,\u03b1)\n\u21d0\u21d2 w is a solution to min w\u2208Rd\u00d7n\n\u03bb 2 \u2016w\u20162 + 1 N N\u2211 i=1 lk(w Txi, yi, \u03b1),\n\u21d0\u21d2 w is a solution to min w\u2208Rd\u00d7n\n\u03bb 2 \u2016w\u20162 + 1 N N\u2211 i=1 max {( wT\\yxi + \u03b11 ) [k] \u2212wTy xi, 0 } ,\n\u21d0\u21d2 w is a solution to min w\u2208Rd\u00d7n\n\u03bb 2\u03b2 \u2016w\u20162 + 1 N N\u2211 i=1 max\n{( 1\n\u03b2 wT\\yxi +\n\u03b1 \u03b2 1 ) [k] \u2212 1 \u03b2 wTy xi, 0 } ,\n\u21d0\u21d2 w is a solution to min w\u2208Rd\u00d7n\n\u03b2\u03bb 2 \u2016 1 \u03b2 w\u20162 + 1 N N\u2211 i=1 max\n{( 1\n\u03b2 wT\\yxi +\n\u03b1 \u03b2 1 ) [k] \u2212 1 \u03b2 wTy xi, 0 } ,\n\u21d0\u21d2 1 \u03b2 w is a solution to min w\u2208Rd\u00d7n \u03b2\u03bb 2 \u2016w\u20162 + 1 N N\u2211 i=1 max {( wT\\yxi + \u03b1 \u03b2 1 ) [k] \u2212wTy xi, 0 } ,\n\u21d0\u21d2 1 \u03b2 w is a solution to (P\u03b2\u03bb,\u03b1\u03b2 ).\n(70)\nThis holds for any \u03b2 > 0. If \u03b1 > 0 and \u03bb > 0, we show equivalence with (P\u03b1\u03bb,1) by setting \u03b2 to \u03b1 and with (P1,\u03b1\u03bb) by setting \u03b2 to 1\u03bb . If \u03b1 = 0, then \u03b1\u03b2 = 0 for any \u03b2 > 0 and we can choose \u03b2 as small as needed to make \u03b2\u03bb arbitrarily\nsmall. If \u03bb = 0, \u03b2\u03bb = 0 for any \u03b2 > 0 and we can choose \u03b2 as large as needed to make \u03b1\u03b2 arbitrarily small.\nNote that we do not need any hypothesis on the norm \u2016 \u00b7 \u2016, the result makes only use of the positive homogeneity property.\nConsequence On Deep Networks. Proposition 8 shows that for a deep network trained with lk, one can fix the value of \u03b1 to 1, and treat the quadratic regularization of the last fully connected layer as an independent hyper-parameter. By doing this rather than tuning \u03b1, the loss keeps the same scale which may make it easier to find an appropriate learning rate.\nWhen using the smooth loss, there is no direct equivalent to Proposition 8 because the log-sumexp function is not positively homogeneous. However one can consider that with a low enough temperature, the above insight can still be used in practice.", 
        "heading": "D.2.1 RELATIONSHIP WITH SQUARED NORM REGULARIZATION"
      }, 
      {
        "text": "In this section, we provide experiments to qualitatively assess the importance of the margin by running experiments with a margin of either 0 or 1. The following results are obtained on our validation set, and do not make use of multiple crops.\nTop-1 Error. As we have mentioned before, the case (k, \u03c4, \u03b1) = (1, 1, 0) corresponds exactly to Cross-Entropy. We compare this case against the same loss with a margin of 1: (k, \u03c4, \u03b1) = (1, 1, 1). We obtain the following results:\nTop-5 Error. We now compare (k, \u03c4, \u03b1) = (5, 0.1, 0) and (k, \u03c4, \u03b1) = (5, 0.1, 1):", 
        "heading": "D.2.2 EXPERIMENT ON IMAGENET"
      }, 
      {
        "text": "In the main paper, we report the average of the scores on CIFAR-100 for clarity purposes. Here, we also detail the standard deviation of the scores for completeness.", 
        "heading": "D.3 SUPPLEMENTARY DETAILS"
      }
    ], 
    "emails": [
      "lberrada@robots.ox.ac.uk", 
      "az@robots.ox.ac.uk", 
      "pawan@robots.ox.ac.uk"
    ]
  }
}