{
  "name": "Hkn7CBaTW.pdf", 
  "metadata": {
    "title": "LEARNING HOW TO EXPLAIN NEURAL NETWORKS: PATTERNNET AND PATTERNATTRIBUTION", 
    "year": 2018, 
    "referenceMentions": [
      {
        "referenceID": 7, 
        "startOffset": 67, 
        "context": "Deep learning made a huge impact on a wide variety of applications (Krizhevsky et al., 2012; Sutskever et al., 2014; LeCun et al., 2015; Schmidhuber, 2015; Mnih et al., 2015; Silver et al., 2016) and recent neural network classifiers have become excellent at detecting relevant signals (e.", 
        "endOffset": 195
      }, 
      {
        "referenceID": 22, 
        "startOffset": 67, 
        "context": "Deep learning made a huge impact on a wide variety of applications (Krizhevsky et al., 2012; Sutskever et al., 2014; LeCun et al., 2015; Schmidhuber, 2015; Mnih et al., 2015; Silver et al., 2016) and recent neural network classifiers have become excellent at detecting relevant signals (e.", 
        "endOffset": 195
      }, 
      {
        "referenceID": 13, 
        "startOffset": 67, 
        "context": "Deep learning made a huge impact on a wide variety of applications (Krizhevsky et al., 2012; Sutskever et al., 2014; LeCun et al., 2015; Schmidhuber, 2015; Mnih et al., 2015; Silver et al., 2016) and recent neural network classifiers have become excellent at detecting relevant signals (e.", 
        "endOffset": 195
      }, 
      {
        "referenceID": 8, 
        "startOffset": 67, 
        "context": "Deep learning made a huge impact on a wide variety of applications (Krizhevsky et al., 2012; Sutskever et al., 2014; LeCun et al., 2015; Schmidhuber, 2015; Mnih et al., 2015; Silver et al., 2016) and recent neural network classifiers have become excellent at detecting relevant signals (e.", 
        "endOffset": 195
      }, 
      {
        "referenceID": 16, 
        "startOffset": 67, 
        "context": "Deep learning made a huge impact on a wide variety of applications (Krizhevsky et al., 2012; Sutskever et al., 2014; LeCun et al., 2015; Schmidhuber, 2015; Mnih et al., 2015; Silver et al., 2016) and recent neural network classifiers have become excellent at detecting relevant signals (e.", 
        "endOffset": 195
      }, 
      {
        "referenceID": 18, 
        "startOffset": 142, 
        "context": "In order to better understand classifier decisions and to gain insight into how these models operate, a variety techniques have been proposed (Simonyan et al., 2014; Yosinski et al., 2015; Nguyen et al., 2016; Baehrens et al., 2010; Bach et al., 2015; Montavon et al., 2017; Zeiler & Fergus, 2014; Springenberg et al., 2015; Zintgraf et al., 2017; Sundararajan et al., 2017; Smilkov et al., 2017).", 
        "endOffset": 396
      }, 
      {
        "referenceID": 23, 
        "startOffset": 142, 
        "context": "In order to better understand classifier decisions and to gain insight into how these models operate, a variety techniques have been proposed (Simonyan et al., 2014; Yosinski et al., 2015; Nguyen et al., 2016; Baehrens et al., 2010; Bach et al., 2015; Montavon et al., 2017; Zeiler & Fergus, 2014; Springenberg et al., 2015; Zintgraf et al., 2017; Sundararajan et al., 2017; Smilkov et al., 2017).", 
        "endOffset": 396
      }, 
      {
        "referenceID": 10, 
        "startOffset": 142, 
        "context": "In order to better understand classifier decisions and to gain insight into how these models operate, a variety techniques have been proposed (Simonyan et al., 2014; Yosinski et al., 2015; Nguyen et al., 2016; Baehrens et al., 2010; Bach et al., 2015; Montavon et al., 2017; Zeiler & Fergus, 2014; Springenberg et al., 2015; Zintgraf et al., 2017; Sundararajan et al., 2017; Smilkov et al., 2017).", 
        "endOffset": 396
      }, 
      {
        "referenceID": 1, 
        "startOffset": 142, 
        "context": "In order to better understand classifier decisions and to gain insight into how these models operate, a variety techniques have been proposed (Simonyan et al., 2014; Yosinski et al., 2015; Nguyen et al., 2016; Baehrens et al., 2010; Bach et al., 2015; Montavon et al., 2017; Zeiler & Fergus, 2014; Springenberg et al., 2015; Zintgraf et al., 2017; Sundararajan et al., 2017; Smilkov et al., 2017).", 
        "endOffset": 396
      }, 
      {
        "referenceID": 0, 
        "startOffset": 142, 
        "context": "In order to better understand classifier decisions and to gain insight into how these models operate, a variety techniques have been proposed (Simonyan et al., 2014; Yosinski et al., 2015; Nguyen et al., 2016; Baehrens et al., 2010; Bach et al., 2015; Montavon et al., 2017; Zeiler & Fergus, 2014; Springenberg et al., 2015; Zintgraf et al., 2017; Sundararajan et al., 2017; Smilkov et al., 2017).", 
        "endOffset": 396
      }, 
      {
        "referenceID": 9, 
        "startOffset": 142, 
        "context": "In order to better understand classifier decisions and to gain insight into how these models operate, a variety techniques have been proposed (Simonyan et al., 2014; Yosinski et al., 2015; Nguyen et al., 2016; Baehrens et al., 2010; Bach et al., 2015; Montavon et al., 2017; Zeiler & Fergus, 2014; Springenberg et al., 2015; Zintgraf et al., 2017; Sundararajan et al., 2017; Smilkov et al., 2017).", 
        "endOffset": 396
      }, 
      {
        "referenceID": 20, 
        "startOffset": 142, 
        "context": "In order to better understand classifier decisions and to gain insight into how these models operate, a variety techniques have been proposed (Simonyan et al., 2014; Yosinski et al., 2015; Nguyen et al., 2016; Baehrens et al., 2010; Bach et al., 2015; Montavon et al., 2017; Zeiler & Fergus, 2014; Springenberg et al., 2015; Zintgraf et al., 2017; Sundararajan et al., 2017; Smilkov et al., 2017).", 
        "endOffset": 396
      }, 
      {
        "referenceID": 25, 
        "startOffset": 142, 
        "context": "In order to better understand classifier decisions and to gain insight into how these models operate, a variety techniques have been proposed (Simonyan et al., 2014; Yosinski et al., 2015; Nguyen et al., 2016; Baehrens et al., 2010; Bach et al., 2015; Montavon et al., 2017; Zeiler & Fergus, 2014; Springenberg et al., 2015; Zintgraf et al., 2017; Sundararajan et al., 2017; Smilkov et al., 2017).", 
        "endOffset": 396
      }, 
      {
        "referenceID": 21, 
        "startOffset": 142, 
        "context": "In order to better understand classifier decisions and to gain insight into how these models operate, a variety techniques have been proposed (Simonyan et al., 2014; Yosinski et al., 2015; Nguyen et al., 2016; Baehrens et al., 2010; Bach et al., 2015; Montavon et al., 2017; Zeiler & Fergus, 2014; Springenberg et al., 2015; Zintgraf et al., 2017; Sundararajan et al., 2017; Smilkov et al., 2017).", 
        "endOffset": 396
      }, 
      {
        "referenceID": 19, 
        "startOffset": 142, 
        "context": "In order to better understand classifier decisions and to gain insight into how these models operate, a variety techniques have been proposed (Simonyan et al., 2014; Yosinski et al., 2015; Nguyen et al., 2016; Baehrens et al., 2010; Bach et al., 2015; Montavon et al., 2017; Zeiler & Fergus, 2014; Springenberg et al., 2015; Zintgraf et al., 2017; Sundararajan et al., 2017; Smilkov et al., 2017).", 
        "endOffset": 396
      }, 
      {
        "referenceID": 1, 
        "startOffset": 89, 
        "context": "Techniques that are based on this principle include saliency maps from network gradients (Baehrens et al., 2010; Simonyan et al., 2014), DeConvNet (Zeiler & Fergus, 2014, DCN), Guided BackProp (Springenberg et al.", 
        "endOffset": 135
      }, 
      {
        "referenceID": 18, 
        "startOffset": 89, 
        "context": "Techniques that are based on this principle include saliency maps from network gradients (Baehrens et al., 2010; Simonyan et al., 2014), DeConvNet (Zeiler & Fergus, 2014, DCN), Guided BackProp (Springenberg et al.", 
        "endOffset": 135
      }, 
      {
        "referenceID": 21, 
        "startOffset": 35, 
        "context": ", 2017, DTD), Integrated Gradients (Sundararajan et al., 2017) and SmoothGrad (Smilkov et al.", 
        "endOffset": 62
      }, 
      {
        "referenceID": 18, 
        "startOffset": 60, 
        "context": "These restrictions are similar to those in the saliency map (Simonyan et al., 2014), DCN (Zeiler & Fergus, 2014), GBP (Springenberg", 
        "endOffset": 83
      }, 
      {
        "referenceID": 0, 
        "startOffset": 13, 
        "context": ", 2015), LRP (Bach et al., 2015) and DTD (Montavon et al.", 
        "endOffset": 32
      }, 
      {
        "referenceID": 1, 
        "startOffset": 75, 
        "context": ", sensitivity analysis) where the direction is given by the model gradient (Baehrens et al., 2010; Simonyan et al., 2014).", 
        "endOffset": 121
      }, 
      {
        "referenceID": 18, 
        "startOffset": 75, 
        "context": ", sensitivity analysis) where the direction is given by the model gradient (Baehrens et al., 2010; Simonyan et al., 2014).", 
        "endOffset": 121
      }, 
      {
        "referenceID": 4, 
        "startOffset": 94, 
        "context": ", it tells us where a change of the output variable is expected to be measurable in the input (Haufe et al., 2014).", 
        "endOffset": 114
      }, 
      {
        "referenceID": 20, 
        "startOffset": 128, 
        "context": "Attempts to visualize the signal for deep neural networks were made using DeConvNet (Zeiler & Fergus, 2014) and Guided BackProp (Springenberg et al., 2015).", 
        "endOffset": 155
      }, 
      {
        "referenceID": 1, 
        "startOffset": 58, 
        "context": "Visualizing the function has proven to be straightforward (Baehrens et al., 2010; Simonyan et al., 2014).", 
        "endOffset": 104
      }, 
      {
        "referenceID": 18, 
        "startOffset": 58, 
        "context": "Visualizing the function has proven to be straightforward (Baehrens et al., 2010; Simonyan et al., 2014).", 
        "endOffset": 104
      }, 
      {
        "referenceID": 4, 
        "startOffset": 36, 
        "context": "In contrast, visualizing the signal (Haufe et al., 2014; Zeiler & Fergus, 2014; Springenberg et al., 2015) and the attribution (Bach et al.", 
        "endOffset": 106
      }, 
      {
        "referenceID": 20, 
        "startOffset": 36, 
        "context": "In contrast, visualizing the signal (Haufe et al., 2014; Zeiler & Fergus, 2014; Springenberg et al., 2015) and the attribution (Bach et al.", 
        "endOffset": 106
      }, 
      {
        "referenceID": 0, 
        "startOffset": 28, 
        "context": ", 2015) and the attribution (Bach et al., 2015; Montavon et al., 2017; Sundararajan et al., 2017) is more difficult.", 
        "endOffset": 97
      }, 
      {
        "referenceID": 9, 
        "startOffset": 28, 
        "context": ", 2015) and the attribution (Bach et al., 2015; Montavon et al., 2017; Sundararajan et al., 2017) is more difficult.", 
        "endOffset": 97
      }, 
      {
        "referenceID": 21, 
        "startOffset": 28, 
        "context": ", 2015) and the attribution (Bach et al., 2015; Montavon et al., 2017; Sundararajan et al., 2017) is more difficult.", 
        "endOffset": 97
      }, 
      {
        "referenceID": 9, 
        "startOffset": 77, 
        "context": "With this being plugged into the deep Taylor framework, we obtain the z-rule (Montavon et al., 2017) which is equivalent to LRP (Bach et al.", 
        "endOffset": 100
      }, 
      {
        "referenceID": 0, 
        "startOffset": 35, 
        "context": ", 2017) which is equivalent to LRP (Bach et al., 2015).", 
        "endOffset": 54
      }, 
      {
        "referenceID": 15, 
        "startOffset": 144, 
        "context": "It can be shown that for ReLU and max-pooling networks, the z-rule reduces to the element-wise multiplication of the input and the saliency map (Shrikumar et al., 2016; Kindermans et al., 2016).", 
        "endOffset": 193
      }, 
      {
        "referenceID": 5, 
        "startOffset": 144, 
        "context": "It can be shown that for ReLU and max-pooling networks, the z-rule reduces to the element-wise multiplication of the input and the saliency map (Shrikumar et al., 2016; Kindermans et al., 2016).", 
        "endOffset": 193
      }, 
      {
        "referenceID": 4, 
        "startOffset": 85, 
        "context": "Note that this solution is equivalent to the approach commonly used in neuro-imaging (Haufe et al., 2014) despite different derivation.", 
        "endOffset": 105
      }, 
      {
        "referenceID": 0, 
        "startOffset": 119, 
        "context": "PatternAttribution exposes the attribution w a+ and improves upon the layer-wise relevance propagation (LRP) framework (Bach et al., 2015).", 
        "endOffset": 138
      }, 
      {
        "referenceID": 2, 
        "startOffset": 15, 
        "context": "We used Theano (Bergstra et al., 2010) and Lasagne (Dieleman et al.", 
        "endOffset": 38
      }, 
      {
        "referenceID": 11, 
        "startOffset": 60, 
        "context": "We restrict the analysis to the well-known ImageNet dataset (Russakovsky et al., 2015) using the pre-trained VGG-16 model (Simonyan & Zisserman, 2015).", 
        "endOffset": 86
      }, 
      {
        "referenceID": 0, 
        "startOffset": 171, 
        "context": "Remarkably, our proposed approach can solve the toy example in section 2 optimally while none of the previously published methods for deep learning are able to solve this (Bach et al., 2015; Montavon et al., 2017; Smilkov et al., 2017; Sundararajan et al., 2017; Zintgraf et al., 2017; Dabkowski & Gal, 2017; Zeiler & Fergus, 2014; Springenberg et al., 2015).", 
        "endOffset": 358
      }, 
      {
        "referenceID": 9, 
        "startOffset": 171, 
        "context": "Remarkably, our proposed approach can solve the toy example in section 2 optimally while none of the previously published methods for deep learning are able to solve this (Bach et al., 2015; Montavon et al., 2017; Smilkov et al., 2017; Sundararajan et al., 2017; Zintgraf et al., 2017; Dabkowski & Gal, 2017; Zeiler & Fergus, 2014; Springenberg et al., 2015).", 
        "endOffset": 358
      }, 
      {
        "referenceID": 19, 
        "startOffset": 171, 
        "context": "Remarkably, our proposed approach can solve the toy example in section 2 optimally while none of the previously published methods for deep learning are able to solve this (Bach et al., 2015; Montavon et al., 2017; Smilkov et al., 2017; Sundararajan et al., 2017; Zintgraf et al., 2017; Dabkowski & Gal, 2017; Zeiler & Fergus, 2014; Springenberg et al., 2015).", 
        "endOffset": 358
      }, 
      {
        "referenceID": 21, 
        "startOffset": 171, 
        "context": "Remarkably, our proposed approach can solve the toy example in section 2 optimally while none of the previously published methods for deep learning are able to solve this (Bach et al., 2015; Montavon et al., 2017; Smilkov et al., 2017; Sundararajan et al., 2017; Zintgraf et al., 2017; Dabkowski & Gal, 2017; Zeiler & Fergus, 2014; Springenberg et al., 2015).", 
        "endOffset": 358
      }, 
      {
        "referenceID": 25, 
        "startOffset": 171, 
        "context": "Remarkably, our proposed approach can solve the toy example in section 2 optimally while none of the previously published methods for deep learning are able to solve this (Bach et al., 2015; Montavon et al., 2017; Smilkov et al., 2017; Sundararajan et al., 2017; Zintgraf et al., 2017; Dabkowski & Gal, 2017; Zeiler & Fergus, 2014; Springenberg et al., 2015).", 
        "endOffset": 358
      }, 
      {
        "referenceID": 20, 
        "startOffset": 171, 
        "context": "Remarkably, our proposed approach can solve the toy example in section 2 optimally while none of the previously published methods for deep learning are able to solve this (Bach et al., 2015; Montavon et al., 2017; Smilkov et al., 2017; Sundararajan et al., 2017; Zintgraf et al., 2017; Dabkowski & Gal, 2017; Zeiler & Fergus, 2014; Springenberg et al., 2015).", 
        "endOffset": 358
      }
    ], 
    "source": "CRF", 
    "creator": "LaTeX with hyperref package", 
    "references": [
      {
        "shortCiteRegEx": "Bach et al\\.", 
        "author": [
          "Sebastian Bach", 
          "Alexander Binder", 
          "Gr\u00e9goire Montavon", 
          "Frederick Klauschen", 
          "Klaus-Robert M\u00fcller", 
          "Wojciech Samek"
        ], 
        "citeRegEx": "Bach et al\\.,? \\Q2015\\E", 
        "venue": "PloS one,", 
        "year": 2015, 
        "title": "On pixel-wise explanations for non-linear classifier decisions by layer-wise relevance propagation"
      }, 
      {
        "shortCiteRegEx": "Baehrens et al\\.", 
        "author": [
          "David Baehrens", 
          "Timon Schroeter", 
          "Stefan Harmeling", 
          "Motoaki Kawanabe", 
          "Katja Hansen", 
          "KlausRobert M\u00fcller"
        ], 
        "citeRegEx": "Baehrens et al\\.,? \\Q2010\\E", 
        "venue": "Journal of Machine Learning Research,", 
        "year": 2010, 
        "title": "How to explain individual classification decisions"
      }, 
      {
        "shortCiteRegEx": "Bergstra et al\\.", 
        "author": [
          "James Bergstra", 
          "Olivier Breuleux", 
          "Fr\u00e9d\u00e9ric Bastien", 
          "Pascal Lamblin", 
          "Razvan Pascanu", 
          "Guillaume Desjardins", 
          "Joseph Turian", 
          "David Warde-Farley", 
          "Yoshua Bengio"
        ], 
        "citeRegEx": "Bergstra et al\\.,? \\Q2010\\E", 
        "venue": "In Proc. 9th Python in Science Conf,", 
        "year": 2010, 
        "title": "Theano: A cpu and gpu math compiler in python"
      }, 
      {
        "shortCiteRegEx": "Dabkowski and Gal.", 
        "author": [
          "Piotr Dabkowski", 
          "Yarin Gal"
        ], 
        "citeRegEx": "Dabkowski and Gal.,? \\Q2017\\E", 
        "venue": "In NIPS 2017,", 
        "year": 2017, 
        "title": "Real time image saliency for black box classifiers"
      }, 
      {
        "shortCiteRegEx": "Haufe et al\\.", 
        "author": [
          "Stefan Haufe", 
          "Frank Meinecke", 
          "Kai G\u00f6rgen", 
          "Sven D\u00e4hne", 
          "John-Dylan Haynes", 
          "Benjamin Blankertz", 
          "Felix Bie\u00dfmann"
        ], 
        "citeRegEx": "Haufe et al\\.,? \\Q2014\\E", 
        "venue": null, 
        "year": 2014, 
        "title": "On the interpretation of weight vectors of linear models in multivariate neuroimaging"
      }, 
      {
        "shortCiteRegEx": "Kindermans et al\\.", 
        "author": [
          "Pieter-Jan Kindermans", 
          "Kristof Sch\u00fctt", 
          "Klaus-Robert M\u00fcller", 
          "Sven D\u00e4hne"
        ], 
        "citeRegEx": "Kindermans et al\\.,? \\Q2016\\E", 
        "venue": "arXiv preprint arXiv:1611.07270,", 
        "year": 2016, 
        "title": "Investigating the influence of noise and distractors on the interpretation of neural networks"
      }, 
      {
        "shortCiteRegEx": "Kingma and Ba.", 
        "author": [
          "Diederik Kingma", 
          "Jimmy Ba"
        ], 
        "citeRegEx": "Kingma and Ba.,? \\Q2015\\E", 
        "venue": "In ICLR,", 
        "year": 2015, 
        "title": "Adam: A method for stochastic optimization"
      }, 
      {
        "shortCiteRegEx": "Krizhevsky et al\\.", 
        "author": [
          "Alex Krizhevsky", 
          "Ilya Sutskever", 
          "Geoffrey E Hinton"
        ], 
        "citeRegEx": "Krizhevsky et al\\.,? \\Q2012\\E", 
        "venue": null, 
        "year": 2012, 
        "title": "Imagenet classification with deep convolutional neural networks. In Advances in neural information processing"
      }, 
      {
        "shortCiteRegEx": "Mnih et al\\.", 
        "author": [
          "Volodymyr Mnih", 
          "Koray Kavukcuoglu", 
          "David Silver", 
          "Andrei A Rusu", 
          "Joel Veness", 
          "Marc G Bellemare", 
          "Alex Graves", 
          "Martin Riedmiller", 
          "Andreas K Fidjeland", 
          "Georg Ostrovski"
        ], 
        "citeRegEx": "Mnih et al\\.,? \\Q2015\\E", 
        "venue": "Nature, 518(7540):529\u2013533,", 
        "year": 2015, 
        "title": "Human-level control through deep reinforcement learning"
      }, 
      {
        "shortCiteRegEx": "Montavon et al\\.", 
        "author": [
          "Gr\u00e9goire Montavon", 
          "Sebastian Lapuschkin", 
          "Alexander Binder", 
          "Wojciech Samek", 
          "Klaus-Robert M\u00fcller"
        ], 
        "citeRegEx": "Montavon et al\\.,? \\Q2017\\E", 
        "venue": "Pattern Recognition,", 
        "year": 2017, 
        "title": "Explaining nonlinear classification decisions with deep taylor decomposition"
      }, 
      {
        "shortCiteRegEx": "Nguyen et al\\.", 
        "author": [
          "Anh Nguyen", 
          "Alexey Dosovitskiy", 
          "Jason Yosinski", 
          "Thomas Brox", 
          "Jeff Clune"
        ], 
        "citeRegEx": "Nguyen et al\\.,? \\Q2016\\E", 
        "venue": "In Advances in Neural Information Processing Systems,", 
        "year": 2016, 
        "title": "Synthesizing the preferred inputs for neurons in neural networks via deep generator networks"
      }, 
      {
        "shortCiteRegEx": "Russakovsky et al\\.", 
        "author": [
          "Olga Russakovsky", 
          "Jia Deng", 
          "Hao Su", 
          "Jonathan Krause", 
          "Sanjeev Satheesh", 
          "Sean Ma", 
          "Zhiheng Huang", 
          "Andrej Karpathy", 
          "Aditya Khosla", 
          "Michael Bernstein"
        ], 
        "citeRegEx": "Russakovsky et al\\.,? \\Q2015\\E", 
        "venue": "International Journal of Computer Vision,", 
        "year": 2015, 
        "title": "Imagenet large scale visual recognition challenge"
      }, 
      {
        "shortCiteRegEx": "Samek et al\\.", 
        "author": [
          "Wojciech Samek", 
          "Alexander Binder", 
          "Gr\u00e9goire Montavon", 
          "Sebastian Lapuschkin", 
          "Klaus-Robert M\u00fcller"
        ], 
        "citeRegEx": "Samek et al\\.,? \\Q2016\\E", 
        "venue": "IEEE Transactions on Neural Networks and Learning Systems,", 
        "year": 2016, 
        "title": "Evaluating the visualization of what a deep neural network has learned"
      }, 
      {
        "shortCiteRegEx": "Schmidhuber.", 
        "author": [
          "J\u00fcrgen Schmidhuber"
        ], 
        "citeRegEx": "Schmidhuber.,? \\Q2015\\E", 
        "venue": "Neural networks,", 
        "year": 2015, 
        "title": "Deep learning in neural networks: An overview"
      }, 
      {
        "shortCiteRegEx": "Sch\u00fctt et al\\.", 
        "author": [
          "Kristof T Sch\u00fctt", 
          "Farhad Arbabzadah", 
          "Stefan Chmiela", 
          "Klaus-Robert M\u00fcller", 
          "Alexandre Tkatchenko"
        ], 
        "citeRegEx": "Sch\u00fctt et al\\.,? \\Q2017\\E", 
        "venue": "Nature Comm.,", 
        "year": 2017, 
        "title": "Quantum-chemical insights from deep tensor neural networks"
      }, 
      {
        "shortCiteRegEx": "Shrikumar et al\\.", 
        "author": [
          "Avanti Shrikumar", 
          "Peyton Greenside", 
          "Anna Shcherbina", 
          "Anshul Kundaje"
        ], 
        "citeRegEx": "Shrikumar et al\\.,? \\Q2016\\E", 
        "venue": "CoRR, abs/1605.01713,", 
        "year": 2016, 
        "title": "Not just a black box: Learning important features through propagating activation differences"
      }, 
      {
        "shortCiteRegEx": "Silver et al\\.", 
        "author": [
          "David Silver", 
          "Aja Huang", 
          "Chris J Maddison", 
          "Arthur Guez", 
          "Laurent Sifre", 
          "George Van Den Driessche", 
          "Julian Schrittwieser", 
          "Ioannis Antonoglou", 
          "Veda Panneershelvam", 
          "Marc Lanctot"
        ], 
        "citeRegEx": "Silver et al\\.,? \\Q2016\\E", 
        "venue": "search. Nature,", 
        "year": 2016, 
        "title": "Mastering the game of go with deep neural networks and tree"
      }, 
      {
        "shortCiteRegEx": "Simonyan and Zisserman.", 
        "author": [
          "Karen Simonyan", 
          "Andrew Zisserman"
        ], 
        "citeRegEx": "Simonyan and Zisserman.,? \\Q2015\\E", 
        "venue": "In ICLR,", 
        "year": 2015, 
        "title": "Very deep convolutional networks for large-scale image recognition"
      }, 
      {
        "shortCiteRegEx": "Simonyan et al\\.", 
        "author": [
          "Karen Simonyan", 
          "Andrea Vedaldi", 
          "Andrew Zisserman"
        ], 
        "citeRegEx": "Simonyan et al\\.,? \\Q2014\\E", 
        "venue": "In ICLR,", 
        "year": 2014, 
        "title": "Deep inside convolutional networks: Visualising image classification models and saliency maps"
      }, 
      {
        "shortCiteRegEx": "Smilkov et al\\.", 
        "author": [
          "Daniel Smilkov", 
          "Nikhil Thorat", 
          "Been Kim", 
          "Fernanda Vi\u00e9gas", 
          "Martin Wattenberg"
        ], 
        "citeRegEx": "Smilkov et al\\.,? \\Q2017\\E", 
        "venue": "arXiv preprint arXiv:1706.03825,", 
        "year": 2017, 
        "title": "Smoothgrad: removing noise by adding noise"
      }, 
      {
        "shortCiteRegEx": "Springenberg et al\\.", 
        "author": [
          "Jost Tobias Springenberg", 
          "Alexey Dosovitskiy", 
          "Thomas Brox", 
          "Martin Riedmiller"
        ], 
        "citeRegEx": "Springenberg et al\\.,? \\Q2015\\E", 
        "venue": "In ICLR,", 
        "year": 2015, 
        "title": "Striving for simplicity: The all convolutional net"
      }, 
      {
        "shortCiteRegEx": "Sundararajan et al\\.", 
        "author": [
          "Mukund Sundararajan", 
          "Ankur Taly", 
          "Qiqi Yan"
        ], 
        "citeRegEx": "Sundararajan et al\\.,? \\Q2017\\E", 
        "venue": "In ICML 2017,", 
        "year": 2017, 
        "title": "Axiomatic attribution for deep networks"
      }, 
      {
        "shortCiteRegEx": "Sutskever et al\\.", 
        "author": [
          "Ilya Sutskever", 
          "Oriol Vinyals", 
          "Quoc V Le"
        ], 
        "citeRegEx": "Sutskever et al\\.,? \\Q2014\\E", 
        "venue": null, 
        "year": 2014, 
        "title": "Sequence to sequence learning with neural networks. In Advances in neural information processing"
      }, 
      {
        "shortCiteRegEx": "Yosinski et al\\.", 
        "author": [
          "Jason Yosinski", 
          "Jeff Clune", 
          "Thomas Fuchs", 
          "Hod Lipson"
        ], 
        "citeRegEx": "Yosinski et al\\.,? \\Q2015\\E", 
        "venue": "In ICML Workshop on Deep Learning,", 
        "year": 2015, 
        "title": "Understanding neural networks through deep visualization"
      }, 
      {
        "shortCiteRegEx": "Zeiler and Fergus.", 
        "author": [
          "Matthew D Zeiler", 
          "Rob Fergus"
        ], 
        "citeRegEx": "Zeiler and Fergus.,? \\Q2014\\E", 
        "venue": "In European Conference on Computer Vision,", 
        "year": 2014, 
        "title": "Visualizing and understanding convolutional networks"
      }, 
      {
        "shortCiteRegEx": "Zintgraf et al\\.", 
        "author": [
          "Luisa M Zintgraf", 
          "Taco S Cohen", 
          "Tameem Adel", 
          "Max Welling"
        ], 
        "citeRegEx": "Zintgraf et al\\.,? \\Q2017\\E", 
        "venue": "In ICLR,", 
        "year": 2017, 
        "title": "Visualizing deep neural network decisions: Prediction difference analysis"
      }
    ], 
    "authors": [
      "Pieter-Jan Kindermans", 
      "Kristof T. Sch\u00fctt", 
      "Maximilian Alber", 
      "Klaus-Robert M\u00fcller", 
      "Sven D\u00e4hne"
    ], 
    "abstractText": "DeConvNet, Guided BackProp, LRP, were invented to better understand deep neural networks. We show that these methods do not produce the theoretically correct explanation for a linear model. Yet they are used on multi-layer networks with millions of parameters. This is a cause for concern since linear models are simple neural networks. We argue that explanation methods for neural nets should work reliably in the limit of simplicity, the linear models. Based on our analysis of linear models we propose a generalization that yields two explanation techniques (PatternNet and PatternAttribution) that are theoretically sound for linear models and produce improved explanations for deep networks.", 
    "sections": [
      {
        "text": "Deep learning made a huge impact on a wide variety of applications (Krizhevsky et al., 2012; Sutskever et al., 2014; LeCun et al., 2015; Schmidhuber, 2015; Mnih et al., 2015; Silver et al., 2016) and recent neural network classifiers have become excellent at detecting relevant signals (e.g., the presence of a cat) contained in input data points such as images by filtering out all other, nonrelevant and distracting components also present in the data. This separation of signal and distractors is achieved by passing the input through many layers with millions of parameters and nonlinear activation functions in between, until finally at the output layer, these models yield a highly condensed version of the signal, e.g. a single number indicating the probability of a cat being in the image.\nWhile deep neural networks learn efficient and powerful representations, they are often considered a \u2018black-box\u2019. In order to better understand classifier decisions and to gain insight into how these models operate, a variety techniques have been proposed (Simonyan et al., 2014; Yosinski et al., 2015; Nguyen et al., 2016; Baehrens et al., 2010; Bach et al., 2015; Montavon et al., 2017; Zeiler & Fergus, 2014; Springenberg et al., 2015; Zintgraf et al., 2017; Sundararajan et al., 2017; Smilkov et al., 2017). These methods for explaining classifier decisions operate under the assumption that it is possible to propagate the condensed output signal back through the classifier to arrive at something that shows how the relevant signal was encoded in the input and thereby explains the classifier decision. Simply put, if the classifier detected a cat, the visualization should point to the cat-relevant aspects of the input image from the perspective of the network. Techniques that are based on this principle include saliency maps from network gradients (Baehrens et al., 2010; Simonyan et al., 2014), DeConvNet (Zeiler & Fergus, 2014, DCN), Guided BackProp (Springenberg et al., 2015, GBP), \u2217Part of this work was done at TU Berlin, part of the work was part of the Google Brain Residency program. \u2020KRM is also with Korea University and Max Planck Institute for Informatics, Saarbru\u0308cken, Germany \u2021Sven Da\u0308hne is now at Amazon\nLayer-wise Relevance Propagation (Bach et al., 2015, LRP) and the Deep Taylor Decomposition (Montavon et al., 2017, DTD), Integrated Gradients (Sundararajan et al., 2017) and SmoothGrad (Smilkov et al., 2017).\nThe merit of explanation methods is often demonstrated by applying them to state-of-the-art deep learning models in the context of high dimensional real world data, such as ImageNet, where the provided explanation is intuitive to humans. Unfortunately, theoretical analysis as well as quantitative empirical evaluations of these methods are lacking.\nDeep neural networks are essentially a composition of linear transformations connected with nonlinear activation functions. Since approaches, such as DeConvNet, Guided BackProp, and LRP, back-propagate the explanations in a layer-wise fashion, it is crucial that the individual linear layers are handled correctly. In this work we show that these gradient-based methods fail to recover the signal even for a single-layer architecture, i.e. a linear model. We argue that therefore they cannot be expected to reliably explain a deep neural network and demonstrate this with quantitative and qualitative experiments. In particular, we provide the following key contributions:\n\u2022 We analyze the performance of existing explanation approaches in the controlled setting of a linear model (Sections 2 and 3).\n\u2022 We categorize explanation methods into three groups \u2013 functions, signals and attribution (see Fig. 1) \u2013 that require fundamentally different interpretations and are complementary in terms of information about the neural network (Section 3).\n\u2022 We propose two novel explanation methods \u2013 PatternNet and PatternAttribution \u2013 that alleviate shortcomings of current approaches, as discovered during our analysis, and improve explanations in real-world deep neural networks visually and quantitatively (Sections 4 and 5).\nThis presents a step towards a thorough analysis of explanation methods and suggests qualitatively and measurably improved explanations. These are crucial requirements for reliable explanation techniques, in particular in domains, where explanations are not necessarily intuitive, e.g. in health and the sciences Schu\u0308tt et al. (2017).\nNotation and scope Scalars are lowercase letters (i), column vectors are bold (u), element-wise multiplication is ( ). The covariance between u and v is cov[u,v], the covariance of u and i is cov[u, i]. The variance of a scalar random variable i is \u03c32i . Estimates of random variables will have a hat (u\u0302). We analyze neural networks excluding the final soft-max output layer. To allow for analytical treatment, we only consider networks with linear neurons optionally followed by a rectified linear unit (ReLU), max-pooling or soft-max. We analyze linear neurons and nonlinearities independently such that every neuron has its own weight vector. These restrictions are similar to those in the saliency map (Simonyan et al., 2014), DCN (Zeiler & Fergus, 2014), GBP (Springenberg\net al., 2015), LRP (Bach et al., 2015) and DTD (Montavon et al., 2017). Without loss of generality, biases are considered constant neurons to enhance clarity.", 
        "heading": "1 INTRODUCTION"
      }, 
      {
        "text": "In this section, we analyze explanation methods for deep neural network, starting with the simplest neural network setting: a purely linear model and data sampled from a linear generative model. This setup allows us to (i) fully control how signal and distractor components are encoded in the input data and (ii) analytically track how the resulting explanation relates to the known signal component. This analysis allows us then to highlight shortcomings of current explanation approaches that carry over to deep neural networks.\nConsider the following toy example (see Fig. 2) where we generate data x as:\nx = s+ d s = asy, with as = (1, 0) T , y \u2208 [\u22121, 1]\nd = ad , with ad = (1, 1) T , \u223c N ( \u00b5, \u03c32 ) .\nWe train a linear regression model to extract y from x. By construction, s is the signal in our data, i.e., the part of x containing information about y. Using the terminology of Haufe et al. (2014) the distractor d obfuscates the signal making the detection task more difficult. To optimally extract y, our model has to be able to filter out the distractor d. This is why the weight vector is also called the filter. In the example, w = [1,\u22121]T fulfills this convex task. From this example, we can make several observations: The optimal weight vector w does not align, in general, with the signal direction as, but tries to filter the contribution of the distractor (see Fig. 2). This is optimally solved when the weight vector is orthogonal to the distractor wTd = 0. Therefore, when the direction of the distractor ad changes, w must follow, as illustrated on the right hand side of the figure. On the other hand, a change in signal direction as can be compensated for by a change in sign and magnitude of w such that wTas = 1, but the direction stays constant.\nThe fact that the direction of the weight vector in a linear model is largely determined by the distractor implies that given only the weight vector, we cannot know what part of the input produces the output y. On the contrary, the direction as must be learned from data.\nNow assume that we have additive isotropic Gaussian noise. The mean of the noise can easily be compensated for with a bias change. Therefore, we only have to consider the zero-mean case. Since isotropic Gaussian noise does not contain any correlations or structure, the only way to remove it is by averaging over different measurements. It is not possible to cancel it out effectively by using a well-chosen weight vector. However, it is well known that adding Gaussian noise shrinks the weight vector and corresponds to L2 regularization. In the absence of a structured distractor, the smallest weight vector w such that wTas = 1 is the one in the direction of the signal. Therefore in practice both these effects influence the actual weight vector.\nAs already indicated above, deep neural networks are essentially a composition of linear layers and non-linear activation functions. In the next section, we will show that gradient-based methods, e.g., DeConvNet, Guided BackProp, and LRP, are not able to distinguish signal from distractor in a linear model and therefore back-propagate sub-optimal explanations in deeper networks. This analysis allows us to develop improved layer-wise explanation techniques and to demonstrate quantitative and qualitative better explanations for deep neural networks.\nTerminology Throughout this manuscript we will use the following terminology: The filter w tells us how to extract the output y optimally from data x. The pattern as is the direction in the data along which the desired output y varies. Both constitute the signal s = asy, i.e., the contributing part of x. The distractor d is the component of the data that does not contain information about the desired output.", 
        "heading": "2 UNDERSTANDING LINEAR MODELS"
      }, 
      {
        "text": "In this section, we take a look at a subset of explanation methods for individual classifier decisions and discuss how they are connected to our analysis of linear models in the previous section. Fig. 1 gives an overview of the different types of explanation methods which can be divided into function, signal and attribution visualizations. These three groups all present different information about the network and complement each other.\nFunctions \u2013 gradients, saliency map Explaining the function in input space corresponds to describing the operations the model uses to extract y from x. Since deep neural networks are highly nonlinear, this can only be approximated. The saliency map estimates how moving along a particular direction in input space influences y (i.e., sensitivity analysis) where the direction is given by the model gradient (Baehrens et al., 2010; Simonyan et al., 2014). In case of a linear model y = wTx, the saliency map reduces to analyzing the weights \u2202y/\u2202x = w. Since it is mostly determined by the distractor, as demonstrated above, it is not representing the signal. It tells us how to extract the signal, not what the signal is in a deep neural network.\nSignal \u2013 DeConvNet, Guided BackProp, PatternNet The signal s detected by the neural network is the component of the data that caused the networks activations. Zeiler & Fergus (2014) formulated the goal of these methods as \u201d[...] to map these activities back to the input pixel space, showing what input pattern originally caused a given activation in the feature maps\u201d.\nIn a linear model, the signal corresponds to s = asy. The pattern as contains the signal direction, i.e., it tells us where a change of the output variable is expected to be measurable in the input (Haufe et al., 2014). Attempts to visualize the signal for deep neural networks were made using DeConvNet (Zeiler & Fergus, 2014) and Guided BackProp (Springenberg et al., 2015). These use the same algorithm as the saliency map, but treat the rectifiers differently (see Fig. 1): DeConvNet leaves out the rectifiers from the forward pass, but adds additional ReLUs after each deconvolution, while Guided BackProp uses the ReLUs from the forward pass as well as additional ones. The back-projections for the linear components of the network correspond to a superposition of what are assumed to be the signal directions of each neuron. For this reason, these projections must be seen as an approximation of the features that activated the higher layer neuron. It is not a reconstruction in input space (Zeiler & Fergus, 2014).\nFor the simplest of neural networks \u2013 the linear model \u2013 these visualizations reduce to the gradient1. They show the filter w and neither the pattern as, nor the signal s. Hence, DeConvNet and Guided BackProp do not guarantee to produce the detected signal for a linear model, which is proven by our toy example in Fig. 2. Since they do produce compelling visualizations, we will later investigate whether the direction of the filter w coincides with the direction of the signal s. We will show that this is not the case and propose a new approach, PatternNet (see Fig. 1), to estimate the correct direction that improves upon the DeConvNet and Guided BackProp visualizations.\n1In tensorflow terminoloy: linear model on MNIST can be seen as a convolutional neural network with VALID padding and a 28 by 28 filter size.\nAttribution \u2013 LRP, Deep Taylor Decomposition, PatternAttribution Finally, we can look at how much the signal dimensions contribute to the output through the layers. This will be referred to as the attribution. For a linear model, the optimal attribution would be obtained by element-wise multiplying the signal with the weight vector: rinput = w ay, with the element-wise multiplication. Bach et al. (2015) introduced layer-wise relevance propagation (LRP) as a decomposition of pixel-wise contributions (called relevances). Montavon et al. (2017) extended this idea and proposed the deep Taylor decomposition (DTD). The key idea of DTD is to decompose the activation of a neuron in terms of contributions from its inputs. This is achieved using a first-order Taylor expansion around a root point x0 with wTx0 = 0. The relevance of the selected output neuron i is initialized with its output from the forward pass. The relevance from neuron i in layer l is re-distributed towards its input as:\nroutputi = y, r output j 6=i = 0, r\nl\u22121,i = w (x\u2212 x0)\nwTx rli.\nTo obtain the relevance for neuron i in layer l\u22121 the incoming relevances from all connected neurons j in layer l are summed\nrl\u22121i = \u2211 j rl\u22121,ji .\nHere we can safely assume that wTx > 0 because a non-active ReLU unit from the forward pass stops the re-distribution in the backward pass. This is identical to how a ReLU stops the propagation of the gradient. The difficulty in the application of the deep Taylor decomposition is the choice of the root point x0, for which many options are available. It is important to recognize at this point that selecting a root point for the DTD corresponds to estimating the distractor x0 = d and, by that, the signal s\u0302 = x\u2212 x0. PatternAttribution is a DTD extension that learns from data how to set the root point.\nSummarizing, the function extracts the signal from the data by removing the distractor. The attribution of output values to input dimensions shows how much an individual component of the signal contributes to the output, which is what LRP calls relevance.", 
        "heading": "3 OVERVIEW OF EXPLANATION APPROACHES AND THEIR BEHAVIOR"
      }, 
      {
        "text": "Visualizing the function has proven to be straightforward (Baehrens et al., 2010; Simonyan et al., 2014). In contrast, visualizing the signal (Haufe et al., 2014; Zeiler & Fergus, 2014; Springenberg et al., 2015) and the attribution (Bach et al., 2015; Montavon et al., 2017; Sundararajan et al., 2017) is more difficult. It requires a good estimate of what is the signal and what is the distractor. In the following section we first propose a quality measure for neuron-wise signal estimators. This allows us to evaluate existing approaches and, finally, derive signal estimators that optimize this criterion. These estimators will then be used to explain the signal (PatternNet) and the attribution (PatternAttribution). All mentioned techniques as well as our proposed signal estimators treat neurons independently, i.e., the full explanation will be a superposition of neuron-wise explanations.", 
        "heading": "4 LEARNING TO ESTIMATE THE SIGNAL"
      }, 
      {
        "text": "Recall that the input data x comprises both signal and distractor: x = s+d, and that the signal contributes to the output but the distractor does not. Assuming the filter w has been trained sufficiently well to extract y, we have\nwTx = y, wTs = y, wTd = 0.\nNote that estimating the signal based on these conditions alone is an ill-posed problem. We could limit ourselves to linear estimators of the form s\u0302 = u(wTu)\u22121y, with u a random vector such that wTu 6= 0. For such an estimator, the signal estimate s\u0302 = u ( wTu )\u22121 y satisfies wT s\u0302 = y. This implies the existence of an infinite number of possible rules for the DTD as well as infinitely many back-projections for the DeConvNet family.\nTo alleviate this issue, we introduce the following quality measure \u03c1 for a signal estimator S(x) = s\u0302 that will be written with explicit variances and covariances using the shorthands d\u0302 = x\u2212 S(x) and\ny = wTx:\n\u03c1(S) = 1\u2212max v\ncorr ( wTx,vT (x\u2212 S(x)) ) = 1\u2212max\nv vT cov[d\u0302, y]\u221a \u03c32 vT d\u0302 \u03c32y . (1)\nThis criterion introduces an additional constraint by measuring how much information about y can be reconstructed from the residuals x \u2212 s\u0302 using a linear projection. The best signal estimators remove most of the information in the residuals and thus yield large \u03c1(S). Since the correlation is invariant to scaling, we constrain vT d\u0302 to have variance \u03c32\nvT d\u0302 = \u03c32y . Finding the optimal v for a\nfixed S(x) amounts to a least-squares regression from d\u0302 to y. This enables us to assess the quality of signal estimators efficiently.", 
        "heading": "4.1 QUALITY CRITERION FOR SIGNAL ESTIMATORS"
      }, 
      {
        "text": "Let us now discuss two signal estimators that have been used in previous approaches.\nSx \u2013 the identity estimator The naive approach to signal estimation is to assume the entire data is signal and there are no distractors:\nSx(x) = x.\nWith this being plugged into the deep Taylor framework, we obtain the z-rule (Montavon et al., 2017) which is equivalent to LRP (Bach et al., 2015). For a linear model, this corresponds to r = w x as the attribution. It can be shown that for ReLU and max-pooling networks, the z-rule reduces to the element-wise multiplication of the input and the saliency map (Shrikumar et al., 2016; Kindermans et al., 2016). This means that for a whole network, the assumed signal is simply the original input image. It also implies that, if there are distractors present in the data, they are included in the attribution:\nr = w x = w s+w d. When moving through the layers by applying the filters w during the forward pass, the contributions from the distractor d are cancelled out. However, they cannot be cancelled in the backward pass by the element-wise multiplication. The distractor contributions w d that are included in the LRP explanation cause the noisy nature of the visualizations based on the z-rule.\nSw \u2013 the filter based estimator The implicit assumption made by DeConvNet and Guided BackProp is that the detected signal varies in the direction of the weight vector w. This weight vector has to be normalized in order to be a valid signal estimator. In the deep Taylor decomposition framework this corresponds to the w2-rule and results in the following signal estimator:\nSw(x) = w\nwTw wTx.\nFor a linear model, this produces an attribution of the form w w wTw y. This estimator does not reconstruct the proper signal in the toy example of section 2. Empirically it is also sub-optimal in our experiment in Fig. 3.", 
        "heading": "4.2 EXISTING SIGNAL ESTIMATORS"
      }, 
      {
        "text": "We suggest to learn the signal estimator S from data by optimizing the previously established criterion. A signal estimator S is optimal with respect to Eq. (1) if the correlation is zero for all possible v: \u2200v, cov[y, d\u0302]v = 0. This is the case when there is no covariance between y and d\u0302. Because of linearity of the covariance and since d\u0302 = x\u2212 S(x) the above condition leads to\ncov[y, d\u0302] = 0\u21d2 cov[x, y] = cov[S(x), y]. (2)\nIt is important to recognize that the covariance is a summarizing statistic and consequently the problem can still be solved in multiple ways. We will present two possible solutions to this problem. Note that when optimizing the estimator, the contribution from the bias neuron will be considered 0 since it does not covary with the output y.\nSa \u2013 The linear estimator A linear neuron can only extract linear signals s from its input x. Therefore, we could assume a linear dependency between s and y, yielding a signal estimator:\nSa(x) = aw Tx. (3)\nPlugging this into Eq. (2) and optimising for a yields\ncov[x, y] = cov[awTx, y] = acov[y, y]\u21d2 a = cov[x, y] \u03c32y . (4)\nNote that this solution is equivalent to the approach commonly used in neuro-imaging (Haufe et al., 2014) despite different derivation. With this approach we can recover the signal of our toy example in section 2. It is equivalent to the filter-based approach only if the distractors are orthogonal to the signal. We found that the linear estimator works well for the convolutional layers. However, when using this signal estimator with ReLUs in the dense layers, there is still a considerable correlation left in the distractor component (see Fig. 3).\nSa+\u2212 \u2013 The two-component estimator To move beyond the linear signal estimator, it is crucial to understand how the rectifier influences the training. Since the gate of the ReLU closes for negative activations, the weights only need to filter the distractor component of neurons with y > 0. Since this allows the neural network to apply filters locally, we cannot assume a global distractor component. We rather need to distinguish between the positive and negative regime:\nx = { s+ + d+ if y > 0 s\u2212 + d\u2212 otherwise\nEven though signal and distractor of the negative regime are canceled by the following ReLU, we still need to make this distinction in order to approximate the signal. Otherwise, information about whether a neuron fired would be retained in the distractor. Thus, we propose the two-component signal estimator:\nSa+\u2212(x) =\n{ a+w\nTx, if wTx > 0 a\u2212w Tx, otherwise (5)\nNext, we derive expressions for the patterns a+ and a\u2212. We denote expectations over x within the positive and negative regime with E+ [x] and E\u2212 [x], respectively. Let \u03c0+ be the expected ratio of inputs x with wTx > 0. The covariance of data/signal and output become:\ncov[x, y] = \u03c0+ (E+ [xy]\u2212 E+ [x]E [y]) + (1\u2212 \u03c0+) (E\u2212 [xy]\u2212 E\u2212 [x]E [y]) (6) cov[s, y] = \u03c0+ (E+ [sy]\u2212 E+ [s]E [y]) + (1\u2212 \u03c0+) (E\u2212 [sy]\u2212 E\u2212 [s]E [y]) (7)\nAssuming both covariances are equal, we can treat the positive and negative regime separately using Eq. (2) to optimize the signal estimator:\nE+ [xy]\u2212 E+ [x]E [y] = E+ [sy]\u2212 E+ [s]E [y] Plugging in Eq. (5) and solving for a+ yields the required parameter (a\u2212 analogous).\na+ = E+ [xy]\u2212 E+ [x]E [y]\nwT E+ [xy]\u2212wT E+ [x]E [y] (8)\nThe solution for Sa+\u2212 reduces to the linear estimator when the relation between input and output is linear. Therefore, it solves our introductory linear example correctly.\nPatternNet and PatternAttribution Based on the presented analysis, we propose PatternNet and PatternAttribution as illustrated in Fig. 1. PatternNet yields a layer-wise back-projection of the estimated signal to input space. The signal estimator is approximated as a superposition of neuron-wise, nonlinear signal estimators Sa+\u2212 in each layer. It is equal to the computation of the gradient where during the backward pass the weights of the network are replaced by the informative directions. In Fig. 1, a visual improvement over DeConvNet and Guided Backprop is apparent.\nPatternAttribution exposes the attribution w a+ and improves upon the layer-wise relevance propagation (LRP) framework (Bach et al., 2015). It can be seen as a root point estimator for the DeepTaylor Decomposition (DTD). Here, the explanation consists of neuron-wise contributions of the estimated signal to the classification score. By ignoring the distractor, PatternAttribution can reduce the noise and produces much clearer heat maps. By working out the back-projection steps in the Deep-Taylor Decomposition with the proposed root point selection method, it becomes obvious that PatternAttribution is also analogous to the backpropagation operation. In this case, the weights are replaced during the backward pass by w a+.", 
        "heading": "4.3 PATTERNNET AND PATTERNATTRIBUTION"
      }, 
      {
        "text": "To evaluate the quality of the explanations, we focus on the task of image classification. Nevertheless, our method is not restricted to networks operating on image inputs. We used Theano (Bergstra et al., 2010) and Lasagne (Dieleman et al., 2015) for our implementation. We restrict the analysis to the well-known ImageNet dataset (Russakovsky et al., 2015) using the pre-trained VGG-16 model (Simonyan & Zisserman, 2015). Images were rescaled and cropped to 224x224 pixels. The signal estimators are trained on the first half of the training dataset.\nThe vector v, used to measure the quality of the signal estimator \u03c1(x) in Eq. (1), is optimized on the second half of the training dataset. This enables us to test the signal estimators for generalization. All the results presented here were obtained using the official validation set of 50000 samples. The validation set was not used for training the signal estimators, nor for training the vector v to measure the quality. Consequently our results are obtained on previously unseen data.\nThe linear and the two component signal estimators are obtained by solving their respective closed form solutions (Eq. (4) and Eq. (8)). With a highly parallelized implementation using 4 GPUs this could be done in 3-4 hours. This can be considered reasonable given that several days are required to train the actual network. The quality of a signal estimator is assessed with Eq. (1). Solving it with the closed form solution is computationally prohibitive since it must be repeated for every single weight vector in the network. Therefore we optimize the equivalent least-squares problem using stochastic mini-batch gradient descent with ADAM Kingma & Ba (2015) until convergence. This was implemented on a NVIDIA Tesla K40 and took about 24 hours per optimized signal estimator.\nAfter learning to explain, individual explanations are computationally cheap since they can be implemented as a back-propagation pass with a modified weight vector. As a result, our method produces explanations at least as fast as the work by Dabkowski & Gal (2017) on real time saliency. However, our method has the advantage that it is not only applicable to image models but is a generalization of the theory commonly used in neuroimaging Haufe et al. (2014).\nMeasuring the quality of signal estimators In Fig. 3 we present the results from the correlation measure \u03c1(x), where higher values are better. We use random directions as baseline signal estimators. Clearly, this approach removes almost no correlation. The filter-based estimator Sw succeeds in removing some of the information in the first layer. This indicates that the filters are similar to the patterns in this layer. However, the gradient removes much less information in the higher layers. Overall, it does not perform much better than the random estimator. This implies that the weights do not correspond to the detected stimulus in a neural network. Hence the implicit assumptions about the signal made by DeConvNet and Guided BackProp is not valid. The optimized estimators remove much more of the correlations across the board. For convolutional layers, Sa and Sa+\u2212 perform comparably in all but one layer. The two component estimator Sa+\u2212 is best in the dense layers.\nImage degradation The first experiment was a direct measurement of the quality of the signal estimators of individual neurons. The second one is an indirect measurement of the quality, but it considers the whole network. We measure how the prediction (after the soft-max) for the initially selected class changes as a function of corrupting more and more patches based on the ordering assigned by the attribution (see Samek et al., 2016). This is also related to the work by Zintgraf et al. (2017). In this experiment, we split the image in non-overlapping patches of 9x9 pixels. We compute the attribution and sum all the values within a patch. We sort the patches in decreasing order based on the aggregate heat map value. In step n = 1..100 we replace the first n patches with the their mean per color channel to remove the information in this patch. Then, we measure how this influences the classifiers output. We use the estimators from the previous experiment to obtain the function-signal attribution heat maps for evaluation. A steeper decay indicates a better heat map.\nResults are shown in Fig. 4. The baseline, in which the patches are randomly ordered, performs worst. The linear optimized estimator Sa performs quite poorly, followed by the filter-based estimator Sw. The trivial signal estimator Sx performs just slightly better. However, the two component model Sa+\u2212 leads to the fastest decrease in confidence in the original prediction by a large margin. Its excellent quantitative performance is also backed up by the visualizations discussed next.\nQualitative evaluation In Fig. 5, we compare all signal estimators on a single input image. For the trivial estimator Sx, the signal is by definition the original input image and, thus, includes the distractor. Therefore, its noisy attribution heat map shows contributions that cancel each other in the neural network. The Sw estimator captures some of the structure. The optimized estimator Sa results in slightly more structure but struggles on color information and produces dense heat maps. The two component model Sa+\u2212 on the right captures the original input during signal estimation and produces a crisp heat map of the attribution.\nFig. 6 shows the visualizations for six randomly selected images from ImageNet. PatternNet is able to recover a signal close to the original without having to resort to the inclusion of additional rectifiers in contrast to DeConvNet and Guided BackProp. We argue that this is due to the fact that the optimization of the pattern allows for capturing the important directions in input space. This contrasts with the commonly used methods DeConvNet, Guided BackProp, LRP and DTD, for which the correlation experiment indicates that their implicit signal estimator cannot capture\n2max|x| +\n1\n2 to maximize contrast. LRP and PatternAttribution are heat maps showing\npixel-wise contributions.\nthe true signal in the data. Overall, the proposed approach produces the most crisp visualization in addition to being measurably better, as shown in the previous section. Additonally, we also contrast our methods to the prediction-differences analysis by Zintgraf et al. (2017) in the supplementary material.\nRelation to previous methods Our method can be thought of as a generalization of the work by Haufe et al. (2014), making it applicable on deep neural networks. Remarkably, our proposed approach can solve the toy example in section 2 optimally while none of the previously published methods for deep learning are able to solve this (Bach et al., 2015; Montavon et al., 2017; Smilkov et al., 2017; Sundararajan et al., 2017; Zintgraf et al., 2017; Dabkowski & Gal, 2017; Zeiler & Fergus, 2014; Springenberg et al., 2015). Our method shares the idea that to explain a model properly one has to learn how to explain it with Zintgraf et al. (2017) and Dabkowski & Gal (2017). Furthermore, since our approach is after training just as expensive as a single back-propagation step, it can be applied in a real-time context, which is also possible for the work done by Dabkowski & Gal (2017) but not for Zintgraf et al. (2017).", 
        "heading": "5 EXPERIMENTS AND DISCUSSION"
      }, 
      {
        "text": "Understanding and explaining nonlinear methods is an important challenge in machine learning. Algorithms for visualizing nonlinear models have emerged but theoretical contributions are scarce. We have shown that the direction of the model gradient does not necessarily provide an estimate for the signal in the data. Instead it reflects the relation between the signal direction and the distracting noise contributions ( Fig. 2). This implies that popular explanation approaches for neural networks (DeConvNet, Guided BackProp, LRP) do not provide the correct explanation, even for a simple linear model. Our reasoning can be extended to nonlinear models. We have proposed an objective function for neuron-wise explanations. This can be optimized to correct the signal visualizations (PatternNet) and the decomposition methods (PatternAttribution) by taking the data distribution into\naccount. We have demonstrated that our methods constitute a theoretical, qualitative and quantitative improvement towards understanding deep neural networks.", 
        "heading": "6 CONCLUSION"
      }, 
      {
        "text": "This project has received funding from the European Union\u2019s Horizon 2020 research and innovation programme under the Marie Sklodowska-Curie grant agreement NO 657679, the BMBF for the Berlin Big Data Center BBDC (01IS14013A), a hardware donation from NVIDIA. We thank Sander Dieleman, Jonas Degraeve, Ira Korshunova, Stefan Chmiela, Malte Esders, Sarah Hooker, Vincent Vanhoucke for their comments to improve this manuscript. We are grateful to Chris Olah and Gregoire Montavon for the valuable discussions.", 
        "heading": "ACKNOWLEDGMENTS"
      }, 
      {
        "text": "In this section we will give an overview of the visualization algorithms to clarify their actual implementation for ReLu networks. This shows the similarities and the differences between all approaches. For all visualization approaches, the back-projection through a max-pooling layer is only through the path that was active in the forward pass.", 
        "heading": "A ALGORITHMS"
      }, 
      {
        "text": "", 
        "heading": "A.1 FUNCTION VISUALISATION"
      }, 
      {
        "text": "Initialization To compute the gradient of an output neuron w.r.t. to the input, we can initialize the gradient at the output neuron with a single 1, for the non-selected output neurons we initialize it at 0.\ngoutputi = y, g output j 6=i = 0.\nLinear or convolutional layer If it is a linear layer, the gradients from neuron i in layer l can be projected back to its input along the weight vector\ngl\u22121,i = wgli.\nThe gradient of neuron i at layer l \u2212 1 is the sum of all incoming gradients from the layer above: gl\u22121i = \u2211 j gl\u22121,ji .\nReLu layer To propagate through a ReLu, the propagation is blocked if the ReLu was not active in the forward pass.\ngl\u22121i =\n{ gli x l i > 0\n0 otherwise", 
        "heading": "A.1.1 GRADIENT WITH RESPECT TO THE INPUT"
      }, 
      {
        "text": "", 
        "heading": "A.2 SIGNAL VISUALIZATION"
      }, 
      {
        "text": "The DeConvNet visualization is highly similar to the computation of the gradient. The key difference is how the ReLu\u2019s are treated.\nInitialization To compute the visualization of the signal of an output neuron w.r.t. to the input, we can initialize it at the output neuron with the output value y, for the non-selected output neurons we initialize it at 0.\nsoutputi = y, s output j 6=i = 0.\nLinear or convolutional layer If it is a linear layer, the signal from neuron i in layer l can be projected back to its input along the weight vector.\nsl\u22121,i = wsli.\nThe signal of neuron i at layer l \u2212 1 is the sum of all incoming signals from the layer above: sl\u22121i = \u2211 j sl\u22121,ji .\nReLu layer To propagate through a ReLu, the propagation is blocked if the signal is negative\nsl\u22121i =\n{ sli s l i > 0\n0 otherwise", 
        "heading": "A.2.1 DECONVNET"
      }, 
      {
        "text": "The Guided Backpropagation visualization is highly similar to the computation of the gradient. and to DeConvNet. The only difference is how the ReLu\u2019s are treated.\nInitialization To compute the visualization of the signal of an output neuron w.r.t. to the input, we can initialize it at the output neuron with the output value y, for the non-selected output neurons we initialize it at 0.\nsoutputi = y, s output j 6=i = 0.\nLinear or convolutional layer If it is a linear layer, the signal from neuron i in layer l can be projected back to its input along the weight vector\nsl\u22121,i = wsli.\nThe signal of neuron i at layer l \u2212 1 is the sum of all incoming signals from the layer above: sl\u22121i = \u2211 j sl\u22121,ji .\nReLu layer To propagate through a ReLu, the propagation is blocked if the signal is negative or if the neuron was not active in the forward pass\nsl\u22121i =\n{ sli s l i > 0 and x l i > 0\n0 otherwise", 
        "heading": "A.2.2 GUIDED BACKPROPAGATION"
      }, 
      {
        "text": "The PatternNet computation is analogous to the gradient computation. The key difference is that during the backward pass patterns are used instead of weights.\nInitialization To compute the visualization of the signal of an output neuron w.r.t. to the input, we can initialize it at the output neuron with the output value y, for the non-selected output neurons we initialize it at 0.\nsoutputi = y, s output j 6=i = 0.\nLinear or convolutional layer If it is a linear layer, the signal from neuron i in layer l can be projected back to its input along the pattern vector.\nsl\u22121,i = asli.\nIn our case where we use the Sa+\u2212(x) estimator, this vector is always the positive components a+ since non-active ReLu\u2019s block the propagation.\nThe signal of neuron i at layer l \u2212 1 is the sum of all incoming signals from the layer above: sl\u22121i = \u2211 j sl\u22121,ji .\nReLu layer To propagate through a ReLu, the propagation is blocked if the neuron was not active in the forward pass\nsl\u22121i =\n{ sli x l i > 0\n0 otherwise", 
        "heading": "A.2.3 PATTERNNET"
      }, 
      {
        "text": "", 
        "heading": "A.3 ATTRIBUTION VISUALIZATION"
      }, 
      {
        "text": "Initialization To compute the attribution of an output neuron, we can initialize it at the output neuron with the output value y, for the non-selected output neurons we initialize it at 0.\nroutputi = y, r output j 6=i = 0.\nLinear or convolutional layer If it is a linear layer, the signal from neuron i in layer l can be projected back to its input w.r.t. a reference point x0\nrl\u22121,i = w (x\u2212 x0)\nwTx rli.\nIn this work we use the Sa+\u2212(x) estimator. Since a non-active ReLu blocks the propagation, we only have to use the positive component a+.\nThe attribution of neuron i at layer l\u22121 is the sum of all incoming attributions from the layer above: rl\u22121i = \u2211 j rl\u22121,ji .\nReLu layer To propagate through a ReLu, the propagation is blocked if the ReLu was not active in the forward pass.\nrl\u22121i =\n{ rli x l i > 0\n0 otherwise\nA.3.2 LRP\nLRP corresponds to x0 = 0. This allows us to re-write the distribution rule for the linear and convolutional layers as:\nrl\u22121,i = w x wTx rli.\nDivision by zero is not an issue since the propagation is blocked at the ReLu if wTx <= 0.\nA.3.3 PATTERNATTRIBUTION WITH Sa+\u2212(x)\nPatternAttributions corresponds to x0 = x\u2212Sa+\u2212(x). Because propagation is blocked at the ReLu if wTx <= 0, we can always use x0 = x\u2212 a+wTx. This allows us to re-write the distribution rule for the linear and convolutional layers as:\nrl\u22121,i = w\n( x\u2212 x+ a+wTx ) wTx rli.\nThis can be simplified to rl\u22121,i = w a+rli since division by zero is not an issue because the propagation is blocked at the ReLu if wTx <= 0.", 
        "heading": "A.3.1 DEEP-TAYLOR DECOMPOSITION"
      }, 
      {
        "text": "To create the Predictive-Differences analysis visualizations Zintgraf et al. (2017), we used the opensource code provided by the authors with the default parameter settings provided for VGG.", 
        "heading": "B QUALITATIVE COMPARISON TO PREDICTION-DIFFERENCES ANALYSIS"
      }
    ], 
    "emails": [
      "pikinder@google.com", 
      "kristof.schuett@tu-berlin.de", 
      "maximilian.alber@tu-berlin.de", 
      "klaus-robert.mueller@tu-berlin.de", 
      "dumitru@google.com", 
      "beenkim@google.com", 
      "sven.daehne@tu-berlin.de"
    ]
  }
}