{
  "name": "Hyig0zb0Z.pdf", 
  "metadata": {
    "title": null, 
    "year": 2017, 
    "referenceMentions": [
      {
        "referenceID": 16, 
        "startOffset": 83, 
        "context": "We show near state-of-the-art results in word error rate on the LibriSpeech corpus (Panayotov et al., 2015) with MFSC features, both on the CLEAN and OTHER configurations.", 
        "endOffset": 107
      }, 
      {
        "referenceID": 15, 
        "startOffset": 56, 
        "context": "The improvements brought by deep neural networks (DNNs) (Mohamed et al., 2012; Hinton et al., 2012) and convolutional neural networks (CNNs) (Sercu et al.", 
        "endOffset": 99
      }, 
      {
        "referenceID": 11, 
        "startOffset": 56, 
        "context": "The improvements brought by deep neural networks (DNNs) (Mohamed et al., 2012; Hinton et al., 2012) and convolutional neural networks (CNNs) (Sercu et al.", 
        "endOffset": 99
      }, 
      {
        "referenceID": 26, 
        "startOffset": 49, 
        "context": ", 2012) and convolutional neural networks (CNNs) (Sercu et al., 2016; Soltau et al., 2014) for acoustic modeling only extend this training pipeline.", 
        "endOffset": 90
      }, 
      {
        "referenceID": 27, 
        "startOffset": 49, 
        "context": ", 2012) and convolutional neural networks (CNNs) (Sercu et al., 2016; Soltau et al., 2014) for acoustic modeling only extend this training pipeline.", 
        "endOffset": 90
      }, 
      {
        "referenceID": 16, 
        "startOffset": 73, 
        "context": "The current state of the art on LibriSpeech belongs to this approach too (Panayotov et al., 2015; Peddinti et al., 2015b), with an additional step of speaker adaptation (Saon et al.", 
        "endOffset": 121
      }, 
      {
        "referenceID": 22, 
        "startOffset": 56, 
        "context": ", 2015b), with an additional step of speaker adaptation (Saon et al., 2013; Peddinti et al., 2015a).", 
        "endOffset": 99
      }, 
      {
        "referenceID": 7, 
        "startOffset": 131, 
        "context": "An approach that cut ties with the HMM/GMM pipeline (and with forced alignment) was to train with a recurrent neural network (RNN) (Graves et al., 2013) for phoneme transcription.", 
        "endOffset": 152
      }, 
      {
        "referenceID": 9, 
        "startOffset": 98, 
        "context": "There are now competitive end-to-end approaches of acoustic models toppled with RNNs layers as in (Hannun et al., 2014; Miao et al., 2015; Saon et al., 2015; Amodei et al., 2016), trained with a sequence criterion (Graves et al.", 
        "endOffset": 178
      }, 
      {
        "referenceID": 14, 
        "startOffset": 98, 
        "context": "There are now competitive end-to-end approaches of acoustic models toppled with RNNs layers as in (Hannun et al., 2014; Miao et al., 2015; Saon et al., 2015; Amodei et al., 2016), trained with a sequence criterion (Graves et al.", 
        "endOffset": 178
      }, 
      {
        "referenceID": 23, 
        "startOffset": 98, 
        "context": "There are now competitive end-to-end approaches of acoustic models toppled with RNNs layers as in (Hannun et al., 2014; Miao et al., 2015; Saon et al., 2015; Amodei et al., 2016), trained with a sequence criterion (Graves et al.", 
        "endOffset": 178
      }, 
      {
        "referenceID": 0, 
        "startOffset": 98, 
        "context": "There are now competitive end-to-end approaches of acoustic models toppled with RNNs layers as in (Hannun et al., 2014; Miao et al., 2015; Saon et al., 2015; Amodei et al., 2016), trained with a sequence criterion (Graves et al.", 
        "endOffset": 178
      }, 
      {
        "referenceID": 8, 
        "startOffset": 43, 
        "context": ", 2016), trained with a sequence criterion (Graves et al., 2006).", 
        "endOffset": 64
      }, 
      {
        "referenceID": 32, 
        "startOffset": 183, 
        "context": "On conversational speech (that is not the topic of this paper), the state of the art is still held by complex ConvNets+RNNs acoustic models, coupled to domain-adapted language models (Xiong et al., 2017; Saon et al., 2017).", 
        "endOffset": 222
      }, 
      {
        "referenceID": 24, 
        "startOffset": 183, 
        "context": "On conversational speech (that is not the topic of this paper), the state of the art is still held by complex ConvNets+RNNs acoustic models, coupled to domain-adapted language models (Xiong et al., 2017; Saon et al., 2017).", 
        "endOffset": 222
      }, 
      {
        "referenceID": 14, 
        "startOffset": 100, 
        "context": "Compared to sequence criterion based approaches that train directly from speech signal to graphemes (Miao et al., 2015), we propose an RNN-free architecture based on convolutional networks for the acoustic model, toppled with a simple sequence-level variant of CTC.", 
        "endOffset": 119
      }, 
      {
        "referenceID": 0, 
        "startOffset": 51, 
        "context": "Our word-error-rate on clean speech is better than (Amodei et al., 2016), while being worse on noisy speech, but they train on 11,900 hours while we only train on the 960h available in LibriSpeech\u2019s train set.", 
        "endOffset": 72
      }, 
      {
        "referenceID": 3, 
        "startOffset": 148, 
        "context": "Our acoustic model (see an overview in Figure 1) is a Convolutional Neural Network (ConvNet) (LeCun & Bengio, 1995), with Gated Linear Units (GLUs) (Dauphin et al., 2017).", 
        "endOffset": 170
      }, 
      {
        "referenceID": 8, 
        "startOffset": 132, 
        "context": "The model is fed with 40 MFSCs features, and is trained with a variant of the Connectionist Temporal Classification (CTC) criterion (Graves et al., 2006), which does not have blank labels but embarks a simple duration model through letter transitions scores (Collobert et al.", 
        "endOffset": 153
      }, 
      {
        "referenceID": 2, 
        "startOffset": 112, 
        "context": ", 2006), which does not have blank labels but embarks a simple duration model through letter transitions scores (Collobert et al., 2016).", 
        "endOffset": 136
      }, 
      {
        "referenceID": 3, 
        "startOffset": 100, 
        "context": "The acoustic model architecture is based on a 1D Gated Convolutional Neural Network (Gated ConvNet) (Dauphin et al., 2017).", 
        "endOffset": 122
      }, 
      {
        "referenceID": 3, 
        "startOffset": 267, 
        "context": "Gated ConvNets have been shown to reduce the vanishing gradient problem, as they provide a linear path for the gradients while retaining non-linear capabilities, leading to state-of-the-art performance both for natural language modeling and machine translation tasks (Dauphin et al., 2017; Gehring et al., 2017).", 
        "endOffset": 311
      }, 
      {
        "referenceID": 5, 
        "startOffset": 267, 
        "context": "Gated ConvNets have been shown to reduce the vanishing gradient problem, as they provide a linear path for the gradients while retaining non-linear capabilities, leading to state-of-the-art performance both for natural language modeling and machine translation tasks (Dauphin et al., 2017; Gehring et al., 2017).", 
        "endOffset": 311
      }, 
      {
        "referenceID": 1, 
        "startOffset": 59, 
        "context": "In the context of hybrid HMM/NN systems, the MMI criterion (Bahl et al., 1986) maximizes the mutual information between the acoustic sequence and word sequences or the Minimum Bayes Risk (MBR) criterion (Gibson & Hain, 2006).", 
        "endOffset": 78
      }, 
      {
        "referenceID": 20, 
        "startOffset": 59, 
        "context": "Recent state-of-the-art systems leverage the MMI criterion (Povey et al., 2016).", 
        "endOffset": 79
      }, 
      {
        "referenceID": 8, 
        "startOffset": 237, 
        "context": "Standalone neural network architectures have also been trained using the Connectionist Temporal Classification (CTC), which jointly infers the segmentation of the transcription while increase the overall score of the right transcription (Graves et al., 2006).", 
        "endOffset": 258
      }, 
      {
        "referenceID": 0, 
        "startOffset": 3, 
        "context": "In (Amodei et al., 2016) it has been shown that letter-based acoustic models trained with CTC could compete with existing phone-based systems, assuming enough training data is provided.", 
        "endOffset": 24
      }, 
      {
        "referenceID": 3, 
        "startOffset": 56, 
        "context": "Following the original implementation of Gated ConvNets (Dauphin et al., 2017), we found that using both weight normalization (Salimans & Kingma, 2016) and gradient clipping (Pascanu et al.", 
        "endOffset": 78
      }, 
      {
        "referenceID": 17, 
        "startOffset": 103, 
        "context": ", 2017), we found that using both weight normalization (Salimans & Kingma, 2016) and gradient clipping (Pascanu et al., 2013) were speeding up training convergence.", 
        "endOffset": 125
      }, 
      {
        "referenceID": 16, 
        "startOffset": 96, 
        "context": "We benchmarked our system on LibriSpeech, a large speech database freely available for download (Panayotov et al., 2015).", 
        "endOffset": 120
      }, 
      {
        "referenceID": 30, 
        "startOffset": 36, 
        "context": "pNorm is a particular non-linearity (Waibel, 1989).", 
        "endOffset": 50
      }, 
      {
        "referenceID": 16, 
        "startOffset": 16, 
        "context": "Extra Resources (Panayotov et al., 2015) HMM+DNN+pNorm phone fMLLR phone lexicon (Amodei et al.", 
        "endOffset": 40
      }, 
      {
        "referenceID": 0, 
        "startOffset": 48, 
        "context": ", 2015) HMM+DNN+pNorm phone fMLLR phone lexicon (Amodei et al., 2016) 2D-CNN+RNN letter none 11.", 
        "endOffset": 69
      }, 
      {
        "referenceID": 20, 
        "startOffset": 46, 
        "context": ", 2015b) HMM+CNN phone iVectors phone lexicon (Povey et al., 2016) HMM+CNN phone iVectors phone lexicon, phone LM, data augm.", 
        "endOffset": 66
      }, 
      {
        "referenceID": 12, 
        "startOffset": 0, 
        "context": "(Ko et al., 2015) HMM+CNN+pNorm phone iVectors phone lexicon, data augm.", 
        "endOffset": 17
      }, 
      {
        "referenceID": 0, 
        "startOffset": 14, 
        "context": "DEEP SPEECH 2 (Amodei et al., 2016) is the system which is the most related to ours.", 
        "endOffset": 35
      }
    ], 
    "source": "CRF", 
    "creator": "LaTeX with hyperref package", 
    "references": [
      {
        "shortCiteRegEx": "Amodei et al\\.", 
        "author": [
          "Dario Amodei", 
          "Sundaram Ananthanarayanan", 
          "Rishita Anubhai", 
          "Jingliang Bai", 
          "Eric Battenberg", 
          "Carl Case", 
          "Jared Casper", 
          "Bryan Catanzaro", 
          "Qiang Cheng", 
          "Guoliang Chen", 
          "Jie Chen", 
          "Jingdong Chen", 
          "Zhijie Chen", 
          "Mike Chrzanowski", 
          "Adam Coates", 
          "Greg Diamos"
        ], 
        "citeRegEx": "Amodei et al\\.,? \\Q2016\\E", 
        "venue": "In International Conference on Machine Learning (ICML),", 
        "year": 2016, 
        "title": "Deep speech 2 : End-to-end speech recognition in english and mandarin"
      }, 
      {
        "shortCiteRegEx": "Bahl et al\\.", 
        "author": [
          "Lalit R. Bahl", 
          "Peter F. Brown", 
          "Peter V. de Souza", 
          "Robert L. Mercer"
        ], 
        "citeRegEx": "Bahl et al\\.,? \\Q1986\\E", 
        "venue": "In International Conference on Acoustics, Speech and Signal Processing (ICASSP),", 
        "year": 1986, 
        "title": "Maximum mutual information estimation of hidden Markov model parameters for speech recognition"
      }, 
      {
        "shortCiteRegEx": "Collobert et al\\.", 
        "author": [
          "Ronan Collobert", 
          "Christian Puhrsch", 
          "Gabriel Synnaeve"
        ], 
        "citeRegEx": "Collobert et al\\.,? \\Q2016\\E", 
        "venue": null, 
        "year": 2016, 
        "title": "Wav2letter: an end-to-end convnet-based speech recognition system"
      }, 
      {
        "shortCiteRegEx": "Dauphin et al\\.", 
        "author": [
          "Yann N. Dauphin", 
          "Angela Fan", 
          "Michael Auli", 
          "David Grangier"
        ], 
        "citeRegEx": "Dauphin et al\\.,? \\Q2017\\E", 
        "venue": "In International Conference on Machine Learning (ICML),", 
        "year": 2017, 
        "title": "Language modeling with gated convolutional nets"
      }, 
      {
        "shortCiteRegEx": "Gales and Woodland.", 
        "author": [
          "Mark J.F. Gales", 
          "Phil C. Woodland"
        ], 
        "citeRegEx": "Gales and Woodland.,? \\Q1996\\E", 
        "venue": "Computer Speech and Language,", 
        "year": 1996, 
        "title": "Mean and variance adaptation within the MLLR framework"
      }, 
      {
        "shortCiteRegEx": "Gehring et al\\.", 
        "author": [
          "Jonas Gehring", 
          "Michael Auli", 
          "David Grangier", 
          "Denis Yarats", 
          "Yann N. Dauphin"
        ], 
        "citeRegEx": "Gehring et al\\.,? \\Q2017\\E", 
        "venue": "In International Conference on Machine Learning (ICML),", 
        "year": 2017, 
        "title": "Convolutional sequence to sequence learning"
      }, 
      {
        "shortCiteRegEx": "Gibson and Hain.", 
        "author": [
          "Matthew Gibson", 
          "Thomas Hain"
        ], 
        "citeRegEx": "Gibson and Hain.,? \\Q2006\\E", 
        "venue": "In Interspeech,", 
        "year": 2006, 
        "title": "Hypothesis spaces for minimum Bayes risk training in large vocabulary speech recognition"
      }, 
      {
        "shortCiteRegEx": "Graves et al\\.", 
        "author": [
          "Alan Graves", 
          "Abdel-rahman Mohamed", 
          "Geoffrey Hinton"
        ], 
        "citeRegEx": "Graves et al\\.,? \\Q2013\\E", 
        "venue": "In International Conference on Acoustics, Speech and Signal Processing (ICASSP),", 
        "year": 2013, 
        "title": "Speech recognition with deep recurrent neural networks"
      }, 
      {
        "shortCiteRegEx": "Graves et al\\.", 
        "author": [
          "Alex Graves", 
          "Santiago Fern\u00e1ndez", 
          "Faustino Gomez", 
          "J\u00fcrgen Schmidhuber"
        ], 
        "citeRegEx": "Graves et al\\.,? \\Q2006\\E", 
        "venue": "In International Conference on Machine Learning (ICML),", 
        "year": 2006, 
        "title": "Connectionist temporal classification: labelling unsegmented sequence data with recurrent neural networks"
      }, 
      {
        "shortCiteRegEx": "Hannun et al\\.", 
        "author": [
          "Awni Y. Hannun", 
          "Carl Case", 
          "Jared Casper", 
          "Bryan Catanzaro", 
          "Greg Diamos", 
          "Erich Elsen", 
          "Ryan Prenger", 
          "Sanjeev Satheesh", 
          "Shubho Sengupta", 
          "Adam Coates", 
          "Andrew Y. Ng"
        ], 
        "citeRegEx": "Hannun et al\\.,? \\Q2014\\E", 
        "venue": null, 
        "year": 2014, 
        "title": "Deep speech: Scaling up end-to-end speech recognition"
      }, 
      {
        "shortCiteRegEx": "Heafield et al\\.", 
        "author": [
          "Kenneth Heafield", 
          "Ivan Pouzyrevsky", 
          "Jonathan H. Clark", 
          "Philipp Koehn"
        ], 
        "citeRegEx": "Heafield et al\\.,? \\Q2013\\E", 
        "venue": "In Annual Meeting of the Association for Computational Linguistics (ACL),", 
        "year": 2013, 
        "title": "Scalable modified kneser-ney language model estimation"
      }, 
      {
        "shortCiteRegEx": "Hinton et al\\.", 
        "author": [
          "Geoffrey Hinton", 
          "Li Deng", 
          "Dong Yu", 
          "George Dahl", 
          "Abdel rahman Mohamed", 
          "Navdeep Jaitly", 
          "Andrew Senior", 
          "Vincent Vanhoucke", 
          "Patrick Nguyen", 
          "Tara Sainath", 
          "Brian Kingsbury"
        ], 
        "citeRegEx": "Hinton et al\\.,? \\Q2012\\E", 
        "venue": "Signal Processing Magazine,", 
        "year": 2012, 
        "title": "Deep neural networks for acoustic modeling in speech recognition"
      }, 
      {
        "shortCiteRegEx": "Ko et al\\.", 
        "author": [
          "Tom Ko", 
          "Vijayaditya Peddinti", 
          "Daniel Povey", 
          "Sanjeev Khudanpur"
        ], 
        "citeRegEx": "Ko et al\\.,? \\Q2015\\E", 
        "venue": "In Interspeech,", 
        "year": 2015, 
        "title": "Audio augmentation for speech recognition"
      }, 
      {
        "shortCiteRegEx": "LeCun and Bengio.", 
        "author": [
          "Yann LeCun", 
          "Yoshua Bengio"
        ], 
        "citeRegEx": "LeCun and Bengio.,? \\Q1995\\E", 
        "venue": "The handbook of brain theory and neural networks,", 
        "year": 1995, 
        "title": "Convolutional networks for images, speech, and time series"
      }, 
      {
        "shortCiteRegEx": "Miao et al\\.", 
        "author": [
          "Yajie Miao", 
          "Mohammad Gowayyed", 
          "Florian Metze"
        ], 
        "citeRegEx": "Miao et al\\.,? \\Q2015\\E", 
        "venue": "In Automatic Speech Recognition and Understanding Workshop (ASRU),", 
        "year": 2015, 
        "title": "Eesen: End-to-end speech recognition using deep RNN models and WFST-based decoding"
      }, 
      {
        "shortCiteRegEx": "Mohamed et al\\.", 
        "author": [
          "Abdel-rahman Mohamed", 
          "George E Dahl", 
          "Geoffrey Hinton"
        ], 
        "citeRegEx": "Mohamed et al\\.,? \\Q2012\\E", 
        "venue": "Transactions on Audio, Speech, and Language Processing,", 
        "year": 2012, 
        "title": "Acoustic modeling using deep belief networks"
      }, 
      {
        "shortCiteRegEx": "Panayotov et al\\.", 
        "author": [
          "Vassil Panayotov", 
          "Guoguo Chen", 
          "Daniel Povey", 
          "Sanjeev Khudanpur"
        ], 
        "citeRegEx": "Panayotov et al\\.,? \\Q2015\\E", 
        "venue": "In International Conference on Acoustics, Speech and Signal Processing (ICASSP),", 
        "year": 2015, 
        "title": "Librispeech: an ASR corpus based on public domain audio books"
      }, 
      {
        "shortCiteRegEx": "Pascanu et al\\.", 
        "author": [
          "Razvan Pascanu", 
          "Tomas Mikolov", 
          "Yoshua Bengio"
        ], 
        "citeRegEx": "Pascanu et al\\.,? \\Q2013\\E", 
        "venue": "In International Conference on Machine Learning (ICML),", 
        "year": 2013, 
        "title": "On the difficulty of training recurrent neural networks"
      }, 
      {
        "shortCiteRegEx": "Peddinti et al\\.", 
        "author": [
          "Vijayaditya Peddinti", 
          "Guoguo Chen", 
          "Vimal Manohar", 
          "Tom Ko", 
          "Daniel Povey", 
          "Sanjeev Khudanpur"
        ], 
        "citeRegEx": "Peddinti et al\\.,? \\Q2015\\E", 
        "venue": "In Automatic Speech Recognition and Understanding Workshop (ASRU),", 
        "year": 2015, 
        "title": "JHU ASpIRE system: Robust LVCSR with TDNNs, iVector adaptation, and RNN-LMs"
      }, 
      {
        "shortCiteRegEx": "Peddinti et al\\.", 
        "author": [
          "Vijayaditya Peddinti", 
          "Daniel Povey", 
          "Sanjeev Khudanpur"
        ], 
        "citeRegEx": "Peddinti et al\\.,? \\Q2015\\E", 
        "venue": "In Interspeech,", 
        "year": 2015, 
        "title": "A time delay neural network architecture for efficient modeling of long temporal contexts"
      }, 
      {
        "shortCiteRegEx": "Povey et al\\.", 
        "author": [
          "Daniel Povey", 
          "Vijayaditya Peddinti", 
          "Daniel Galvez", 
          "Pegah Ghahremani", 
          "Vimal Manohar", 
          "Xingyu Na", 
          "Yiming Wang", 
          "Sanjeev Khudanpur"
        ], 
        "citeRegEx": "Povey et al\\.,? \\Q2016\\E", 
        "venue": "In Interspeech,", 
        "year": 2016, 
        "title": "Purely sequence-trained neural networks for ASR based on lattice-free MMI"
      }, 
      {
        "shortCiteRegEx": "Salimans and Kingma.", 
        "author": [
          "Tim Salimans", 
          "Diederik P. Kingma"
        ], 
        "citeRegEx": "Salimans and Kingma.,? \\Q2016\\E", 
        "venue": "In Advances in Neural Information Processing Systems (NIPS),", 
        "year": 2016, 
        "title": "Weight normalization: A simple reparameterization to accelerate training of deep neural networks"
      }, 
      {
        "shortCiteRegEx": "Saon et al\\.", 
        "author": [
          "George Saon", 
          "Hagen Soltau", 
          "David Nahamoo", 
          "Michael Picheny"
        ], 
        "citeRegEx": "Saon et al\\.,? \\Q2013\\E", 
        "venue": "In Automatic Speech Recognition and Understanding Workshop (ASRU),", 
        "year": 2013, 
        "title": "Speaker adaptation of neural network acoustic models using I-Vectors"
      }, 
      {
        "shortCiteRegEx": "Saon et al\\.", 
        "author": [
          "George Saon", 
          "Hong-Kwang J Kuo", 
          "Steven Rennie", 
          "Michael Picheny"
        ], 
        "citeRegEx": "Saon et al\\.,? \\Q2015\\E", 
        "venue": null, 
        "year": 2015, 
        "title": "The IBM 2015 english conversational telephone speech recognition system"
      }, 
      {
        "shortCiteRegEx": "Saon et al\\.", 
        "author": [
          "George Saon", 
          "Gakuto Kurata", 
          "Tom Sercu", 
          "Kartik Audhkhasi", 
          "Samuel Thomas", 
          "Dimitrios Dimitriadis", 
          "Xiaodong Cui", 
          "Bhuvana Ramabhadran", 
          "Michael Picheny", 
          "Lynn-Li Lim"
        ], 
        "citeRegEx": "Saon et al\\.,? \\Q2017\\E", 
        "venue": "by humans and machines", 
        "year": 2017, 
        "title": "English conversational telephone speech recognition"
      }, 
      {
        "shortCiteRegEx": "Senior et al\\.", 
        "author": [
          "Andrew Senior", 
          "Georg Heigold", 
          "Michiel Bacchiani", 
          "Hank Liao"
        ], 
        "citeRegEx": "Senior et al\\.,? \\Q2014\\E", 
        "venue": "In International Conference on Acoustics, Speech and Signal Processing (ICASSP),", 
        "year": 2014, 
        "title": "GMM-free DNN training"
      }, 
      {
        "shortCiteRegEx": "Sercu et al\\.", 
        "author": [
          "Tom Sercu", 
          "Christian Puhrsch", 
          "Brian Kingsbury", 
          "Yann LeCun"
        ], 
        "citeRegEx": "Sercu et al\\.,? \\Q2016\\E", 
        "venue": "In International Conference on Acoustics, Speech and Signal Processing (ICASSP),", 
        "year": 2016, 
        "title": "Very deep multilingual convolutional neural networks for LVCSR"
      }, 
      {
        "shortCiteRegEx": "Soltau et al\\.", 
        "author": [
          "Hagen Soltau", 
          "George Saon", 
          "Tara N. Sainath"
        ], 
        "citeRegEx": "Soltau et al\\.,? \\Q2014\\E", 
        "venue": "In International Conference on Acoustics, Speech and Signal Processing (ICASSP),", 
        "year": 2014, 
        "title": "Joint training of convolutional and nonconvolutional neural networks"
      }, 
      {
        "shortCiteRegEx": "Srivastava et al\\.", 
        "author": [
          "Nitish Srivastava", 
          "Geoffrey Hinton", 
          "Alex Krizhevsky", 
          "Ilya Sutskever", 
          "Ruslan Salakhutdinov"
        ], 
        "citeRegEx": "Srivastava et al\\.,? \\Q1929\\E", 
        "venue": "Journal of Machine Learning Research (JMLR),", 
        "year": 1929, 
        "title": "Dropout: A simple way to prevent neural networks from overfitting"
      }, 
      {
        "shortCiteRegEx": "Steinbiss et al\\.", 
        "author": [
          "Volker Steinbiss", 
          "Bach-Hiep Tran", 
          "Hermann Ney"
        ], 
        "citeRegEx": "Steinbiss et al\\.,? \\Q1994\\E", 
        "venue": "In International Conference on Spoken Language Processing (ICSLP),", 
        "year": 1994, 
        "title": "Improvements in beam search"
      }, 
      {
        "shortCiteRegEx": "Waibel.", 
        "author": [
          "Alex Waibel"
        ], 
        "citeRegEx": "Waibel.,? \\Q1989\\E", 
        "venue": "Neural Computation,", 
        "year": 1989, 
        "title": "Modular construction of time-delay neural networks for speech recognition"
      }, 
      {
        "shortCiteRegEx": "Woodland and Young.", 
        "author": [
          "Philip C. Woodland", 
          "Steve J. Young"
        ], 
        "citeRegEx": "Woodland and Young.,? \\Q1993\\E", 
        "venue": "In Eurospeech,", 
        "year": 1993, 
        "title": "The HTK tied-state continuous speech recogniser"
      }, 
      {
        "shortCiteRegEx": "Xiong et al\\.", 
        "author": [
          "Wayne Xiong", 
          "Jasha Droppo", 
          "Xuedong Huang", 
          "Frank Seide", 
          "Mike Seltzer", 
          "Andreas Stolcke", 
          "Dong Yu", 
          "Geoffrey Zweig"
        ], 
        "citeRegEx": "Xiong et al\\.,? \\Q2017\\E", 
        "venue": "In International Conference on Acoustics, Speech and Signal Processing (ICASSP),", 
        "year": 2017, 
        "title": "The Microsoft 2016 conversational speech recognition system"
      }, 
      {
        "shortCiteRegEx": "Xue et al\\.", 
        "author": [
          "Shaofei Xue", 
          "Ossama Abdel-Hamid", 
          "Hui Jiang", 
          "Li-Rong Dai", 
          "Qingfeng Liu"
        ], 
        "citeRegEx": "Xue et al\\.,? \\Q2014\\E", 
        "venue": "Transactions on Audio, Speech and Language Processing,", 
        "year": 2014, 
        "title": "Fast adaptation of deep neural network based on discriminant codes for speech recognition"
      }
    ], 
    "authors": [
      "GATED CONVNETS"
    ], 
    "abstractText": "In this paper we introduce a new speech recognition system, leveraging a simple letter-based ConvNet acoustic model. The acoustic model requires only audio transcription for training \u2013 no alignment annotations, nor any forced alignment step is needed. At inference, our decoder takes only a word list and a language model, and is fed with letter scores from the acoustic model \u2013 no phonetic word lexicon is needed. Key ingredients for the acoustic model are Gated Linear Units and high dropout. We show near state-of-the-art results in word error rate on the LibriSpeech corpus (Panayotov et al., 2015) with MFSC features, both on the CLEAN and OTHER configurations.", 
    "sections": [
      {
        "text": "Top speech recognition systems are either complicated pipelines or using more data that is publicly available. We set out to show that it is possible to train a nearly state of the art speech recognition system for read speech, with a public dataset (LibriSpeech), on a GPU-equipped workstation. Thus, we present an end-to-end system for speech recognition, going from Mel-Frequency Spectral Coefficients (MFSCs) to the transcription in words. The acoustic model is trained using letters (graphemes) directly, which take out the need for an intermediate (human or automatic) phonetic transcription.\nThe classical pipeline to build state of the art systems for speech recognition consists in first training an HMM/GMM model to force align the units on which the final acoustic model operates (most often context-dependent phone states). This approach takes its roots in HMM/GMM training (Woodland & Young, 1993). The improvements brought by deep neural networks (DNNs) (Mohamed et al., 2012; Hinton et al., 2012) and convolutional neural networks (CNNs) (Sercu et al., 2016; Soltau et al., 2014) for acoustic modeling only extend this training pipeline. The current state of the art on LibriSpeech belongs to this approach too (Panayotov et al., 2015; Peddinti et al., 2015b), with an additional step of speaker adaptation (Saon et al., 2013; Peddinti et al., 2015a). Recently, Senior et al. (2014) proposed GMM-free training, but the approach still requires to generate a forced alignment.\nAn approach that cut ties with the HMM/GMM pipeline (and with forced alignment) was to train with a recurrent neural network (RNN) (Graves et al., 2013) for phoneme transcription. There are now competitive end-to-end approaches of acoustic models toppled with RNNs layers as in (Hannun et al., 2014; Miao et al., 2015; Saon et al., 2015; Amodei et al., 2016), trained with a sequence criterion (Graves et al., 2006). However these models are computationally expensive, and thus often take a long time to train. On conversational speech (that is not the topic of this paper), the state of the art is still held by complex ConvNets+RNNs acoustic models, coupled to domain-adapted language models (Xiong et al., 2017; Saon et al., 2017).\nCompared to classical approaches that need phonetic annotation (often derived from a phonetic dictionary, rules, and generative training), we propose to train the model end-to-end, using graphemes directly. Compared to sequence criterion based approaches that train directly from speech signal to graphemes (Miao et al., 2015), we propose an RNN-free architecture based on convolutional networks for the acoustic model, toppled with a simple sequence-level variant of CTC.\nWe reach the clean speech performance of (Peddinti et al., 2015b), but without performing speaker adaptation. Our word-error-rate on clean speech is better than (Amodei et al., 2016), while being worse on noisy speech, but they train on 11,900 hours while we only train on the 960h available in LibriSpeech\u2019s train set. The rest of the paper is structured as follows: the next section presents the convolutional networks used for acoustic modeling, along with the automatic segmentation criterion and decoding approaches. The last section shows experimental results on LibriSpeech.", 
        "heading": "1 INTRODUCTION"
      }, 
      {
        "text": "Our acoustic model (see an overview in Figure 1) is a Convolutional Neural Network (ConvNet) (LeCun & Bengio, 1995), with Gated Linear Units (GLUs) (Dauphin et al., 2017). The model is fed with 40 MFSCs features, and is trained with a variant of the Connectionist Temporal Classification (CTC) criterion (Graves et al., 2006), which does not have blank labels but embarks a simple duration model through letter transitions scores (Collobert et al., 2016). During training, we use dropout on the neural network outputs. At inference, the acoustic model is coupled with a decoder which performs a beam search, constrained with a count-based language model. We detail each of these components in the following.", 
        "heading": "2 ARCHITECTURE"
      }, 
      {
        "text": "Our system relies on Mel-Frequency Spectral Coefficients (MFSCs), which are obtained by averaging spectrogram values with mel-scale filters. MFSCs are the step preceding the cosine transform required to compute Mel-Frequency Cepstrum Coefficients (MFCCs), often found in classical HMM/GMM speech systems (Woodland & Young, 1993) because of their dimensionality compression (13 coefficients are often enough to span speech frequencies). Compared to spectrogram coefficients, MFSCs have the advantage to be more robust to small time-warping deformations.", 
        "heading": "2.1 MFSC FEATURES"
      }, 
      {
        "text": "Our acoustic model is fed with the MFSC frames, and output letter scores for each input frame. At each time step, there is one score per letter in a given dictionary L. Words are separated by a special letter <sil>.\nThe acoustic model architecture is based on a 1D Gated Convolutional Neural Network (Gated ConvNet) (Dauphin et al., 2017). Gated ConvNets stack 1D convolutions with Gated Linear Units. More formally, given an input sequence X \u2208 RT\u00d7di with T frames of d-dimensional vectors, the ith layer of our network performs the following computation:\nhi(X) = (X \u2217Wi + bi)\u2297 \u03c3(X \u2217Vi + ci) , (1) where \u2217 is the convolution operator, Wi, Vi \u2208 Rdi+1\u00d7di\u00d7ki and b, c \u2208 Rdi+1 are the learned parameters (with convolution kernel size ki), \u03c3(\u00b7) is the sigmoid function and \u2297 is the element-wise product between matrices.\nGated ConvNets have been shown to reduce the vanishing gradient problem, as they provide a linear path for the gradients while retaining non-linear capabilities, leading to state-of-the-art performance both for natural language modeling and machine translation tasks (Dauphin et al., 2017; Gehring et al., 2017).", 
        "heading": "2.2 GATED CONVNETS FOR ACOUSTIC MODELING"
      }, 
      {
        "text": "Each MFSC input sequence is normalized with mean 0 and variance 1. Given an input sequence X \u2208 RT\u00d7d, a convolution with kernel size k will output T \u2212 k + 1 frames, due to border effects.\nTo compensate those border effects, we pad the MFSC features X0 with zeroed frames. To take in account the whole network, the padding size is \u2211 i(k\ni \u2212 1), divided in two equal parts at the beginning and the end of the sequence.", 
        "heading": "2.2.1 FEATURE NORMALIZATION AND ZERO-PADDING"
      }, 
      {
        "text": "Most large labeled speech databases provide only a text transcription for each audio file. In a classification framework (and given our acoustic model produces letter predictions), one would need the segmentation of each letter in the transcription to train properly the model. Manually labeling the segmentation of each letter would be tedious. Several solutions have been explored in the speech community to alleviate this issue:\n1. HMM/GMM models use an iterative EM procedure: during the Estimation step, the best segmentation is inferred according to the current model, during the Maximization step the model is optimized using the current inferred segmentation. This approach is also often used to boostrap the training of neural network-based acoustic models.\n2. In the context of hybrid HMM/NN systems, the MMI criterion (Bahl et al., 1986) maximizes the mutual information between the acoustic sequence and word sequences or the Minimum Bayes Risk (MBR) criterion (Gibson & Hain, 2006). Recent state-of-the-art systems leverage the MMI criterion (Povey et al., 2016).\n3. Standalone neural network architectures have also been trained using the Connectionist Temporal Classification (CTC), which jointly infers the segmentation of the transcription while increase the overall score of the right transcription (Graves et al., 2006). In (Amodei et al., 2016) it has been shown that letter-based acoustic models trained with CTC could compete with existing phone-based systems, assuming enough training data is provided.\nIn this paper, we chose a variant of the Connectionist Temporal Classification. CTC considers all possible sequence sub-word units (e.g. letters), which can lead to the correct transcription. It also allow a special \u201cblank\u201d state to be optionally inserted between each sub-word unit. The rational behind the blank state is two-folds: (i) modeling \u201cgarbage\u201d frames which might occur between\neach letter and (ii) identifying the separation between two identical consecutive sub-word unit in a transcription. Figure 2a shows the CTC graph describing all the possible sequences of letters leading to the word \u201ccat\u201d, over 6 frames. We denote Gctc(\u03b8, T ) the CTC acceptance graph over T frames for a given transcription \u03b8, and \u03c0 = \u03c01, . . . , \u03c0T \u2208 Gctc(\u03b8, T ) a path in this graph representing a (valid) sequence of letters for this transcription. CTC assumes that the network output probability scores, normalized at the frame level. At each time step t, each node of the graph is assigned with its corresponding log-probability letter i (that we denote f ti (X)) output by the acoustic model (given an acoustic sequence X). CTC minimizes the Forward score over the graph Gctc(\u03b8, T ):\nCTC(\u03b8, T ) = \u2212 logadd \u03c0\u2208Gctc(\u03b8,T ) T\u2211 t=1 f t\u03c0t(X) , (2)\nwhere the \u201clogadd\u201d operation (also called \u201clog-sum-exp\u201d) is defined as logadd(a, b) = log(exp(a) + exp(b)). This overall score can be efficiently computed with the Forward algorithm.", 
        "heading": "2.3 ACOUSTIC MODEL TRAINING"
      }, 
      {
        "text": "Blank labels introduce complexity when decoding letters into words. Indeed, with blank labels \u201c\u00f8\u201d, a word gets many entries in the sub-word unit transcription dictionary (e.g. the word \u201ccat\u201d can be represented as \u201cc a t\u201d, \u201cc \u00f8 a t\u201d, \u201cc \u00f8 a t\u201d, \u201cc \u00f8 a \u00f8 t\u201d, etc... \u2013 instead of only \u201cc a t\u201d). We replace the blank label by special letters modeling repetitions of preceding letters. For example \u201ccaterpillar\u201d can be written as \u201ccaterpil1ar\u201d, where \u201c1\u201d is a label to represent one repetition of the previous letter.\nRemoving blank labels from the CTC acceptance graph Gctc(\u03b8, T ) (shown in Figure 2a) leads to a simpler graph that we denote Gasg(\u03b8, T ) (shown in Figure 2b). Unfortunately, in practice we observed that most models do not train with this simplification of CTC. Adding unormalized transition scores gi,j(\u00b7) on each edge of the graph, when moving from label i to label j fix the issue. We observed in practice that normalized transitions led to similar issue that not having transitions. Considering unnormalized transition scores implies implementing a sequence-level normalization, to avoid the model to diverge (represented by the graph Gasg(\u03b8, T ), as shown in Figure 2c). This leads to the following criterion, dubbed ASG for \u201cAuto SeGmentation\u201d:\nASG(\u03b8, T ) = \u2212 logadd \u03c0\u2208Gasg(\u03b8,T ) T\u2211 t=1 (f t\u03c0t(X)+g\u03c0t\u22121,\u03c0t(X))+ logadd \u03c0\u2208Gfull(\u03b8,T ) T\u2211 t=1 (f t\u03c0t(X)+g\u03c0t\u22121,\u03c0t(X)) . (3) The left-hand part in Equation (3) promotes the score of sequences letters leading to the right transcription (as in Equation (2) for CTC), and the right-hand part demotes the score of all sequences of letters (as does the frame-level normalization \u2013 that is the softmax on the acoustic model \u2013 for CTC). As for CTC, these two parts can be efficiently computed with the Forward algorithm. When removing transitions in Equation (3), the sequence-level normalization becomes equivalent to the frame-level normalization and the ASG criterion is mathematically equivalent to CTC with no blank labels.", 
        "heading": "2.3.1 THE ASG CRITERION"
      }, 
      {
        "text": "We apply dropout at the output to all layers of the acoustic model. Dropout retains each output with a probability p, by applying a multiplication with a Bernoulli random variable taking value 1/p with probability p and 0 otherwise (Srivastava et al., 2014).\nFollowing the original implementation of Gated ConvNets (Dauphin et al., 2017), we found that using both weight normalization (Salimans & Kingma, 2016) and gradient clipping (Pascanu et al., 2013) were speeding up training convergence. The clipping we implemented performs:\n\u223c \u2207C = max(||\u2207C||, ) \u2207C||\u2207C|| , (4)\nwhere C is either the CTC or ASG criterion, and is some hyper-parameters which controls the maximum amplitude of the gradients.", 
        "heading": "2.3.2 OTHER TRAINING CONSIDERATIONS"
      }, 
      {
        "text": "We wrote our own one-pass decoder, which performs a simple beam-search with beam threholding, histogram pruning and language model smearing Steinbiss et al. (1994). We kept the decoder as simple as possible (under 1000 lines of C code). We did not implement any sort of model adaptation before decoding, nor any word graph rescoring. Our decoder relies on KenLM Heafield et al. (2013) for the language modeling part. It also accepts unnormalized acoustic scores (transitions and emissions from the acoustic model) as input. The decoder attempts to maximize the following:\nL(\u03b8) = logadd \u03c0\u2208Gasg(\u03b8,T ) T\u2211 t=1 (f\u03c0t(x) + g\u03c0t\u22121,\u03c0t(x)) + \u03b1 logPlm(\u03b8) + \u03b2|\u03b8|+ \u03b3|{i|\u03c0i = <sil>} , (5)\nwhere Plm(\u03b8) is the probability of the language model given a transcription \u03b8, \u03b1, \u03b2, and \u03b3 are three hyper-parameters which control the weight of the language model, the word insertion penalty, and the silence insertion penalty, respectively.\nThe beam of the decoder tracks paths with highest scores according to Equation (5), by bookkeeping pair of (language model, lexicon) states, as it goes through time. The language model state corresponds the (n \u2212 1)-gram history of the n-gram language model, while the lexicon state is the sub-word unit position in the current word hypothesis. To maintain diversity in the beam, paths with identical (language model, lexicon) states are merged. Note that traditional decoders combine the scores of the merge paths with a max(\u00b7) operation (as in a Viterbi beam-search) \u2013 which would correspond to a max(\u00b7) operation in Equation (5) instead of logadd(\u00b7). We consider instead the logadd(\u00b7) operation, as it takes in account the contribution of all the paths leading to the same transcription, in the same way we do during training (see Equation (3)). In Section 3.1, we show that this leads to better accuracy in practice.", 
        "heading": "2.4 BEAM-SEARCH DECODER"
      }, 
      {
        "text": "We benchmarked our system on LibriSpeech, a large speech database freely available for download (Panayotov et al., 2015). We kept the original 16 kHz sampling rate. We considered the two available setups in LibriSpeech: CLEAN data and OTHER. We picked all the available data (about 960h of audio files) for training, and the available development sets (both for CLEAN, and OTHER) for tuning all the hyper-parameters of our system. Test sets were used only for the final evaluations.\nThe letter vocabulary L contains 30 graphemes: the standard English alphabet plus the apostrophe, silence (<SIL>), and two special \u201crepetition\u201d graphemes which encode the duplication (once or twice) of the previous letter (see Section 2.3.1). Decoding is achieved with our own decoder (see Section 2.4), with the standard 4-gram language model provided with LibriSpeech1, which contains 200, 000 words. In the following, we either report letter-error-rates (LERs) or word-error-rates (WERs).\nMFSC features are computed with 40 coefficients, a 25 ms sliding window and 10 ms stride.\nWe implemented everything using TORCH72. The ASG criterion as well as the decoder were implemented in C (and then interfaced into TORCH).\n1http://www.openslr.org/11. 2http://www.torch.ch.", 
        "heading": "3 EXPERIMENTS"
      }, 
      {
        "text": "We tuned our acoustic model architectures by grid search, validating on the dev sets. We consider here two architectures, with low and high amount of dropout (see the parameter p in Section 2.3.2). Table 1 reports the details of our architectures. The amount of dropout, number of hidden units, as well as the convolution kernel width are increased linearly with the depth of the neural network. Note that as we use Gated Linear Units (see Section 2.2), each layer is duplicated as stated in Equation (1). Convolutions are followed by a fully connected layer, before the final layer which outputs 30 scores (one for each letter in the dictionary). This leads to about 130M and 208M of trainable parameters for the LOW DROPOUT and HIGH DROPOUT architectures, respectively.\nFigure 3 shows the LER and WER on the LibriSpeech development sets, for the first 40 training epochs of our LOW DROPOUT architecture. LER and WER appear surpringly well correlated, both on the \u201cclean\u201d and \u201cother\u201d version of the dataset.\nIn Table 2, we report WERs on the LibriSpeech development sets, both for our LOW DROPOUT and HIGH DROPOUT architectures. Increasing dropout regularize the acoustic model in a way which impacts significantly generalization, the effect being stronger on noisy speech. We also report the WER for the decoder ran with the max(\u00b7) operation (instead of logadd(\u00b7) for other results) used to aggregate paths in the beam with identical (language model, lexicon) states. It appears advantageous (as there is no complexity increase in the decoder) to use the logadd(\u00b7) aggregation.", 
        "heading": "3.1 ARCHITECTURE"
      }, 
      {
        "text": "In Table 3, we compare our system with several of the best systems on LibriSpeech reported in the literature. We highlighted the acoustic model architectures, as well as the type of underlying sub-word unit. Note that phone-based acoustic models output in general senomes; senomes are carefully selected through a complicated procedure involving a phonetic-context-based decision tree built from another GMM/HMM system. Phone-based system also require an additional word lexicon which translates words into a sequence of phones. Most systems also perform speaker adaptation; iVectors compute a speaker embedding capturing both speaker and environment information (Xue\net al., 2014), while fMMLR is a two-pass decoder technique which computes a speaker transform in the first pass (Gales & Woodland, 1996).\nDEEP SPEECH 2 (Amodei et al., 2016) is the system which is the most related to ours. In contrast to other systems which combine a Hidden Markov Model (HMM) with a ConvNet, DEEP SPEECH 2 is a standalone neural network. In contrast to our system, DEEP SPEECH 2 embarks a more complicated acoustic model composed of a ConvNet and a Recurrent Neural Network (RNN), while our system is a simple ConvNet. Both Deep Speech 2 and our system rely on letters for acoustic modeling, alleviating the need of a phone-based word lexicon. DEEP SPEECH 2 relies on a lot of speech data (combined with a very large 5-gram language model) to make the letter-base approach competitive , while we limited ourselves to the available data in the LibriSpeech benchmark.\nIn Table 4, we report a comparison in WER performance for all systems introduced in Table 3. Our system is very competitive with existing approaches. DEEP SPEECH 2 \u2013 which is also a letter-based system \u2013 is outperformed on clean data, even though our system has been trained with an order of magnitude less data. We report also the WER with no decoder, that is taking the raw output of the neural network, with no alterations. The Gated ConvNet appears very good at modeling true words.\nUsing a single GPU (no batching), our HIGH DROPOUT Gated ConvNet goes over the CLEAN (5.4h) and OTHER (5.1h) test sets in 4min26s and 4min43s, respectively. The decoder runs over the CLEAN and OTHER sets in 3min56s and 30min5s, using only one CPU thread \u2013 which (considering the decoder alone) corresponds to a .01 and 0.1 Real Time Factor (RTF), respectively.", 
        "heading": "3.2 COMPARISON WITH OTHER SYSTEMS"
      }, 
      {
        "text": "We have introduced a simple end-to-end automatic speech recognition system, which combines a large (208M parameters) but efficient ConvNet acoustic model, an easy sequence criterion which can infer the segmentation, and a simple beam-search decoder. The decoding results are competitive on the LibriSpeech corpus (4.8% WER dev-clean). Our approach breaks free from HMM/GMM\npre-training and forced alignment, as well as not being as computationally intensive as RNN-based approaches (Amodei et al., 2016). We based all our work on a publicly available (free) dataset, all of which should make it easier to reproduce. Further work should include leveraging speaker identity, training from the raw waveform, data augmentation, training with more data, better language models.", 
        "heading": "4 CONCLUSION"
      }
    ], 
    "emails": []
  }
}