{
  "name": "r1HhRfWRZ.pdf", 
  "metadata": {
    "title": "LEARNING AWARENESS MODELS", 
    "year": 2018, 
    "referenceMentions": [
      {
        "referenceID": 26, 
        "startOffset": 174, 
        "context": "As artificial intelligence moves off of the server and out into the world at large; be this the virtual world, in the form of simulated walkers, climbers and other creatures (Heess et al., 2017), or the real world in the form of virtual assistants, self driving vehicles (Bojarski et al.", 
        "endOffset": 194
      }, 
      {
        "referenceID": 7, 
        "startOffset": 84, 
        "context": ", 2017), or the real world in the form of virtual assistants, self driving vehicles (Bojarski et al., 2016), and household robots (Jain et al.", 
        "endOffset": 107
      }, 
      {
        "referenceID": 29, 
        "startOffset": 30, 
        "context": ", 2016), and household robots (Jain et al., 2013); we are increasingly faced with the need to build systems that understand and reason about the world around them.", 
        "endOffset": 49
      }, 
      {
        "referenceID": 30, 
        "startOffset": 87, 
        "context": "Our simulated body is a model of the hand of the Johns Hopkins Modular Prosthetic Limb (Johannes et al., 2011), realized in MuJoCo (Todorov et al.", 
        "endOffset": 110
      }, 
      {
        "referenceID": 44, 
        "startOffset": 147, 
        "context": "Several authors have implemented intrinsic motivation, or curiosity based objectives in visual space, through predicting interactions with objects (Pinto et al., 2016), or through predicting summary statistics of the future (Venkatraman et al.", 
        "endOffset": 167
      }, 
      {
        "referenceID": 56, 
        "startOffset": 64, 
        "context": ", 2016), or through predicting summary statistics of the future (Venkatraman et al., 2017; Downey et al., 2017).", 
        "endOffset": 111
      }, 
      {
        "referenceID": 16, 
        "startOffset": 64, 
        "context": ", 2016), or through predicting summary statistics of the future (Venkatraman et al., 2017; Downey et al., 2017).", 
        "endOffset": 111
      }, 
      {
        "referenceID": 43, 
        "startOffset": 156, 
        "context": "Many works formulate intrinsic motivation as a problem of learning to induce errors in a forward model, possibly regularized by an additional inverse model (Pathak et al., 2017; de Abril & Kanai, 2018).", 
        "endOffset": 201
      }, 
      {
        "referenceID": 37, 
        "startOffset": 148, 
        "context": "When stochastic transition and observation models are available, it is possible to use simulation to infer optimal plans for exploring environments (Martinez-Cantin et al., 2009).", 
        "endOffset": 178
      }, 
      {
        "referenceID": 36, 
        "startOffset": 58, 
        "context": "A sea of other methods have been proposed for exploration (MacKay, 1992; Ghavamzadeh et al., 2015; Asmuth et al., 2009; Gal, 2016; Stachniss et al., 2005; Plappert et al., 2017; Fu et al., 2017).", 
        "endOffset": 194
      }, 
      {
        "referenceID": 2, 
        "startOffset": 58, 
        "context": "A sea of other methods have been proposed for exploration (MacKay, 1992; Ghavamzadeh et al., 2015; Asmuth et al., 2009; Gal, 2016; Stachniss et al., 2005; Plappert et al., 2017; Fu et al., 2017).", 
        "endOffset": 194
      }, 
      {
        "referenceID": 22, 
        "startOffset": 58, 
        "context": "A sea of other methods have been proposed for exploration (MacKay, 1992; Ghavamzadeh et al., 2015; Asmuth et al., 2009; Gal, 2016; Stachniss et al., 2005; Plappert et al., 2017; Fu et al., 2017).", 
        "endOffset": 194
      }, 
      {
        "referenceID": 49, 
        "startOffset": 58, 
        "context": "A sea of other methods have been proposed for exploration (MacKay, 1992; Ghavamzadeh et al., 2015; Asmuth et al., 2009; Gal, 2016; Stachniss et al., 2005; Plappert et al., 2017; Fu et al., 2017).", 
        "endOffset": 194
      }, 
      {
        "referenceID": 21, 
        "startOffset": 58, 
        "context": "A sea of other methods have been proposed for exploration (MacKay, 1992; Ghavamzadeh et al., 2015; Asmuth et al., 2009; Gal, 2016; Stachniss et al., 2005; Plappert et al., 2017; Fu et al., 2017).", 
        "endOffset": 194
      }, 
      {
        "referenceID": 59, 
        "startOffset": 89, 
        "context": "Our interest in hands and touch brings us into contact with a vast literature on haptics (Zheng et al., 2016; Gao et al., 2016; Cao et al., 2016; Loeb, 2013; Edmonds et al., 2017; Su et al., 2015; Navarro et al., 2012; Aggarwal et al., 2015; Liu et al.; Sung et al., 2017; Ciobanu et al., 2013; Karl et al., 2016; Su et al., 2012).", 
        "endOffset": 330
      }, 
      {
        "referenceID": 23, 
        "startOffset": 89, 
        "context": "Our interest in hands and touch brings us into contact with a vast literature on haptics (Zheng et al., 2016; Gao et al., 2016; Cao et al., 2016; Loeb, 2013; Edmonds et al., 2017; Su et al., 2015; Navarro et al., 2012; Aggarwal et al., 2015; Liu et al.; Sung et al., 2017; Ciobanu et al., 2013; Karl et al., 2016; Su et al., 2012).", 
        "endOffset": 330
      }, 
      {
        "referenceID": 10, 
        "startOffset": 89, 
        "context": "Our interest in hands and touch brings us into contact with a vast literature on haptics (Zheng et al., 2016; Gao et al., 2016; Cao et al., 2016; Loeb, 2013; Edmonds et al., 2017; Su et al., 2015; Navarro et al., 2012; Aggarwal et al., 2015; Liu et al.; Sung et al., 2017; Ciobanu et al., 2013; Karl et al., 2016; Su et al., 2012).", 
        "endOffset": 330
      }, 
      {
        "referenceID": 35, 
        "startOffset": 89, 
        "context": "Our interest in hands and touch brings us into contact with a vast literature on haptics (Zheng et al., 2016; Gao et al., 2016; Cao et al., 2016; Loeb, 2013; Edmonds et al., 2017; Su et al., 2015; Navarro et al., 2012; Aggarwal et al., 2015; Liu et al.; Sung et al., 2017; Ciobanu et al., 2013; Karl et al., 2016; Su et al., 2012).", 
        "endOffset": 330
      }, 
      {
        "referenceID": 17, 
        "startOffset": 89, 
        "context": "Our interest in hands and touch brings us into contact with a vast literature on haptics (Zheng et al., 2016; Gao et al., 2016; Cao et al., 2016; Loeb, 2013; Edmonds et al., 2017; Su et al., 2015; Navarro et al., 2012; Aggarwal et al., 2015; Liu et al.; Sung et al., 2017; Ciobanu et al., 2013; Karl et al., 2016; Su et al., 2012).", 
        "endOffset": 330
      }, 
      {
        "referenceID": 53, 
        "startOffset": 89, 
        "context": "Our interest in hands and touch brings us into contact with a vast literature on haptics (Zheng et al., 2016; Gao et al., 2016; Cao et al., 2016; Loeb, 2013; Edmonds et al., 2017; Su et al., 2015; Navarro et al., 2012; Aggarwal et al., 2015; Liu et al.; Sung et al., 2017; Ciobanu et al., 2013; Karl et al., 2016; Su et al., 2012).", 
        "endOffset": 330
      }, 
      {
        "referenceID": 40, 
        "startOffset": 89, 
        "context": "Our interest in hands and touch brings us into contact with a vast literature on haptics (Zheng et al., 2016; Gao et al., 2016; Cao et al., 2016; Loeb, 2013; Edmonds et al., 2017; Su et al., 2015; Navarro et al., 2012; Aggarwal et al., 2015; Liu et al.; Sung et al., 2017; Ciobanu et al., 2013; Karl et al., 2016; Su et al., 2012).", 
        "endOffset": 330
      }, 
      {
        "referenceID": 0, 
        "startOffset": 89, 
        "context": "Our interest in hands and touch brings us into contact with a vast literature on haptics (Zheng et al., 2016; Gao et al., 2016; Cao et al., 2016; Loeb, 2013; Edmonds et al., 2017; Su et al., 2015; Navarro et al., 2012; Aggarwal et al., 2015; Liu et al.; Sung et al., 2017; Ciobanu et al., 2013; Karl et al., 2016; Su et al., 2012).", 
        "endOffset": 330
      }, 
      {
        "referenceID": 54, 
        "startOffset": 89, 
        "context": "Our interest in hands and touch brings us into contact with a vast literature on haptics (Zheng et al., 2016; Gao et al., 2016; Cao et al., 2016; Loeb, 2013; Edmonds et al., 2017; Su et al., 2015; Navarro et al., 2012; Aggarwal et al., 2015; Liu et al.; Sung et al., 2017; Ciobanu et al., 2013; Karl et al., 2016; Su et al., 2012).", 
        "endOffset": 330
      }, 
      {
        "referenceID": 12, 
        "startOffset": 89, 
        "context": "Our interest in hands and touch brings us into contact with a vast literature on haptics (Zheng et al., 2016; Gao et al., 2016; Cao et al., 2016; Loeb, 2013; Edmonds et al., 2017; Su et al., 2015; Navarro et al., 2012; Aggarwal et al., 2015; Liu et al.; Sung et al., 2017; Ciobanu et al., 2013; Karl et al., 2016; Su et al., 2012).", 
        "endOffset": 330
      }, 
      {
        "referenceID": 31, 
        "startOffset": 89, 
        "context": "Our interest in hands and touch brings us into contact with a vast literature on haptics (Zheng et al., 2016; Gao et al., 2016; Cao et al., 2016; Loeb, 2013; Edmonds et al., 2017; Su et al., 2015; Navarro et al., 2012; Aggarwal et al., 2015; Liu et al.; Sung et al., 2017; Ciobanu et al., 2013; Karl et al., 2016; Su et al., 2012).", 
        "endOffset": 330
      }, 
      {
        "referenceID": 52, 
        "startOffset": 89, 
        "context": "Our interest in hands and touch brings us into contact with a vast literature on haptics (Zheng et al., 2016; Gao et al., 2016; Cao et al., 2016; Loeb, 2013; Edmonds et al., 2017; Su et al., 2015; Navarro et al., 2012; Aggarwal et al., 2015; Liu et al.; Sung et al., 2017; Ciobanu et al., 2013; Karl et al., 2016; Su et al., 2012).", 
        "endOffset": 330
      }, 
      {
        "referenceID": 9, 
        "startOffset": 188, 
        "context": "There is also work in robotics on using the anticipation of sensation to guide actions (Indranil Sur, 2017), and on showing how touch sensing can improve the performance of grasping tasks (Calandra et al., 2017).", 
        "endOffset": 211
      }, 
      {
        "referenceID": 16, 
        "startOffset": 106, 
        "context": "Sequence-to-sequence modelling: There has been a lot of recent interest in sequence-to-sequence modelling (Downey et al., 2017; Venkatraman et al., 2017; Chung et al., 2015; Fraccaro et al., 2016; Bayer & Osendorfer, 2014; Archer et al., 2015; Krishnan et al., 2015), particularly in the context of predicting distributions and in dynamics modelling in reinforcement learning.", 
        "endOffset": 266
      }, 
      {
        "referenceID": 56, 
        "startOffset": 106, 
        "context": "Sequence-to-sequence modelling: There has been a lot of recent interest in sequence-to-sequence modelling (Downey et al., 2017; Venkatraman et al., 2017; Chung et al., 2015; Fraccaro et al., 2016; Bayer & Osendorfer, 2014; Archer et al., 2015; Krishnan et al., 2015), particularly in the context of predicting distributions and in dynamics modelling in reinforcement learning.", 
        "endOffset": 266
      }, 
      {
        "referenceID": 11, 
        "startOffset": 106, 
        "context": "Sequence-to-sequence modelling: There has been a lot of recent interest in sequence-to-sequence modelling (Downey et al., 2017; Venkatraman et al., 2017; Chung et al., 2015; Fraccaro et al., 2016; Bayer & Osendorfer, 2014; Archer et al., 2015; Krishnan et al., 2015), particularly in the context of predicting distributions and in dynamics modelling in reinforcement learning.", 
        "endOffset": 266
      }, 
      {
        "referenceID": 19, 
        "startOffset": 106, 
        "context": "Sequence-to-sequence modelling: There has been a lot of recent interest in sequence-to-sequence modelling (Downey et al., 2017; Venkatraman et al., 2017; Chung et al., 2015; Fraccaro et al., 2016; Bayer & Osendorfer, 2014; Archer et al., 2015; Krishnan et al., 2015), particularly in the context of predicting distributions and in dynamics modelling in reinforcement learning.", 
        "endOffset": 266
      }, 
      {
        "referenceID": 1, 
        "startOffset": 106, 
        "context": "Sequence-to-sequence modelling: There has been a lot of recent interest in sequence-to-sequence modelling (Downey et al., 2017; Venkatraman et al., 2017; Chung et al., 2015; Fraccaro et al., 2016; Bayer & Osendorfer, 2014; Archer et al., 2015; Krishnan et al., 2015), particularly in the context of predicting distributions and in dynamics modelling in reinforcement learning.", 
        "endOffset": 266
      }, 
      {
        "referenceID": 33, 
        "startOffset": 106, 
        "context": "Sequence-to-sequence modelling: There has been a lot of recent interest in sequence-to-sequence modelling (Downey et al., 2017; Venkatraman et al., 2017; Chung et al., 2015; Fraccaro et al., 2016; Bayer & Osendorfer, 2014; Archer et al., 2015; Krishnan et al., 2015), particularly in the context of predicting distributions and in dynamics modelling in reinforcement learning.", 
        "endOffset": 266
      }, 
      {
        "referenceID": 5, 
        "startOffset": 61, 
        "context": "Predicting unknown quantities in RL: The consciousness prior (Bengio, 2017) considers recurrent latent dynamics models similar to ours and suggests mapping from their hidden states to other spaces that aren\u2019t directly modelled.", 
        "endOffset": 75
      }, 
      {
        "referenceID": 6, 
        "startOffset": 51, 
        "context": "sians at every step with a mixture density network (Bishop, 1994).", 
        "endOffset": 65
      }, 
      {
        "referenceID": 30, 
        "startOffset": 59, 
        "context": "The hand is from the Johns Hopkins Modular Prosthetic Limb (Johannes et al., 2011) which we refer to as the \u201cMPL hand\u201d, or simply \u201cthe hand\u201d.", 
        "endOffset": 82
      }
    ], 
    "source": "CRF", 
    "creator": "LaTeX with hyperref package", 
    "references": [
      {
        "shortCiteRegEx": "Aggarwal et al\\.", 
        "author": [
          "Achint Aggarwal", 
          "Peter Kampmann", 
          "Johannes Lemburg", 
          "Frank Kirchner"
        ], 
        "citeRegEx": "Aggarwal et al\\.,? \\Q2015\\E", 
        "venue": "Journal of field robotics,", 
        "year": 2015, 
        "title": "Haptic object recognition in underwater and deep-sea environments"
      }, 
      {
        "shortCiteRegEx": "Archer et al\\.", 
        "author": [
          "Evan Archer", 
          "Il Memming Park", 
          "Lars Buesing", 
          "John Cunningham", 
          "Liam Paninski"
        ], 
        "citeRegEx": "Archer et al\\.,? \\Q2015\\E", 
        "venue": "arXiv preprint arXiv:1511.07367,", 
        "year": 2015, 
        "title": "Black box variational inference for state space models"
      }, 
      {
        "shortCiteRegEx": "Asmuth et al\\.", 
        "author": [
          "John Asmuth", 
          "Lihong Li", 
          "Michael L Littman", 
          "Ali Nouri", 
          "David Wingate"
        ], 
        "citeRegEx": "Asmuth et al\\.,? \\Q2009\\E", 
        "venue": "In Proceedings of the Twenty-Fifth Conference on Uncertainty in Artificial Intelligence,", 
        "year": 2009, 
        "title": "A bayesian sampling approach to exploration in reinforcement learning"
      }, 
      {
        "shortCiteRegEx": "Bayer and Osendorfer.", 
        "author": [
          "Justin Bayer", 
          "Christian Osendorfer"
        ], 
        "citeRegEx": "Bayer and Osendorfer.,? \\Q2014\\E", 
        "venue": "arXiv preprint arXiv:1411.7610,", 
        "year": 2014, 
        "title": "Learning stochastic recurrent networks"
      }, 
      {
        "shortCiteRegEx": "Bellemare et al\\.", 
        "author": [
          "Marc Bellemare", 
          "Sriram Srinivasan", 
          "Georg Ostrovski", 
          "Tom Schaul", 
          "David Saxton", 
          "Remi Munos"
        ], 
        "citeRegEx": "Bellemare et al\\.,? \\Q2016\\E", 
        "venue": "In Advances in Neural Information Processing Systems,", 
        "year": 2016, 
        "title": "Unifying count-based exploration and intrinsic motivation"
      }, 
      {
        "shortCiteRegEx": "Bengio.", 
        "author": [
          "Yoshua Bengio"
        ], 
        "citeRegEx": "Bengio.,? \\Q2017\\E", 
        "venue": "arXiv preprint arXiv:1709.08568,", 
        "year": 2017, 
        "title": "The consciousness prior"
      }, 
      {
        "shortCiteRegEx": "Bishop.", 
        "author": [
          "Christopher M Bishop"
        ], 
        "citeRegEx": "Bishop.,? \\Q1994\\E", 
        "venue": null, 
        "year": 1994, 
        "title": "Mixture density networks"
      }, 
      {
        "shortCiteRegEx": "Bojarski et al\\.", 
        "author": [
          "Mariusz Bojarski", 
          "Davide Del Testa", 
          "Daniel Dworakowski", 
          "Bernhard Firner", 
          "Beat Flepp", 
          "Prasoon Goyal", 
          "Lawrence D Jackel", 
          "Mathew Monfort", 
          "Urs Muller", 
          "Jiakai Zhang"
        ], 
        "citeRegEx": "Bojarski et al\\.,? \\Q2016\\E", 
        "venue": "arXiv preprint arXiv:1604.07316,", 
        "year": 2016, 
        "title": "End to end learning for self-driving cars"
      }, 
      {
        "shortCiteRegEx": "Bromiley.", 
        "author": [
          "Paul Bromiley"
        ], 
        "citeRegEx": "Bromiley.,? \\Q2003\\E", 
        "venue": "Tina-Vision Memo,", 
        "year": 2003, 
        "title": "Products and convolutions of gaussian probability density functions"
      }, 
      {
        "shortCiteRegEx": "Calandra et al\\.", 
        "author": [
          "Roberto Calandra", 
          "Andrew Owens", 
          "Manu Upadhyaya", 
          "Wenzhen Yuan", 
          "Justin Lin", 
          "Edward H. Adelson", 
          "Sergey Levine"
        ], 
        "citeRegEx": "Calandra et al\\.,? \\Q2017\\E", 
        "venue": "arXiv preprint arXiv:1710.05512,", 
        "year": 2017, 
        "title": "The feeling of success: Does touch sensing help predict grasp outcomes"
      }, 
      {
        "shortCiteRegEx": "Cao et al\\.", 
        "author": [
          "Lele Cao", 
          "Ramamohanarao Kotagiri", 
          "Fuchun Sun", 
          "Hongbo Li", 
          "Wenbing Huang", 
          "Zay Maung Maung Aye"
        ], 
        "citeRegEx": "Cao et al\\.,? \\Q2016\\E", 
        "venue": "In Proceedings of the Thirtieth AAAI Conference on Artificial Intelligence,", 
        "year": 2016, 
        "title": "Efficient spatio-temporal tactile object recognition with randomized tiling convolutional networks in a hierarchical fusion strategy"
      }, 
      {
        "shortCiteRegEx": "Chung et al\\.", 
        "author": [
          "Junyoung Chung", 
          "Kyle Kastner", 
          "Laurent Dinh", 
          "Kratarth Goel", 
          "Aaron C Courville", 
          "Yoshua Bengio"
        ], 
        "citeRegEx": "Chung et al\\.,? \\Q2015\\E", 
        "venue": "In Advances in neural information processing systems,", 
        "year": 2015, 
        "title": "A recurrent latent variable model for sequential data"
      }, 
      {
        "shortCiteRegEx": "Ciobanu et al\\.", 
        "author": [
          "Vlad Ciobanu", 
          "Adrian Petrescu", 
          "Norman Hendrich", 
          "Jianwei Zhang"
        ], 
        "citeRegEx": "Ciobanu et al\\.,? \\Q2013\\E", 
        "venue": "In System Theory, Control and Computing (ICSTCC),", 
        "year": 2013, 
        "title": "Tactile sensor value preprocessing pipeline"
      }, 
      {
        "shortCiteRegEx": "Abril and Kanai.", 
        "author": [
          "Ildefons Magrans de Abril", 
          "Ryota Kanai"
        ], 
        "citeRegEx": "Abril and Kanai.,? \\Q2018\\E", 
        "venue": "arXiv preprint arXiv:1801.07440,", 
        "year": 2018, 
        "title": "Curiosity-driven reinforcement learning with homeostatic regulation"
      }, 
      {
        "shortCiteRegEx": "Deisenroth and Rasmussen.", 
        "author": [
          "Marc Deisenroth", 
          "Carl E Rasmussen"
        ], 
        "citeRegEx": "Deisenroth and Rasmussen.,? \\Q2011\\E", 
        "venue": "In Proceedings of the 28th International Conference on machine learning", 
        "year": 2011, 
        "title": "Pilco: A model-based and data-efficient approach to policy search"
      }, 
      {
        "shortCiteRegEx": "Dosovitskiy and Koltun.", 
        "author": [
          "Alexey Dosovitskiy", 
          "Vladlen Koltun"
        ], 
        "citeRegEx": "Dosovitskiy and Koltun.,? \\Q2016\\E", 
        "venue": "arXiv preprint arXiv:1611.01779,", 
        "year": 2016, 
        "title": "Learning to act by predicting the future"
      }, 
      {
        "shortCiteRegEx": "Downey et al\\.", 
        "author": [
          "Carlton Downey", 
          "Ahmed Hefny", 
          "Byron Boots", 
          "Geoffrey J Gordon", 
          "Boyue Li"
        ], 
        "citeRegEx": "Downey et al\\.,? \\Q2017\\E", 
        "venue": "In Advances in Neural Information Processing Systems,", 
        "year": 2017, 
        "title": "Predictive state recurrent neural networks"
      }, 
      {
        "shortCiteRegEx": "Edmonds et al\\.", 
        "author": [
          "Mark Edmonds", 
          "Feng Gao", 
          "Xu Xie", 
          "Hangxin Liu", 
          "Siyuan Qi", 
          "Yixin Zhu", 
          "Brandon Rothrock", 
          "Song-Chun Zhu"
        ], 
        "citeRegEx": "Edmonds et al\\.,? \\Q2017\\E", 
        "venue": "In International Conference on Intelligent Robots and Systems (IROS),", 
        "year": 2017, 
        "title": "Feeling the force: Integrating force and pose for fluent discovery through imitation learning to open medicine bottles"
      }, 
      {
        "shortCiteRegEx": "Endsley.", 
        "author": [
          "Mica R Endsley"
        ], 
        "citeRegEx": "Endsley.,? \\Q1987\\E", 
        "venue": "Northrop Corporation,", 
        "year": 1987, 
        "title": "Sagat: A methodology for the measurement of situation awareness (nor doc 87-83)"
      }, 
      {
        "shortCiteRegEx": "Fraccaro et al\\.", 
        "author": [
          "Marco Fraccaro", 
          "S\u00f8ren Kaae S\u00f8nderby", 
          "Ulrich Paquet", 
          "Ole Winther"
        ], 
        "citeRegEx": "Fraccaro et al\\.,? \\Q2016\\E", 
        "venue": "In Advances in neural information processing systems,", 
        "year": 2016, 
        "title": "Sequential neural models with stochastic layers"
      }, 
      {
        "shortCiteRegEx": "Fu et al\\.", 
        "author": [
          "Justin Fu", 
          "Sergey Levine", 
          "Pieter Abbeel"
        ], 
        "citeRegEx": "Fu et al\\.,? \\Q2016\\E", 
        "venue": "In Intelligent Robots and Systems,", 
        "year": 2016, 
        "title": "One-shot learning of manipulation skills with online dynamics adaptation and neural network priors"
      }, 
      {
        "shortCiteRegEx": "Fu et al\\.", 
        "author": [
          "Justin Fu", 
          "John Co-Reyes", 
          "Sergey Levine"
        ], 
        "citeRegEx": "Fu et al\\.,? \\Q2017\\E", 
        "venue": "In Advances in Neural Information Processing Systems,", 
        "year": 2017, 
        "title": "Ex2: Exploration with exemplar models for deep reinforcement learning"
      }, 
      {
        "shortCiteRegEx": "Gal.", 
        "author": [
          "Yarin Gal"
        ], 
        "citeRegEx": "Gal.,? \\Q2016\\E", 
        "venue": "University of Cambridge,", 
        "year": 2016, 
        "title": "Uncertainty in deep learning"
      }, 
      {
        "shortCiteRegEx": "Gao et al\\.", 
        "author": [
          "Yang Gao", 
          "Lisa Anne Hendricks", 
          "Katherine J Kuchenbecker", 
          "Trevor Darrell"
        ], 
        "citeRegEx": "Gao et al\\.,? \\Q2016\\E", 
        "venue": "In Robotics and Automation (ICRA),", 
        "year": 2016, 
        "title": "Deep learning for tactile understanding from visual and haptic data"
      }, 
      {
        "shortCiteRegEx": "Haber et al\\.", 
        "author": [
          "N. Haber", 
          "D. Mrowca", 
          "L. Fei-Fei", 
          "D.L.K. Yamins"
        ], 
        "citeRegEx": "Haber et al\\.,? \\Q2018\\E", 
        "venue": null, 
        "year": 2018, 
        "title": "Emergence of Structured Behaviors from CuriosityBased Intrinsic Motivation"
      }, 
      {
        "shortCiteRegEx": "Haber et al\\.", 
        "author": [
          "N. Haber", 
          "D. Mrowca", 
          "L. Fei-Fei", 
          "D.L.K. Yamins"
        ], 
        "citeRegEx": "Haber et al\\.,? \\Q2018\\E", 
        "venue": null, 
        "year": 2018, 
        "title": "Learning to Play with Intrinsically-Motivated SelfAware Agents"
      }, 
      {
        "shortCiteRegEx": "Heess et al\\.", 
        "author": [
          "Nicolas Heess", 
          "Srinivasan Sriram", 
          "Jay Lemmon", 
          "Josh Merel", 
          "Greg Wayne", 
          "Yuval Tassa", 
          "Tom Erez", 
          "Ziyu Wang", 
          "Ali Eslami", 
          "Martin Riedmiller"
        ], 
        "citeRegEx": "Heess et al\\.,? \\Q2017\\E", 
        "venue": "arXiv preprint arXiv:1707.02286,", 
        "year": 2017, 
        "title": "Emergence of locomotion behaviours in rich environments"
      }, 
      {
        "shortCiteRegEx": "Horgan et al\\.", 
        "author": [
          "Dan Horgan", 
          "John Quan", 
          "David Budden", 
          "Gabriel Barth-Maron", 
          "Matteo Hessel", 
          "Hado van Hasselt", 
          "David Silver"
        ], 
        "citeRegEx": "Horgan et al\\.,? \\Q2018\\E", 
        "venue": "In International Conference on Learning Representations,", 
        "year": 2018, 
        "title": "Distributed prioritized experience replay"
      }, 
      {
        "shortCiteRegEx": "Sur.", 
        "author": [
          "Heni Ben Amor Indranil Sur"
        ], 
        "citeRegEx": "Sur.,? \\Q2017\\E", 
        "venue": null, 
        "year": 2017, 
        "title": "Robots that anticipate pain: Anticipating physical perturbations from visual cues through deep predictive models"
      }, 
      {
        "shortCiteRegEx": "Jain et al\\.", 
        "author": [
          "Ashesh Jain", 
          "Brian Wojcik", 
          "Thorsten Joachims", 
          "Ashutosh Saxena"
        ], 
        "citeRegEx": "Jain et al\\.,? \\Q2013\\E", 
        "venue": "In Advances in neural information processing systems,", 
        "year": 2013, 
        "title": "Learning trajectory preferences for manipulators via iterative improvement"
      }, 
      {
        "shortCiteRegEx": "Johannes et al\\.", 
        "author": [
          "Matthew S Johannes", 
          "John D Bigelow", 
          "James M Burck", 
          "Stuart D Harshbarger", 
          "Matthew V Kozlowski", 
          "Thomas Van Doren"
        ], 
        "citeRegEx": "Johannes et al\\.,? \\Q2011\\E", 
        "venue": "Johns Hopkins APL Technical Digest,", 
        "year": 2011, 
        "title": "An overview of the developmental process for the modular prosthetic limb"
      }, 
      {
        "shortCiteRegEx": "Karl et al\\.", 
        "author": [
          "Maximilian Karl", 
          "Justin Bayer", 
          "Patrick van der Smagt"
        ], 
        "citeRegEx": "Karl et al\\.,? \\Q2016\\E", 
        "venue": "arXiv preprint arXiv:1606.07312,", 
        "year": 2016, 
        "title": "Unsupervised preprocessing for tactile data"
      }, 
      {
        "shortCiteRegEx": "Kingma and Ba.", 
        "author": [
          "Diederik P Kingma", 
          "Jimmy Ba"
        ], 
        "citeRegEx": "Kingma and Ba.,? \\Q2014\\E", 
        "venue": "arXiv preprint arXiv:1412.6980,", 
        "year": 2014, 
        "title": "Adam: A method for stochastic optimization"
      }, 
      {
        "shortCiteRegEx": "Krishnan et al\\.", 
        "author": [
          "Rahul G Krishnan", 
          "Uri Shalit", 
          "David Sontag"
        ], 
        "citeRegEx": "Krishnan et al\\.,? \\Q2015\\E", 
        "venue": "arXiv preprint arXiv:1511.05121,", 
        "year": 2015, 
        "title": "Deep kalman filters"
      }, 
      {
        "shortCiteRegEx": "Lederman and Klatzky.", 
        "author": [
          "Susan J Lederman", 
          "Roberta L Klatzky"
        ], 
        "citeRegEx": "Lederman and Klatzky.,? \\Q1987\\E", 
        "venue": "Cognitive psychology,", 
        "year": 1987, 
        "title": "Hand movements: A window into haptic object recognition"
      }, 
      {
        "shortCiteRegEx": "Loeb.", 
        "author": [
          "Gerald E Loeb"
        ], 
        "citeRegEx": "Loeb.,? \\Q2013\\E", 
        "venue": null, 
        "year": 2013, 
        "title": "Estimating point of contact, force and torque in a biomimetic tactile sensor with deformable skin"
      }, 
      {
        "shortCiteRegEx": "MacKay.", 
        "author": [
          "David JC MacKay"
        ], 
        "citeRegEx": "MacKay.,? \\Q1992\\E", 
        "venue": "Neural computation,", 
        "year": 1992, 
        "title": "Information-based objective functions for active data selection"
      }, 
      {
        "shortCiteRegEx": "Martinez.Cantin et al\\.", 
        "author": [
          "Ruben Martinez-Cantin", 
          "Nando de Freitas", 
          "Eric Brochu", 
          "Jos\u00e9 Castellanos", 
          "Arnaud Doucet"
        ], 
        "citeRegEx": "Martinez.Cantin et al\\.,? \\Q2009\\E", 
        "venue": "Autonomous Robots,", 
        "year": 2009, 
        "title": "A bayesian exploration-exploitation approach for optimal online sensing and planning with a visually guided mobile robot"
      }, 
      {
        "shortCiteRegEx": "Martius et al\\.", 
        "author": [
          "Georg Martius", 
          "Ralf Der", 
          "Nihat Ay"
        ], 
        "citeRegEx": "Martius et al\\.,? \\Q2013\\E", 
        "venue": "PloS one,", 
        "year": 2013, 
        "title": "Information driven self-organization of complex robotic behaviors"
      }, 
      {
        "shortCiteRegEx": "Mohamed and Rezende.", 
        "author": [
          "Shakir Mohamed", 
          "Danilo J. Rezende"
        ], 
        "citeRegEx": "Mohamed and Rezende.,? \\Q2015\\E", 
        "venue": "In Advances in Neural Information Processing Systems,", 
        "year": 2015, 
        "title": "Variational information maximisation for intrinsically motivated reinforcement learning"
      }, 
      {
        "shortCiteRegEx": "Navarro et al\\.", 
        "author": [
          "Stefan Escaida Navarro", 
          "Nicolas Gorges", 
          "Heinz W\u00f6rn", 
          "Julian Schill", 
          "Tamim Asfour", 
          "R\u00fcdiger Dillmann"
        ], 
        "citeRegEx": "Navarro et al\\.,? \\Q2012\\E", 
        "venue": "In Haptics Symposium (HAPTICS), 2012 IEEE,", 
        "year": 2012, 
        "title": "Haptic object recognition for multi-fingered robot hands"
      }, 
      {
        "shortCiteRegEx": "Oudeyer and Kaplan.", 
        "author": [
          "Pierre-Yves Oudeyer", 
          "Frederic Kaplan"
        ], 
        "citeRegEx": "Oudeyer and Kaplan.,? \\Q2008\\E", 
        "venue": "In Proceedings of the 8th International Conference on Epigenetic Robotics: Modeling Cognitive Development in Robotic Systems,", 
        "year": 2008, 
        "title": "How can we define intrinsic motivation"
      }, 
      {
        "shortCiteRegEx": "Oudeyer and Kaplan.", 
        "author": [
          "Pierre-Yves Oudeyer", 
          "Frederic Kaplan"
        ], 
        "citeRegEx": "Oudeyer and Kaplan.,? \\Q2009\\E", 
        "venue": "Frontiers in neurorobotics,", 
        "year": 2009, 
        "title": "What is intrinsic motivation? a typology of computational approaches"
      }, 
      {
        "shortCiteRegEx": "Pathak et al\\.", 
        "author": [
          "Deepak Pathak", 
          "Pulkit Agrawal", 
          "Alexei A Efros", 
          "Trevor Darrell"
        ], 
        "citeRegEx": "Pathak et al\\.,? \\Q2017\\E", 
        "venue": "In International Conference on Machine Learning (ICML)", 
        "year": 2017, 
        "title": "Curiosity-driven exploration by selfsupervised prediction"
      }, 
      {
        "shortCiteRegEx": "Pinto et al\\.", 
        "author": [
          "Lerrel Pinto", 
          "Dhiraj Gandhi", 
          "Yuanfeng Han", 
          "Yong-Lae Park", 
          "Abhinav Gupta"
        ], 
        "citeRegEx": "Pinto et al\\.,? \\Q2016\\E", 
        "venue": "In European Conference on Computer Vision,", 
        "year": 2016, 
        "title": "The curious robot: Learning visual representations via physical interactions"
      }, 
      {
        "shortCiteRegEx": "Plappert et al\\.", 
        "author": [
          "Matthias Plappert", 
          "Rein Houthooft", 
          "Prafulla Dhariwal", 
          "Szymon Sidor", 
          "Richard Y Chen", 
          "Xi Chen", 
          "Tamim Asfour", 
          "Pieter Abbeel", 
          "Marcin Andrychowicz"
        ], 
        "citeRegEx": "Plappert et al\\.,? \\Q1905\\E", 
        "venue": null, 
        "year": 1905, 
        "title": "Parameter space noise for exploration"
      }, 
      {
        "shortCiteRegEx": "Schmidhuber.", 
        "author": [
          "J\u00fcrgen Schmidhuber"
        ], 
        "citeRegEx": "Schmidhuber.,? \\Q1991\\E", 
        "venue": "In Proc. of the international conference on simulation of adaptive behavior: From animals to animats,", 
        "year": 1991, 
        "title": "A possibility for implementing curiosity and boredom in model-building neural controllers"
      }, 
      {
        "shortCiteRegEx": "Schmidhuber.", 
        "author": [
          "J\u00fcrgen Schmidhuber"
        ], 
        "citeRegEx": "Schmidhuber.,? \\Q2008\\E", 
        "venue": "In Workshop on Anticipatory Behavior in Adaptive Learning Systems,", 
        "year": 2008, 
        "title": "Driven by compression progress: A simple principle explains essential aspects of subjective beauty, novelty, surprise, interestingness, attention, curiosity, creativity, art, science, music, jokes"
      }, 
      {
        "shortCiteRegEx": "Sequeira et al\\.", 
        "author": [
          "Pedro Sequeira", 
          "Francisco S Melo", 
          "Ana Paiva"
        ], 
        "citeRegEx": "Sequeira et al\\.,? \\Q2011\\E", 
        "venue": "In International Conference on Affective Computing and Intelligent Interaction,", 
        "year": 2011, 
        "title": "Emotion-based intrinsic motivation for reinforcement learning agents"
      }, 
      {
        "shortCiteRegEx": "Stachniss et al\\.", 
        "author": [
          "Cyrill Stachniss", 
          "Giorgio Grisetti", 
          "Wolfram Burgard"
        ], 
        "citeRegEx": "Stachniss et al\\.,? \\Q2005\\E", 
        "venue": "In Robotics: Science and Systems,", 
        "year": 2005, 
        "title": "Information gain-based exploration using raoblackwellized particle filters"
      }, 
      {
        "shortCiteRegEx": "Still and Precup.", 
        "author": [
          "Susanne Still", 
          "Doina Precup"
        ], 
        "citeRegEx": "Still and Precup.,? \\Q2012\\E", 
        "venue": "Theory in Biosciences,", 
        "year": 2012, 
        "title": "An information-theoretic approach to curiosity-driven reinforcement learning"
      }, 
      {
        "shortCiteRegEx": "Storck et al\\.", 
        "author": [
          "Jan Storck", 
          "Sepp Hochreiter", 
          "J\u00fcrgen Schmidhuber"
        ], 
        "citeRegEx": "Storck et al\\.,? \\Q1995\\E", 
        "venue": "In Proceedings of the international conference on artificial neural networks, Paris,", 
        "year": 1995, 
        "title": "Reinforcement driven information acquisition in nondeterministic environments"
      }, 
      {
        "shortCiteRegEx": "Su et al\\.", 
        "author": [
          "Zhe Su", 
          "Jeremy A Fishel", 
          "Tomonori Yamamoto", 
          "Gerald E Loeb"
        ], 
        "citeRegEx": "Su et al\\.,? \\Q2012\\E", 
        "venue": "Frontiers in neurorobotics,", 
        "year": 2012, 
        "title": "Use of tactile feedback to control exploratory movements to characterize object compliance"
      }, 
      {
        "shortCiteRegEx": "Su et al\\.", 
        "author": [
          "Zhe Su", 
          "Karol Hausman", 
          "Yevgen Chebotar", 
          "Artem Molchanov", 
          "Gerald E Loeb", 
          "Gaurav S Sukhatme", 
          "Stefan Schaal"
        ], 
        "citeRegEx": "Su et al\\.,? \\Q2015\\E", 
        "venue": "In Humanoid Robots (Humanoids),", 
        "year": 2015, 
        "title": "Force estimation and slip detection/classification for grip control using a biomimetic tactile sensor"
      }, 
      {
        "shortCiteRegEx": "Sung et al\\.", 
        "author": [
          "Jaeyong Sung", 
          "J Kenneth Salisbury", 
          "Ashutosh Saxena"
        ], 
        "citeRegEx": "Sung et al\\.,? \\Q2017\\E", 
        "venue": "arXiv preprint arXiv:1705.06243,", 
        "year": 2017, 
        "title": "Learning to represent haptic feedback for partiallyobservable tasks"
      }, 
      {
        "shortCiteRegEx": "Todorov et al\\.", 
        "author": [
          "Emanuel Todorov", 
          "Tom Erez", 
          "Yuval Tassa"
        ], 
        "citeRegEx": "Todorov et al\\.,? \\Q2012\\E", 
        "venue": "In IROS, pp", 
        "year": 2012, 
        "title": "MuJoCo: A physics engine for model-based control"
      }, 
      {
        "shortCiteRegEx": "Venkatraman et al\\.", 
        "author": [
          "Arun Venkatraman", 
          "Nicholas Rhinehart", 
          "Wen Sun", 
          "Lerrel Pinto", 
          "Martial Hebert", 
          "Byron Boots", 
          "Kris Kitani", 
          "J Bagnell"
        ], 
        "citeRegEx": "Venkatraman et al\\.,? \\Q2017\\E", 
        "venue": "In Advances in Neural Information Processing Systems,", 
        "year": 2017, 
        "title": "Predictive-state decoders: Encoding the future into recurrent networks"
      }, 
      {
        "shortCiteRegEx": "Wang et al\\.", 
        "author": [
          "Fei Wang", 
          "Tanveer Syeda-Mahmood", 
          "Baba C Vemuri", 
          "David Beymer", 
          "Anand Rangarajan"
        ], 
        "citeRegEx": "Wang et al\\.,? \\Q2009\\E", 
        "venue": "In International Conference on Medical Image Computing and Computer-Assisted Intervention,", 
        "year": 2009, 
        "title": "Closed-form jensen-renyi divergence for mixture of gaussians and applications to group-wise shape registration"
      }, 
      {
        "shortCiteRegEx": "Yu et al\\.", 
        "author": [
          "Wenhao Yu", 
          "Jie Tan", 
          "C. Karen Liu", 
          "Greg Turk"
        ], 
        "citeRegEx": "Yu et al\\.,? \\Q2017\\E", 
        "venue": "In Robotics Science and Systems,", 
        "year": 2017, 
        "title": "Preparing for the unknown: Learning a universal policy with online system identification"
      }, 
      {
        "shortCiteRegEx": "Zheng et al\\.", 
        "author": [
          "Haitian Zheng", 
          "Lu Fang", 
          "Mengqi Ji", 
          "Matti Strese", 
          "Yigitcan \u00d6zer", 
          "Eckehard Steinbach"
        ], 
        "citeRegEx": "Zheng et al\\.,? \\Q2016\\E", 
        "venue": "IEEE Transactions on Multimedia,", 
        "year": 2016, 
        "title": "Deep learning for surface material classification using haptic and visual information"
      }
    ], 
    "authors": [
      "Brandon Amos", 
      "Laurent Dinh", 
      "Serkan Cabi", 
      "Thomas Roth\u00f6rl", 
      "Sergio G\u00f3mez Colmenarejo", 
      "Alistair Muldal", 
      "Tom Erez", 
      "Yuval Tassa", 
      "Nando de Freitas", 
      "Misha Denil", 
      "DeepMind CIFAR"
    ], 
    "abstractText": "We consider the setting of an agent with a fixed body interacting with an unknown and uncertain external world. We show that models trained to predict proprioceptive information about the agent\u2019s body come to represent objects in the external world. In spite of being trained with only internally available signals, these dynamic body models come to represent external objects through the necessity of predicting their effects on the agent\u2019s own body. That is, the model learns holistic persistent representations of objects in the world, even though the only training signals are body signals. Our dynamics model is able to successfully predict distributions over 132 sensor readings over 100 steps into the future and we demonstrate that even when the body is no longer in contact with an object, the latent variables of the dynamics model continue to represent its shape. We show that active data collection by maximizing the entropy of predictions about the body\u2014 touch sensors, proprioception and vestibular information\u2014leads to learning of dynamic models that show superior performance when used for control. We also collect data from a real robotic hand and show that the same models can be used to answer questions about properties of objects in the real world. Videos with qualitative results of our models are available at https://goo.gl/mZuqAV.", 
    "sections": [
      {
        "text": "Situation awareness is the perception of the elements in the environment within a volume of time and space, and the comprehension of their meaning, and the projection of their status in the near future. \u2014 Endsley (1987)\nAs artificial intelligence moves off of the server and out into the world at large; be this the virtual world, in the form of simulated walkers, climbers and other creatures (Heess et al., 2017), or the real world in the form of virtual assistants, self driving vehicles (Bojarski et al., 2016), and household robots (Jain et al., 2013); we are increasingly faced with the need to build systems that understand and reason about the world around them.\nWhen building systems like this it is natural to think of the physical world as breaking into two parts. The first part is the platform, the part we design and build, and therefore know quite a lot about; and the second part is everything else, which comprises all the strange and exciting situations that the platform might encounter. As designers, we have very little control over the external part of the world, and the variety of situations that might arise are too numerous to anticipate in advance. Additionally, while the state of the platform is readily accessible (e.g. through deployment of integrated sensors), the state of the external world is generally not available to the system.\nThe platform hosts any sensors and actuators that are part of the system, and importantly it can be relied on to be the same across the wide variety situations where the system might be deployed. A virtual assistant can rely on having access to the camera and microphone on your smart phone, and the control system for a self driving car can assume it is controlling a specific make and model of vehicle, and that it has access to any specialized hardware installed by the manufacturer. These consistency assumptions hold regardless of what is happening in the external world.\nThis same partitioning of the world occurs naturally for living creatures as well. As a human being your platform is your body; it maintains a constant size and shape throughout your life (or at least\n\u2217Work done while BA and LD were interns at DeepMind.\nthese change vastly slower than the world around you), and you can hopefully rely on the fact that no matter what demands tomorrow might make of you, you will face them with the same number of fingers and toes.\nThis story of partitioning the world into the self and the other, that exchange information through the body, suggests an approach to building models for reasoning about the world. If the body is a consistent vehicle through which an agent interacts with the world and proprioceptive and tactile senses live at the boundary of the body, then predictive models of these senses should result in models that represent external objects, in order to accurately predict their future effects on the body. This is the approach we take in this paper.\nWe consider two robotic hand bodies, one in simulation and one in reality. The hands are induced to grasp a variety of target objects (see Figure 1 for an example) and we build forward models of their proprioceptive signals. The target objects are perceivable only through the constraints they place on the movement of the body, and we show that this information is sufficient for the dynamics models to form holistic, persistent representations of the targets. We also show that we can use the learned dynamics models for planning, and that we can illicit behaviors from the planner that depend on external objects, in spite of those objects not being included in the observations directly (see Figure 7).\nOur simulated body is a model of the hand of the Johns Hopkins Modular Prosthetic Limb (Johannes et al., 2011), realized in MuJoCo (Todorov et al., 2012). The model is actuated by 13 motors each capable of exerting a bidirectional force on a single joint. The model is also instrumented with a series of sensors measuring angles and torques of the joints, as well as pressure sensors measuring contact forces at several locations across its surface. There are also inertial measurement units located at the end of each finger which measure translational and rotational accelerations. In total there are 132 sensor measurements whose values we predict using our dynamics model.\nOur real body is the Shadow Dexterous Hand, which is a real robotic hand with 20 degree of freedom control. This allows us to show that that our ideas apply not only in simulation, but succeed in the real world as well. The Shadow Hand is instrumented with sensors measuring the tension of the tendons driving the fingers, and also has pressure sensors on the pad of each fingertip that measure contact forces with objects in the world. We apply the same techniques used on the simulated model to data collected from this real platform and use the resulting model to make predictions about states of external objects in the real world.", 
        "heading": "1 INTRODUCTION"
      }, 
      {
        "text": "Intrinsic motivation and exploration: Given our goal to gather information about the world and, and in particular to actively seek out information about external objects, our work is naturally related\nto work on intrinsic motivation. The literature on intrinsic motivation is vast and rich, and we do not attempt to review it fully here. Some representative works include Oudeyer & Kaplan (2008; 2009); Sequeira et al. (2011); Still & Precup (2012); Bellemare et al. (2016); Martius et al. (2013); Schmidhuber (2008); Mohamed & Rezende (2015); Haber et al. (2018b;a) Some of the ideas here, in particular the notion of choosing actions specifically to improve a model of the world, echo earlier speculative work of Schmidhuber (1991) and Storck et al. (1995).\nSeveral authors have implemented intrinsic motivation, or curiosity based objectives in visual space, through predicting interactions with objects (Pinto et al., 2016), or through predicting summary statistics of the future (Venkatraman et al., 2017; Downey et al., 2017). Other authors have also investigated using learned future predictions directly for control (Dosovitskiy & Koltun, 2016).\nMany works formulate intrinsic motivation as a problem of learning to induce errors in a forward model, possibly regularized by an additional inverse model (Pathak et al., 2017; de Abril & Kanai, 2018). However, since we use planning, rather than policies, for active control we cannot adapt their objectives directly. Objectives that depend on the observed error in a prediction cannot be rolled forward in time, and thus we are forced to work with similar, but different objectives in our planner.\nWhen stochastic transition and observation models are available, it is possible to use simulation to infer optimal plans for exploring environments (Martinez-Cantin et al., 2009). Our setting uses predominantly deterministic distributed representations, and our models are learned from data.\nA sea of other methods have been proposed for exploration (MacKay, 1992; Ghavamzadeh et al., 2015; Asmuth et al., 2009; Gal, 2016; Stachniss et al., 2005; Plappert et al., 2017; Fu et al., 2017). Our approach builds on this literature.\nHaptics: Humans use their hands to gather information in structured task driven ways (Lederman & Klatzky, 1987); and it will become clear from the experiments why hands are relevant to our work. Our interest in hands and touch brings us into contact with a vast literature on haptics (Zheng et al., 2016; Gao et al., 2016; Cao et al., 2016; Loeb, 2013; Edmonds et al., 2017; Su et al., 2015; Navarro et al., 2012; Aggarwal et al., 2015; Liu et al.; Sung et al., 2017; Ciobanu et al., 2013; Karl et al., 2016; Su et al., 2012).\nThere is also work in robotics on using the anticipation of sensation to guide actions (Indranil Sur, 2017), and on showing how touch sensing can improve the performance of grasping tasks (Calandra et al., 2017). Model based planning has been very successful in these domains (Deisenroth & Rasmussen, 2011).\nSequence-to-sequence modelling: There has been a lot of recent interest in sequence-to-sequence modelling (Downey et al., 2017; Venkatraman et al., 2017; Chung et al., 2015; Fraccaro et al., 2016; Bayer & Osendorfer, 2014; Archer et al., 2015; Krishnan et al., 2015), particularly in the context of predicting distributions and in dynamics modelling in reinforcement learning. In this paper we use a sequence to sequence variant that shares weights between the encoder and decoder portions of the model.\nPredicting unknown quantities in RL: The consciousness prior (Bengio, 2017) considers recurrent latent dynamics models similar to ours and suggests mapping from their hidden states to other spaces that aren\u2019t directly modelled.\nYu et al. (2017) propose a method of learning control policies that operate under unknown dynamics models. They consider the dynamics model parameters as an unobserved part of the state, and train a system identification model to predict these parameters from a short history of observations. The predictions of the system identification model are used to augment the observations which are then fed to a universal policy, which has been trained to act optimally under an ensemble of dynamics models, when the dynamics parameters are observed. The key contribution of their work is a training procedure that makes this two stage modelling process robust.\nAlthough the high level motivation of Yu et al. (2017) is similar, there is an obvious analogy between their system identification model and our diagnostics, many of the specifics are quite different from the work presented here. They explicitly do not consider memory-based tasks (the system identification model looks only at a short window of the past) whereas one of our key interests is in how our models preserve information in time. They also use a two stage training process, where both stages of training require knowledge of the system parameters; it is only at test time where these are\nunknown. In contrast, we use the system parameters only as an analysis strategy, and at no point require knowledge of them to train the system. Finally, the bodies we consider (robot hands) are substantially more complex than those of Yu et al. (2017), and we do not make use of an explicit parameterization of the system dynamics.\nThe work of Fu et al. (2016) also fits dynamics models using neural networks and uses planning in these models to guide action selection. They train a global dynamics model on data from several tasks, and use this global model as a prior for fitting a much simpler local dynamics model within each episode. The global model captures course grained dynamics of the robot and its environment, while the local model accounts for the specific configuration of the environment within an episode. Although they do not probe for this explicitly, one might hypothesize that the type of awareness of the environment that we are after in this work could be encoded in the parameters of their local models.", 
        "heading": "2 RELATED WORK"
      }, 
      {
        "text": "We consider an agent operating in a discrete-time setting where there is a stochastic unobservable global state st \u2208 S at each timestep t and the agent obtains a stochastic observation xt \u2208 X where X \u2286 S and takes some action ut \u2208 U . Our goal is to learn a predictive dynamics model of the agent\u2019s action-conditional future observations p(xt+1:t+k|u1:t+k\u22121, x1:t) for k timesteps into the future given all of the previous observations and actions it has taken. We assume that the dynamics model has some hidden state it uses to encode information in the observed trajectory. We will then use these models to reason about the global state st even though no information about this state is available during training, which we refer to as awareness. Figure 2 summarizes the notation and definitions we use throughout the rest of the paper.\nTo show that information required for reasoning is present in the states of our dynamics models we use auxiliary models, which we call diagnostic models. A diagnostic model looks at the states of a dynamics model and uses them to to predict an interpretable unobserved state in the world yt \u2208 Y , where Y \u2286 S and in most cases X \u2229 Y = \u2205. When training a diagnostic model we allow ourselves to use privileged information to define the loss, but we do not allow the diagnostic loss to influence the representations of the dynamics model.\nThe diagnostic models are a post-hoc analysis strategy. The dynamics models are trained using only the observed states, and then frozen. After the dynamics models are trained we train diagnostic models on their states, and the claim is that if we can successfully predict properties of unobserved states using diagnostic models trained in this way then information about the external objects is available in the states of the dynamics model.", 
        "heading": "3 DYNAMICS, AWARENESS, AND DIAGNOSTICS"
      }, 
      {
        "text": "This section introduces the Predictor-Corrector (PreCo) dynamics model we use for long-horizon multi-step predictions over the observation space p(xt+1:t+k|u1:t+k\u22121, x1:t). We first encode the observed trajectory {u1:t, x1:t} into a deterministic hidden state ht \u2208 H using a recurrent model\nparameterized by \u03b8 and then use this hidden state to predict distributions over the future observations xt+1:t+k. We show experimentally that even though the hidden states ht were only trained on observed states, they contain an awareness of unobserved states in the environment.\nUsing a deterministic hidden state allows us to easily unroll the predictor without needing to approximate the distributions with sampling or other approximate methods. We assume that the observation predictions are independent of each other given the hidden state, and can be modeled as\np(xt+1:t+k|ut:t+k\u22121, ht:t+k) = k\u220f\n\u03ba=1\np(xt+\u03ba|ut:t+\u03ba\u22121, ht:t+\u03ba)\nThis modelling is done with three deterministic components:\n1. Predictor\u03b8 : H\u00d7 U \u2192 H predicts the next hidden state after taking an action, 2. Corrector\u03b8 : H\u00d7 X \u2192 H corrects the current hidden state after receiving an observation\nfrom the environment, and 3. Decoder\u03b8 : H \u2192 PX maps from the hidden state to a distribution over the observations.\nSeparating the dynamics model into predictor and corrector components allows us to operate in single-step and multi-step prediction modes as Figure 3 shows. The predictor can make action-conditional predictions using the hidden states from the corrector for single-step predictions as hpt,0 = Predictor\u03b8(h c t\u22121, ut) or from itself for multi-step predictions as h p t,i+1 = Predictor\u03b8(h p t,i, ut+i). In our notation, h p t,i denotes the predictor\u2019s hidden state prediction at time t + i starting from the corrector\u2019s state at time t \u2212 1. The corrector then makes the updates hct = Corrector\u03b8(h p t,0, xt).\nTo train PreCo models, we maximize the likelihood on a reference set of trajectories using the singlestep predictions as well as multi-step predictions stemming from every timestep. The structure of the resulting graph of only the hidden states is shown on the right of Figure 3, omitting the observed states, trajectories, and predicted distributions. We call this technique overshooting, and we call the number of steps predicted forward by the decoder the overshooting length.\nThe predictor and corrector components use single layer LSTM cores. We embed the inputs with a separate embedding MLP for the controls and sensors. We predict independent mixtures of Gaus-\nsians at every step with a mixture density network (Bishop, 1994). Each dimension of each prediction is an independent mixture. We use separate MLPs to produce the means, standard deviations and mixture weights. We use Adam (Kingma & Ba, 2014) for parameter optimization.", 
        "heading": "4 THE PREDICTOR-CORRECTOR (PRECO) DYNAMICS MODEL"
      }, 
      {
        "text": "Model predictive control (MPC), the strategy of controlling a system by repeatedly solving a modelbased optimization problem in a receding horizon fashion, is a powerful control technique when a dynamics model is known. Throughout this paper, we use MPC to achieve objectives based on predictions from our dynamics models. Formally, MPC requires that at each timestep after receiving an observation and correcting the hidden state, we solve the optimization problem\nh?1:T , u ? 1:T = argmin\nh1:T ,u1:T\n\u2211\nt\nC(ht, ut)\nsubject to h0 = hinit\nht+1 = Predictor\u03b8(ht, ut) u1:T \u2208 U1:T\n(1)\nwhere the timesteps in this problem are offset from the actual timestep in the real system, the initial hidden state hinit is from the most recent corrector\u2019s state, and the remaining hidden states are unrolled from the predictor. In our experiments we also add constraints to the actions U1:T so that they lie in a box ||ut||\u221e \u2264 1 and we enforce slew rate constraints ||ut+1 \u2212 ut||\u221e \u2264 0.1. After solving this problem, we execute the first returned control u?1 on the real system, step forward in time, and repeat the process.\nThis formulation allows us to express standard objectives defined over the observation space by using the decoder to map from the hidden state to a distribution over observations at each timestep. We can also use other learned models, such as diagnostic models, to map from the hidden state to other unobservable quantities in the world.\nOur MPC solver for (1) uses a shooting method with a modified version of Adam (Kingma & Ba, 2014) to iteratively find an optimal control sequence from some initial hidden state. At every iteration, we unroll the predictor, compute the objective at each timestep, and use automatic differentiation to compute the gradient of the objective with respect to the control sequence. To handle control constraints, we project onto a feasible set after each Adam iteration. During an episode, we warm-start the nominal control and hidden state sequence to the appropriately time-shifted control and hidden state sequence from the previous optimal solution.", 
        "heading": "5 CONTROL WITH DYNAMICS AND DIAGNOSTIC MODELS"
      }, 
      {
        "text": "Learning dynamics models such as the PreCo model in Section 4 requires a collection of trajectories. In this section, we discuss two ways of collecting trajectories for training dynamics models: passive collection does not use any input from the dynamics model while active collection seeks to actively improve the dynamics model.", 
        "heading": "6 COLLECTING TRAJECTORIES AND EXPLORATION"
      }, 
      {
        "text": "The simplest data collection strategy is to hand design a behavior that is independent of the dynamics model. Such strategies can be completely open loop, for example taking random actions driven by a noise process, and also encompass closed loop policies such as following a pre-programmed nominal trajectory. In these situations, we are only interested in learning a dynamics model to achieve an awareness of the unobserved states, not to make policy improvements. We use the term passive collection to emphasize that the the data collection behavior does not depend on the model being trained. Once collected, the maximum likelihood PreCo training procedure described in Section 4 can be used to fit the PreCo dynamics model to the trajectories, but there is no feedback between the state of the dynamics model and the data collection behavior.", 
        "heading": "6.1 PASSIVE COLLECTION"
      }, 
      {
        "text": "Beyond passive collection we can consider using using the dynamics model to guide exploration towards parts of the state space where the the model is poor. We call this process active collection to emphasize that the model being trained is also being used to guide the data collection process. This section describes the method of active collection we use in the experiments.\nIn this paper, we consider environments that are entirely deterministic, except for a stochastic initial unobserved state that the observed state can gather information about. When our dynamics model over the observed state makes uncertain predictions, the source of that uncertainty stems from one of two places: (1) the model is poor, as a consequence of there being too little data or from too small capacity, or (2) properties of the external objects are not yet resolved by the observations seen so far.\nOur active exploration exploits this fact by choosing actions to maximize the uncertainty in the rollout predictions. An agent using this uncertainty maximization policy attempts to seek actions for which the outcome is not yet known. This uncertainty can then be resolved by executing these actions and observing their outcome, and the resulting trajectory of observations, actions, and sensations can be used to refine the model.\nTo choose actions to gather information we use MPC as described in Section 5 over an objective that maximizes the uncertainty in the predictions. Our predictions are Mixtures of Gaussians at each timestep, and the uncertainty over these distributions can be expressed in many ways. We use the Re\u0301nyi entropy of our model predictions as our measure of uncertainty because it can be easily computed in closed form. Concretely, for a single Mixture of Gaussians prediction f(x) we can write\nH2(f) = \u2212 log [\u222b f(x)2 dx ] = \u2212 log   \u2211\nij\n\u03b1i\u03b1j\nexp { \u2212 (\u00b5i\u2212\u00b5j) 2\n2(\u03c32i+\u03c32j )\n}\n\u221a 2\u03c0 \u221a \u03c32i + \u03c3 2 j\n \nwhere i and j index the mixture components in the likelihood. A more complete derivation is shown in Appendix A, which extends the result of Wang et al. (2009) to the case when the mixture components have different variances. We obtain an information seeking objective by summing the entropy of the predictions across observations and across time, which is expressed as the cost function in MPC (1) as C(ht, ut) = \u2212 \u2211 fi H2(fi) where, through a slight abuse of notation, fi \u2208 Decoder\u03b8(ht) is a distribution over the observation dimension i.\nWe implement this information gathering policy to collect training data for the model in which it is planning. In our implementation these are two processes running in parallel: we have several actors each with a copy of the current model weights. These use MPC to plan and execute a trajectory of actions that maximizes the model\u2019s predicted uncertainty over a fixed horizon trajectory into the future. The observations and actions generated by the actors are collected into a large shared buffer and stored for the learner.\nWhile the actors are collecting data, a single learner process samples batches of the collected trajectories from the buffer being written to by the actors. The learner trains the PreCo model by maximum likelihood as described in Section 4, and the updated model propagates back to the actors who continue to plan using the updated model. We implemented this using the framework of Horgan et al. (2018).", 
        "heading": "6.2 ACTIVE COLLECTION: EXPLORATION THROUGH MAXIMIZING UNCERTAINTY"
      }, 
      {
        "text": "", 
        "heading": "7 EXPERIMENTS ON THE SIMULATED MPL HAND"
      }, 
      {
        "text": "Our simulated environment consists of a hand with a random object placed underneath of it in each episode. The observation state space consists of sensor readings from the hand, and the unobserved state space consists of properties of the object.\nThe hand is from the Johns Hopkins Modular Prosthetic Limb (Johannes et al., 2011) which we refer to as the \u201cMPL hand\u201d, or simply \u201cthe hand\u201d. This model is distributed with the MuJoCo HAPTIX\nsoftware and is available for download from the MuJoCo website.1 The hand is actuated by 13 motors and has sensors that provide a 132 dimensional observation, which we describe in more detail in Appendix C.\nIn each episode the hand starts suspended above the table with its palm facing downwards. A random geometric object that we call the \u201ctarget\u201d is placed on the table, and the hand is free to move to grasp or manipulate the object. The shape of the target is randomly chosen in each episode to be a box, cylinder or ellipsoid and the size and orientation of the target are randomly chosen from reasonable ranges. Figures 1 and 7 show renderings of the environment.", 
        "heading": "7.1 THE MPL HAND ENVIRONMENT"
      }, 
      {
        "text": "We begin by exploring awareness in the passive setting, as a pure supervised learning problem. We manually design a policy for the hand, which executes a simple grasping motion that closes the hand about the target it and then releases it. We generate data from the environment by running this graspand-release cycle three times for each episode. Using the dataset generated by the grasping policy, we train a PreCo model described in Section 4. The full set of hyperparameters for this model can be found in Appendix D.\nWe evaluate the awareness of our model by measuring our ability to predict the shape of the target at each timestep. We are especially interested in the predictions at timesteps where the hand is not in direct contact with the target, since these are the points that allow us to measure the persistence of information in the dynamics model. We expect that even a na\u0131\u0308ve model should have enough information to identify the target shape at the peak of a grasp, but our model should do a better job of preserving that information once contact has been lost.\nRecall from Section 3 that the diagnostic model we use to predict the target shape is trained in a second phase after the dynamics model is fully trained. The identity of the target shape is used when training the diagnostic model, but is not available when training the dynamics model, and the\n1http://www.mujoco.org/book/haptix.html\ntraining of the diagnostic does not modify the learned dynamics model, meaning that no information from the diagnostic loss is able to leak into the states of the dynamics model.\nFigure 4 shows the results of this experiment. We compare the diagnostic predictions trained on the features of our dynamics model to three different baselines that do not use the dynamics model features.\n1. The MLP baseline uses an MLP trained to directly classify the target from the sensor readings of the hand, ignoring all dependencies between timesteps within an episode. We expect this baseline to give a lower bound on performance of the diagnostic. This is an important baseline to have since as the hand opens there is still residual information about the shape of the target in the position of joints, which is identified by this baseline.\n2. The LSTM baseline uses an LSTM trained to directly classify the target from the sensor readings of the hand, taking full account of dependencies between timesteps within an episode. Since this baseline has access to the target class at training time, and is also able to take advantage of the temporal dependence within each episode, we expect it to give an upper bound on performance of the diagnostic model, which only has access to the states of the pre-trained PreCo model.\n3. The RandLSTM baseline finds a middle ground between the MLP and LSTM models. We use the same architecture and training procedure as for the LSTM baseline, but we do not train the input or recurrent weights of the model. By comparing the performance of this baseline to the diagnostic model we can see that our success cannot be attributed merely to the existence of an arbitrary temporal dependence.\nThe results in Figure 4 show that the dynamics PreCo model reliably preserves information about the identity of the target over time, even though this information is not available to the model directly either in the input or in the training loss.", 
        "heading": "7.2 AWARENESS THROUGH PASSIVE DATA COLLECTION"
      }, 
      {
        "text": "In this section we explore how different data collection strategies lead to models of different quality. We evaluate the quality of the trained models by using them in an MPC planner to execute a simple diagnostic control task.\nThe diagnostic task we use in this section is to maximize the total pressure on the fingertip sensors on the hand. This is a good task to evaluate these models because the most straightforward way to maximize pressure on the fingers is to squeeze the target block, and demonstrating that we can achieve this objective through MPC shows that the models are able to anticipate the presence of the block, and reason about its effect on the body.\nNote that because we act through planning, the implication for the representations of the model are stronger than they would be if we trained a policy to achieve the same objective. A policy need only learn that when the hand is open it should be closed to reach reward. In contrast, a model must learn that closing the hand will lead the fingers to encounter contacts, and it is only later that this prediction is turned into a reward for evaluation.\nWe compare several different data collection policies, and their performances on the diagnostic task are shown in Figure 5.\n1. The IndNoise policy collects data by executing random actions sampled from a Normal distribution with standard deviation of 0.2.\n2. The CorNoise policy collects data by executing random actions sampled from a Ornstein Uhlenbeck process with damping of 0.2, driven by an independent normal noise source with standard deviation 0.2. Each of the 13 actions is sampled from an independent process, with correlation happening only over time.\n3. The AxEnt policy uses the MPC planner described in Section 5 to maximize the total entropy of the model predictions over a horizon of 100 steps. The objective for the planner is to maximize the Re\u0301nyi entropy, as described in Section 6.2.\n4. The AxTask policy also uses the MPC planner of Section 5 to collect data, but here the planning objective for data collection is the same as for evaluation.\nFor both of the planning policies we found that adding correlated noise (using the same parameters as the CorNoise policy) to the actions chosen by the planner lead to much better models. Without this source of noise the planners do not generate enough variety in the episodes and the models underperform.\nWe evaluate each model by running several episodes where we plan to achieve maximum fingertip pressure, and show the resulting rewards in Figure 5. Note that the evaluation objective is different than the training objective for all models except AxTask. We do not add additional noise to planned actions when running the evaluation.\nWe also evaluate the awareness of the AxEnt model using the shape diagnostic task from Section 7.2. Figure 6 compares the performance of a diagnostic trained on the AxEnt dynamics model to the passive awareness diagnostic of Section 7.2. The model trained with actively collected data outperforms its passive counterpart in regions of the grasp trajectory where the hand is not in contact with the block.", 
        "heading": "7.3 AWARENESS THROUGH ACTIVE DATA COLLECTION"
      }, 
      {
        "text": "In this section we present qualitative results of using a the AxEnt model to execute different objectives through planning. We do this with MPC as described in Section 5.\n1. Maximizing entropy of the predictions, as we did during training, leads to exploratory behavior. In Figure 7 we show a typical frame from an entropy maximizing trajectory, as well as typical frames from controlling for two different objectives.\n2. Optimizing for fingertip pressure tends to lead to grasping behavior, since the easiest way to achieve pressure on the fingertips is to push them against the target block. There is an alternative solution which is often found where the hand makes a tight fist, pushing its fingertips into its own palm. This is the same as the diagnostic task used in the previous section.\n3. Minimizing entropy of the predictions is also quite interesting. This is the negation of the information gathering objective, and it attempts to make future observations as uninformative as possible. Optimizing for this objective results in behavior where the hand consistently pulls away from the target object.\nQualitative results from executing each of the above policies are shown in Figures 5 and 7. The behavior when minimizing entropy of the predictions is particularly relevant. The resulting behavior causes the hand to pull away from the target object, demonstrating that the model is aware not only of how to interact with the target, but also how to avoid doing so. Videos of the model in action are available online at https://goo.gl/mZuqAV.", 
        "heading": "7.4 QUALITATIVE EVALUATION"
      }, 
      {
        "text": "We have shown that our models work well in simulation. We now turn to demonstrating that they are effective in reality as well.", 
        "heading": "8 EXPERIMENTS IN THE REAL WORLD"
      }, 
      {
        "text": "We use the 24-joint Shadow Dexterous Hand2 with 20-DOF tendon position control and set up a real life analog of our simulated environment, as shown in Figure 8. Since varying the spatial extents of an object in real life would be very labor intensive we instead use a single object fixed to a turntable that can rotate to any one of 255 orientations, and our diagnostic task in this environment is to recover the orientation of the grasped object.\nWe built a turntable mechanism for orienting the object beneath the hand, and design some randomized grasp trajectories for the hand to close around the block. The object is a soft foam wedge (the shape is chosen to have an unambiguous orientation) and fixed to the turntable. At each episode we turn the table to a randomly chosen orientation and execute two grasp release cycles with the hand robot.", 
        "heading": "8.1 THE SHADOW HAND ENVIRONMENT"
      }, 
      {
        "text": "Over the course of two days we collected 1140 grasp trajectories in three sessions of 47, 393 and 700 trajectories. We use the 47 trajectories from the initial session as test data, and use the remaining 1093 trajectories for training. Each trajectory is 81 frames long and consists of two grasp-release cycles with the target object at a fixed orientation. At each timestep we measure four different proprioceptive features from the robot:\n1. The actions, a set of 20 desired joint positions, sent to the robot for the current timestep. 2. The angles, a set of 24 measured joint positions, reported by the robot at the current\ntimestep. There are more angles than actions because not all joints of the hand are sep-\n2https://www.shadowrobot.com/products/dexterous-hand/\narately actuated, and the measured angles may not match the intended actions due to force limits imposed by the low level controller.\n3. The efforts, which provide 20 distinct torque readings. Each effort measurement is the signed difference in tension between tendons on the inside and outside of one of the actuated joints.\n4. The pressures are five scalar measurements that indicate the pressure experienced by the pads on the end of each finger.\nJoint ranges of the hand are limited to prevent fingers pushing each other, and the actuator strengths are limited for the safety of the robot and the apparatus. At each grasp-release cycle final grasped and released positions are sampled from handcrafted distributions. Position targets sent to the robot are calculated by interpolating between these two positions in 20 steps.\nThere are multiple complexities the sensor model needs to deal with. First of all once a finger touches the object actual positions and target positions do not match, and the foam object bends and deforms. Also the hand can occasionally overcome the resistance in the turntable motor causing the target object to rotate during the episode (for about 10-20 degrees and rarely more). This creates extra unrecorded source of error in the data.", 
        "heading": "8.2 DATA COLLECTION"
      }, 
      {
        "text": "We train a forward model on the collected data, and then treat prediction of the orientation of the block as a diagnostic task. Figure 8 shows that we can successfully predict the orientation of the block from the dynamics model state.", 
        "heading": "8.3 AWARENESS AND DIAGNOSTICS"
      }, 
      {
        "text": "In this paper we showed that learning a forward predictive model of proprioception we obtain models that can be used to answer questions and reason about objects in the external world. We demonstrated this in simulation with a series of diagnostic tasks where we use the model features to identify properties of external objects, and also with a control task where we show that we can plan in the model to achieve objectives that were not seen during training.\nWe also showed that the same principles we applied to our simulated models are also successful in reality. We collected data from a real robotic platform and used the same modelling techniques to predict the orientation of a grasped block.", 
        "heading": "9 CONCLUSION"
      }, 
      {
        "text": "BA is supported by the National Science Foundation Graduate Research Fellowship Program under Grant No. DGE1252522. We thank Dougal Sutherland and Matthew W. Hoffman for insightful discussions.", 
        "heading": "ACKNOWLEDGMENTS"
      }, 
      {
        "text": "H2(f) = \u2212 log \u222b f(x)2dx\n= \u2212 log \u222b (\u2211\ni\n\u03b1ifi(x|\u00b5i, \u03c32i ) )2 dx\n= \u2212 log \u222b \u2211\ni\n\u2211\nj\n\u03b1i\u03b1jfi(x|\u00b5i, \u03c32i )fj(x|\u00b5j , \u03c32j )dx\n= \u2212 log \u2211\ni\n\u2211\nj\n\u03b1i\u03b1j \u222b fi(x|\u00b5i, \u03c32i )fj(x|\u00b5j , \u03c32j )dx\n= \u2212 log \u2211\ni\n\u2211\nj\n\u03b1i\u03b1j\nexp { \u2212 (\u00b5i\u2212\u00b5j) 2\n2(\u03c32i+\u03c32j )\n}\n\u221a 2\u03c0 \u221a \u03c32i + \u03c3 2 j\nwhere the last step can be computed with Mathematica, and is also given in Bromiley (2003):\nIntegrate[ PDF[NormalDistribution[Subscript[\\[Mu], i], Subscript[\\[Sigma], i]], x]*PDF[NormalDistribution[Subscript[\\[Mu], j], Subscript[\\[Sigma], j]], x], {x, -\\[Infinity], \\[Infinity]},\nAssumptions -> {Subscript[\\[Sigma], i] \\[Element] Reals, Subscript[\\[Sigma], j] \\[Element] Reals, Re[Subscript[\\[Sigma], i]] > 0, Re[Subscript[\\[Sigma], j]] > 0}]", 
        "heading": "A DERIVING THE RE\u0301NYI ENTROPY OF A MIXTURE OF GAUSSIANS"
      }, 
      {
        "text": "Figures 9 and 10 show planned trajectories and model predictions when attempting to maximize fingertip pressure and to minimize predicted entropy, respectively.", 
        "heading": "B EXTRA RESULTS"
      }, 
      {
        "text": "The MPL hand is actuated by 13 motors each capable of exerting a bidirectional force on a single degree of freedom of the hand model. Each finger is actuated by a motor that applies torque to the MCP joint, and the MCP joint of each finger is coupled by a tendon to the PIP and DIP joints of the same finger, causing a single action to flex all joints of the finger together. Abduction of the main digits (ABD) is controlled by two motors attached to the outside of the index and pinky fingers, respectively. Unlike the main digits, the thumb is fully actuated, with separate motors driving each joint. The thumb has its own abduction joint, and somewhat strangely the thumb is composed of three jointed segments (unlike a human thumb which has only two). Each segment is separately controlled for a total of four actuators controlling the thumb. Finally the hand is attached to the world by fully actuated three three degree of freedom wrist joint, for a total of 13 actuators.\nThe hand model includes several sensors which we use as proprioceptive information. We observe the position and velocity of each joint in the model (three joints in the wrist and four in each finger except the middle which has no abduction joint, for a total of 22 joints), as well as the position, velocity and force of each of the 13 actuators. We also record from inertial measurement units (IMUs) located in the distal segment of each of the five fingers. Each IMU records three axis rotational and translational acceleration for a total of 30 acceleration measurements. Finally there are 19 pressure sensors placed throughout the inside of the hand that measure the magnitude of contact forces. Each finger including the thumb has three touch sensors, one on each segment (recall that the thumb has three segments in this model), and the palm of the hand has four different touch\nsensors that cover different regions. In total these sensors give a 132 dimensional proprioceptive state.", 
        "heading": "C MPL HAND"
      }, 
      {
        "text": "Table 1 shows hyperparameters for several of the models used in the experiments. Some of the hyperparameters (notably the Adam learning rates) are found through random search, so the numbers are quite particular, but the particularity should not be taken as a sign of delicacy. The meaning of each parameter is shown in Figure 11.\nstddev depth\nstddev hidden size\nmean hidden size\nmean depth\nlikelihood mixture hidden size\nlikelihood mixture depth\nlikelihood num components likelihood num components * num sensors\npreco hidden size\nP i \u21b5iN (\u00b5i, i)", 
        "heading": "D HYPERPARAMETERS"
      }
    ], 
    "emails": []
  }
}