{
  "name": "r1kP7vlRb.pdf", 
  "metadata": {
    "title": "TOWARD LEARNING BETTER METRICS FOR SEQUENCE GENERATION TRAINING WITH POLICY GRADIENT", 
    "year": 2018, 
    "referenceMentions": [
      {
        "referenceID": 7, 
        "startOffset": 138, 
        "context": "Recently, sequential generative model with recurrent neural networks (RNNs) have shown great success in several sequence generation tasks (Graves, 2013; Sutskever et al., 2011).", 
        "endOffset": 176
      }, 
      {
        "referenceID": 19, 
        "startOffset": 138, 
        "context": "Recently, sequential generative model with recurrent neural networks (RNNs) have shown great success in several sequence generation tasks (Graves, 2013; Sutskever et al., 2011).", 
        "endOffset": 176
      }, 
      {
        "referenceID": 3, 
        "startOffset": 150, 
        "context": "Although MLE provides stable training, a trained RNN generator suffers from the discrepancy of training mode and inference mode, called exposure bias (Bengio et al., 2015).", 
        "endOffset": 171
      }, 
      {
        "referenceID": 17, 
        "startOffset": 106, 
        "context": "To alleviate exposure bias, sequence training methods with reinforcement learning (RL) have been proposed (Ranzato et al., 2016; Bahdanau et al., 2017).", 
        "endOffset": 151
      }, 
      {
        "referenceID": 2, 
        "startOffset": 106, 
        "context": "To alleviate exposure bias, sequence training methods with reinforcement learning (RL) have been proposed (Ranzato et al., 2016; Bahdanau et al., 2017).", 
        "endOffset": 151
      }, 
      {
        "referenceID": 16, 
        "startOffset": 36, 
        "context": "a task specific metric such as BLEU (Papineni et al., 2002), rather than the log likelihood.", 
        "endOffset": 59
      }, 
      {
        "referenceID": 22, 
        "startOffset": 93, 
        "context": "The application of RL methods to sequence generation tasks is increasing importance recently (Wu et al., 2016; Li et al., 2016).", 
        "endOffset": 127
      }, 
      {
        "referenceID": 14, 
        "startOffset": 93, 
        "context": "The application of RL methods to sequence generation tasks is increasing importance recently (Wu et al., 2016; Li et al., 2016).", 
        "endOffset": 127
      }, 
      {
        "referenceID": 6, 
        "startOffset": 47, 
        "context": "Inspired by generative adversarial nets (GANs) (Goodfellow et al., 2014) and RL, SeqGAN employs a discriminator which is trained to discriminate between a true sequence and a generated sequence, and a generator is trained with policy gradient (Sutton et al.", 
        "endOffset": 72
      }, 
      {
        "referenceID": 20, 
        "startOffset": 178, 
        "context": ", 2014) and RL, SeqGAN employs a discriminator which is trained to discriminate between a true sequence and a generated sequence, and a generator is trained with policy gradient (Sutton et al., 2000) by treating the discriminator as the reward function.", 
        "endOffset": 199
      }, 
      {
        "referenceID": 16, 
        "startOffset": 100, 
        "context": "As an evaluation method, we employ oracle negative log likelihood (NLL) in synthetic data, and BLEU (Papineni et al., 2002) in text data.", 
        "endOffset": 123
      }, 
      {
        "referenceID": 11, 
        "startOffset": 15, 
        "context": "Sequence tutor (Jaques et al., 2017) is the study that utilizes the reward function learned from data.", 
        "endOffset": 36
      }, 
      {
        "referenceID": 24, 
        "startOffset": 75, 
        "context": "TextGAN is the very recent proposed study of the GAN-based text generation (Zhang et al., 2017).", 
        "endOffset": 95
      }, 
      {
        "referenceID": 6, 
        "startOffset": 57, 
        "context": "the outputs by the generator, as original GANs have done (Goodfellow et al., 2014).", 
        "endOffset": 82
      }, 
      {
        "referenceID": 5, 
        "startOffset": 90, 
        "context": "There are several studies that attempted to train a neural network reward function in IRL (Finn et al., 2016; Ho & Ermon, 2016).", 
        "endOffset": 127
      }, 
      {
        "referenceID": 15, 
        "startOffset": 95, 
        "context": "To prevent a generator from becoming deterministic, it is common to add an entropy regularizer (O\u2019Donoghue et al., 2016) to Eq.", 
        "endOffset": 120
      }, 
      {
        "referenceID": 4, 
        "startOffset": 32, 
        "context": "Max-over-time pooling operation (Collobert et al., 2011) is then applied to the feature map to get the maximum value of ch over the timesteps, i.", 
        "endOffset": 56
      }, 
      {
        "referenceID": 10, 
        "startOffset": 229, 
        "context": "Now, if we assume that human has the natural distribution phuman(x) and the generator\u2019s distribution is q(x), we can realize such an evaluation by the negative log likelihood of the human natural distribution \u2212Ex\u223cq[logphuman(x)] (Husz\u00e1r, 2015).", 
        "endOffset": 243
      }, 
      {
        "referenceID": 24, 
        "startOffset": 49, 
        "context": "As previous studies of text generation have done (Zhang et al., 2017; Yu et al., 2017), we use all the test set as the reference for BLEU evaluation.", 
        "endOffset": 86
      }, 
      {
        "referenceID": 23, 
        "startOffset": 49, 
        "context": "As previous studies of text generation have done (Zhang et al., 2017; Yu et al., 2017), we use all the test set as the reference for BLEU evaluation.", 
        "endOffset": 86
      }
    ], 
    "source": "CRF", 
    "creator": "LaTeX with hyperref package", 
    "references": [
      {
        "shortCiteRegEx": "Abbeel and Ng.", 
        "author": [
          "Pieter Abbeel", 
          "Andrew Y Ng"
        ], 
        "citeRegEx": "Abbeel and Ng.,? \\Q2004\\E", 
        "venue": "In Proceedings of the 21st international conference on Machine learning,", 
        "year": 2004, 
        "title": "Apprenticeship learning via inverse reinforcement learning"
      }, 
      {
        "shortCiteRegEx": "Arjovsky and Bottou.", 
        "author": [
          "Martin Arjovsky", 
          "L\u00e9on Bottou"
        ], 
        "citeRegEx": "Arjovsky and Bottou.,? \\Q2017\\E", 
        "venue": "In Proceedings of the 5th international conference on Learning representations,", 
        "year": 2017, 
        "title": "Towards principled methods for training generative adversarial networks"
      }, 
      {
        "shortCiteRegEx": "Bahdanau et al\\.", 
        "author": [
          "Dzmitry Bahdanau", 
          "Philemon Brakel", 
          "Kelvin Xu", 
          "Anirudh Goyal", 
          "Ryan Lowe", 
          "Joelle Pineau", 
          "Aaron Courville", 
          "Yoshua Bengio"
        ], 
        "citeRegEx": "Bahdanau et al\\.,? \\Q2017\\E", 
        "venue": "In Proceedings of the 5th international conference on Learning representations,", 
        "year": 2017, 
        "title": "An actor-critic algorithm for sequence prediction"
      }, 
      {
        "shortCiteRegEx": "Bengio et al\\.", 
        "author": [
          "Samy Bengio", 
          "Oriol Vinyals", 
          "Navdeep Jaitly", 
          "Noam Shazeer"
        ], 
        "citeRegEx": "Bengio et al\\.,? \\Q2015\\E", 
        "venue": "In Advances in Neural Information Processing Systems,", 
        "year": 2015, 
        "title": "Scheduled sampling for sequence prediction with recurrent neural networks"
      }, 
      {
        "shortCiteRegEx": "Collobert et al\\.", 
        "author": [
          "Ronan Collobert", 
          "Jason Weston", 
          "L\u00e9on Bottou", 
          "Michael Karlen", 
          "Koray Kavukcuoglu", 
          "Pavel Kuksa"
        ], 
        "citeRegEx": "Collobert et al\\.,? \\Q2011\\E", 
        "venue": "Journal of Machine Learning Research,", 
        "year": 2011, 
        "title": "Natural language processing (almost) from scratch"
      }, 
      {
        "shortCiteRegEx": "Finn et al\\.", 
        "author": [
          "Chelsea Finn", 
          "Sergey Levine", 
          "Pieter Abbeel"
        ], 
        "citeRegEx": "Finn et al\\.,? \\Q2016\\E", 
        "venue": "In Proceedings of the 33rd international conference on Machine learning,", 
        "year": 2016, 
        "title": "Guided cost learning: Deep inverse optimal control via policy optimization"
      }, 
      {
        "shortCiteRegEx": "Goodfellow et al\\.", 
        "author": [
          "Ian Goodfellow", 
          "Jean Pouget-Abadie", 
          "Mehdi Mirza", 
          "Bing Xu", 
          "David Warde-Farley", 
          "Sherjil Ozair", 
          "Aaron Courville", 
          "Yoshua Bengio"
        ], 
        "citeRegEx": "Goodfellow et al\\.,? \\Q2014\\E", 
        "venue": "In Advances in Neural Information Processing Systems,", 
        "year": 2014, 
        "title": "Generative adversarial nets"
      }, 
      {
        "shortCiteRegEx": "Graves.", 
        "author": [
          "Alex Graves"
        ], 
        "citeRegEx": "Graves.,? \\Q2013\\E", 
        "venue": "arXiv preprint arXiv:1308.0850,", 
        "year": 2013, 
        "title": "Generating sequences with recurrent neural networks"
      }, 
      {
        "shortCiteRegEx": "Ho and Ermon.", 
        "author": [
          "Jonathan Ho", 
          "Stefano Ermon"
        ], 
        "citeRegEx": "Ho and Ermon.,? \\Q2016\\E", 
        "venue": "In Advances in Neural Information Processing Systems,", 
        "year": 2016, 
        "title": "Generative adversarial imitation learning"
      }, 
      {
        "shortCiteRegEx": "Hochreiter and Schmidhuber.", 
        "author": [
          "Sepp Hochreiter", 
          "J\u00fcrgen Schmidhuber"
        ], 
        "citeRegEx": "Hochreiter and Schmidhuber.,? \\Q1997\\E", 
        "venue": "Neural Computation,", 
        "year": 1997, 
        "title": "Long short-term memory"
      }, 
      {
        "shortCiteRegEx": "Husz\u00e1r.", 
        "author": [
          "Ferenc Husz\u00e1r"
        ], 
        "citeRegEx": "Husz\u00e1r.,? \\Q2015\\E", 
        "venue": "arXiv preprint arXiv:1511.05101,", 
        "year": 2015, 
        "title": "How (not) to train your generative model: Scheduled sampling, likelihood, adversary"
      }, 
      {
        "shortCiteRegEx": "Jaques et al\\.", 
        "author": [
          "Natasha Jaques", 
          "Shixiang Gu", 
          "Dzmitry Bahdanau", 
          "Jos\u00e9 Miguel Hern\u00e1ndez-Lobato", 
          "Richard E Turner", 
          "Douglas Eck"
        ], 
        "citeRegEx": "Jaques et al\\.,? \\Q2017\\E", 
        "venue": "In Proceedings of the 34th international conference on Machine learning,", 
        "year": 2017, 
        "title": "Sequence tutor: Conservative fine-tuning of sequence generation models with kl-control"
      }, 
      {
        "shortCiteRegEx": "Kim.", 
        "author": [
          "Yoon Kim"
        ], 
        "citeRegEx": "Kim.,? \\Q2014\\E", 
        "venue": "arXiv preprint arXiv:1408.5882,", 
        "year": 2014, 
        "title": "Convolutional neural networks for sentence classification"
      }, 
      {
        "shortCiteRegEx": "Kingma and Ba.", 
        "author": [
          "Diederik Kingma", 
          "Jimmy Ba"
        ], 
        "citeRegEx": "Kingma and Ba.,? \\Q2014\\E", 
        "venue": "arXiv preprint arXiv:1412.6980,", 
        "year": 2014, 
        "title": "Adam: A method for stochastic optimization"
      }, 
      {
        "shortCiteRegEx": "Li et al\\.", 
        "author": [
          "Jiwei Li", 
          "Will Monroe", 
          "Alan Ritter", 
          "Michel Galley", 
          "Jianfeng Gao", 
          "Dan Jurafsky"
        ], 
        "citeRegEx": "Li et al\\.,? \\Q2016\\E", 
        "venue": "arXiv preprint arXiv:1606.01541,", 
        "year": 2016, 
        "title": "Deep reinforcement learning for dialogue generation"
      }, 
      {
        "shortCiteRegEx": "O.Donoghue et al\\.", 
        "author": [
          "Brendan O\u2019Donoghue", 
          "Remi Munos", 
          "Koray Kavukcuoglu", 
          "Volodymyr Mnih"
        ], 
        "citeRegEx": "O.Donoghue et al\\.,? \\Q2016\\E", 
        "venue": "In Proceedings of the 5th international conference on Learning representations,", 
        "year": 2016, 
        "title": "Combining policy gradient and q-learning"
      }, 
      {
        "shortCiteRegEx": "Papineni et al\\.", 
        "author": [
          "Kishore Papineni", 
          "Salim Roukos", 
          "Todd Ward", 
          "Wei-Jing Zhu"
        ], 
        "citeRegEx": "Papineni et al\\.,? \\Q2002\\E", 
        "venue": "In Proceedings of the 40th annual meeting on association for computational linguistics,", 
        "year": 2002, 
        "title": "Bleu: a method for automatic evaluation of machine translation"
      }, 
      {
        "shortCiteRegEx": "Ranzato et al\\.", 
        "author": [
          "Marc\u2019Aurelio Ranzato", 
          "Sumit Chopra", 
          "Michael Auli", 
          "Wojciech Zaremba"
        ], 
        "citeRegEx": "Ranzato et al\\.,? \\Q2016\\E", 
        "venue": "In Proceedings of the 4th international conference on Learning representations,", 
        "year": 2016, 
        "title": "Sequence level training with recurrent neural networks"
      }, 
      {
        "shortCiteRegEx": "Shrivastava et al\\.", 
        "author": [
          "Ashish Shrivastava", 
          "Tomas Pfister", 
          "Oncel Tuzel", 
          "Josh Susskind", 
          "Wenda Wang", 
          "Russ Webb"
        ], 
        "citeRegEx": "Shrivastava et al\\.,? \\Q2016\\E", 
        "venue": "arXiv preprint arXiv:1612.07828,", 
        "year": 2016, 
        "title": "Learning from simulated and unsupervised images through adversarial training"
      }, 
      {
        "shortCiteRegEx": "Sutskever et al\\.", 
        "author": [
          "Ilya Sutskever", 
          "James Martens", 
          "Geoffrey E Hinton"
        ], 
        "citeRegEx": "Sutskever et al\\.,? \\Q2011\\E", 
        "venue": "In Proceedings of the 28th international conference on Machine learning,", 
        "year": 2011, 
        "title": "Generating text with recurrent neural networks"
      }, 
      {
        "shortCiteRegEx": "Sutton et al\\.", 
        "author": [
          "Richard S Sutton", 
          "David A McAllester", 
          "Satinder P Singh", 
          "Yishay Mansour"
        ], 
        "citeRegEx": "Sutton et al\\.,? \\Q2000\\E", 
        "venue": "In Advances in Neural Information Processing Systems,", 
        "year": 2000, 
        "title": "Policy gradient methods for reinforcement learning with function approximation"
      }, 
      {
        "shortCiteRegEx": "Williams.", 
        "author": [
          "Ronald J Williams"
        ], 
        "citeRegEx": "Williams.,? \\Q1992\\E", 
        "venue": "Machine learning,", 
        "year": 1992, 
        "title": "Simple statistical gradient-following algorithms for connectionist reinforcement learning"
      }, 
      {
        "shortCiteRegEx": "Wu et al\\.", 
        "author": [
          "Yonghui Wu", 
          "Mike Schuster", 
          "Zhifeng Chen", 
          "Quoc V Le", 
          "Mohammad Norouzi", 
          "Wolfgang Macherey", 
          "Maxim Krikun", 
          "Yuan Cao", 
          "Qin Gao", 
          "Klaus Macherey"
        ], 
        "citeRegEx": "Wu et al\\.,? \\Q2016\\E", 
        "venue": "arXiv preprint arXiv:1609.08144,", 
        "year": 2016, 
        "title": "Google\u2019s neural machine translation system: Bridging the gap between human and machine translation"
      }, 
      {
        "shortCiteRegEx": "Yu et al\\.", 
        "author": [
          "Lantao Yu", 
          "Weinan Zhang", 
          "Jun Wang", 
          "Yong Yu"
        ], 
        "citeRegEx": "Yu et al\\.,? \\Q2017\\E", 
        "venue": "In Proceedings of association for the advancement of artificial intelligence,", 
        "year": 2017, 
        "title": "Seqgan: Sequence generative adversarial nets with policy gradient"
      }, 
      {
        "shortCiteRegEx": "Zhang et al\\.", 
        "author": [
          "Y. Zhang", 
          "Z. Gan", 
          "K. Fan", 
          "Z. Chen", 
          "R. Henao", 
          "D. Shen", 
          "L. Carin"
        ], 
        "citeRegEx": "Zhang et al\\.,? \\Q2017\\E", 
        "venue": "In Proceedings of the 34th international conference on Machine learning,", 
        "year": 2017, 
        "title": "Adversarial feature matching for text generation"
      }
    ], 
    "authors": [], 
    "abstractText": "Designing a metric manually for unsupervised sequence generation tasks, such as text generation, is essentially difficult. In a such situation, learning a metric of a sequence from data is one possible solution. The previous study, SeqGAN, proposed the framework for unsupervised sequence generation, in which a metric is learned from data, and a generator is optimized with regard to the learned metric with policy gradient, inspired by generative adversarial nets (GANs) and reinforcement learning. In this paper, we make two proposals to learn better metric than SeqGAN\u2019s: partial reward function and expert-based reward function training. The partial reward function is a reward function for a partial sequence of a certain length. SeqGAN employs a reward function for completed sequence only. By combining long-scale and short-scale partial reward functions, we expect a learned metric to be able to evaluate a partial correctness as well as a coherence of a sequence, as a whole. In expert-based reward function training, a reward function is trained to discriminate between an expert (or true) sequence and a fake sequence that is produced by editing an expert sequence. Expert-based reward function training is not a kind of GAN frameworks. This makes the optimization of the generator easier. We examine the effect of the partial reward function and expert-based reward function training on synthetic data and real text data, and show improvements over SeqGAN and the model trained with MLE. Specifically, whereas SeqGAN gains 0.42 improvement of NLL over MLE on synthetic data, our best model gains 3.02 improvement, and whereas SeqGAN gains 0.029 improvement of BLEU over MLE, our best model gains 0.250 improvement.", 
    "sections": [
      {
        "text": "Generating sequential data is one of the main areas of research in machine learning. Recently, sequential generative model with recurrent neural networks (RNNs) have shown great success in several sequence generation tasks (Graves, 2013; Sutskever et al., 2011). The most common training method of RNNs is maximum log likelihood estimation (MLE). Although MLE provides stable training, a trained RNN generator suffers from the discrepancy of training mode and inference mode, called exposure bias (Bengio et al., 2015). Exposure bias occurs because, at the inference, the generator predicts the next token given the tokens that the generator itself has generated so far, though the generator is trained to predict the next token given previous true tokens. To alleviate exposure bias, sequence training methods with reinforcement learning (RL) have been proposed (Ranzato et al., 2016; Bahdanau et al., 2017). By using the methods of RL, the RNN generator can be optimized w.r.t. a task specific metric such as BLEU (Papineni et al., 2002), rather than the log likelihood. The application of RL methods to sequence generation tasks is increasing importance recently (Wu et al., 2016; Li et al., 2016). Throughout this paper, we use the term \u201cmetric\u201d as a total reward for a sequence.\nIf we have a good metric of a sequence, we can expect that a good sequence generator would be obtained by using a method of RL. However, as Abbeel & Ng (2004) pointed out, it is generally difficult to manually specify a task specific metric for RL. It is especially difficult to manually design a proper metric for unsupervised sequence generation tasks, such as text generation or music generation (imagine how hard it is to manually design the metric of the naturalness of a sentence, or the beauty of music). One of the solutions for designing a metric for those tasks is to learn a metric from data.\nYu et al. (2017) proposed SeqGAN, which a metric of sequence is learned from data, and a generator is optimized w.r.t. the metric. Inspired by generative adversarial nets (GANs) (Goodfellow et al., 2014) and RL, SeqGAN employs a discriminator which is trained to discriminate between a true sequence and a generated sequence, and a generator is trained with policy gradient (Sutton et al., 2000) by treating the discriminator as the reward function. Because SeqGAN learns a metric from data and optimizes a generator in RL manner, we can see SeqGAN as the study of inverse reinforcement learning (IRL).\nIn this study, we also consider unsupervised sequence generation as a task of IRL, and we aim to learn the better metric than SeqGAN\u2019s. We state two proposals for this purpose: partial reward function and expert-based reward function training.\nThe partial reward function is the reward function for a partial sequence of a certain length. SeqGAN only uses a reward function for completed sequence. As a background of its proposal, we have an assumption that it is too much of a burden on a reward function employed in SeqGAN to evaluate a coherence of sequence as well as a partial correctness comprehensively. By employing the partial reward function, we aim to make a metric that can evaluate both a coherence and a partial correctness of a sequence. Empirically, we show that the partial reward function can correctly evaluate a partial mistake of a sequence which a reward function for a completed sequence can not evaluate.\nIn expert-based reward function training, we train the reward function without the generator\u2019s samples. The reward function is trained to discriminate between an expert sequence and a fake sequence that is produced by editing expert one. Unlike SeqGAN, expert-based reward function is not a kind of GAN frameworks. Although GAN framework has an advantage that a reward function is simultaneously trained with a generator\u2019s performance, the training of the generator frequently fails because of an instability of the GAN framework. Expert-based reward function training prioritizes executing stable training of the generator over taking an advantage of GAN framework.\nWe conducted experiments based on synthetic data and real text data to investigate the effectiveness of partial reward function and expert-based reward function training. As an evaluation method, we employ oracle negative log likelihood (NLL) in synthetic data, and BLEU (Papineni et al., 2002) in text data. We show that the models with our proposals outperform SeqGAN in both experiments. Specifically, whereas SeqGAN gains 0.42 improvement of NLL over MLE on synthetic data, our best model gains 3.02 improvement, and whereas SeqGAN gains 0.029 improvement of BLEU over MLE, our best model gains 0.250 improvement.", 
        "heading": "1 INTRODUCTION"
      }, 
      {
        "text": "", 
        "heading": "2 BACKGROUND"
      }, 
      {
        "text": "Recent studies have attempted to use RL for the training of a sequence generator. Ranzato et al. (2016) introduced policy gradient to sequence generation training. This study uses BLEU score as a task specific reward, and trains generator to maximize BLEU. Bahdanau et al. (2017) applied the actor-critic method to a translation task and also uses BLEU as a task specific reward. Although they show an applicability of RL to sequence generation training, they assume that the task specific reward is given. Sequence tutor (Jaques et al., 2017) is the study that utilizes the reward function learned from data. Sequence tutor treats RNN trained with MLE as a reward function, called reward RNN. When a generator is trained with RL, sequence tutor uses both the log likelihood of the reward RNN and the task specific reward as the metric. We also employ RL to the sequence generation training, but we assume that the task specific reward is totally unavailable.\nTextGAN is the very recent proposed study of the GAN-based text generation (Zhang et al., 2017). It assumes that the task specific reward is unavailable, and optimizes the generator by using the gradient of the loss from the discriminator w.r.t. the outputs by the generator, as original GANs have done (Goodfellow et al., 2014). As our study argues the importance of training of the metric in the context of IRL, textGAN argues the importance of the training of the discriminator in the context of GAN. To prove the effectiveness of our proposals, we focus on comparing our model with SeqGAN in the experiment. We mention the applicability of our proposals to GAN-based sequence generation, such as textGAN, in the discussion.\nThere are several studies that attempted to train a neural network reward function in IRL (Finn et al., 2016; Ho & Ermon, 2016). However, there is no precedent to use edited expert trajectories for the\ntraining of a neural network reward function. We assume it is because a dynamics p(st+1|st, at) has to be known to produce a fake trajectory from an expert one. If a dynamics is not known, the next state can not be determined when a certain action is changed. In sequence generation task, we have a lot of expert trajectories, and the dynamics is known, because given the state st and the action at, the next state is always determined as st+1 = [st, at]. This situation enables the expert-based reward function training.", 
        "heading": "2.1 RELATED WORK"
      }, 
      {
        "text": "In SeqGAN, the metric of a sequence is learned from data, and the generator is optimized w.r.t. the learned metric. SeqGAN employs a GAN framework and RL to achieve it. SeqGAN is the most relevant study to ours in that both studies learn the metric purely from data, and optimize the generator in the RL manner.\nGiven a dataset of real-world sequences, parameterized generator G\u03b8 is trained to produce a sequence Y1:T = {y1, ..., yt, ..., yT }, yt \u2208 Y , where Y is the vocabulary of candidate tokens. G\u03b8 is trained to produce a sequence that is similar to real data. SeqGAN considers this problem as RL, considering G\u03b8 to produce action (next token yt) given state (previously generated tokens Y1:t\u22121).\nSeqGAN trains parameterized discriminator D\u03c6 as well as generator G\u03b8. Like GAN training, D\u03c6 is trained to discriminate between real data and generated data from G\u03b8. At the same time, G\u03b8 is trained via policy gradient by seeing D\u03c6 as a reward function. SeqGAN iteratively updates the discriminator and the generator until the convergence.", 
        "heading": "2.2 SEQGAN"
      }, 
      {
        "text": "Policy gradient is the theorem for directly maximizing the reward by ascending the gradient w.r.t. policy parameters.\nThe objective of RL can be stated as: J(\u03b8) = E\u03c0\u03b8 [r] = \u2211 s\u2208S d(s) \u2211 a\u2208A \u03c0\u03b8(s, a)Q(s, a) (1)\nwhere s is state, a is action, r is reward, d(s) is the probability to encounter the state, \u03c0 is the policy, and Q(s, a) is the action-state value. The gradient of Eq.(1) can be defined as:\n\u2207\u03b8J(\u03b8) = \u2211 s\u2208S d(s) \u2211 a\u2208A \u03c0\u03b8(s, a)\u2207log\u03c0\u03b8(s, a)Q(s, a)\n= E\u03c0\u03b8 [\u2207\u03b8log\u03c0\u03b8(s, a)Q(s, a)]. (2)\nIn a sequence generation setting, state s denotes the tokens that policy has ever generated so far, and action a is the next token. In this paper, the term \u201cgenerator\u201d is identical to policy. In practical situations of sequence generation, such as text generation, it is important to ensure the variety of samples that the generator generates. To prevent a generator from becoming deterministic, it is common to add an entropy regularizer (O\u2019Donoghue et al., 2016) to Eq.(2), that is,\n\u2206\u03b8 \u221d E\u03c0\u03b8 [\u2207\u03b8log\u03c0\u03b8(s, a)Q(s, a)] + \u03b2E\u03c0\u03b8 [\u2207\u03b8H(s)] (3) where H(s) = \u2212 \u2211 a \u03c0(s, a)log\u03c0(s, a) denotes the entropy, and \u03b2 is the hyper parameter.", 
        "heading": "2.3 POLICY GRADIENT"
      }, 
      {
        "text": "The partial reward function returns a reward for a partial sequence of a certain length. The partial reward function is trained to discriminate between real partial sequence data and fake data. Figure 1 shows the overview of the partial reward function. SeqGAN can be viewed as having only yellow reward function.", 
        "heading": "3 PARTIAL REWARD FUNCTION"
      }, 
      {
        "text": "We choose the convolutional neural network (CNN) of Kim (2014) as the partial reward function. The same CNN is employed as the discriminator in SeqGAN and textGAN.\nLet wt denote the one-hot vector representation of the t-th token in the sequence, yt. Each wt is embedded into a k-dimensional vector yt = We \u00b7wt, where We \u2208 Rk\u00d7V is an embedding matrix, and V is the number of unique tokens. A sequence of embedded tokens of length T , {y1, ...,yt, ...,yT }, is represented as a matrix YT \u2208 Rk\u00d7T by concatenating a sequence of y over the timesteps. A partial reward function Di only takes a sequence of certain length LDi as input. Di has several filters and each filter can be represented as Wch \u2208 Rk\u00d7h, where h is a window size. The maximum size of window size is LDi . A filter of window size h is applied to YLDi to produce a feature map ch = \u03c3(YLDi \u2217Wch + b) \u2208 R\nLDi\u2212h+1, where \u03c3 is a nonlinear activation function, b is a bias vector, and \u2217 denotes the convolutional operator. Max-over-time pooling operation (Collobert et al., 2011) is then applied to the feature map to get the maximum value of ch over the timesteps, i.e., c\u0302h = max{ch}. We get as many c\u0302h as the number of filters with varying window sizes. Those c\u0302h are concatenated to produce c\u0302 = [..., c\u0302h, ...], and finally the output Di(YLDi ) = r\u0302 \u2208 [0, 1] is produced by the fully connected layer. To enhance the performance, we add the highway architecture (Srivastava et al., 2015) before the final fully connected layer. We specifically describe how r\u0302 is produced from c\u0302 in appendix.", 
        "heading": "3.1 PARTIAL REWARD FUNCTION SPECIFICATION"
      }, 
      {
        "text": "Given the state s = Y1:t = {y1, ..., yt} and the action a = yt+1, we want to update the generator by the policy gradient given in Eq.(2). However, we do not know Q(st, yt+1), so we need to estimate it. Figure 2 shows the overview of how to calculate the action-state value for the partial reward function.\nWe estimate the action-state value in the same manner as SeqGAN, that is, we generate the complete sequence after the generation of yt+1 following the current generator, and observe the actual reward the generated sequence will receive. It is known as REINFORCE (Williams, 1992). The process to complete sequence is called rollout. Given the partial reward function Di, the action-state value can be derived as:\nQDi(s = Y1:t, a = yt+1) = 1\nN N\u2211 n=1 1 T \u2212 t T\u2212t\u2211 k=1 \u03b1Di\u03b3 kDi(Y n t+k+1\u2212LDi :t+k ) (4)\nwhere N is the number of roll-out trajectories, \u03b1Di is the reward scaler for Di, and \u03b3 is the discount value. The hyperparameter \u03b1Di has a role to adjust an importance of a partial reward function with\na certain scale. Practically, we ignore the future partial sequences that do not contain yt+1, and set the discount value at 1.0. Therefore, Eq.(4) can be re-written as:\nQDi(s = Y1:t, a = yt+1) = 1\nN N\u2211 n=1 1 LDi LDi\u2211 k=1 \u03b1DiDi(Y n t+k+1\u2212LDi :t+k ). (5)\nWe performed this simplification to reduce the calculation costs. It should not harm the estimation of QDi(s = Y1:t, a = yt+1) much, because the future partial sequence that does not contain yt+1 would be only slightly influenced by yt+1. Note that at the beginning or the end of the sequence where we can not take the partial sequence as Eq.(5), we ignore such partial sequences, and the denominator LDi is subtracted. For example, when we estimate QDi(s = Y1:2, a = y3) and LDi = 4, we can not take the partial sequence Y0:3, so we ignore this partial sequence, and we calculate the action value from other partial sequences with the denominator LDi\u22121 instead of LDi . Q(st, yt+1) is finally calculated by aggregating QDi , that is, Q(st, yt+1) = \u2211 iQDi .", 
        "heading": "3.2 POLICY GRADIENT WITH PARTIAL REWARD FUNCTION"
      }, 
      {
        "text": "", 
        "heading": "4 EXPERT-BASED REWARD FUNCTION TRAINING"
      }, 
      {
        "text": "SeqGAN employs a GAN framework. Although GAN has shown great success, it has also been reported that its training is difficult (Arjovsky & Bottou, 2017). A simple way to alleviate its problem is not to employ a GAN framework. Although GAN framework is attractive, it is not necessary when we can compose a good reward function in another way. In expert-based reward function training, reward functions are trained by discriminating between expert (or true) data and fake data that are produced by editing expert data. Expert-based reward function training does not use the generator\u2019s samples at all; therefore, it is not a kind of GAN frameworks.\nThere are several ways to produce a fake sequence from an expert one. We demonstrate a very simple approach in this paper. We get the expert sequence from the training dataset and randomly select some tokens and change them to another. These samples are then used as the fake data to train a reward function. Figure 3 shows the example of samplings of fake data from expert data. Although it is a very simple approach, we can expect the reward function not to get overfitted to certain samples, which frequently occurs when the samples of the trained generator are used, because the reward function is trained with various fake data. In a binary classification task, a function is commonly trained to minimize binary cross entropy (BCE):\nLD = E[logD(x)]x\u223cPexp + E[log(1\u2212D(x \u2032))]x\u2032\u223cPexp\u2032 (6)\nwhere Pexp is the distribution of expert data and Pexp\u2032 is the distribution of edited expert data. In next section, we seek a way to modify BCE to obtain a better reward function.", 
        "heading": "4.1 EXPERT-BASED REWARD FUNCTION TRAINING SPECIFICATION"
      }, 
      {
        "text": "We utilize the advantage of expert-based reward function training that we know which part of the fake sequence is edited from the expert. When we train the generator with a policy gradient, a smooth reward function is desirable rather than a strict reward function because a smooth reward\nfunction is considered to be easy to maximize. We use the term \u201csmooth\u201d as the reward function which gives some reward to a sequence that has some mistakes, and \u201cstrict\u201d as the reward function which gives high reward for the perfect sequences, and gives low reward to other sequences. One of the ideas to compose a smooth reward is to ease the loss for a edited expert that is actually good to some extent.\nTo measure the goodness of edited sequences, we introduce the quality function\nq(x) = exp(r\u2032(x)/\u03c4), (7)\nwhere r\u2032(x) \u2264 0 is the pseudo reward function and \u03c4 is the temperature parameter. The pseudo reward function roughly measures how good the edited expert is, and can be any function as long as r\u2032(x) \u2264 0 is satisfied. In this paper, we chose the negative hamming distance as the pseudo function. The hamming distance of sequence can be calculated by counting the number of tokens that are changed to another token. Figure 3 shows the example of the calculation of the quality function. q(x) = 1 when a given sequence is not different from an expert one, and q(x) becomes close to 0 as a given sequence gets edited from an expert one. \u03c4 controls how fast q(x) decreases as a given sequence is getting edited from an expert. When \u03c4 is small, q(x) rapidly becomes close to 0, and when \u03c4 is large, q(x) slowly becomes close to 0. By using the quality function, we formulate the objective of the reward function as:\nLD = E[logD(x)]x\u223cPexp + E[w(x \u2032)log(1\u2212D(x\u2032))]x\u2032\u223cPexp\u2032 (8)\nwhere w(x\u2032) = 1\u2212 q(x\u2032) 1 + q(x\u2032)\nWhen a given sequence is little edited from expert, q(x\u2032) is large and the weight w(x\u2032) becomes small. On the other hand, when a given sequence is heavily edited from expert, q(x\u2032) is small and the weight w(x\u2032) becomes close to 1. As we mentioned, \u03c4 controls how fast q(x) goes to 0 as a sequence is getting edited so \u03c4 is expected to determine a smoothness of a learned reward function, because as \u03c4 gets larger, a loss for a little edited sequence is eased. When \u03c4 ' 0, Eq.(8) is the same as conventional BCE shown in Eq.(6) for all edited sequences. More explanations of the modified binary cross entropy are described in the appendix.\nWe note that the objective Eq.(8) has no theoretical background, and this modification is heuristic. We validate the effectiveness of this modification in the experiment by seeing if the generated sequence is better when \u03c4 is large.", 
        "heading": "4.2 MODIFIED BINARY CROSS ENTROPY"
      }, 
      {
        "text": "We examine the effect of the partial reward function and expert-based reward function training in synthetic data and real text data. For synthetic data experiments, we conduct the oracle test, which was also conducted in Yu et al. (2017). For real text data experiments, we conduct the text generation with BBC news articles.", 
        "heading": "5 EXPERIMENTS"
      }, 
      {
        "text": "", 
        "heading": "5.1 SYNTHETIC SEQUENCE GENERATION"
      }, 
      {
        "text": "In synthetic sequence generation, we use RNN with long short-term memory (LSTM) (Hochreiter & Schmidhuber, 1997) whose parameters are randomly initialized and fixed, as the real data generator. This model is called the oracle. The oracle model provides the true data distribution poracle(yt|y1, ..., yt\u22121), and we train the generator to fit to the oracle. Let G\u03b8 and Y denote the generator and the generated completed sequence. In the test, the performance of generator can be evaluated as NLLoracle = \u2212EY1:T\u223cG\u03b8 [ \u2211T t=1 logporacle(yt|Y1:t\u22121)]. The oracle test can evaluate the exact performance of the generative models, which is not possible with real data. The best way to evaluate the performance of the generator is to show the generator\u2019s samples and let humans review them, but it takes too much time and effort to review a sufficient number of samples. Now, if we assume that human has the natural distribution phuman(x) and the generator\u2019s distribution is q(x), we can realize such an evaluation by the negative log likelihood of the human natural distribution \u2212Ex\u223cq[logphuman(x)] (Husza\u0301r, 2015). In the oracle test, we use the oracle data distribution poracle instead of phuman.\nAs the oracle, we provide RNN with LSTM whose parameters are initialized by the normal distributionN (0, 1). Then, we generate 10,000 sequences of length 20 from the oracle as the training set S.\nModel Name \u03c4 Oracle NLL PG S exp 0.001 6.01 PG S exp 0.3 6.55 PG S exp 1.0 6.59 PG L exp 0.01 7.99 PG L exp 1.0 7.85 PG L exp 1.5 7.50 PG L exp 2.0 7.75\nTable 3: The performance of PG S exp and PG L exp with different \u03c4 value.\nFor the reward function, we provide two partial reward functions: the short-term reward function, which treats the sequence of length 4, and the long-term reward function, which treats the sequence of length 20. In this experiments, the length of the completed sentences is always 20; therefore, the latter reward function can be considered as the reward function for the completed sequence, which is exactly the same as SeqGAN\u2019s reward function. Note that when we employ only a long-term reward function trained with adversarial training, this experimental setting is exactly the same as Yu et al. (2017). Window size and kernel numbers for reward function are shown in appendix. We employ L2 regularization to the reward function only when it is trained with adversarial training, and the hyper parameter for the regularization term \u03bb is set to be 0.01. The number of units of the hidden layer and embedding layer in the generator and oracle are all set to be 32. Batch size is set to be 40. The reward scaler \u03b1 is set to be always 1.0. We do not employ the entropy regularization term for the objective of the policy gradient in this experiment. The number of rollout trajectories is set to be 10. We use Adam (Kingma & Ba, 2014) as the optimizer for both generator and reward functions. At the test, G\u03b8 generates 10,000 samples by stochastically choosing tokens according to the generator\u2019s output distribution and calculate the average NLLoracle over the samples.\nWe first pretrain the generator G\u03b8 by MLE with S, then train G\u03b8 by policy gradient. The pretraining of the generator by MLE is conducted because the generator produces very random sequences at first, and the training with the policy gradient is difficult in such a situation.\nIn adversarial training, the reward function is first pretrained with G\u03b8 trained with MLE. Then, the reward function is iteratively trained with G\u03b8. In expert-based reward function training, reward functions are trained with dataset S and the edited expert dataset S\u2032 by discriminating them until the convergence. Then, the generator G\u03b8 is trained with policy gradient until its convergence. The reward function is fixed during the training of the generator. When we make the edited expert dataset S\u2032, we change each token of the expert one to another random token with a 25-percent chance.", 
        "heading": "5.1.1 EXPERIMENTAL SETTING"
      }, 
      {
        "text": "Table 1 presents the result of the oracle test. Note that the top is the model trained with only MLE, and the second top is the same as SeqGAN. We use a word \u201cexp\u201d for the model trained with expert-\nbased reward function training. The models with our proposals outperform SeqGAN and MLE, and PG S exp is the best model in all models.\nPG S and PG SL outperform PG L, and PG S exp and PG SL exp outperform PG L exp, indicating that introducing the partial reward function is effective. To see the actual benefit of the partial reward function, we conducted further analysis. Table 2 presents the output of the long-term reward function and short-term reward function when they are given expert sequence Y or edited sequence Y \u2032. These reward functions are trained with expert-based reward function training. Y \u2032 is produced from Y by changing y5 to a random token. Reward is the average reward of 100 samples. When we see the output of the long-term reward function, we can observe that it gives a high reward to both Y and Y \u2032. However, when we see the output of the short-term reward function, we can observe that it gives a low reward to fake partial sequence which contains y\u20325. From those observations, we can say that the short-term reward function can give correct reward to a sequence, which the longterm reward function can not, and it is the reason that introducing the short-term reward function benefits sequence generation. It is noteworthy that using only the short-term partial reward function outperforms the use of both the long-term and the short-term partial reward function. It indicates that the partial optimization of the sequence actually causes the optimization of the whole sequence in the oracle test. We assume this is because the sequence of the oracle model is not structured. In real data, such as text, the sequence is more structured, and the partial optimization usually does not cause the whole optimization of a sequence.\nPG L exp, PG S exp, and PG SL exp outperform PG L, PG S, and PG SL respectively, indicating that expert-based reward function training is effective. We can see significant improvements over models trained with adversarial training (PG L exp, PG S exp, and PG SL exp make 1.11, 2.32, and 1.89 improvements over PG L, PG S, and PG SL respectively). We assume that an instability of adversarial training causes serious damage to the training of the generator. We found that the performance of expert-based reward function training depends on a temperature \u03c4 . Table 3 shows the oracle score and \u03c4 values in proposed training method. For short-term partial reward function, \u03c4 ' 0 gives good performance, indicating that the generator prefers strict short-term reward function. For long-term partial reward func-\ntion, \u03c4 = 1.5 gives good performance, indicating that the generators prefer a smooth reward function, which gives reward to some extent when the partial sequence is different from real data. It also suggests that the adding modification to the BCE is effective for a long-term reward function. In expert-based reward training, the reward function is fixed during the training of the generator, so we can visualize a return of the reward function to see if the policy gradient successfully works. As we can see in Figure 4, the generator is properly optimized w.r.t. the reward function, and NLL decreases as a returned reward increases, indicating that this metric is proper and easy to optimize for the generator. Note that NLL is the average negative log likelihood of 10,000 samples from the generator, and the reward is the average reward of 10,000 samples from the generator.", 
        "heading": "5.1.2 RESULT OF SYNTHETIC SEQUENCE GENERATION"
      }, 
      {
        "text": "", 
        "heading": "5.2 TEXT GENERATION"
      }, 
      {
        "text": "As the dataset for text generation, we use BBC news articles. We use a corpus 1 which is a collection of articles of two topics, technology and business. The dataset consistes of sentences of length 20. When a sentence is shorter than 20, we add first some words of the next sentence. When a sentence is longer than 20, we remove last words. We get an 11,163 training set and a 1,500 test set. Each sequence is lower-cased. The size of the vocabulary is 18,004.\nWe compare the model MLE, PG L, PG L exp, PG S exp, and PG SL exp in this experiment. We use a partial reward function of length 4 and length 20, and they are trained in the same manner as\n1http://mlg.ucd.ie/datasets/bbc.html\nthe oracle test. We note again that the partial reward function of length 20 can be considered as the reward function for the completed sentence, because we only consider the sequence whose length is 20. In this experiments, we change the scaler parameter for short-term reward \u03b1S in PG SL exp. The scaler parameter for long-term reward \u03b1L is set to be always 1.0. The temperature parameters of the quality function are set to be 0.001 and 1.5 for the short-term reward function and the longterm reward function, respectively. The number of units of the hidden layer and embedding layer in the generator are set to be 200. When we make an edited sequences dataset S\u2032 for expert-based reward function training, we change each token of the expert with a 15-percent chance. Moreover, when a token is changed to another token, it is sampled from the distribution of word occurence in the training dataset, rather than sampled randomly. We did this because, unlike with synthetic data, the occurence frequency is different for each word. If we train reward function with the same strategy as synthetic data, the learned reward function gives a low reward to a sentence that has a rare word, because a rare word appears more often in fake sequences. In this experiment, we add an entropy regularization term to the objective of the policy gradient to prevent the policy from becoming deterministic. The hyper parameter \u03b2 in Eq.(3) is first set to be 0.02, and after 15 epochs, \u03b2 is set to be 0.05. This is because, when \u03b2 is high at the beginning of the training of the generator, an optimization w.r.t. reward does not occur. Other training settings are the same as the oracle test.\nTo evaluate the performance of the generator, we calculate the BLEU score of the generated sequence. As previous studies of text generation have done (Zhang et al., 2017; Yu et al., 2017), we use all the test set as the reference for BLEU evaluation. We generate 1,000 samples, and calculate an average BLEU-3 score.", 
        "heading": "5.2.1 EXPERIMENTAL SETTING"
      }, 
      {
        "text": "Table 4 demonstrates the result of the text generation experiments. To make it easy to see the comparison, the sentence example in the Table 4 is generated from the first word \u201caccording\u201d in the all models. The models with our proposals outperform SeqGAN and MLE. PG S exp scores the best in BLEU-3. It is apparent that the PG L exp generates more comprehensible sentence than SeqGAN and MLE, indicating that expert-based reward training is effective. It is reasonable that PG S exp gives good scores in BLEU 3, because it prioritizes to generate the sequence, which is partially correct. This optimization fits to the n-gram-based evaluation. PG S exp, however, fails to generate a coherent sequence as we can see in Table 4. Unlike the experiment with synthetic data, partial optimization does not cause whole optimization because text data are well structured. Although the BLEU score of PG L exp is the fourth best in all models, a coherence of sequence seems to be maintained. The models of PG SL exp ensure both the partial correctness of sequence and coherence of sequence. By decreasing the short-term reward scaler \u03b1S , we can generate more coherent sentences. Additional generated samples are in the appendix. They show that a variety of samples is ensured to some extent.", 
        "heading": "5.2.2 RESULT OF TEXT GENERATION"
      }, 
      {
        "text": "We stated two proposals for a learning better metric: partial reward function and expert-based reward function training. We showed that the partial reward function returns an accurate reward for a partial sequence, and benefits sequence generation training. By using partial functions of different scales, one can compose a reward function that can evaluate both coherence and the partial correctness of a sequence. We also showed that expert-based reward function training is effective compared to adversarial training. We demonstrated that a generator is well optimized w.r.t. the metric that is trained with expert-based reward function training.\nThe balance of short-term reward and long-term reward is a difficult problem. When prioritizing short-term reward too much, the generator produces a sequence that is partially correct but not coherent, and vice versa. In our study, this balance is tuned by the hyperparameter \u03b1Di . Unfortunately, the tuning of \u03b1Di is difficult. Even validating the goodness of selected \u03b1Di is difficult because there is usually no true metric for the generated sequence (except for the special case such as oracle test). Therefore, we have to validate the selected \u03b1Di by seeing the generated sentences. This is a fundamental problem of IRL. IRL learns a reward from expert, but a goodness of a learned reward function can be evaluated by a behavior of policy, and an evaluation of a learned policy is done by a human (with a bias), or a surrogate manually designed metric. One practical strategy to balance a partial correctness and a coherence is to separate a generation process into two stages. We first produce a coherent sequence by using the generator learned with only long-term reward, and then use a short-term reward function to make a modification to partial mistakes of the produced sequence.\nAs the generator is improving, it is desirable to update the reward function to a more strict one. A GAN framework is a good method in this sense, but as experimental results showed, it is difficult to train. One idea to update the reward function is to decrease a probability to change a token of expert in expert-based reward function training. If we decrease a probability, the reward function would become more strict. By decreasing a probability as the generator is improving, the generator might generate a more sophisticated sequence.\nWe believe that our proposals in this paper can be applied to GAN-based sequence generation. The partial reward function can be applied to GAN-based text generator directly. In fact, Shrivastava et al. (2016) used similar technique in the image generation with GAN. Expert-based reward function might make GAN training stable. The edited expert sequences have a lot of variety. There is a technique that uses the past generator\u2019s samples to ensure the variety of the samples for the training of the discriminator to stabilize GAN training, as we can see in Shrivastava et al. (2016), and the edited expert can be also applied for this purpose.", 
        "heading": "6 DISCUSSION"
      }, 
      {
        "text": "", 
        "heading": "A GENERATED SENTENCES"
      }, 
      {
        "text": "We set window size and kernel numbers as Table 6 in both experiments.", 
        "heading": "B THE WINDOW SIZE AND KERNEL NUMBERS OF REWARD FUNCTIONS"
      }, 
      {
        "text": "We describe how to get a feature map containing each filter\u2019s output c\u0302 in section 3.1. We, then, add highway architecture as below,\n\u03c4 = \u03c3(WT \u00b7 c\u0302+ bT ), C\u0302 = \u03c4 \u00b7H(c\u0302,WH) + (1\u2212 \u03c4 ) \u00b7 c\u0302,\nwhere WT , bT , and WH are highway layer weights, H denotes an affine transform followed by a nonlinear activation function such as ReLU, and \u03c4 is the \u201ctransform gate\u201d with the same dimensionality as H(c\u0302,WH) and c\u0302.\nFinally, we get an output of partial reward function as\nr\u0302 = \u03c3(Wo \u00b7 C\u0302+ bo)\nwhere Wo and bo are the output layer weight and bias, respectively.", 
        "heading": "C DETAIL OF PARTIAL REWARD FUNCTION"
      }, 
      {
        "text": "We expect the hyperparameter \u03c4 to determine the smoothness of the learned reward function. We describe more specifically how \u03c4 determines the smoothness.\nWhen \u03c4 is very small, q(x\u2032) ' 0 for all edited sequences, therefore w(x\u2032) ' 1. This makes Eq.(8) the same as conventional BCE as shown in Eq.(6) for edited sequences. In this case, a learned reward function would become a strict function because a reward function is learned under the objective which gives same penalty for an sequence that is edited only a few. This reward function makes it difficult to be maximized by a policy gradient. The learned reward function, however, is considered as an accurate reward function.\nWhen \u03c4 is large, w(x\u2032) decreases for an edited sequence that is little different from an expert one. In this case, a learned reward function would become a smooth function. This smooth reward function is preferable for a policy gradient optimization, but it is also considered as inaccurate reward function since it could \u201coverlook\u201d a few mistakes in the sequence. We expect a smooth reward function is effective for a long scale one because generating plausible long sequence by the generator is difficult.", 
        "heading": "D ADDITIONAL EXPLANATION OF MODIFIED BINARY CROSS ENTROPY"
      }
    ], 
    "emails": []
  }
}