{
  "reviews": [
    {
      "recommendation": 6,
      "comments": "Review\nThis paper propose a new \"gate\" function for LSTM to enable the values of the gates towards 0 or 1. The motivation behind is a  flat region of the loss surface is likely to generalize well. It shows the experimental results are comparable or better than vanilla LSTM and much more robust to low-precision approximation and low-rank approximation.\n\nIn section 3.2, the paper claimed using a smaller temperature cannot guarantee the outputs to be close to the boundary. Is there any experimental evidence to show it's not working? It also claimed pushing output gate to 0/1 will drop the performance. It actually quite interesting because there are bunch of paper claimed output gate is not important for language modeling, e.g. https://openreview.net/pdf?id=HJOQ7MgAW . \n\nIn the sensitive analysis, what if apply rounding / low-rank for all the parameters? \n\nHow was this approach compare to binarynet https://arxiv.org/abs/1602.02830 ? Applying the same idea, but only for forget gate/ input gate. Also, can we apply this idea to the binarynet? \n\nOverall, I think it's an interesting paper but I feel it should compare with some simple baseline to binarized the gate function.  \n\nUpdates: Thanks a lot for all the clarification. It do improve the paper quality but I'm still thinking it's higher than \"6\" but lower than \"7\". To me, improve ppl from \"52.8\" to \"52.1\" isn't very significant. For WMT, it improve on DE->EN but not for EN->DE (although it improve both for the author's own baseline). So I'm not fully convinced this approach could improve the generalization. But I feel this work can have many other applications such as \"binarynet\". ",
      "title": "R1"
    },
    {
      "recommendation": 6,
      "comments": "Interesting, but not impressive\nThe paper argues for pushing the input and forget gate\u2019s output toward 0 or 1, i.e., the LSTM tends to reside in flat region of surface loss, which is likely to generalize well. To achieve that, the sigmoid function in the original LSTM is replaced by a function G that is continuous and differentiable with respect to the parameters (by applying the Gumbel-Softmax trick). As a result, the model is still differentiable while the output gate is approximately binarized.  \n\nPros:\n-\tThe paper is clearly written\n-\tThe method is new and somehow theoretically guaranteed by the proof of the Proposition 1\n-\tThe experiments are clearly explained with detailed configurations\n-\tThe performance of the method in the model compression task is promising \n\nCons:\n-\tThe \u201csimple deduction\u201d which states that pushing the gate values toward 0 or 1 correspond to the region of the overall loss surface may need more theoretical analysis\n-\tIt is confusing whether the output of the gate is sampled based on or computed directly by the function G  \n-\tThe experiments lack many recent baselines on the same dataset (Penn Treebank: Melis et al. (2017) \u2013 On the State of the Art of Evaluation in Neural Language Models; WMT: Ashish et.al. (2017) \u2013 Attention Is All You Need) \n-\tThe experiment\u2019s result is only slightly better than the baseline\u2019s\n-\tTo be more persuasive, the author should include in the baselines other method that can \u201cbinerize\u201d the gate values such as the one sharpening the sigmoid function. \n\n\nIn short, this work is worth a read. Although the experimental results are not quite persuasive, the method is nice and promising. \n",
      "title": "R2"
    },
    {
      "recommendation": 4,
      "comments": "The technical novelty is limited and experiments do not show much benefits of the proposed model.\nThis paper aims to push the LSTM gates to be binary. To achieve this, the paper proposes to employ the recent Gumbel-Softmax trick to obtain end-to-end trainable categorical distribution (taking 0 or 1 value). The resulted G2-LSTM is applied for language model and machine translation in the experiments. \n\nThe novelty of this paper is limited. Just directly apply the Gumbel-Softmax trick. \n\nThe motivation is not explained clearly and convincingly. Why need to pursue binary gates? According to the paper, it may give better generalization performance. But there is no theoretical or experimental evidence provided by this paper to support this argument. \n\nThe results of the new G2-LSTM are not significantly better than baselines in the experiments.",
      "title": "R3"
    },
    {
      "comments": "",
      "title": "R4"
    }
  ],
  "abstract": "Long Short-Term Memory (LSTM) is one of the most widely used recurrent structures in sequence modeling. Its goal is to use gates to control the information flow (e.g., whether to skip some information/transformation or not) in the recurrent computations, although its practical implementation based on soft gates only partially achieves this goal and is easy to overfit. In this paper, we propose a new way for LSTM training, which pushes the values of the gates towards 0 or 1. By doing so, we can (1) better control the information flow: the gates are mostly open or closed, instead of in a middle state; and (2) avoid overfitting to certain extent: the gates operate at their flat regions, which is shown to correspond to better generalization ability. However, learning towards discrete values of the gates is generally difficult. To tackle this challenge, we leverage the recently developed GumbelSoftmax trick from the field of variational methods, and make the model trainable with standard backpropagation. Experimental results on language modeling and machine translation show that (1) the values of the gates generated by our method are more reasonable and intuitively interpretable, and (2) our proposed method generalizes better and achieves better accuracy on test sets in all tasks. Moreover, the learnt models are not sensitive to low-precision approximation and low-rank approximation of the gate parameters due to the flat loss surface.",
  "score": -1,
  "verdict": "Reject",
  "year": 2018
}