{
  "name": "rJqfKPJ0Z.pdf", 
  "metadata": {
    "title": "CLIPPING FREE ATTACKS AGAINST NEURAL NET-", 
    "year": 2017, 
    "referenceMentions": [
      {
        "referenceID": 0, 
        "startOffset": 64, 
        "context": "The most robust known method so far is the so called C&W attack [1].", 
        "endOffset": 67
      }, 
      {
        "referenceID": 5, 
        "startOffset": 138, 
        "context": "Nonetheless, a countermeasure known as feature squeezing coupled with ensemble defense showed that most of these attacks can be destroyed [6].", 
        "endOffset": 141
      }, 
      {
        "referenceID": 18, 
        "startOffset": 114, 
        "context": "Companies IT networks and plants are also vulnerable if DNN based intrusion detection systems were to be deployed [23].", 
        "endOffset": 118
      }, 
      {
        "referenceID": 4, 
        "startOffset": 56, 
        "context": "of the first paper pointing out DNN vulnerability issue [5].", 
        "endOffset": 59
      }, 
      {
        "referenceID": 1, 
        "startOffset": 9, 
        "context": "Later in [2], a fast gradient sign method (FGSM) that uses gradients of a loss function to determine in which direction the pixels intensity should be changed is presented.", 
        "endOffset": 12
      }, 
      {
        "referenceID": 13, 
        "startOffset": 14, 
        "context": "introduced in [14] a straightforward simple improvement of this method where instead of taking a single step of size in the direction of the gradient-sign, multiple smaller steps are taken, and the result is clipped in the end.", 
        "endOffset": 18
      }, 
      {
        "referenceID": 3, 
        "startOffset": 14, 
        "context": "introduced in [4] an attack, optimized under L0 distance, known as the Jacobian-based Saliency Map Attack (JSMA).", 
        "endOffset": 17
      }, 
      {
        "referenceID": 14, 
        "startOffset": 39, 
        "context": "algorithms are also used by authors in [15] to find adversarial example while maintaining the attack close to the initial data.", 
        "endOffset": 43
      }, 
      {
        "referenceID": 0, 
        "startOffset": 48, 
        "context": "More recently, Carlini and Wagner introduced in [1] the most robust attack known to date as pointed out in [6].", 
        "endOffset": 51
      }, 
      {
        "referenceID": 5, 
        "startOffset": 107, 
        "context": "More recently, Carlini and Wagner introduced in [1] the most robust attack known to date as pointed out in [6].", 
        "endOffset": 110
      }, 
      {
        "referenceID": 7, 
        "startOffset": 73, 
        "context": "Their L2-attack defeated the most powerful defense known as distillation [8].", 
        "endOffset": 76
      }, 
      {
        "referenceID": 6, 
        "startOffset": 20, 
        "context": "However, authors in [7] showed that feature squeezing managed to destroy most of the C&W attacks.", 
        "endOffset": 23
      }, 
      {
        "referenceID": 3, 
        "startOffset": 67, 
        "context": "Many other defenses have been published, like adversarial training [4], gradient masking [10], defenses based on uncertainty using dropout [11] as done with Bayesian networks, based on statistics [12], [13], or principal components [25], [26].", 
        "endOffset": 70
      }, 
      {
        "referenceID": 9, 
        "startOffset": 89, 
        "context": "Many other defenses have been published, like adversarial training [4], gradient masking [10], defenses based on uncertainty using dropout [11] as done with Bayesian networks, based on statistics [12], [13], or principal components [25], [26].", 
        "endOffset": 93
      }, 
      {
        "referenceID": 10, 
        "startOffset": 139, 
        "context": "Many other defenses have been published, like adversarial training [4], gradient masking [10], defenses based on uncertainty using dropout [11] as done with Bayesian networks, based on statistics [12], [13], or principal components [25], [26].", 
        "endOffset": 143
      }, 
      {
        "referenceID": 11, 
        "startOffset": 196, 
        "context": "Many other defenses have been published, like adversarial training [4], gradient masking [10], defenses based on uncertainty using dropout [11] as done with Bayesian networks, based on statistics [12], [13], or principal components [25], [26].", 
        "endOffset": 200
      }, 
      {
        "referenceID": 12, 
        "startOffset": 202, 
        "context": "Many other defenses have been published, like adversarial training [4], gradient masking [10], defenses based on uncertainty using dropout [11] as done with Bayesian networks, based on statistics [12], [13], or principal components [25], [26].", 
        "endOffset": 206
      }, 
      {
        "referenceID": 19, 
        "startOffset": 232, 
        "context": "Many other defenses have been published, like adversarial training [4], gradient masking [10], defenses based on uncertainty using dropout [11] as done with Bayesian networks, based on statistics [12], [13], or principal components [25], [26].", 
        "endOffset": 236
      }, 
      {
        "referenceID": 20, 
        "startOffset": 238, 
        "context": "Many other defenses have been published, like adversarial training [4], gradient masking [10], defenses based on uncertainty using dropout [11] as done with Bayesian networks, based on statistics [12], [13], or principal components [25], [26].", 
        "endOffset": 242
      }, 
      {
        "referenceID": 16, 
        "startOffset": 59, 
        "context": "Later, while we were carrying out our investigation, paper [19] showed that not less than ten defense approaches, among which are the previously enumerated defenses, can be defeated by C&W attacks.", 
        "endOffset": 63
      }, 
      {
        "referenceID": 13, 
        "startOffset": 64, 
        "context": "It has never been explicitly attacked even after it is shown in [14] that most attacks are countered by this defense.", 
        "endOffset": 68
      }, 
      {
        "referenceID": 17, 
        "startOffset": 95, 
        "context": "Actually, attacks transferability between models that is well investigated and demonstrated in [22] in the presence of an oracle (requesting defense to get labels to train a substitute model) is not guaranteed at all when it is absent.", 
        "endOffset": 99
      }, 
      {
        "referenceID": 0, 
        "startOffset": 83, 
        "context": "Also, any gradient descent optimizer can be used to craft attacks as the case with [1].", 
        "endOffset": 86
      }, 
      {
        "referenceID": 15, 
        "startOffset": 5, 
        "context": "Adam [18] turns out to be the fastest in our experiments.", 
        "endOffset": 9
      }, 
      {
        "referenceID": 17, 
        "startOffset": 12, 
        "context": "Other works [22] pointed out the transferability property between models when it is possible to quest the defense classifier and get the labels back to train a substitute model to be used for crafting attacks.", 
        "endOffset": 16
      }, 
      {
        "referenceID": 6, 
        "startOffset": 84, 
        "context": "This defense approach has been developed to counter attacks using smoothing filters [7].", 
        "endOffset": 87
      }, 
      {
        "referenceID": 6, 
        "startOffset": 11, 
        "context": "Authors in [7] showed that a 3x3 filter is a good compromise that gives an effective defense while limiting the loss of accuracy.", 
        "endOffset": 14
      }, 
      {
        "referenceID": 6, 
        "startOffset": 119, 
        "context": "This result disagrees with the intuition behind spatial smoothing as an efficient defense against attacks presented in [7].", 
        "endOffset": 122
      }, 
      {
        "referenceID": 13, 
        "startOffset": 41, 
        "context": "An investigation conducted by authors in [14] showed that most adversarial examples are countered if they are JPEG encoded before classifying them.", 
        "endOffset": 45
      }, 
      {
        "referenceID": 13, 
        "startOffset": 131, 
        "context": "For future work, it would be interesting to investigate the transferability of CIA attacks to the physical world as it is shown in [14] that only a very limited amount of FGDM attacks, around 20%, survive this transfer.", 
        "endOffset": 135
      }
    ], 
    "source": "CRF", 
    "creator": "LaTeX with hyperref package", 
    "references": [
      {
        "shortCiteRegEx": "1", 
        "author": [
          "Nicholas Carlini", 
          "David Wagner"
        ], 
        "citeRegEx": "1", 
        "venue": "In IEEE Symposium on Security and Privacy (Oakland)", 
        "year": 2017, 
        "title": "Towards Evaluating the Robustness of Neural Networks"
      }, 
      {
        "shortCiteRegEx": "2", 
        "author": [
          "Ian J Goodfellow", 
          "Jonathon Shlens", 
          "Christian Szegedy"
        ], 
        "citeRegEx": "2", 
        "venue": "In International Conference on Learning Representations (ICLR),", 
        "year": 2015, 
        "title": "Explaining and Harnessing Adversarial Examples"
      }, 
      {
        "shortCiteRegEx": "3", 
        "author": [
          "Seyed-Mohsen Moosavi-Dezfooli", 
          "Alhussein Fawzi", 
          "Pascal Frossard"
        ], 
        "citeRegEx": "3", 
        "venue": "In IEEE Conference on Computer Vision and Pattern Recognition (CVPR)", 
        "year": 2016, 
        "title": "DeepFool: a simple and accurate method to fool deep neural networks"
      }, 
      {
        "shortCiteRegEx": "4", 
        "author": [
          "Nicolas Papernot", 
          "Patrick McDaniel", 
          "Somesh Jha", 
          "Matt Fredrikson", 
          "Z Berkay Celik", 
          "Ananthram Swami"
        ], 
        "citeRegEx": "4", 
        "venue": "In IEEE European Symposium on Security and Privacy (EuroSP),", 
        "year": 2016, 
        "title": "The Limitations of Deep Learning in Adversarial Settings"
      }, 
      {
        "shortCiteRegEx": "5", 
        "author": [
          "Christian Szegedy", 
          "Wojciech Zaremba", 
          "Ilya Sutskever", 
          "Joan Bruna", 
          "Dumitru Erhan", 
          "Ian Goodfellow", 
          "Rob Fergus"
        ], 
        "citeRegEx": "5", 
        "venue": "In International Conference on Learning Representations (ICLR)", 
        "year": 2014, 
        "title": "Intriguing Properties of Neural Networks"
      }, 
      {
        "shortCiteRegEx": "6", 
        "author": [
          "Weilin Xu", 
          "David Evans", 
          "Yanjun Qi"
        ], 
        "citeRegEx": "6", 
        "venue": "arXiv preprint arXiv:", 
        "year": 2017, 
        "title": "Feature Squeezing: Detecting Adversarial Examples in Deep Neural Networks"
      }, 
      {
        "shortCiteRegEx": "7", 
        "author": [
          "Weilin Xu", 
          "David Evans", 
          "Yanjun Qi"
        ], 
        "citeRegEx": "7", 
        "venue": null, 
        "year": 2017, 
        "title": "Feature Squeezing Mitigates and Detects Carlini/Wagner Adversarial Examples arXiv:1705.10686"
      }, 
      {
        "shortCiteRegEx": "8", 
        "author": [
          "Nicholas Carlini", 
          "David Wagner"
        ], 
        "citeRegEx": "8", 
        "venue": "arXiv preprint arXiv:1607.04311,", 
        "year": 2016, 
        "title": "Defensive Distillation is not Robust to Adversarial Examples"
      }, 
      {
        "shortCiteRegEx": "9", 
        "author": [
          "Nicolas Papernot", 
          "Patrick McDaniel", 
          "Arunesh Sinha", 
          "Michael Wellman"
        ], 
        "citeRegEx": "9", 
        "venue": "ArXiv preprint arXiv:1611.03814,", 
        "year": 2016, 
        "title": "Towards the Science of Security and Privacy in Machine Learning"
      }, 
      {
        "shortCiteRegEx": "10", 
        "author": [
          "Shixiang Gu", 
          "Luca Rigazio"
        ], 
        "citeRegEx": "10", 
        "venue": "arXiv preprint arXiv:1412.5068,", 
        "year": 2014, 
        "title": "Towards Deep Neural Network Architectures Robust to Adversarial Examples"
      }, 
      {
        "shortCiteRegEx": "11", 
        "author": [
          "Reuben Feinman", 
          "Ryan R Curtin", 
          "Saurabh Shintre", 
          "Andrew B Gardner"
        ], 
        "citeRegEx": "11", 
        "venue": "arXiv preprint arXiv:1703.00410,", 
        "year": 2017, 
        "title": "Detecting Adversarial Samples from Artifacts"
      }, 
      {
        "shortCiteRegEx": "12", 
        "author": [
          "Kathrin Grosse", 
          "Praveen Manoharan", 
          "Nicolas Papernot", 
          "Michael Backes", 
          "Patrick McDaniel"
        ], 
        "citeRegEx": "12", 
        "venue": "arXiv preprint arXiv:1702.06280,", 
        "year": 2017, 
        "title": "On the (Statistical) Detection of Adversarial Examples"
      }, 
      {
        "shortCiteRegEx": "13", 
        "author": [
          "Jan Hendrik Metzen", 
          "Tim Genewein", 
          "Volker Fischer", 
          "Bastian Bischoff"
        ], 
        "citeRegEx": "13", 
        "venue": "arXiv preprint arXiv:1702.04267,", 
        "year": 2017, 
        "title": "On Detecting Adversarial Perturbations"
      }, 
      {
        "shortCiteRegEx": "14", 
        "author": [
          "Alexey Kurakin", 
          "Ian Goodfellow", 
          "Samy Bengio"
        ], 
        "citeRegEx": "14", 
        "venue": "In International Conference on Learning Representations (ICLR) Workshop,", 
        "year": 2017, 
        "title": "Adversarial Examples in the Physical World"
      }, 
      {
        "shortCiteRegEx": "15", 
        "author": [
          "Anh Nguyen", 
          "Jason Yosinski", 
          "Jeff Clune"
        ], 
        "citeRegEx": "15", 
        "venue": "In IEEE Conference on Computer Vision and Pattern Recognition (CVPR),", 
        "year": 2015, 
        "title": "Deep Neural Networks are Easily Fooled: High Confidence Predictions for Unrecognizable Images"
      }, 
      {
        "shortCiteRegEx": "18", 
        "author": [
          "INGMA D. K", 
          "A B"
        ], 
        "citeRegEx": "18", 
        "venue": "arXiv preprint arXiv:1412.6980", 
        "year": 2014, 
        "title": "Adam: A method for stochastic optimization"
      }, 
      {
        "shortCiteRegEx": "19", 
        "author": [
          "Nicholas Carlini", 
          "David Wagner"
        ], 
        "citeRegEx": "19", 
        "venue": "Bypassing Ten Detection Methods,", 
        "year": 2017, 
        "title": "Adversarial Examples Are Not Easily Detected"
      }, 
      {
        "shortCiteRegEx": "22", 
        "author": [
          "Nicolas Papernot", 
          "Patrick McDaniel", 
          "Ian Goodfellow"
        ], 
        "citeRegEx": "22", 
        "venue": null, 
        "year": 2016, 
        "title": "Transferability in machine learning: from phenomena to black-box attacks using adversarial samples"
      }, 
      {
        "shortCiteRegEx": "23", 
        "author": [
          "K. Grosse", 
          "N. Papernot", 
          "P. Manohoran", 
          "Backes", 
          "P. MC Daniel"
        ], 
        "citeRegEx": "23", 
        "venue": null, 
        "year": 2016, 
        "title": "Adversarial perturbations against deep neural networks for malware classification"
      }, 
      {
        "shortCiteRegEx": "25", 
        "author": [
          "Xin Li", 
          "Fuxin Li"
        ], 
        "citeRegEx": "25", 
        "venue": "arXiv preprint arXiv:1612.07767", 
        "year": 2016, 
        "title": "Adversarial Examples Detection in Deep Networks with Convolutional Filter Statistics"
      }, 
      {
        "shortCiteRegEx": "26", 
        "author": [
          "Dan Hendrycks", 
          "Kevin Gimpel"
        ], 
        "citeRegEx": "26", 
        "venue": "In International Conference on Learning Representations (Workshop Track)", 
        "year": 2017, 
        "title": "Early Methods for Detecting Adversarial Images"
      }
    ], 
    "authors": [], 
    "abstractText": "During the last years, a remarkable breakthrough has been made in AI domain thanks to artificial deep neural networks that achieved a great success in many machine learning tasks in computer vision, natural language processing, speech recognition, malware detection and so on. However, they are highly vulnerable to easily crafted adversarial examples. Many investigations have pointed out this fact and different approaches have been proposed to generate attacks while adding a limited perturbation to the original data. The most robust known method so far is the so called C&W attack [1]. Nonetheless, a countermeasure known as feature squeezing coupled with ensemble defense showed that most of these attacks can be destroyed [6]. In this paper, we present a new method we call Centered Initial Attack (CIA) whose advantage is twofold : first, it insures by construction the maximum perturbation to be smaller than a threshold fixed beforehand, without the clipping process that degrades the quality of attacks. Second, it is robust against recently introduced defenses such as feature squeezing, JPEG encoding and even against a voting ensemble of defenses. While its application is not limited to images, we illustrate this using five of the current best classifiers on ImageNet dataset among which two are adversarialy retrained on purpose to be robust against attacks. With a fixed maximum perturbation of only 1.5% on any pixel, around 80% of attacks (targeted) fool the voting ensemble defense and nearly 100% when the perturbation is only 6%. While this shows how it is difficult to defend against CIA attacks, the last section of the paper gives some guidelines to limit their impact.", 
    "sections": [
      {
        "text": "Since the skyrocketing of data volumes and parallel computation capacities with GPUs during the last years, deep neural networks (DNN) have become the most effective approaches in solving many machine learning problems in several domains like computer vision, speech recognition, games playing etc. They are even intended to be used in critical systems like autonomous vehicle [20], [21]. However, DNN as they are currently built and trained using gradient based methods, are very vulnerable to attacks a.k.a. adversarial examples [2]. These examples aim to fool a classifier to make it predict the class of an input as another one, different from the real class, after bringing only a very limited perturbation to this input. This can obviously be very dangerous when it comes to systems where human life is in stake like in self driven vehicles. Companies IT networks and plants are also vulnerable if DNN based intrusion detection systems were to be deployed [23].\nMany approaches have been proposed to craft adversarial examples since the publication by Szegedy et al. of the first paper pointing out DNN vulnerability issue [5]. In their work, they generated adversarial examples using box-constrained L-BFGS. Later in [2], a fast gradient sign method (FGSM) that uses gradients of a loss function to determine in which direction the pixels intensity should be changed is presented. It is designed to be fast not optimize the loss function. Kurakin et al. introduced in [14] a straightforward simple improvement of this method where instead of taking a single step of size in the direction of the gradient-sign, multiple smaller steps are taken, and the result is clipped in the end. Papernot et al. introduced in [4] an attack, optimized under L0 distance, known as the Jacobian-based Saliency Map Attack (JSMA). Another simple attack known as Deepfool is provided in[34]. It is an untargeted attack technique optimized for the L2 distance metric. It is efficient and produces closer adversarial examples than the L-BFGS approach discussed earlier. Evolutionary\nalgorithms are also used by authors in [15] to find adversarial example while maintaining the attack close to the initial data. More recently, Carlini and Wagner introduced in [1] the most robust attack known to date as pointed out in [6]. They consider different optimization functions and several metrics for the maximum perturbation. Their L2-attack defeated the most powerful defense known as distillation [8]. However, authors in [7] showed that feature squeezing managed to destroy most of the C&W attacks. Many other defenses have been published, like adversarial training [4], gradient masking [10], defenses based on uncertainty using dropout [11] as done with Bayesian networks, based on statistics [12], [13], or principal components [25], [26]. Later, while we were carrying out our investigation, paper [19] showed that not less than ten defense approaches, among which are the previously enumerated defenses, can be defeated by C&W attacks. It also pointed out that feature squeezing also can be defeated but no thorough investigation actually was presented. Another possible defense but not investigated is based on JPEG encoding when dealing with images. It has never been explicitly attacked even after it is shown in [14] that most attacks are countered by this defense. Also, to our knowledge, no investigation has been conducted when dealing with ensemble defenses. Actually, attacks transferability between models that is well investigated and demonstrated in [22] in the presence of an oracle (requesting defense to get labels to train a substitute model) is not guaranteed at all when it is absent. Finally, when the maximum perturbation added to the original data is strictly limited, clipping is needed at the end of training (adversarial crafting) even if C&W attacks are used. The quality of crafted attacks is therefore degraded as the brought perturbation during the training is brutally clipped. We tackle all these points in our work while introducing a new attack we call Centered Initial Attack (CIA). This approach considers the perturbation limits by construction and consequently no alteration is done on the CIA resulting examples.\nTo make it clearer for the reader, an example is given below to illustrate the clipping issue. Figure 1 shows a comparison between CIA and C&W L2 attack before and after clipping on an example, a guitar targeted as a potpie with max perturbation equal to 4.0 (around 1.5%). The same number of iterations (20) is considered for both methods.\nAs can be seen on Figure 1, CIA generates the best attack with 96% confidence. C&W is almost as good with a score of 95% but it is degraded to 88% after applying the clipping to respect the imposed max perturbation. Avoiding this degradation due to clipping is the core motivation of our investigation.\nThe remaining of this paper is organized as follows. Section I presents some mathematical formulations and the principle of CIA strategy. Then Section II investigates the application of CIA against ensemble defense, feature squeezing and JPEG encoding defenses. Then Section III provides some guidelines to limit the impact of CIA attacks. Finally, we give some possible future investigations in the conclusion.", 
        "heading": "1 INTRODUCTION"
      }, 
      {
        "text": "Before entering into details of CIA, let us give some useful formulations.\nA neural network can be seen as a function F (x) = y that accepts an input x and produces an output y. The function F depends actually on some model parameters often called weights an biases. These are the variables that are adjusted during the learning process to fit the training data on one hand and generalize well to unseen data on the other hand. Since they do not change in our models, we omit them in our notations. The input x can be a vector or an array of any dimension. So, without loss of generality, we consider x \u2208 <n as it can be flattened in any case. So, the ith component of x is noted xi with integer i \u2208 [1, n]. Since we consider m-class classifiers, the output is calculated using the softmax function. The output y = F (x) can be seen as a vector of m probabilities pj with j \u2208 [1,m]. The component with the biggest value gives the predicted class C(x). This can be written as :\nC(x) = arg max j\u2208[1,m]\n{pj}\nWe note the output corresponding to the correct class as Cc(x). An adversarial example x\u0302 is crafted as a non targeted attack so as to get C(x\u0302) 6= Cc(x) or a targeted one to get C(x\u0302) = t where t is the target class. Crafting an example can then be formulated using a loss function L(F, x) to maximize the probability of getting a class different from the correct one. Cross entropy is used in our work. The adversarial example x\u0302 can be written as x\u0302 = x+ \u03b4 where \u03b4 is the added perturbation. In our work we constrain \u03b4 to be within domain [\u2212\u2206,\u2206] as considered for instance in Google Brain-Kaggle competition [16], \u2206 being the maximum perturbation. With the existing approaches, adversarial examples are generated through some iterations then clipped in the end to respect this constraint. With C&W attacks for instance, the loss function includes a norm term \u2016\u03b4\u2016 to minimize perturbation \u03b4 but the clipping is still needed as we saw above.\nThe main idea behind Centered Initial Attack is to find for each component i the center x\u2217i of the domain in which x\u0302i is allowed to be (green segment on Figure. 2). This is not trivial since we have to insure at the same time the component x\u0302i to be within another domain [\u03b1i, \u03b2i] to be valid, \u03b1i and \u03b2i are respectively the minimum and maximum values that can be taken by the ith feature variable i.e ith component of x and x\u0302. For instance, all components must be in domain [0, 1] for all images in our experiments. Such constraint is needed almost all the time as data are normalized to [0, 1] or [-1, 1] before feeding neural networks.\nTo sum up, there are two constraints to consider while crafting x\u0302:\na) Domain of definition constraint : \u03b1 < x\u0302 < \u03b2\nb) Max perturbation constraint : (x\u2212\u2206) < x\u0302 < (x+ \u2206) To find the center of domain definition of x\u0302, three cases are to be considered actually, not four since \u2206i is much smaller than (\u03b2i \u2212 \u03b1i), as can be seen on Figure 2. For recall, \u2206i is the ith component of \u2206.\nThe three cases are:\nCase (a): if (xi \u2212\u2206i) > \u03b1i and (xi + \u2206i) < \u03b2i then: x\u2217i = xi\n\u2206\u2217i = \u2206i\nCase (b): if (xi \u2212\u2206i) < \u03b1i and (xi + \u2206i) < \u03b2i then: x\u2217i = (xi + \u2206i + \u03b1i)/2\n\u2206\u2217i = (xi + \u2206i + \u03b1i)/2\nCase (c): if (xi \u2212\u2206i) > \u03b1i and (xi + \u2206i) > \u03b2i then: x\u2217i = (xi \u2212\u2206i + \u03b2i)/2 \u2206\u2217i = (\u2212xi + \u2206i + \u03b2i)/2 Now if we consider a continuous differentiable function g such that: g : < \u2192 [\u22121,+1], then we can write every component x\u0302i as:\nx\u0302i = x \u2217 i + \u2206 \u2217 i \u00b7 g(ri) (1)\nThis equation can be rewritten using arrays as:\nx\u0302 = x\u2217 + \u2206\u2217 g(r) (2) where operator is the elementwise product and r is a new variable on which we optimize the loss function. Finally, the loss function can be written as:\nLr = L(F, x \u2217 + \u2206\u2217 g(r)) (3)\nNo constraint is to be considered on the variable r since it is well defined in domain (\u2212\u221e,+\u221e). Any initialization of r is possible but we consider it as zero for simplicity. So, the initial attack x\u0302 is therefore different from x whereas it is centered in its domain of definition (green segment). This explains the CIA attack name.\nRegarding g, many continuous functions can be used. For instance we tried three functions:\ng1(r) = tanh(r),\ng2(r) = 2 \u00b7 [sigmoid(r)\u2212 0.5], g3(r) = sin(r).\nObviously other functions can be considered. In our experiments, as they all lead to similar results, we always considered tanh.\nRemarks :\nIt is interesting to note that with CIA, we can define a different maximum perturbation from a component xi to another xj . Likewise, it is easy for instance to limit the crafting to only a portion of an image by considering a zero max perturbation on the other regions, without changing anything in the training algorithm. This is an advantage with regard to existing approaches as it is difficult with the current machine learning frameworks to select from the same array only some variables to optimize on. Gradients masking would be a solution but not desired as it is a clipping operation. An example of such partial crafting is displayed on Figure. 3 where only a 50px band on the top and right sides is modified. We generated it using \u2206 = 32 to make the difference visible on the paper but the image (spider) is also classified as the target (dog) even with smaller values.\nAlso, any gradient descent optimizer can be used to craft attacks as the case with [1]. Adam [18] turns out to be the fastest in our experiments. We used it for training and considered 20 iterations, a good compromise between computation time and attacks crafting convergence, for all the adversarial examples crafting. To reproduce the results, the Adam hyperparameters to be considered are {learning rate = 0.2, \u03b21 = 0.1, \u03b22 = 0.6}. Finally, it is worth noting that CIA is not limited to images. It can be used for any type of data with bounded continuous features.", 
        "heading": "2 CENTERED INITIAL ATTACK PRINCIPLE"
      }, 
      {
        "text": "In order to check the effectiveness of CIA attacks, we consider mainly targeted attacks as they are more difficult to craft against three different strategies of defense; ensemble defense with many classifiers, feature squeezing, and JPEG encoding. A combination of these defenses is also considered as we will see later. In this paper, we consider only white box attacks where we have full access to defense models parameters. Other works [22] pointed out the transferability property between models when it is possible to quest the defense classifier and get the labels back to train a substitute model to be used for crafting attacks. When it is the case, an attack generated using the substitute is likely to remain an attack on the defense. When it is not the case however, this transferability is inexistent as we will see below. So, attacking as many models as possible at once is required.", 
        "heading": "3 APPLICATION"
      }, 
      {
        "text": "In order to check the robustness of CIA in attacking many classifiers at once, we consider the five best classifiers on ImageNet dataset : Inception V3 (IncV3 a), Inception V4 (IncV4), InceptionResnet V2 (IncRes a), adversarialy trained Inception V3(IncV3 b) and adversarialy InceptionResnet V2 (IncRes b). The accuracy of these classifiers is around 80% on the whole ImageNet dataset. The accuracies on 1000 images dataset [17] we consider are showed in Table 1.", 
        "heading": "3.1 ATTACKING ENSEMBLE DEFENSES"
      }, 
      {
        "text": "The first experiment is to attack only one classifier and check the transferability to other classifiers. The attacks are targeted and three maximum perturbation values are considered: 4.0, 8.0, and 16.0. For recall, the images are encoded with unsigned integer values in domain [0, 255]. So, all the results we present take this quantization into account. We first generate the adversarial examples then save them as png files. Finally, we reload them for evaluation.\nIn this experiment, we attack IncV3 b classifier and present the success rate of targeted attacks and the miss-classification rate of each classifier. The results are showed in Table 2.\nAs can be seen on Table 2, the transferability is inexistent whatever the maximum perturbation used when looking at the targeted attacks success rate. However, a small increase in misclassification rate is noticed especially with IncV3 a, raising from 3.9% to 7%. This was verified when attacking any other classifier alone and checking the impact on the others. This demonstrates clearly the need to attack many classifiers at once.\nTo do so, we considered an optimization using a sum of losses, each loss being related to one classifier: Lens = \u2211 i L(Fi, x \u2217 + \u2206\u2217 g(r)) (4)\nwhere Fi is the function relative to the ith classifier. A weighed version can be considered to target a classifier more aggressively than another. In our experiments, they are all attacked equally. The results are displayed in Table 3.\nAs we can see on Table 3, the success rate of the targeted attacks against the voting ensemble is high, around 80% for \u2206 = 4.0 and approaching 100% for \u2206 = 16.0. It is also interesting to notice that the success rate of attacking IncV3 b has decreased compared to the case when it was attacked\nalone. With \u2206 = 4.0 for instance, it went from 97.6% to 92,5%. This can be explained by the fact that the gradients are balanced in a way to change the input in a direction that minimizes all the losses at the same time.\nAs a conclusion of this section, attacking an ensemble defense using CIA is effective when we have complete access to all defense models (white box attacks). Section 3.3 will show that the transferability to an anknown model, while attacking four among the five, is limited but not negligible (more than 30%).", 
        "heading": "96,1% 97,3% 99,7% 94,8% 97,5%"
      }, 
      {
        "text": "This defense approach has been developed to counter attacks using smoothing filters [7]. The intuition behind this idea was that smoothing removes the sharp changes brought while crafting adversarial examples. There are different feature squeezing possibilities but we consider spatial smoothing in the current study. The other ones will be addressed in future experiments.\nWhile adding a filter, one should care about the possible loss of accuracy of the defense classifier. Authors in [7] showed that a 3x3 filter is a good compromise that gives an effective defense while limiting the loss of accuracy. We noticed it too in the current investigation and therefore considered this kernel size. Also, different smoothing strategies are possible like Gaussian, diagonal, mean, etc. As the results are quite similar in our experiments we carried out, we consider the mean filter in the sequel for its calculation simplicity. The filter used for defense can actually be replaced by a convolution layer before the neural network as shown in Figure. 4.\nAs can be seen on Figure 4, adding a convolution layer results in a new network that could be represented using a new function F \u2032. We can therefore simply craft an adversarial example using this new function. As a start, we conducted an attack against only one network (IncV3 a). The results are shown in Table 4.\nAs we can notice in Table 4, the success rate of targeted attacks and the miss-classification rate are nearly 100%. This means that the spatial smoothing based defense is not effective. Once again, the transferability between models is inexistent.\nAn interesting point is to check the success of the same attacks when the defense is not actually using spatial smoothing for sure. Said in other words, we suspect the defense to use spatial smoothing but we are not sure about it. So, we craft attacks as before for a guarantee. Or not! The results are showed in Table 5.\nAs we can clearly see, the attacks success rate depleted to only 3.2% and the misclassification rate to 18.2%. The attack is therefore not effective in case of filter based defense uncertainty. This result disagrees with the intuition behind spatial smoothing as an efficient defense against attacks presented in [7]. As demonstrated indeed, the filtered adversarial example can be an effective attack but not the unfiltered one !\nThen, how to overcome this issue for a more robust attack ?\nTo answer this question, we consider a hybrid network where both filtered and non filtered inputs are used for optimization as represented on Figure. 5.\nThe loss function to be used is given as a sum of two terms (weighing would be useful for more robustness) as follows:\nLH = a \u2217 L(F, x\u2217 + \u2206\u2217 g(r)) + b \u2217 L(F \u2032, x\u2217 + \u2206\u2217 g(r)) (5) where a, b are real positive numbers.\nWe conducted a new experiment using this hybrid loss function and the results are given in Table 6.\nTable 6 shows that the success rate is this time very high in both cases: 98.4% in filter based defense and nearly 100% in no filter defense. We conclude that this attack is robust whether filtering is used or not in defense.\nAnother question arises from previous results given the lack of transferability of attacks between models. What if an ensemble defense is used and filter use is uncertain ?\nOnce again, we consider the sum of all losses, but use the hybrid losses this time as follows: Lens = \u2211 i LHi (6)\nwhere LHi is the hybrid loss relative to the i th classifier.\nThe results are presented in Table 7\nEven with \u2206 = 4.0 and considering only targeted attacks, the success and miss-classification rates are high, around 50% when all classifiers use filters and much higher (around 80%) when no filters are used. Other experiments we conducted showed that attacks rate for filter based defense can be improved by assigning a greater weight b (twice the weight a) in the hybrid loss equation (5).", 
        "heading": "3.1.1 ATTACKING FEATURE SQUEEZING DEFENSE"
      }, 
      {
        "text": "An investigation conducted by authors in [14] showed that most adversarial examples are countered if they are JPEG encoded before classifying them. Lets check if it is the case with CIA attacks. We conducted an attack against IncV3 a and classified the adversarial examples after being JPEG encoded. The encoding uses different compression quality values Q. A higher Q means a better quality of image with a bigger size however since it undergoes less loss and compression. The results are displayed on Table 8.\nTable 8 shows that CIA is robust when performing non targeted attacks as almost 100% of them are successful with Q = 80 and around 50% with Q = 20. The targeted attacks are less successful with the highest score of 20% when Q = 80 and 0% when Q = 20.\nThe result is somehow mitigated with regard to targeted attaks results. Indeed, one has to keep in mind that a Q = 20 would not be a reasonable defense as this will degrade highly the accuracy of the classifier. Nonetheless, we tried to improve the attacks success score by finding a suitable approximation JPEG transformations.\nObviously, JPEG encoding cannot be modeled accurately using a differentiable function that can be included in crafting examples process as we did before with spatial smoothing. As a brief recall, this encoding implies the passage from RGB space to another color space called YCbCr where Y is brightness, Cb and Cr components represent the chrominance. Actually, humans can see considerably more fine detail in the brightness of an image (the Y component) than in the hue and color saturation of an image (the Cb and Cr components). Considering this fact, Cb and Cr can be downsampled by a factor of 2 or 3 without sensitive change of receptivity to human eye. Another fact is the eye not being sensitive to sharp changes in images. So, removing the high frequencies from the spectral space after a DCT (Discrete Cosine Transform) of an image would not affect its quality remarkably too. These are the important facts used when making a JPEG compression. Other steps like dividing the image into blocks, the quantization of frequency components, the encoding of these components and so on are thoroughly well documented for interested readers [24]. We do not take them into account.\nOur idea for approximating JPEG is represented in Figure 6.\nAs shown on Figure 6, we first transform RGB images to YCrCb space using a function T (product an sum operations) then we filter each component using a convolution layer. Given the facts enumerated before about filtering high frequencies and down sampling the chrominance, we consider a mean 3x3 kernel for brightness component and a 6x6 kernel for Cr and Cb. Once filtered, the result is brought back to RGB space using T\u22121 before feeding the neural network.\nThe results of crafting attacks against IncV3 a using this approximation are given in Table 9.\nAs can be noticed, the results are almost the same as those of Table 8. This result is a bit untriguing as if all the filters used in the approximation are inexistent. However, a similar remark as in the filterbased defense case can be made. The attacks crafted using JPEG encoding are no longer attacks if JPEG is not used by the defense. This means that the considered approximation of JPEG encoding is not that bad but not enough accurate to give strong attacks. It has obviously to be improved. We are working on it.", 
        "heading": "3.2 ATTACKING JPEG ENCODING DEFENSE"
      }, 
      {
        "text": "As we saw previously, defending against attacks is hard as along as the defense can be modeled using a function that could be added to form a new network that can be used for crafting examples. As a conclusion, one has to find a transformation that is hardly represented or approximated using simple functions. This is obviously not trivial as we saw with JPEG defense.\nAnother, and more short term realizable defense, is to consider a big number of well performing classifiers including limited accuracy variance transformations like spatial smoothing. As we saw in Table 7, the success rate decreased to around 50% when using five classifiers including filters for defense. This is not guaranteed but it worth being investigated.\nFor instance, when we attack all the classifiers except IncV4, the transferability is somehow limited. Indeed, the success rate of attacks is almost 100% against the attacked classifiers whereas it is only around 34% for IncV4 as can be noticed on Table 10.", 
        "heading": "3.3 DEFENSE AGAINST ATTACKS"
      }, 
      {
        "text": "In this paper we presented a new strategy called CIA for crafting adversarial examples while insuring the maximum perturbation added to the original data to be smaller than a fixed threshold. We demonstrated also its robustness against some defenses, feature squeezing, ensemble defenses and even JPEG encoding. For future work, it would be interesting to investigate the transferability of CIA attacks to the physical world as it is shown in [14] that only a very limited amount of FGDM attacks, around 20%, survive this transfer. Another interesting perspective is to consider partial crafting attacks while selecting regions taking into account the content of the data. With regard to images for instance, this would be interesting to hide attacks with big but imperceptible perturbations.", 
        "heading": "4 CONCLUSION"
      }
    ], 
    "emails": []
  }
}