{
  "name": "rJwelMbR-.pdf", 
  "metadata": {
    "title": "DIVIDE-AND-CONQUER REINFORCEMENT LEARNING", 
    "year": 2018, 
    "referenceMentions": [
      {
        "referenceID": 9, 
        "startOffset": 148, 
        "context": "Deep reinforcement learning (RL) algorithms have demonstrated an impressive potential for tackling a wide range of complex tasks, from game playing (Mnih et al., 2015) to robotic manipulation (Levine et al.", 
        "endOffset": 167
      }, 
      {
        "referenceID": 8, 
        "startOffset": 109, 
        "context": "However, many of the standard benchmark tasks in reinforcement learning, including the Atari benchmark suite (Mnih et al., 2013) and all of the OpenAI gym continuous control benchmarks (Brockman et al.", 
        "endOffset": 128
      }, 
      {
        "referenceID": 1, 
        "startOffset": 102, 
        "context": "Prior work has addressed reinforcement learning tasks requiring diverse behaviors, both in locomotion (Heess et al., 2017) and manipulation (Osa et al.", 
        "endOffset": 122
      }, 
      {
        "referenceID": 13, 
        "startOffset": 138, 
        "context": "However, these methods typically make a number of simplifications, such as the use of demonstrations to help guide reinforcement learning (Osa et al., 2016; Kober et al., 2012; Nair et al., 2017; Rajeswaran et al., 2017a), or the use of a higher-level action representation, such as Cartesian end-effector control for a robotic arm (Osa et al.", 
        "endOffset": 221
      }, 
      {
        "referenceID": 4, 
        "startOffset": 138, 
        "context": "However, these methods typically make a number of simplifications, such as the use of demonstrations to help guide reinforcement learning (Osa et al., 2016; Kober et al., 2012; Nair et al., 2017; Rajeswaran et al., 2017a), or the use of a higher-level action representation, such as Cartesian end-effector control for a robotic arm (Osa et al.", 
        "endOffset": 221
      }, 
      {
        "referenceID": 12, 
        "startOffset": 138, 
        "context": "However, these methods typically make a number of simplifications, such as the use of demonstrations to help guide reinforcement learning (Osa et al., 2016; Kober et al., 2012; Nair et al., 2017; Rajeswaran et al., 2017a), or the use of a higher-level action representation, such as Cartesian end-effector control for a robotic arm (Osa et al.", 
        "endOffset": 221
      }, 
      {
        "referenceID": 13, 
        "startOffset": 119, 
        "context": ", 2017a), or the use of a higher-level action representation, such as Cartesian end-effector control for a robotic arm (Osa et al., 2016; Kober et al., 2012; Andrychowicz et al., 2017; Nair et al., 2017).", 
        "endOffset": 203
      }, 
      {
        "referenceID": 4, 
        "startOffset": 119, 
        "context": ", 2017a), or the use of a higher-level action representation, such as Cartesian end-effector control for a robotic arm (Osa et al., 2016; Kober et al., 2012; Andrychowicz et al., 2017; Nair et al., 2017).", 
        "endOffset": 203
      }, 
      {
        "referenceID": 12, 
        "startOffset": 119, 
        "context": ", 2017a), or the use of a higher-level action representation, such as Cartesian end-effector control for a robotic arm (Osa et al., 2016; Kober et al., 2012; Andrychowicz et al., 2017; Nair et al., 2017).", 
        "endOffset": 203
      }, 
      {
        "referenceID": 12, 
        "startOffset": 145, 
        "context": "The selection of benchmark tasks in this work is significantly more complex than those leveraging Cartesian position action spaces in prior work (Andrychowicz et al., 2017; Nair et al., 2017) or the relatively simple picking setup proposed by Popov et al.", 
        "endOffset": 191
      }, 
      {
        "referenceID": 0, 
        "startOffset": 251, 
        "context": "Curriculum learning has been applied to similar problems in reinforcement learning, with approaches that require the practitioner to design a sequence of progressively harder subsets of the initial state distribution, culminating in the original task (Asada et al., 1996; Karpathy & van de Panne, 2012).", 
        "endOffset": 302
      }, 
      {
        "referenceID": 7, 
        "startOffset": 63, 
        "context": "Our method is related to guided policy search (GPS) algorithms (Levine & Koltun, 2013; Mordatch & Todorov, 2014; Levine et al., 2016).", 
        "endOffset": 133
      }, 
      {
        "referenceID": 17, 
        "startOffset": 80, 
        "context": "In particular, we base our algorithm on trust region policy optimization, TRPO, (Schulman et al., 2015), a policy gradient method which takes gradient steps according to the surrogate loss L(\u03c0) in Equation 2 while constraining the mean divergence from the old policy by a fixed constant.", 
        "endOffset": 103
      }, 
      {
        "referenceID": 2, 
        "startOffset": 160, 
        "context": "We choose TRPO for its practical performance on high-dimensional continuous control problems, but our procedure extends easily to other policy gradient methods (Kakade, 2002; Williams, 1992) as well.", 
        "endOffset": 190
      }, 
      {
        "referenceID": 20, 
        "startOffset": 160, 
        "context": "We choose TRPO for its practical performance on high-dimensional continuous control problems, but our procedure extends easily to other policy gradient methods (Kakade, 2002; Williams, 1992) as well.", 
        "endOffset": 190
      }, 
      {
        "referenceID": 19, 
        "startOffset": 61, 
        "context": "All of our environments are designed and simulated in MuJoCo (Todorov et al., 2012).", 
        "endOffset": 83
      }, 
      {
        "referenceID": 17, 
        "startOffset": 5, 
        "context": "TRPO (Schulman et al., 2015) represents a state-of-the-art policy gradient method, which we use for the standard RL comparison without decomposition into contexts.", 
        "endOffset": 28
      }, 
      {
        "referenceID": 18, 
        "startOffset": 70, 
        "context": "Originally formulated as transfer learning in a discrete action space (Teh et al., 2017), we extend Distral to our stochastic initial state continuous control setting, where each context \u03c9 is a different task.", 
        "endOffset": 88
      }
    ], 
    "source": "CRF", 
    "creator": "LaTeX with hyperref package", 
    "references": [
      {
        "shortCiteRegEx": "Asada et al\\.", 
        "author": [
          "Minoru Asada", 
          "Shoichi Noda", 
          "Sukoya Tawaratsumida", 
          "Koh Hosoda"
        ], 
        "citeRegEx": "Asada et al\\.,? \\Q1996\\E", 
        "venue": "Machine Learning,", 
        "year": 1996, 
        "title": "Purposive behavior acquisition for a real robot by vision-based reinforcement learning"
      }, 
      {
        "shortCiteRegEx": "Heess et al\\.", 
        "author": [
          "Nicolas Heess", 
          "Dhruva TB", 
          "Srinivasan Sriram", 
          "Jay Lemmon", 
          "Josh Merel", 
          "Greg Wayne", 
          "Yuval Tassa", 
          "Tom Erez", 
          "Ziyu Wang", 
          "S.M. Ali Eslami", 
          "Martin A. Riedmiller", 
          "David Silver"
        ], 
        "citeRegEx": "Heess et al\\.,? \\Q2017\\E", 
        "venue": null, 
        "year": 2017, 
        "title": "Emergence of locomotion behaviours in rich environments"
      }, 
      {
        "shortCiteRegEx": "Kakade.", 
        "author": [
          "Sham M Kakade"
        ], 
        "citeRegEx": "Kakade.,? \\Q2002\\E", 
        "venue": "In NIPS,", 
        "year": 2002, 
        "title": "A natural policy gradient"
      }, 
      {
        "shortCiteRegEx": "Karpathy and Panne.", 
        "author": [
          "Andrej Karpathy", 
          "Michiel van de Panne"
        ], 
        "citeRegEx": "Karpathy and Panne.,? \\Q2012\\E", 
        "venue": null, 
        "year": 2012, 
        "title": "Curriculum Learning for Motor Skills, pp. 325\u2013330"
      }, 
      {
        "shortCiteRegEx": "Kober et al\\.", 
        "author": [
          "Jens Kober", 
          "Katharina M\u00fclling", 
          "Jan Peters"
        ], 
        "citeRegEx": "Kober et al\\.,? \\Q2012\\E", 
        "venue": "In IROS,", 
        "year": 2012, 
        "title": "Learning throwing and catching skills"
      }, 
      {
        "shortCiteRegEx": "Kumar et al\\.", 
        "author": [
          "Vikash Kumar", 
          "Emanuel Todorov", 
          "Sergey Levine"
        ], 
        "citeRegEx": "Kumar et al\\.,? \\Q2016\\E", 
        "venue": "In ICRA,", 
        "year": 2016, 
        "title": "Optimal control with learned local models: Application to dexterous manipulation"
      }, 
      {
        "shortCiteRegEx": "Levine and Koltun.", 
        "author": [
          "Sergey Levine", 
          "Vladlen Koltun"
        ], 
        "citeRegEx": "Levine and Koltun.,? \\Q2013\\E", 
        "venue": "In ICML,", 
        "year": 2013, 
        "title": "Guided policy search"
      }, 
      {
        "shortCiteRegEx": "Levine et al\\.", 
        "author": [
          "Sergey Levine", 
          "Chelsea Finn", 
          "Trevor Darrell", 
          "Pieter Abbeel"
        ], 
        "citeRegEx": "Levine et al\\.,? \\Q2016\\E", 
        "venue": "Journal of Machine Learning Research (JMLR),", 
        "year": 2016, 
        "title": "End-to-end learning of deep visuomotor policies"
      }, 
      {
        "shortCiteRegEx": "Mnih et al\\.", 
        "author": [
          "Volodymyr Mnih", 
          "Koray Kavukcuoglu", 
          "David Silver", 
          "Alex Graves", 
          "Ioannis Antonoglou", 
          "Daan Wierstra", 
          "Martin Riedmiller"
        ], 
        "citeRegEx": "Mnih et al\\.,? \\Q2013\\E", 
        "venue": "arXiv preprint arXiv:1312.5602,", 
        "year": 2013, 
        "title": "Playing atari with deep reinforcement learning"
      }, 
      {
        "shortCiteRegEx": "Mnih et al\\.", 
        "author": [
          "Volodymyr Mnih", 
          "Koray Kavukcuoglu", 
          "David Silver", 
          "Andrei A Rusu", 
          "Joel Veness", 
          "Marc G Bellemare", 
          "Alex Graves", 
          "Martin Riedmiller", 
          "Andreas K Fidjeland", 
          "Georg Ostrovski"
        ], 
        "citeRegEx": "Mnih et al\\.,? \\Q2015\\E", 
        "venue": "Nature, 518(7540):529\u2013533,", 
        "year": 2015, 
        "title": "Human-level control through deep reinforcement learning"
      }, 
      {
        "shortCiteRegEx": "Mordatch and Todorov.", 
        "author": [
          "Igor Mordatch", 
          "Emanuel Todorov"
        ], 
        "citeRegEx": "Mordatch and Todorov.,? \\Q2014\\E", 
        "venue": "In RSS,", 
        "year": 2014, 
        "title": "Combining the benefits of function approximation and trajectory optimization"
      }, 
      {
        "shortCiteRegEx": "Mordatch et al\\.", 
        "author": [
          "Igor Mordatch", 
          "Kendall Lowrey", 
          "Galen Andrew", 
          "Zoran Popovic", 
          "Emanuel Todorov"
        ], 
        "citeRegEx": "Mordatch et al\\.,? \\Q2015\\E", 
        "venue": "In NIPS,", 
        "year": 2015, 
        "title": "Interactive Control of Diverse Complex Characters with Neural Networks"
      }, 
      {
        "shortCiteRegEx": "Nair et al\\.", 
        "author": [
          "Ashvin Nair", 
          "Bob McGrew", 
          "Marcin Andrychowicz", 
          "Wojciech Zaremba", 
          "Pieter Abbeel"
        ], 
        "citeRegEx": "Nair et al\\.,? \\Q2017\\E", 
        "venue": null, 
        "year": 2017, 
        "title": "Overcoming exploration in reinforcement learning with demonstrations"
      }, 
      {
        "shortCiteRegEx": "Osa et al\\.", 
        "author": [
          "Takayuki Osa", 
          "Jan Peters", 
          "Gerhard Neumann"
        ], 
        "citeRegEx": "Osa et al\\.,? \\Q2016\\E", 
        "venue": "In ISER,", 
        "year": 2016, 
        "title": "Experiments with hierarchical reinforcement learning of multiple grasping policies"
      }, 
      {
        "shortCiteRegEx": "Popov et al\\.", 
        "author": [
          "Ivaylo Popov", 
          "Nicolas Heess", 
          "Timothy P. Lillicrap", 
          "Roland Hafner", 
          "Gabriel Barth-Maron", 
          "Matej Vecerik", 
          "Thomas Lampe", 
          "Yuval Tassa", 
          "Tom Erez", 
          "Martin A. Riedmiller"
        ], 
        "citeRegEx": "Popov et al\\.,? \\Q2017\\E", 
        "venue": null, 
        "year": 2017, 
        "title": "Data-efficient deep reinforcement learning for dexterous manipulation"
      }, 
      {
        "shortCiteRegEx": "Rajeswaran et al\\.", 
        "author": [
          "Aravind Rajeswaran", 
          "Vikash Kumar", 
          "Abhishek Gupta", 
          "John Schulman", 
          "Emanuel Todorov", 
          "Sergey Levine"
        ], 
        "citeRegEx": "Rajeswaran et al\\.,? \\Q2017\\E", 
        "venue": "CoRR, abs/1709.10087,", 
        "year": 2017, 
        "title": "Learning complex dexterous manipulation with deep reinforcement learning and demonstrations"
      }, 
      {
        "shortCiteRegEx": "Rajeswaran et al\\.", 
        "author": [
          "Aravind Rajeswaran", 
          "Kendall Lowrey", 
          "Emanuel Todorov", 
          "Sham Kakade"
        ], 
        "citeRegEx": "Rajeswaran et al\\.,? \\Q2017\\E", 
        "venue": "In NIPS,", 
        "year": 2017, 
        "title": "Towards Generalization and Simplicity in Continuous Control"
      }, 
      {
        "shortCiteRegEx": "Schulman et al\\.", 
        "author": [
          "John Schulman", 
          "Sergey Levine", 
          "Philipp Moritz", 
          "Michael Jordan", 
          "Pieter Abbeel"
        ], 
        "citeRegEx": "Schulman et al\\.,? \\Q2015\\E", 
        "venue": "In ICML,", 
        "year": 2015, 
        "title": "Trust region policy optimization"
      }, 
      {
        "shortCiteRegEx": "Teh et al\\.", 
        "author": [
          "Yee Whye Teh", 
          "Victor Bapst", 
          "Wojciech Marian Czarnecki", 
          "John Quan", 
          "James Kirkpatrick", 
          "Raia Hadsell", 
          "Nicolas Heess", 
          "Razvan Pascanu"
        ], 
        "citeRegEx": "Teh et al\\.,? \\Q2017\\E", 
        "venue": null, 
        "year": 2017, 
        "title": "Distral: Robust multitask reinforcement learning"
      }, 
      {
        "shortCiteRegEx": "Todorov et al\\.", 
        "author": [
          "Emanuel Todorov", 
          "Tom Erez", 
          "Yuval Tassa"
        ], 
        "citeRegEx": "Todorov et al\\.,? \\Q2012\\E", 
        "venue": "In IROS,", 
        "year": 2012, 
        "title": "Mujoco: A physics engine for model-based control"
      }, 
      {
        "shortCiteRegEx": "Williams.", 
        "author": [
          "Ronald J. Williams"
        ], 
        "citeRegEx": "Williams.,? \\Q1992\\E", 
        "venue": "Machine Learning,", 
        "year": 1992, 
        "title": "Simple statistical gradient-following algorithms for connectionist reinforcement learning"
      }
    ], 
    "authors": [
      "Dibya Ghosh", 
      "Avi Singh", 
      "Aravind Rajeswaran", 
      "Vikash Kumar", 
      "Sergey Levine"
    ], 
    "abstractText": "Standard model-free deep reinforcement learning (RL) algorithms sample a new initial state for each trial, allowing them to optimize policies that can perform well even in highly stochastic environments. However, problems that exhibit considerable initial state variation typically produce high-variance gradient estimates for model-free RL, making direct policy or value function optimization challenging. In this paper, we develop a novel algorithm that instead partitions the initial state space into \u201cslices\u201d, and optimizes an ensemble of policies, each on a different slice. The ensemble is gradually unified into a single policy that can succeed on the whole state space. This approach, which we term divide-and-conquer RL, is able to solve complex tasks where conventional deep RL methods are ineffective. Our results show that divide-and-conquer RL greatly outperforms conventional policy gradient methods on challenging grasping, manipulation, and locomotion tasks, and exceeds the performance of a variety of prior methods. Videos of policies learned by our algorithm can be viewed at https://sites.google.com/view/dnc-rl/.", 
    "sections": [
      {
        "text": "Standard model-free deep reinforcement learning (RL) algorithms sample a new initial state for each trial, allowing them to optimize policies that can perform well even in highly stochastic environments. However, problems that exhibit considerable initial state variation typically produce high-variance gradient estimates for model-free RL, making direct policy or value function optimization challenging. In this paper, we develop a novel algorithm that instead partitions the initial state space into \u201cslices\u201d, and optimizes an ensemble of policies, each on a different slice. The ensemble is gradually unified into a single policy that can succeed on the whole state space. This approach, which we term divide-and-conquer RL, is able to solve complex tasks where conventional deep RL methods are ineffective. Our results show that divide-and-conquer RL greatly outperforms conventional policy gradient methods on challenging grasping, manipulation, and locomotion tasks, and exceeds the performance of a variety of prior methods. Videos of policies learned by our algorithm can be viewed at https://sites.google.com/view/dnc-rl/.", 
        "heading": null
      }, 
      {
        "text": "Deep reinforcement learning (RL) algorithms have demonstrated an impressive potential for tackling a wide range of complex tasks, from game playing (Mnih et al., 2015) to robotic manipulation (Levine et al., 2016; Kumar et al., 2016; Popov et al., 2017; Andrychowicz et al., 2017). However, many of the standard benchmark tasks in reinforcement learning, including the Atari benchmark suite (Mnih et al., 2013) and all of the OpenAI gym continuous control benchmarks (Brockman et al., 2016) lack the kind of diversity that is present in realistic environments.\nOne of the most compelling use cases for RL algorithms is to create autonomous agents that can interact intelligently with diverse stochastic environments. However, such environments present a major challenge for current RL algorithms. Environments which require a lot of diversity can be expressed in the framework of RL as having a \u201cwide\u201d stochastic initial state distribution for the underlying Markov decision process. Highly stochastic initial state distributions lead to highvariance policy gradient estimates, which in turn hamper effective learning. Similarly, diversity and variability can also be incorporated by picking a wide distribution over goals.\nIn this paper, we explore RL algorithms that are especially well-suited for tasks with a high degree of variability in both initial and goal states. We argue that a large class of practically interesting real-world problems fall into this category, but current RL algorithms are poorly equipped to handle them, as illustrated in our experimental evaluation. Our main observation is that, for tasks with a high degree of initial state variability, it is often much easier to obtain effective solutions to individual parts of the initial state space and then merge these solutions into a single policy, than to solve the entire task as a monolithic stochastic MDP. To that end, we can autonomously partition the state distribution into a set of distinct \u201cslices,\u201d and train a separate policy for each slice. For example, if we imagine the task of picking up a block with a robotic arm, different slices might correspond to different initial positions of the block. Similarly, for placing the block, different slices will correspond to the different goal positions. For each slice, the algorithm might train a different policy with a distinct strategy. As the training proceeds, we can gradually merge the distinct policies\ninto a single global policy that succeeds in the entire space, by employing a combination of mutual KL-divergence constraints and supervised distillation.\nIt may at first seem surprising that this procedure provides benefit. After all, if the final global policy can solve the entire task, then surely each local policy also has the representational capacity to capture a strategy that is effective on the entire initial state space. However, it is worth considering that a policy in a reinforcement learning algorithm must be able to represent not only the final optimal policy, but also all of the intermediate policies during learning. By decomposing these intermediate policies over the different slices of the initial state space, our method enables effective learning even on tasks with very diverse initial state and goal distributions. Since variation in the initial state distribution leads to high variance gradient estimates, this strategy also benefits from the fact that gradients can be better estimated in the local slices leading to accelerated learning. Intermediate supervised distillation steps help share information between the local policies which accelerates learning for slow learning policies, and helps policies avoid local optima.\nThe main contribution of this paper is a reinforcement learning algorithm specifically designed for tasks with a high degree of diversity and variability. We term this approach as divide-and-conquer (DnC) reinforcement learning. Detailed empirical evaluation on a variety of difficult robotic manipulation and locomotion scenarios reveals that the proposed DnC algorithm substantially improves the performance over prior techniques.", 
        "heading": "1 INTRODUCTION"
      }, 
      {
        "text": "Prior work has addressed reinforcement learning tasks requiring diverse behaviors, both in locomotion (Heess et al., 2017) and manipulation (Osa et al., 2016; Kober et al., 2012; Andrychowicz et al., 2017; Nair et al., 2017; Rajeswaran et al., 2017a). However, these methods typically make a number of simplifications, such as the use of demonstrations to help guide reinforcement learning (Osa et al., 2016; Kober et al., 2012; Nair et al., 2017; Rajeswaran et al., 2017a), or the use of a higher-level action representation, such as Cartesian end-effector control for a robotic arm (Osa et al., 2016; Kober et al., 2012; Andrychowicz et al., 2017; Nair et al., 2017). We show that the proposed DnC approach can solve manipulation tasks such as grasping and catching directly in the low-level torque action space without the need for demonstrations or a high-level action representation.\nThe selection of benchmark tasks in this work is significantly more complex than those leveraging Cartesian position action spaces in prior work (Andrychowicz et al., 2017; Nair et al., 2017) or the relatively simple picking setup proposed by Popov et al. (2017), which consists of minimal task variation and a variety of additional shaping rewards. In the domain of locomotion, we show that our approach substantially outperforms the direct policy search method proposed by Heess et al. (2017). Curriculum learning has been applied to similar problems in reinforcement learning, with approaches that require the practitioner to design a sequence of progressively harder subsets of the initial state distribution, culminating in the original task (Asada et al., 1996; Karpathy & van de Panne, 2012). Our method allows for arbitrary decompositions, and we further show that DnC can work with automatically generated decompositions without human intervention.\nOur method is related to guided policy search (GPS) algorithms (Levine & Koltun, 2013; Mordatch & Todorov, 2014; Levine et al., 2016). These algorithms train several \u201clocal\u201d policies by using a trajectory-centric reinforcement learning method, and a single \u201cglobal\u201d policy, typically represented by a deep neural network, which attempts to mimic the local policies. The local policies are constrained to the global policy, typically via a KL-divergence constraint. Our method also trains local policies, though the local policies are themselves represented by more flexible, nonlinear neural network policies. Use of neural network policies significantly improves the representational power of the individual controllers and facilitates the use of various off-the-shelf reinforcement learning algorithms. Furthermore, we constrain the various policies to one another, rather than to a single central policy, which we find substantially improves performance, as discussed in Section 5.\nAlong similar lines, Teh et al. (2017) propose an approach similar to GPS for the purpose of transfer learning, where a single policy is trained to mimic the behavior of policies trained in specific domains. Our approach resembles GPS, in that we decompose a single complex task into local pieces, but also resembles Teh et al. (2017), in that we use nonlinear neural network local policies. Although Teh et al. (2017) propose a method intended for transfer learning, it can be adapted to\nthe setting of stochastic initial states for comparison. We present results demonstrating that our approach substantially outperforms the method of Teh et al. (2017) in this setting.", 
        "heading": "2 RELATED WORK"
      }, 
      {
        "text": "An episodic Markov decision process (MDP) is defined as M = (S,A, P, r, \u03c1) where S,A are continuous sets of states and actions respectively. P (s\u2032, s, a) is the transition probability distribution, r : S \u2192 R is the reward function, and \u03c1 : S \u2192 R+ is the initial state distribution. We consider a modified MDP formulation, where the initial state distribution is conditioned on some variable \u03c9, which we refer to as a \u201ccontext.\u201d Formally, \u2126 = (\u03c9i)ni=1 is a finite set of contexts, and \u03c1 : \u2126\u00d7 S \u2192 R+ is a joint distribution over contexts \u03c9 and initial states s0. One can imagine that sampling initial states is a two stage process: first, contexts are sampled as \u03c1(\u03c9), and then initial states are drawn given the sampled context as \u03c1(s|\u03c9). Note that this formulation of a MDP with context is unrelated to the similarly named \u201ccontextual MDPs\u201d (Hallak et al., 2015).\nFor an arbitrary MDP, one can embed the context into the state as an additional state variable with independent distribution structure that factorizes as P (s0, \u03c9) = P (s0|\u03c9)P (\u03c9). The context will provide us with a convenient mechanism to solve complex tasks, but we will describe how we can still train policies that, at convergence, no longer require any knowledge of the context, and operate only on the raw state of the MDP. We aim to find a stochastic policy \u03c0 : S,A \u2192 R+ under which the expected reward of the policy \u03b7(\u03c0) = E\u03c4\u223c\u03c0[r(\u03c4)] is maximized.", 
        "heading": "3 PRELIMINARIES"
      }, 
      {
        "text": "In this section, we derive our divide-and-conquer reinforcement learning algorithm. We first motivate the approach by describing a policy learning framework for the MDP with context described above, and then introduce a practical algorithm that can implement this framework for complex reinforcement learning problems.", 
        "heading": "4 DIVIDE-AND-CONQUER REINFORCEMENT LEARNING"
      }, 
      {
        "text": "We consider two extensions of the MDP M that exploit this contextual structure. First, we define an augmented MDP M\u2032 that augments each state with information about the context (S\u00d7\u2126,A, P, r, \u03c1); a trajectory in this MDP is \u03c4 = ((\u03c9, s0), a0, (\u03c9, s1), a1, . . . ). We also consider the class of contextrestricted MDPs: for a context \u03c9, we have M\u03c9 = (S,A, P, r, \u03c1\u03c9), where \u03c1\u03c9(s) = P(s|\u2126 = \u03c9); i.e. the context is always fixed to \u03c9 .\nA stochastic policy \u03c0 in the augmented MDP M\u2032 decouples into a family of simpler stochastic policies \u03c0 = (\u03c0i)ni=1, where \u03c0i : S,A \u2192 [0, 1], and \u03c0i(s, a) = \u03c0((\u03c9i, s), a). We can consider \u03c0i to be a policy for the context-restricted MDP M\u03c9i , resulting in an equivalence between optimal policies in augmented MDPs and context-restricted MDPs. A family of optimal policies in the class of context-restricted MDPs is an optimal policy \u03c0 in M\u2032.This implies that policy search in the augmented MDP reduces to policy search in the context-restricted MDPs.\nGiven a stochastic policy in the augmented MDP (\u03c0i)ni=1, we can induce a stochastic policy \u03c0c in the original MDP, by defining \u03c0c(s, a) = \u2211 \u03c9\u2208\u2126 p(\u03c9|s)\u03c0\u03c9(s, a), where p(\u00b7|s) is a belief distribution of what context the trajectory is in. From here on, we refer to \u03c0c as the central or global policy, and \u03c0i as the context-specific or local policies.\nOur insight is that it is important for each local policy to not only be good for its designated context, but also be capable of working in other contexts. Requiring that local policies be capable of working broadly allows for sharing of information so that local policies designated for difficult contexts can bootstrap their solutions off easier contexts. As discussed in the previous section, we seek a policy in the original MDP, and local policies that generalize well to many other contexts induce global policies that are capable of operating in the original MDP, where no context is provided.\nIn order to find the optimal policy for the original MDP, we search for a policy \u03c0 = (\u03c0i)ni=1 in the augmented MDP that maximizes \u03b7(\u03c0) \u2212 \u03b1E\u03c0[DKL(\u03c0\u2016\u03c0c)] : maximizing expected reward for each instance while remaining close to a central policy, where \u03b1 is a penalty hyperparameter. This encourages the central policy \u03c0c to work for all the contexts, thereby transferring to the original\nMDP. Using Jensen\u2019s inequality to bound the KL divergence between \u03c0 and \u03c0c, we minimize the right hand side of Equation 1 as a bound for minimizing the intractable KL divergence optimization problem.\nE\u03c0[DKL(\u03c0\u2016\u03c0c)] \u2264 \u2211 i,j \u03c1(\u03c9i)\u03c1(\u03c9j)E\u03c0i [DKL(\u03c0i\u2016\u03c0j)] (1)\nEquation 1 shows that finding a set of local policies that translates well into a global policy reduces into minimizing a weighted sum of pairwise KL divergence terms between local policies.", 
        "heading": "4.1 LEARNING POLICIES FOR MDPS WITH CONTEXT"
      }, 
      {
        "text": "We now present a policy optimization algorithm that takes advantage of this contextual starting state, following the framework discussed in the previous section. Given an MDP with structured initial state variation, we add contextual information by inducing contexts from a partition of the initial state distribution. More precisely, for a partition of S = \u22c3n i=1 Si, we associate a context \u03c9i to each set Si, so that \u03c9 = \u03c9i when s0 \u2208 Si. This partition of the initial state space is generated by sampling initial states from the MDP, and running an automated clustering procedure. We use k-means clustering in our evaluation, since we focus on tasks with highly stochastic and structured initial states, and recommend alternative procedures for tasks with more intricate stochasticity.\nHaving retrieved contexts (\u03c9i)ni=1, we search for a global policy \u03c0c by learning local policies (\u03c0i) n i=1 that maximize expected reward in the individual contexts, while constrained to not diverge from one another. We modify policy gradient algorithms, which directly optimize the parameters of a stochastic policy through local gradient-based methods, to optimize the local policies with our constraints.\nIn particular, we base our algorithm on trust region policy optimization, TRPO, (Schulman et al., 2015), a policy gradient method which takes gradient steps according to the surrogate loss L(\u03c0) in Equation 2 while constraining the mean divergence from the old policy by a fixed constant.\nL(\u03c0) = \u2212E\u03c0old [ A(s, a)\n\u03c0(a|s) \u03c0old(a|s)\n] (2)\nWe choose TRPO for its practical performance on high-dimensional continuous control problems, but our procedure extends easily to other policy gradient methods (Kakade, 2002; Williams, 1992) as well.\nIn our framework, we optimize \u03b7(\u03c0)\u2212\u03b1E\u03c0[DKL(\u03c0\u2016\u03c0c)], where \u03b1 determines the relative balancing effect of expected reward and divergence. We adapt the TRPO surrogate loss to this objective, and with the bound in Equation 1, the surrogate objective simplifies to\nL(\u03c01 . . . \u03c0n) = \u2212 n\u2211 i=1 E\u03c0i,old [ A(s, a) \u03c0i(a|s) \u03c0i,old(a|s) ] +\u03b1 \u2211 i,j \u03c1(\u03c9i)\u03c1(\u03c9j)E\u03c0i [DKL(\u03c0i\u2016\u03c0j)]  (3) The KL divergence penalties encourage each local policy \u03c0i to be close to other local policies on its own context \u03c9i, and to mimic the other local policies on other contexts. As with standard policy gradients, the objective for \u03c0i uses trajectories from context \u03c9i, but the constraint on other contexts adds additional dependencies on trajectories from all the other contexts (\u03c9j)j 6=i. Despite only taking actions in a restricted context, each local policy is trained with data from the full context distribution. In Equation 4, we consider the loss as a function of a single local policy \u03c0i, which reveals the dependence on data from the full context distribution, and explicitly lists the pairwise KL divergence penalties. L(\u03c0)\u221d\u03c0i\u2212E\u03c0i,old [ A(s, a)\n\u03c0i(a|s) \u03c0i,old(a|s) ] \ufe38 \ufe37\ufe37 \ufe38\nMaximizes \u03b7(\u03c0i)\n+\u03b1\u03c1(\u03c9i) \u2211 j \u03c1(\u03c9j) ( E\u03c0i [DKL(\u03c0i\u2016\u03c0j)]\ufe38 \ufe37\ufe37 \ufe38 Constraint on own context + E\u03c0j [DKL(\u03c0j\u2016\u03c0i)]\ufe38 \ufe37\ufe37 \ufe38 Constraint on other contexts ) (4)\nOn each iteration, trajectories from each context-restricted MDP M\u03c9i are collected using \u03c0i, and each local policy \u03c0i takes a gradient step with the surrogate loss in succession. It should be noted\nthat the cost of evaluating and optimizing the KL divergence penalties grows quadratically with the number of contexts, as the number of penalty terms is quadratic. For practical tasks however, the number of contexts will be on the order of 5-10, and the quadratic cost imposes minimal overhead for the TRPO conjugate gradient evaluation.\nAfter repeating the trajectory collection and policy optimization procedure for a fixed number of iterations, we seek to retrieve \u03c0c, a central policy in the original task from the local policies trained via TRPO. As discussed in Section 4.1, this corresponds to minimizing the KL divergence between \u03c0 and \u03c0c, which neatly simplifies into a maximum likelihood problem with samples from all the various policies.\nLcenter(\u03c0c) = E\u03c0[DKL(\u03c0(\u00b7|s)\u2016\u03c0c(\u00b7|s))] \u221d \u2211 i \u03c1(\u03c9i)E\u03c0i [\u2212 log \u03c0c(s, a)] (5)\nIf \u03c0c performs inadequately on the full task, the local policy training procedure is repeated, initializing the local policies to start at \u03c0c. We alternately optimize the local policies and the global policy in this manner, until convergence. The algorithm is laid out fully in pseudocode below.\nR\u2190 Distillation Period function DNC( )\nSample initial states s0 from the task Produce contexts \u03c91, \u03c92, . . . \u03c9n by clustering initial states s0 Randomly initialize central policy \u03c0c for t = 1, 2 . . . until convergence do\nSet \u03c0i = \u03c0c for all i = 1 . . . n for R iterations do\nCollect trajectories Ti in context \u03c9i using policy \u03c0i for all i = 1 . . . n for all local policies \u03c0i do\nTake gradient step in surrogate loss L wrt \u03c0i Minimize Lcenter w.r.t. \u03c0c using previously sampled states (Ti)ni=1\nreturn \u03c0c", 
        "heading": "4.2 THE DIVIDE-AND-CONQUER REINFORCEMENT LEARNING ALGORITHM"
      }, 
      {
        "text": "We focus our analysis on tasks spanning two different domains: manipulation and locomotion. Manipulation tasks involve handling an un-actuated object with a robotic arm, and locomotion tasks involve tackling challenging terrains. We illustrate a variety of behaviors in both settings. Standard continuous control benchmarks are known to represent relatively mild representational challenges (Rajeswaran et al., 2017b), and thus it was important to design new tasks that are more challenging in order to illustrate the potential of proposed approach. Tasks were designed to bring out complex contact rich behaviors in settings with considerable variation and diversity. All of our environments are designed and simulated in MuJoCo (Todorov et al., 2012).\nOur experiments and analysis aim to address the following questions:\n1. Can DnC solve highly complex tasks in a variety of domains, especially tasks that cannot be solved with current conventional policy gradient methods?\n2. How does the form of the constraint on the ensemble policies in DnC affect the performance of the final policy, as compared to previously proposed constraints?\nWe compare DnC to the following prior methods and ablated variants:\n\u2022 TRPO. TRPO (Schulman et al., 2015) represents a state-of-the-art policy gradient method, which we use for the standard RL comparison without decomposition into contexts. TRPO is provided with the same batch size as the sum of the batches over all of the policies in our algorithm, to ensure a fair comparison.\n\u2022 Distral. Originally formulated as transfer learning in a discrete action space (Teh et al., 2017), we extend Distral to our stochastic initial state continuous control setting, where each context \u03c9 is a different task. For proper comparison between the algorithms, we port\nDistral to the TRPO objective, since empirically TRPO outperforms other policy gradient methods in this domain. This algorithm, which resembles the structure of guided policy search, also trains an ensemble of policies, but constrains them at each gradient step against a single global policy trained with supervised learning, and omits the distillation step that our method performs every R iterations.\n\u2022 Unconstrained DnC. We run the DnC algorithm without any KL constraints. This reduces to running TRPO to train policies (\u03c0i)ni=1 on each context, and distilling the resulting local policies every R iterations.\n\u2022 Centralized DnC. Whereas DnC doesn\u2019t perform inference on context, centralized DnC uses an oracle to perfectly identify the context \u03c9 from the state s. The resulting algorithm is equivalent to the Distral objective, but distills every R steps.\nPerformance of these methods is highly dependent on the choice of \u03b1, the penalty hyperparameter that controls how tightly to couple the local policies. For each task, we run a hyperparameter sweep for each method, showing results for the best penalty weight. Furthermore, performance of policy gradient methods like TRPO varies significantly from run to run, so we run each experiment with 5 random seeds, reporting mean statistics and standard deviations. The experimental procedure is detailed more extensively in Appendix A.\nFor each evaluation task, we use a k-means clustering procedure to partition the initial state space into four contexts, which we found empirically to create stable partitions, and yield high performance across algorithms. We further detail the clustering procedure and examine the effect of partition size on DnC in Appendix C. The focus of our work is finding a single global policy that performs well on the full state space, but we further compare to oracle-based ensemble policies in Appendix D.", 
        "heading": "5 EXPERIMENTAL EVALUATION"
      }, 
      {
        "text": "For robotic manipulation, we simulate the Kinova Jaco, a 7 DoF robotic arm with 3 fingers. The agent receives full state information, which includes the current absolute location of external objects such as boxes. The agent uses low-level joint torque control to perform the required actions. Note that use of low-level torque control significantly increases complexity, as raw torque control on a 7 DoF arm requires delicate movements of the joints to perform each task. We describe the tasks below, and present full specifics in Appendix B.\nPicking. The Picking task requires the Jaco to pick up a small block and raise it as high as possible. The agent receives reward only when the block is in the agent\u2019s hand. The starting position of the block is randomized within a fixed 30cm by 30cm square surface on the table. Picking up the block from different locations within the workspace require diverse poses, making this task challenging in the torque control framework. TRPO can only solve the picking task from a 4cm by 4cm workspace, and from wider configurations, the Jaco fails to grasp with a high success rate with policies learnt via TRPO.\nLobbing. The Lobbing task requires the Jaco to flick a block into a target box, which is placed in a randomized location within a 1m by 1m square, far enough that the arm cannot reach it directly. This problem inherits many challenges from the picking task. Furthermore, the sequential nature of grasping and flicking necessitates that information pass temporally and requires synthesis of multiple skills.\nCatching. In the Catching task, a ball is thrown at the robot with randomized initial position and velocity, and the arm must catch it in the air. Fixed reward is awarded every step that the ball is in or next to the hand. This task is particularly challenging due the temporal sensitivity of the problem, since the end-effector needs to be in perfect sync with the flying object successfully finish the grasp. This extreme temporal dependency renders stochastic estimates of the gradients ineffective in guiding the learning.\nDnC exceeds the performance of the alternative methods on all of the manipulation tasks, as shown in Figure 1. For each task, we include the average reward, as well as a success rate measure, which provides a more interpretable impression of the performance of the final policy. TRPO by itself is unable to solve any of the tasks, with success rates below 10% in each case. The policies learned by\nTRPO are qualitatively reasonable, but lack the intricate details required to address the variability of the task.\nTRPO fails because of the high stochasticity in the problem and the diversity of optimal behaviour for various initial states, because the algorithm cannot make progress on the full task with such noisy gradients. When we partition the manipulation tasks into contexts, the behavior within each context is much more homogeneous.\nFigure 1 shows that DnC outperforms both the adapted Distral variant and the two ablations of our method. On the picking task, DnC has a 16% higher success rate than the next best method, which is an ablated variant of DnC, and on the lobbing task, places the object three times closer to the goal as the other methods do. Both the pairwise KL penalty and the periodic reset in DnC appear to be crucial for the algorithm\u2019s performance. In contrast to the methods that share information exclusively though a single global policy, the pairwise KL terms allow for more efficient information exchange. On the Picking task, the centralized variant of DnC struggles to pick up the object pockets along the boundaries of the contexts, likely because the local policies differ too much in these regions, and centralized distillation is insufficient to produce effective behavior.\nOn the catching task (Figure 1c), the baselines which are distilled every 100 iterations (the DnC variants) all perform well, whereas Distral lags behind. The policy learned by Distral grasps the ball from an awkward orientation, so the grip is unstable and the ball quickly drops out. Since Distral does not distill and reset the local policies, it fails to escape this local optimal behaviour.", 
        "heading": "6 ROBOTIC MANIPULATION"
      }, 
      {
        "text": "Our locomotion tasks involve learning parameterized navigation skills in two domains.\nAnt Position In the Ant Position task, the quadruped ant is tasked with reaching a particular goal position; the exact goal position is randomly selected along the perimeter of a circle 5m in radius for each trajectory. The ant is penalized for its distance from the goal every timestep. Although moving the ant in a single direction is solved, training an ant to walk to an arbitrary point is difficult because the task is symmetric and the global gradients may be dampened by noise in several directions.\nStairs In the Stairs task, a planar (2D) bipedal robot must climb a set of stairs, where the stairs have varying heights and lengths. The agent is rewarded for forward progress. Unlike the other tasks in this paper, there exists a single gait that can solve all possible heights, since a policy that can clear the highest stair can also clear lower stairs with no issues. However, optimal behavior that maximizes reward will maintain more specialized gaits for various heights. The agent locally observes the structure of the environment via a perception system that conveys the information about the height of the next step. This task is particularly interesting because it requires the agent to compose and maintain various gaits in an diverse environment with rich contact dynamics.\nAs in manipulation, we find that DnC performs either on par or better than all of the alternative methods on each task. TRPO is able to solve the Ant task, but requires 400 million samples, whereas variants of our method solve the task in a tenth of the sample complexity. Initial behaviour of TRPO has the ant moving in random directions throughout a trajectory, unable to clearly associate movement in a direction with the goal reward. On the Stairs task, TRPO learns to take long striding gaits that perform well on shorter stairs but cause the agent to trip on the taller stairs, because the\nreward signal from the shorter stairs is much stronger. In DnC, by separating the gradient updates by context, we can mitigate the effect of a strong reward signal on a context from affecting the policies of the other contexts.\nWe notice large differences between the gaits learned by the baselines and DnC on the Stairs task. DnC learns a striding gait on shorter stairs, and a jumping gait on taller stairs, but it is clearly visible that the two gaits share structure. In contrast, the other partitioning algorithms learn hopping motions that perform well on tall stairs, but are suboptimal on shorter stairs, so brittle to context.", 
        "heading": "7 LOCOMOTION"
      }, 
      {
        "text": "In this paper, we proposed divide-and-conquer reinforcement learning, an RL algorithm that separates complex tasks into a set of local tasks, each of which can be used to learn a separate policy. These separate policies are constrained against one another to arrive at a single, globally coherent solution, which can then be used to solve the task from any initial state. Our experimental results show that divide-and-conquer reinforcement learning substantially outperforms standard RL algorithms that samples initial and goal states from their respective distributions at each trial, as well as previously proposed methods that employ ensembles of policies. For each of the domains in our experimental evaluation, standard policy gradient methods are generally unable to find a successful solution.\nAlthough our approach improves on the power of standard reinforcement learning methods, it does introduce additional complexity due to the need to train ensembles of policies. Sharing of information across the policies is accomplished by means of KL-divergence constraints, but no other explicit representation sharing is provided. A promising direction for future research is to both reduce the computational burden and improve representation sharing between trained policies with both shared and separate components. Exploring this direction could yield methods that are more efficient both computationally and in terms of experience.", 
        "heading": "8 DISCUSSION AND FUTURE WORK"
      }, 
      {
        "text": "This research was supported by the National Science Foundation through IIS-1651843 and IIS1614653, an ONR Young Investigator Program award, and Berkeley DeepDrive.", 
        "heading": "ACKNOWLEDGEMENTS"
      }, 
      {
        "text": "To ensure consistency, all the methods tested are implemented on the TRPO objective function, allowing for comparisons between the various types of constraint. In particular, the Distral algorithm is ported from a soft Q-learning setting to TRPO. TRPO was chosen as it outperforms other policy gradient methods on challenging continuous control tasks. To properly compare TRPO to the partition-based methods for sample efficiency, we increase the number of timesteps of simulation used per policy update for TRPO. Explicitly, if B is the number of timesteps simulated used for a single local policy iteration in DnC, andN the number of local policies, then we useB\u2217N timesteps for each policy iteration in TRPO.\nStochastic policies are parametrized as \u03c0\u03b8(a|s) \u223c N (\u00b5\u03b8(s),\u03a3\u03b8). The mean,\u00b5\u03b8(\u00b7), is a fullyconnected neural network with 3 hidden layers containing 150, 100, and 50 units respectively. \u03a3 is a learned diagonal covariance matrix, and is initially set to \u03a3 = I .\nThe primary hyperparameters of concern are the TRPO learning rate D\u0304KL and the penalty \u03b1. The TRPO learning rate is global to the task; for each task, to find an appropriate learning rate, we ran TRPO with five learning rates {.0025, .005, .01, .02, .04}. The penalty parameter is not shared across the methods, since a fixed penalty might yield different magnitudes of constraint for each method. We ran DnC, Centralized DnC, and Distral with five penalty parameters on each task. The penalty parameter with the highest final reward was selected for each algorithm on each task. Because of variance of performance between runs, each experiment was replicated with five random seeds, reporting average and SD statistics.\nPicker Lobber Catcher Ant Position Stairs\nState Space Dimension 34 40 34 146 41 Action Space Dimension 7 7 7 8 6 # Steps per Local Iteration 30000 30000 30000 50000 50000 # Iterations 1000 1000 750 750 1000 Distillation Period 100 100 100 50 100 Learning Rate .01 .02 .02 .01 .02", 
        "heading": "A EXPERIMENTAL DETAILS"
      }, 
      {
        "text": "All the tasks in this work have the agent operate via low-level joint torque control. For Jaco-related tasks, the action space is 7 dimensional, and the control frequency is 20Hz. For target-based tasks, instead of using the true distance to the target, we normalize the distance so the initial distance to the target is 1.\nnormalized distance to target = distance to target\ninitial distance to target\nPicking The observation space includes the box position, box velocity, and end-effector position. On each trajectory, the box is placed in an arbitrary location within a 30cm by 30cm square surface of the table.\nR(s) = 1{Box in air and Box within 8cm of Jaco end-effector}\nLobbing. The observation space includes the box position,box velocity, end-effector position, and target position. On each trajectory, the target location is randomized over a 1m by 1m square.\nAn episode runs until the box is lobbed and lands on the ground. Reward is received only on the final step of the episode when the lobbed box lands; reward is proportional to the box\u2019s time in air,tair, and the box\u2019s normalized distance to target, d\u2032target.\nR(s) = tair + 40 max(0, 1\u2212 d\u2032target)\nCatching. The observation space includes the ball position, ball velocity, and end-effector position. On each trajectory, both the ball position and velocity are randomized, while ensuring the ball is still \u201ccatchable\u201d.\nR(s) = 1{Ball in air and Ball within 8cm of Jaco end-effector}\nAnt Position. The target location of the ant is chosen randomly on a circle with radius 5m.\nThe reward function takes into account the normalized distance of the ant to target, d\u2032target, and as with the standard quadruped, the magnitude of torque,\u2016a\u2016, and the magnitude of contact force, \u2016c\u2016.\nR(s, a) = 1\u2212 d\u2032target \u2212 0.01\u2016a\u2016 \u2212 0.001\u2016c\u2016\nStairs. The planar bipedal robot has a perception system which is used to communicate the local terrain. The height of the platforms are given at 25 points evenly spaced from 0.5 meters behind the robot to 1 meters in front. On each trajectory, the heights of stairs are randomized between 5 cm and 25 cm, and lengths randomized between 50 cm and 60 cm. The reward weighs the forward velocity vx, and the torque magnitude \u2016a\u2016.\nR(s, a) = vx \u2212 0.5\u2016a\u2016+ 0.01", 
        "heading": "B TASK DESCRIPTIONS"
      }, 
      {
        "text": "In this section, we detail the procedure used to partition the initial state space into contexts, and examine performance of DnC as the number of contexts is varied. 10000 initial states are sampled from the task, and are fed through a K-means clustering procedure to produce k cluster centers (ci) k i=1. We assign initial states to the context with the closest center:\n\u03c9i = arg min i \u2016ci \u2212 s0\u20162\nThe k-means procedure is sensitive to the relative scaling of the state, but we found empirically that the clustering procedure yielded sane partitions on all the benchmark tasks. We examine the performance of DnC with this partitioning scheme when split into two,four, and eight contexts respectively, and for comparison, we also include a manually labelled partition. The manual partition into four contexts is a grid decomposition along the axes of stochasticity. To ensure a fair comparison, the sample complexity is kept constant across variants: when run with two contexts, each local policy consumes twice the number of samples as when run with four contexts.\nPicker Lobber Catcher Ant Position Stairs\n2 Contexts 14.7 \u00b1 2.2 42.0 \u00b1 0.7 39.2 \u00b1 9.4 145.2 \u00b1 1.5 1040.8 \u00b1 44.2 4 Contexts 55.3 \u00b1 6.3 41.3 \u00b1 0.4 48.9 \u00b1 1.0 146.3 \u00b1 1.3 1137.6 \u00b1 71.5 4 Contexts (Manual) 44.5 \u00b1 6.8 42.2 \u00b1 0.7 35.8 \u00b1 4.1 81.7 \u00b1 1.8 1218.2 \u00b1 27.8 8 Contexts 51.0 \u00b1 4.3 40.6 \u00b1 0.6 43.8 \u00b1 3.7 133.4 \u00b1 3.3 1084.9 \u00b1 41.0\nOn all the tasks, running DnC with four contexts is either the best performing method, or closely matches the best performing method. This indicates a balance between representation sharing within a context, and the benefit from optimizing over small contexts. When run with two contexts, the contexts being optimized over are relatively large, and thus face many of the same issues as TRPO in extracting a signal from a noisy gradient, perhaps best seen in the Picking task. The performance increase from TRPO to two-context DnC however seems to indicate that the distillation and reset of local policies prevents the learning algorithm from being stuck in local optima. When run with eight tasks, we notice a representation sharing issue, since even between very similar initial states, information can only be shared through the KL constraint, which is a bottleneck. This analysis indicates that the choice of the number of clusters is a trade-off between having large enough contexts to share information freely between similar states, and having small enough states to overcome the noise in the policy gradient signal.\n(a) Average Return on Picking (b) Average Return on Lobbing (c) Success rate on Catching\n(d) Average Return on Ant (e) Average Return on Stairs", 
        "heading": "C AUTOMATED PARTITIONING"
      }, 
      {
        "text": "Whereas DnC maintains a global policy to run on all contexts, we consider in this section ablations whose final output is an ensemble of local policies, choosing the appropriate policy on each trajectory via oracle.\nFinal Local Policies We run the DnC algorithm, and return the ensemble of final local policies instead of the resulting global policy. This method is expected to outperform DnC, since the global policy should be strictly worse than the local ensemble. However, as seen in the table below, the gap in performance is low for the majority of tasks, showing that minimal information is lost in transferring from the ensemble of local policies to the global policy.\nPicker Lobber Catcher Ant Position Stairs\nFinal Global Policy (DnC) 55.3 \u00b1 6.3 41.3 \u00b1 0.4 48.9 \u00b1 1.0 146.3 \u00b1 1.3 1137.6 \u00b1 71.5 Final Local Policies 56.6 \u00b1 6.4 41.2 \u00b1 0.4 50.2 \u00b1 0.7 146.6 \u00b1 0.5 1170.0 \u00b1 68.4\nNo Distillation We run the DnC algorithm, discarding the distillation step everyR iterations. This is equivalent to training local policies with pairwise KL constraints till convergence, and considering the resulting ensemble of local policies. We notice that DnC significantly outperforms the variant without distillation on three of the tasks, and has equivalent performance on the other two. We hypothesize this is because the local policies often become trapped in local minima, and the distillation step helps adjust the policy out of the optima. This is consistent with observations in previous work involving trajectory optimization (Mordatch et al., 2015), where adding a central neural network to which trajectories were distilled significantly increased performance.\nPicker Lobber Catcher Ant Position Stairs\nDistillation (DnC) 55.3 \u00b1 6.3 41.3 \u00b1 0.4 48.9 \u00b1 1.0 146.3 \u00b1 1.3 1137.6 \u00b1 71.5 No Distillation 30.2\u00b1 6.8 40.6\u00b1 1.0 20.3\u00b1 2.7 69.8\u00b1 1.4 919.5 \u00b1 28.2", 
        "heading": "D ORACLE-BASED ABLATIONS"
      }
    ], 
    "emails": [
      "dibya@berkeley.edu,", 
      "avisingh@cs.berkeley.edu,", 
      "vikash}@cs.washington.edu,", 
      "svlevine@eecs.berkeley.edu"
    ]
  }
}