{
  "reviews": [
    {
      "recommendation": 5,
      "comments": "Interesting application and results with incremental innovation on exististing work\nThe authors approach the task of labeling histology images with just a single global label, with promising results on two different data sets. This is of high relevance given the difficulty in obtaining expert annotated data. At the same time the key elements of the presented approach remain identical to those in a previous study, the main novelty is to replace the final step of the previous architecture (that averages across a vector) with a multiplayer perceptron.  As such I feel that this would be interesting to present if there is interest in the overall application (and results of the 2016 CVPR paper), but not necessarily as a novel contribution to MIL and histology image classification.\n\nComments to the authors:\n\n* The intro starts from a very high clinical level. A introduction that points out specifics of the technical aspects of this application, the remaining technical challenges, and the contribution of this work might be appreciated by some of your readers.\n* There is preprocessing that includes feature extraction, and part of the algorithm that includes the same feature extraction. This is somewhat confusing to me and maybe you want to review the structure of the sections.  You are telling us you are using the first layer (P=1) of the ResNet50 in the method description, and you mention that you are using the pre-final layer in the preprocessing section. I assume you are using the latter, or is P=1 identical to the prefinal layer in your notation?  Tell us. Moreover, not having read Durand 2016, I would appreciate a few more technical details or formal description here and there.  Can you detail about the ranking method in Durand 2016, for example?\n* Would it make sense to discuss Durand 2016 in the base line methods section? \n* To some degree this paper evaluates WELDON (Durand 2016) on new data, and compares it against and an extended WELDON algorithm called CHOWDER that features the final MLP step. Results in table 1 suggest that this leads to some 2-5% performance increase which is a nice result.  I would assume that experimental conditions (training data, preprocessing, optimization, size of ensemble) are kept constant in between those two comparisons? Or is there anything of relevance that also changed (like size of the ensemble, size of training data) because the WELDON results are essentially previously generated results? Please comment in case there are differences. ",
      "title": "R1"
    },
    {
      "recommendation": 6,
      "comments": "Down-to-earth practical application of DL in a medico-clinical context\nThis paper proposes a deep learning (DL) approach (pre-trained CNNs) to the analysis of histopathological images for disease localization.\nIt correctly identifies the problem that DL usually requires large image databases to provide competitive results, while annotated histopathological data repositories are costly to produce and not on that size scale.\nIt also correctly identifies that this is a daunting task for human medical experts and therefore one that could surely benefit from the use of automated methods like the ones proposed.\n\nThe study seems sound from a technical viewpoint to me and its contribution is incremental, as it builds on existing research, which is correctly identified.\nResults are not always too impressive, but authors seem intent on making them useful for pathogists in practice (an intention that is always worth the effort).\nI think the paper would benefit from a more explicit statement of its original contributions (against contextual published research)\n\nMinor issues:\nRevise typos (e.g. title of section 2)\nPlease revise list of references (right now a mess in terms of format, typos, incompleteness",
      "title": "R2"
    },
    {
      "recommendation": 5,
      "comments": "Interesting MIL approach, lacks technical depth for this conference\nThis paper describes a semi-supervised method to classify and segment WSI histological images that are only labeled at the whole image level. Images are tiled and tiles are sampled and encoded into a feature vector via a ResNET-50 pretrained on ImageNET. A 1D convolutional layer followed by a min-max layer and 2 fully connected layer compose the network. The conv layer produces a single value per tile. The min-max layer selects the R min and max values, which then enter the FC layers. A multi-instance (MIL) approach is used to train the model by backpropagating only instances that generate min and max values at the min-max layer. Experiments are run on 2 public datasets achieving potentially top performance. Potentially, because all other methods supposedly make use of segmentation labels of tumor, while this method only uses the whole image label.\n\nPrevious publications have used MIL training on tiles with only top-level labels [1,2] and this is essentially an incremental improvement on the MIL approach by using several instances (both min-negative and max-positive) instead of a single instance for backprop, as described in [3]. So, the main contribution here, is to adapt min-max MIL to the histology domain. Although the result are good and the method interesting, I think that the technical contribution is a bit thin for a ML conference and this paper may be a better fit for a medical imaging conference.\n\nThe paper is well written and easy to understand. \n\n\n\n[1] Hou, L., Samaras, D., Kurc, T. M., Gao, Y., Davis, J. E., & Saltz, J. H. (2016). Patch-based convolutional neural network for whole slide tissue image classification. In Proceedings of the IEEE Conference on Computer Vision and Pattern Recognition (pp. 2424-2433).\n[2]  Cosatto, E., Laquerre, P. F., Malon, C., Graf, H. P., Saito, A., Kiyuna, T., ... (2013). Automated gastric cancer diagnosis on H&E-stained sections; training a classifier on a large scale with multiple instance machine learning. Medical Imaging, 2. 2013.\n[3] Durand, T., Thome, N., & Cord, M. (2016). Weldon: Weakly supervised learning of deep convolutional neural networks. In Proceedings of the IEEE Conference on Computer Vision and Pattern Recognition (pp. 4743-4752).",
      "title": "R3"
    },
    {
      "comments": "",
      "title": "R4"
    }
  ],
  "abstract": "Analysis of histopathology slides is a critical step for many diagnoses, and in particular in oncology where it defines the gold standard. In the case of digital histopathological analysis, highly trained pathologists must review vast wholeslide-images of extreme digital resolution (100, 000 pixels) across multiple zoom levels in order to locate abnormal regions of cells, or in some cases single cells, out of millions. The application of deep learning to this problem is hampered not only by small sample sizes, as typical datasets contain only a few hundred samples, but also by the generation of ground-truth localized annotations for training interpretable classification and segmentation models. We propose a method for disease localization in the context of weakly supervised learning, where only image-level labels are available during training. Even without pixel-level annotations, we are able to demonstrate performance comparable with models trained with strong annotations on the Camelyon-16 lymph node metastases detection challenge. We accomplish this through the use of pre-trained deep convolutional networks, feature embedding, as well as learning via top instances and negative evidence, a multiple instance learning technique from the field of semantic segmentation and object detection.",
  "score": -1,
  "verdict": "Reject",
  "year": 2018
}