{
  "name": "rywHCPkAW.pdf", 
  "metadata": {
    "title": null, 
    "year": 2018, 
    "referenceMentions": [
      {
        "referenceID": 18, 
        "startOffset": 101, 
        "context": "Despite the wealth of research into efficient methods for exploration in Reinforcement Learning (RL) (Kearns & Singh, 2002; Jaksch et al., 2010), most exploration heuristics rely on random perturbations of the agent\u2019s policy, such as -greedy (Sutton & Barto, 1998) or entropy regularisation (Williams, 1992), to induce novel behaviours.", 
        "endOffset": 144
      }, 
      {
        "referenceID": 43, 
        "startOffset": 154, 
        "context": ", 2010), most exploration heuristics rely on random perturbations of the agent\u2019s policy, such as -greedy (Sutton & Barto, 1998) or entropy regularisation (Williams, 1992), to induce novel behaviours.", 
        "endOffset": 170
      }, 
      {
        "referenceID": 29, 
        "startOffset": 160, 
        "context": "However such local \u2018dithering\u2019 perturbations are unlikely to lead to the large-scale behavioural patterns needed for efficient exploration in many environments (Osband et al., 2017).", 
        "endOffset": 181
      }, 
      {
        "referenceID": 1, 
        "startOffset": 92, 
        "context": "Various forms of this heuristic often come with theoretical guarantees on agent performance (Azar et al., 2017; Lattimore et al., 2013; Jaksch et al., 2010; Auer & Ortner, 2007; Kearns & Singh, 2002).", 
        "endOffset": 199
      }, 
      {
        "referenceID": 20, 
        "startOffset": 92, 
        "context": "Various forms of this heuristic often come with theoretical guarantees on agent performance (Azar et al., 2017; Lattimore et al., 2013; Jaksch et al., 2010; Auer & Ortner, 2007; Kearns & Singh, 2002).", 
        "endOffset": 199
      }, 
      {
        "referenceID": 18, 
        "startOffset": 92, 
        "context": "Various forms of this heuristic often come with theoretical guarantees on agent performance (Azar et al., 2017; Lattimore et al., 2013; Jaksch et al., 2010; Auer & Ortner, 2007; Kearns & Singh, 2002).", 
        "endOffset": 199
      }, 
      {
        "referenceID": 37, 
        "startOffset": 133, 
        "context": "A more structured approach to exploration is to augment the environment\u2019s reward signal with an additional intrinsic motivation term (Singh et al., 2004) that explicitly rewards novel discoveries.", 
        "endOffset": 153
      }, 
      {
        "referenceID": 35, 
        "startOffset": 111, 
        "context": "Many such terms have been proposed, including learning progress (Oudeyer & Kaplan, 2007), compression progress (Schmidhuber, 2010), variational information maximisation (Houthooft et al.", 
        "endOffset": 130
      }, 
      {
        "referenceID": 17, 
        "startOffset": 169, 
        "context": "Many such terms have been proposed, including learning progress (Oudeyer & Kaplan, 2007), compression progress (Schmidhuber, 2010), variational information maximisation (Houthooft et al., 2016) and prediction gain (Bellemare et al.", 
        "endOffset": 193
      }, 
      {
        "referenceID": 30, 
        "startOffset": 219, 
        "context": "Without due care, the optimal policy can be altered or even completely obscured by the intrinsic rewards; furthermore, dithering perturbations are usually needed as well as intrinsic reward to ensure robust exploration (Ostrovski et al., 2017).", 
        "endOffset": 243
      }, 
      {
        "referenceID": 26, 
        "startOffset": 95, 
        "context": "Exploration in the policy space itself, for example, with evolutionary or black box algorithms (Moriarty et al., 1999; Fix & Geist, 2012; Salimans et al., 2017), usually requires many prolonged interactions with the environment.", 
        "endOffset": 160
      }, 
      {
        "referenceID": 34, 
        "startOffset": 95, 
        "context": "Exploration in the policy space itself, for example, with evolutionary or black box algorithms (Moriarty et al., 1999; Fix & Geist, 2012; Salimans et al., 2017), usually requires many prolonged interactions with the environment.", 
        "endOffset": 160
      }, 
      {
        "referenceID": 7, 
        "startOffset": 86, 
        "context": "The approach differs from parameter compression schemes such as variational inference (Hinton & Van Camp, 1993; Bishop, 1995; Graves, 2011; Blundell et al., 2015; Gal & Ghahramani, 2016) and flat minima search (Hochreiter & Schmidhuber, 1997) since we do not maintain an explicit distribution over weights during training but simply inject noise in the parameters and tune its intensity automatically.", 
        "endOffset": 186
      }, 
      {
        "referenceID": 14, 
        "startOffset": 86, 
        "context": "The approach differs from parameter compression schemes such as variational inference (Hinton & Van Camp, 1993; Bishop, 1995; Graves, 2011; Blundell et al., 2015; Gal & Ghahramani, 2016) and flat minima search (Hochreiter & Schmidhuber, 1997) since we do not maintain an explicit distribution over weights during training but simply inject noise in the parameters and tune its intensity automatically.", 
        "endOffset": 186
      }, 
      {
        "referenceID": 8, 
        "startOffset": 86, 
        "context": "The approach differs from parameter compression schemes such as variational inference (Hinton & Van Camp, 1993; Bishop, 1995; Graves, 2011; Blundell et al., 2015; Gal & Ghahramani, 2016) and flat minima search (Hochreiter & Schmidhuber, 1997) since we do not maintain an explicit distribution over weights during training but simply inject noise in the parameters and tune its intensity automatically.", 
        "endOffset": 186
      }, 
      {
        "referenceID": 40, 
        "startOffset": 53, 
        "context": "Consequently, it also differs from Thompson sampling (Thompson, 1933; Lipton et al., 2016) as the distribution on the parameters of our agents does not necessarily converge to an approximation of a posterior distribution.", 
        "endOffset": 90
      }, 
      {
        "referenceID": 22, 
        "startOffset": 53, 
        "context": "Consequently, it also differs from Thompson sampling (Thompson, 1933; Lipton et al., 2016) as the distribution on the parameters of our agents does not necessarily converge to an approximation of a posterior distribution.", 
        "endOffset": 90
      }, 
      {
        "referenceID": 27, 
        "startOffset": 77, 
        "context": "Randomised value functions provide a provably efficient means of exploration (Osband et al., 2014).", 
        "endOffset": 98
      }, 
      {
        "referenceID": 28, 
        "startOffset": 118, 
        "context": "Previous attempts to extend this approach to deep neural networks required many duplicates of sections of the network (Osband et al., 2016).", 
        "endOffset": 139
      }, 
      {
        "referenceID": 24, 
        "startOffset": 84, 
        "context": "Additionally, it also applies to policy gradient methods such as A3C out of the box (Mnih et al., 2016).", 
        "endOffset": 103
      }, 
      {
        "referenceID": 25, 
        "startOffset": 27, 
        "context": ", Neural diffusion process (Mobahi, 2016) and graduated optimisation (Hazan et al.", 
        "endOffset": 41
      }, 
      {
        "referenceID": 15, 
        "startOffset": 69, 
        "context": ", Neural diffusion process (Mobahi, 2016) and graduated optimisation (Hazan et al., 2016)).", 
        "endOffset": 89
      }, 
      {
        "referenceID": 23, 
        "startOffset": 128, 
        "context": "NoisyNet can also be adapted to any deep RL algorithm and we demonstrate this versatility by providing NoisyNet versions of DQN (Mnih et al., 2015), Dueling (Wang et al.", 
        "endOffset": 147
      }, 
      {
        "referenceID": 42, 
        "startOffset": 17, 
        "context": ", 2015), Dueling (Wang et al., 2016) and A3C (Mnih et al.", 
        "endOffset": 36
      }, 
      {
        "referenceID": 6, 
        "startOffset": 78, 
        "context": "MDPs model stochastic, discrete-time and finite action space control problems (Bellman & Kalaba, 1965; Bertsekas, 1995; Puterman, 1994).", 
        "endOffset": 135
      }, 
      {
        "referenceID": 33, 
        "startOffset": 78, 
        "context": "MDPs model stochastic, discrete-time and finite action space control problems (Bellman & Kalaba, 1965; Bertsekas, 1995; Puterman, 1994).", 
        "endOffset": 135
      }, 
      {
        "referenceID": 23, 
        "startOffset": 22, 
        "context": "Deep Q-Networks (DQN) (Mnih et al., 2015), Dueling architecture (Wang et al.", 
        "endOffset": 41
      }, 
      {
        "referenceID": 42, 
        "startOffset": 30, 
        "context": ", 2015), Dueling architecture (Wang et al., 2016), Asynchronous Advantage Actor-Critic (A3C) (Mnih et al.", 
        "endOffset": 49
      }, 
      {
        "referenceID": 24, 
        "startOffset": 51, 
        "context": ", 2016), Asynchronous Advantage Actor-Critic (A3C) (Mnih et al., 2016), Trust Region Policy Optimisation (Schulman et al.", 
        "endOffset": 70
      }, 
      {
        "referenceID": 36, 
        "startOffset": 42, 
        "context": ", 2016), Trust Region Policy Optimisation (Schulman et al., 2015), Deep Deterministic Policy Gradient (Lillicrap et al.", 
        "endOffset": 65
      }, 
      {
        "referenceID": 21, 
        "startOffset": 44, 
        "context": ", 2015), Deep Deterministic Policy Gradient (Lillicrap et al., 2015) and distributional RL (C51) (Bellemare et al.", 
        "endOffset": 68
      }, 
      {
        "referenceID": 4, 
        "startOffset": 36, 
        "context": ", 2015) and distributional RL (C51) (Bellemare et al., 2017) are examples of such algorithms.", 
        "endOffset": 60
      }, 
      {
        "referenceID": 23, 
        "startOffset": 4, 
        "context": "DQN (Mnih et al., 2015) uses a neural network as an approximator for the action-value function of the optimal policy Q(x, a).", 
        "endOffset": 23
      }, 
      {
        "referenceID": 42, 
        "startOffset": 16, 
        "context": "The Dueling DQN (Wang et al., 2016) is an extension of the DQN architecture.", 
        "endOffset": 35
      }, 
      {
        "referenceID": 24, 
        "startOffset": 36, 
        "context": "In contrast to DQN and Dueling, A3C (Mnih et al., 2016) is a policy gradient algorithm.", 
        "endOffset": 55
      }, 
      {
        "referenceID": 2, 
        "startOffset": 71, 
        "context": "We evaluated the performance of noisy network agents on 57 Atari games (Bellemare et al., 2015) and compared to baselines that, without noisy networks, rely upon the original exploration methods (\u03b5-greedy and entropy bonus).", 
        "endOffset": 95
      }, 
      {
        "referenceID": 23, 
        "startOffset": 103, 
        "context": "We used the random start no-ops scheme for training and evaluation as described the original DQN paper (Mnih et al., 2015).", 
        "endOffset": 122
      }, 
      {
        "referenceID": 23, 
        "startOffset": 55, 
        "context": "(a) Improvement in percentage of NoisyNet-DQN over DQN (Mnih et al., 2015)", 
        "endOffset": 74
      }, 
      {
        "referenceID": 42, 
        "startOffset": 63, 
        "context": "(b) Improvement in percentage of NoisyNet-Dueling over Dueling (Wang et al., 2016)", 
        "endOffset": 82
      }, 
      {
        "referenceID": 24, 
        "startOffset": 55, 
        "context": "(c) Improvement in percentage of NoisyNet-A3C over A3C (Mnih et al., 2016)", 
        "endOffset": 74
      }, 
      {
        "referenceID": 23, 
        "startOffset": 39, 
        "context": "We consider three baseline agents: DQN (Mnih et al., 2015), duel clip variant of Dueling algorithm (Wang et al.", 
        "endOffset": 58
      }, 
      {
        "referenceID": 42, 
        "startOffset": 48, 
        "context": ", 2015), duel clip variant of Dueling algorithm (Wang et al., 2016) and A3C (Mnih et al.", 
        "endOffset": 67
      }, 
      {
        "referenceID": 10, 
        "startOffset": 68, 
        "context": "A similar randomisation technique can also be applied to LSTM units (Fortunato et al., 2017) and is easily extended to reinforcement learning, we leave this as future work.", 
        "endOffset": 92
      }
    ], 
    "source": "CRF", 
    "creator": "LaTeX with hyperref package", 
    "references": [
      {
        "shortCiteRegEx": "Auer and Ortner.", 
        "author": [
          "Peter Auer", 
          "Ronald Ortner"
        ], 
        "citeRegEx": "Auer and Ortner.,? \\Q2007\\E", 
        "venue": "Advances in Neural Information Processing Systems,", 
        "year": 2007, 
        "title": "Logarithmic online regret bounds for undiscounted reinforcement learning"
      }, 
      {
        "shortCiteRegEx": "Azar et al\\.", 
        "author": [
          "Mohammad Gheshlaghi Azar", 
          "Ian Osband", 
          "R\u00e9mi Munos"
        ], 
        "citeRegEx": "Azar et al\\.,? \\Q2017\\E", 
        "venue": "arXiv preprint arXiv:1703.05449,", 
        "year": 2017, 
        "title": "Minimax regret bounds for reinforcement learning"
      }, 
      {
        "shortCiteRegEx": "Bellemare et al\\.", 
        "author": [
          "Marc Bellemare", 
          "Yavar Naddaf", 
          "Joel Veness", 
          "Michael Bowling"
        ], 
        "citeRegEx": "Bellemare et al\\.,? \\Q2015\\E", 
        "venue": "In Twenty-Fourth International Joint Conference on Artificial Intelligence,", 
        "year": 2015, 
        "title": "The arcade learning environment: An evaluation platform for general agents"
      }, 
      {
        "shortCiteRegEx": "Bellemare et al\\.", 
        "author": [
          "Marc Bellemare", 
          "Sriram Srinivasan", 
          "Georg Ostrovski", 
          "Tom Schaul", 
          "David Saxton", 
          "Remi Munos"
        ], 
        "citeRegEx": "Bellemare et al\\.,? \\Q2016\\E", 
        "venue": "In Advances in Neural Information Processing Systems,", 
        "year": 2016, 
        "title": "Unifying count-based exploration and intrinsic motivation"
      }, 
      {
        "shortCiteRegEx": "Bellemare et al\\.", 
        "author": [
          "Marc G Bellemare", 
          "Will Dabney", 
          "R\u00e9mi Munos"
        ], 
        "citeRegEx": "Bellemare et al\\.,? \\Q2017\\E", 
        "venue": "In International Conference on Machine Learning,", 
        "year": 2017, 
        "title": "A distributional perspective on reinforcement learning"
      }, 
      {
        "shortCiteRegEx": "Bellman and Kalaba.", 
        "author": [
          "Richard Bellman", 
          "Robert Kalaba"
        ], 
        "citeRegEx": "Bellman and Kalaba.,? \\Q1965\\E", 
        "venue": null, 
        "year": 1965, 
        "title": "Dynamic programming and modern control theory"
      }, 
      {
        "shortCiteRegEx": "Bertsekas.", 
        "author": [
          "Dimitri Bertsekas"
        ], 
        "citeRegEx": "Bertsekas.,? \\Q1995\\E", 
        "venue": "Athena Scientific,", 
        "year": 1995, 
        "title": "Dynamic programming and optimal control, volume 1"
      }, 
      {
        "shortCiteRegEx": "Bishop.", 
        "author": [
          "Chris M Bishop"
        ], 
        "citeRegEx": "Bishop.,? \\Q1995\\E", 
        "venue": "Neural computation,", 
        "year": 1995, 
        "title": "Training with noise is equivalent to Tikhonov regularization"
      }, 
      {
        "shortCiteRegEx": "Blundell et al\\.", 
        "author": [
          "Charles Blundell", 
          "Julien Cornebise", 
          "Koray Kavukcuoglu", 
          "Daan Wierstra"
        ], 
        "citeRegEx": "Blundell et al\\.,? \\Q2015\\E", 
        "venue": "In Proceedings of The 32nd International Conference on Machine Learning,", 
        "year": 2015, 
        "title": "Weight uncertainty in neural networks"
      }, 
      {
        "shortCiteRegEx": "Fix and Geist.", 
        "author": [
          "Jeremy Fix", 
          "Matthieu Geist"
        ], 
        "citeRegEx": "Fix and Geist.,? \\Q2012\\E", 
        "venue": "In Swarm and Evolutionary Computation,", 
        "year": 2012, 
        "title": "Monte-Carlo swarm policy search"
      }, 
      {
        "shortCiteRegEx": "Fortunato et al\\.", 
        "author": [
          "Meire Fortunato", 
          "Charles Blundell", 
          "Oriol Vinyals"
        ], 
        "citeRegEx": "Fortunato et al\\.,? \\Q2017\\E", 
        "venue": "arXiv preprint arXiv:1704.02798,", 
        "year": 2017, 
        "title": "Bayesian recurrent neural networks"
      }, 
      {
        "shortCiteRegEx": "Gal and Ghahramani.", 
        "author": [
          "Yarin Gal", 
          "Zoubin Ghahramani"
        ], 
        "citeRegEx": "Gal and Ghahramani.,? \\Q2016\\E", 
        "venue": "Proceedings of The 33rd International Conference on Machine Learning,", 
        "year": 2016, 
        "title": "Dropout as a bayesian approximation: Representing model uncertainty in deep learning"
      }, 
      {
        "shortCiteRegEx": "Geist and Pietquin.", 
        "author": [
          "Matthieu Geist", 
          "Olivier Pietquin"
        ], 
        "citeRegEx": "Geist and Pietquin.,? \\Q2010\\E", 
        "venue": "Journal of artificial intelligence research,", 
        "year": 2010, 
        "title": "Kalman temporal differences"
      }, 
      {
        "shortCiteRegEx": "Geist and Pietquin.", 
        "author": [
          "Matthieu Geist", 
          "Olivier Pietquin"
        ], 
        "citeRegEx": "Geist and Pietquin.,? \\Q2010\\E", 
        "venue": null, 
        "year": 2010, 
        "title": "Managing uncertainty within value function approximation in reinforcement learning. In Active Learning and Experimental Design workshop (collocated with AISTATS"
      }, 
      {
        "shortCiteRegEx": "Graves.", 
        "author": [
          "Alex Graves"
        ], 
        "citeRegEx": "Graves.,? \\Q2011\\E", 
        "venue": "In Advances in Neural Information Processing Systems,", 
        "year": 2011, 
        "title": "Practical variational inference for neural networks"
      }, 
      {
        "shortCiteRegEx": "Hazan et al\\.", 
        "author": [
          "Elad Hazan", 
          "Kfir Yehuda Levy", 
          "Shai Shalev-Shwartz"
        ], 
        "citeRegEx": "Hazan et al\\.,? \\Q2016\\E", 
        "venue": "In International Conference on Machine Learning,", 
        "year": 2016, 
        "title": "On graduated optimization for stochastic non-convex problems"
      }, 
      {
        "shortCiteRegEx": "Hinton and Camp.", 
        "author": [
          "Geoffrey E Hinton", 
          "Drew Van Camp"
        ], 
        "citeRegEx": "Hinton and Camp.,? \\Q1993\\E", 
        "venue": "In Proceedings of the sixth annual conference on Computational learning theory,", 
        "year": 1993, 
        "title": "Keeping the neural networks simple by minimizing the description length of the weights"
      }, 
      {
        "shortCiteRegEx": "Houthooft et al\\.", 
        "author": [
          "Rein Houthooft", 
          "Xi Chen", 
          "Yan Duan", 
          "John Schulman", 
          "Filip De Turck", 
          "Pieter Abbeel"
        ], 
        "citeRegEx": "Houthooft et al\\.,? \\Q2016\\E", 
        "venue": "In Advances in Neural Information Processing Systems,", 
        "year": 2016, 
        "title": "VIME: Variational information maximizing exploration"
      }, 
      {
        "shortCiteRegEx": "Jaksch et al\\.", 
        "author": [
          "Thomas Jaksch", 
          "Ronald Ortner", 
          "Peter Auer"
        ], 
        "citeRegEx": "Jaksch et al\\.,? \\Q2010\\E", 
        "venue": "Journal of Machine Learning Research,", 
        "year": 2010, 
        "title": "Near-optimal regret bounds for reinforcement learning"
      }, 
      {
        "shortCiteRegEx": "Kearns and Singh.", 
        "author": [
          "Michael Kearns", 
          "Satinder Singh"
        ], 
        "citeRegEx": "Kearns and Singh.,? \\Q2002\\E", 
        "venue": "Machine Learning,", 
        "year": 2002, 
        "title": "Near-optimal reinforcement learning in polynomial time"
      }, 
      {
        "shortCiteRegEx": "Lattimore et al\\.", 
        "author": [
          "Tor Lattimore", 
          "Marcus Hutter", 
          "Peter Sunehag"
        ], 
        "citeRegEx": "Lattimore et al\\.,? \\Q2013\\E", 
        "venue": "In Proceedings of The 30th International Conference on Machine Learning,", 
        "year": 2013, 
        "title": "The sample-complexity of general reinforcement learning"
      }, 
      {
        "shortCiteRegEx": "Lillicrap et al\\.", 
        "author": [
          "Timothy P Lillicrap", 
          "Jonathan J Hunt", 
          "Alexander Pritzel", 
          "Nicolas Heess", 
          "Tom Erez", 
          "Yuval Tassa", 
          "David Silver", 
          "Daan Wierstra"
        ], 
        "citeRegEx": "Lillicrap et al\\.,? \\Q2015\\E", 
        "venue": "arXiv preprint arXiv:1509.02971,", 
        "year": 2015, 
        "title": "Continuous control with deep reinforcement learning"
      }, 
      {
        "shortCiteRegEx": "Lipton et al\\.", 
        "author": [
          "Zachary C Lipton", 
          "Jianfeng Gao", 
          "Lihong Li", 
          "Xiujun Li", 
          "Faisal Ahmed", 
          "Li Deng"
        ], 
        "citeRegEx": "Lipton et al\\.,? \\Q2016\\E", 
        "venue": "arXiv preprint arXiv:1608.05081,", 
        "year": 2016, 
        "title": "Efficient exploration for dialogue policy learning with BBQ networks & replay buffer spiking"
      }, 
      {
        "shortCiteRegEx": "Mnih et al\\.", 
        "author": [
          "Volodymyr Mnih", 
          "Koray Kavukcuoglu", 
          "David Silver", 
          "Andrei A Rusu", 
          "Joel Veness", 
          "Marc G Bellemare", 
          "Alex Graves", 
          "Martin Riedmiller", 
          "Andreas K Fidjeland", 
          "Georg Ostrovski"
        ], 
        "citeRegEx": "Mnih et al\\.,? \\Q2015\\E", 
        "venue": "Nature, 518(7540):529\u2013533,", 
        "year": 2015, 
        "title": "Human-level control through deep reinforcement learning"
      }, 
      {
        "shortCiteRegEx": "Mnih et al\\.", 
        "author": [
          "Volodymyr Mnih", 
          "Adria Puigdomenech Badia", 
          "Mehdi Mirza", 
          "Alex Graves", 
          "Timothy Lillicrap", 
          "Tim Harley", 
          "David Silver", 
          "Koray Kavukcuoglu"
        ], 
        "citeRegEx": "Mnih et al\\.,? \\Q2016\\E", 
        "venue": "In International Conference on Machine Learning,", 
        "year": 2016, 
        "title": "Asynchronous methods for deep reinforcement learning"
      }, 
      {
        "shortCiteRegEx": "Mobahi.", 
        "author": [
          "Hossein Mobahi"
        ], 
        "citeRegEx": "Mobahi.,? \\Q2016\\E", 
        "venue": "arXiv preprint arXiv:1601.04114,", 
        "year": 2016, 
        "title": "Training recurrent neural networks by diffusion"
      }, 
      {
        "shortCiteRegEx": "Moriarty et al\\.", 
        "author": [
          "David E Moriarty", 
          "Alan C Schultz", 
          "John J Grefenstette"
        ], 
        "citeRegEx": "Moriarty et al\\.,? \\Q1999\\E", 
        "venue": "Journal of Artificial Intelligence Research,", 
        "year": 1999, 
        "title": "Evolutionary algorithms for reinforcement learning"
      }, 
      {
        "shortCiteRegEx": "Osband et al\\.", 
        "author": [
          "Ian Osband", 
          "Benjamin Van Roy", 
          "Zheng Wen"
        ], 
        "citeRegEx": "Osband et al\\.,? \\Q2014\\E", 
        "venue": "arXiv preprint arXiv:1402.0635,", 
        "year": 2014, 
        "title": "Generalization and exploration via randomized value functions"
      }, 
      {
        "shortCiteRegEx": "Osband et al\\.", 
        "author": [
          "Ian Osband", 
          "Charles Blundell", 
          "Alexander Pritzel", 
          "Benjamin Van Roy"
        ], 
        "citeRegEx": "Osband et al\\.,? \\Q2016\\E", 
        "venue": "In Advances In Neural Information Processing Systems,", 
        "year": 2016, 
        "title": "Deep exploration via bootstrapped DQN"
      }, 
      {
        "shortCiteRegEx": "Osband et al\\.", 
        "author": [
          "Ian Osband", 
          "Daniel Russo", 
          "Zheng Wen", 
          "Benjamin Van Roy"
        ], 
        "citeRegEx": "Osband et al\\.,? \\Q2017\\E", 
        "venue": "arXiv preprint arXiv:1703.07608,", 
        "year": 2017, 
        "title": "Deep exploration via randomized value functions"
      }, 
      {
        "shortCiteRegEx": "Ostrovski et al\\.", 
        "author": [
          "Georg Ostrovski", 
          "Marc G Bellemare", 
          "Aaron van den Oord", 
          "Remi Munos"
        ], 
        "citeRegEx": "Ostrovski et al\\.,? \\Q2017\\E", 
        "venue": "arXiv preprint arXiv:1703.01310,", 
        "year": 2017, 
        "title": "Count-based exploration with neural density models"
      }, 
      {
        "shortCiteRegEx": "Oudeyer and Kaplan.", 
        "author": [
          "Pierre-Yves Oudeyer", 
          "Frederic Kaplan"
        ], 
        "citeRegEx": "Oudeyer and Kaplan.,? \\Q2007\\E", 
        "venue": "Frontiers in neurorobotics,", 
        "year": 2007, 
        "title": "What is intrinsic motivation? A typology of computational approaches"
      }, 
      {
        "shortCiteRegEx": "Plappert et al\\.", 
        "author": [
          "Matthias Plappert", 
          "Rein Houthooft", 
          "Prafulla Dhariwal", 
          "Szymon Sidor", 
          "Richard Y Chen", 
          "Xi Chen", 
          "Tamim Asfour", 
          "Pieter Abbeel", 
          "Marcin Andrychowicz"
        ], 
        "citeRegEx": "Plappert et al\\.,? \\Q1905\\E", 
        "venue": null, 
        "year": 1905, 
        "title": "Parameter space noise for exploration"
      }, 
      {
        "shortCiteRegEx": "Puterman.", 
        "author": [
          "Martin Puterman"
        ], 
        "citeRegEx": "Puterman.,? \\Q1994\\E", 
        "venue": null, 
        "year": 1994, 
        "title": "Markov decision processes: discrete stochastic dynamic programming"
      }, 
      {
        "shortCiteRegEx": "Salimans et al\\.", 
        "author": [
          "Tim Salimans", 
          "J. Ho", 
          "X. Chen", 
          "I. Sutskever"
        ], 
        "citeRegEx": "Salimans et al\\.,? \\Q2017\\E", 
        "venue": "ArXiv e-prints,", 
        "year": 2017, 
        "title": "Evolution Strategies as a Scalable Alternative to Reinforcement Learning"
      }, 
      {
        "shortCiteRegEx": "Schmidhuber.", 
        "author": [
          "J\u00fcrgen Schmidhuber"
        ], 
        "citeRegEx": "Schmidhuber.,? \\Q2010\\E", 
        "venue": "IEEE Transactions on Autonomous Mental Development,", 
        "year": 2010, 
        "title": "Formal theory of creativity, fun, and intrinsic motivation (1990\u20132010)"
      }, 
      {
        "shortCiteRegEx": "Schulman et al\\.", 
        "author": [
          "J. Schulman", 
          "S. Levine", 
          "P. Abbeel", 
          "M. Jordan", 
          "P. Moritz"
        ], 
        "citeRegEx": "Schulman et al\\.,? \\Q2015\\E", 
        "venue": "In Proc. of ICML,", 
        "year": 2015, 
        "title": "Trust region policy optimization"
      }, 
      {
        "shortCiteRegEx": "Singh et al\\.", 
        "author": [
          "Satinder P Singh", 
          "Andrew G Barto", 
          "Nuttapong Chentanez"
        ], 
        "citeRegEx": "Singh et al\\.,? \\Q2004\\E", 
        "venue": "In NIPS,", 
        "year": 2004, 
        "title": "Intrinsically motivated reinforcement learning"
      }, 
      {
        "shortCiteRegEx": "Sutton and Barto.", 
        "author": [
          "Richard S Sutton", 
          "Andrew G Barto"
        ], 
        "citeRegEx": "Sutton and Barto.,? \\Q1998\\E", 
        "venue": null, 
        "year": 1998, 
        "title": "Reinforcement learning: An introduction"
      }, 
      {
        "shortCiteRegEx": "Sutton et al\\.", 
        "author": [
          "Richard S. Sutton", 
          "David A. McAllester", 
          "Satinder P. Singh", 
          "Yishay Mansour"
        ], 
        "citeRegEx": "Sutton et al\\.,? \\Q1999\\E", 
        "venue": "In Proc. of NIPS,", 
        "year": 1999, 
        "title": "Policy gradient methods for reinforcement learning with function approximation"
      }, 
      {
        "shortCiteRegEx": "Thompson.", 
        "author": [
          "William R Thompson"
        ], 
        "citeRegEx": "Thompson.,? \\Q1933\\E", 
        "venue": null, 
        "year": 1933, 
        "title": "On the likelihood that one unknown probability exceeds another in view of the evidence of two samples"
      }, 
      {
        "shortCiteRegEx": "Hasselt et al\\.", 
        "author": [
          "Hado van Hasselt", 
          "Arthur Guez", 
          "David Silver"
        ], 
        "citeRegEx": "Hasselt et al\\.,? \\Q2016\\E", 
        "venue": "In Proc. of AAAI,", 
        "year": 2016, 
        "title": "Deep reinforcement learning with double qlearning"
      }, 
      {
        "shortCiteRegEx": "Wang et al\\.", 
        "author": [
          "Ziyu Wang", 
          "Tom Schaul", 
          "Matteo Hessel", 
          "Hado van Hasselt", 
          "Marc Lanctot", 
          "Nando de Freitas"
        ], 
        "citeRegEx": "Wang et al\\.,? \\Q2016\\E", 
        "venue": "In Proceedings of The 33rd International Conference on Machine Learning,", 
        "year": 2016, 
        "title": "Dueling network architectures for deep reinforcement learning"
      }, 
      {
        "shortCiteRegEx": "Williams.", 
        "author": [
          "Ronald J Williams"
        ], 
        "citeRegEx": "Williams.,? \\Q1992\\E", 
        "venue": "Machine learning,", 
        "year": 1992, 
        "title": "Simple statistical gradient-following algorithms for connectionist reinforcement learning"
      }
    ], 
    "authors": [
      "Meire Fortunato", 
      "Mohammad Gheshlaghi Azar", 
      "Bilal Piot", 
      "Jacob Menick", 
      "Matteo Hessel", 
      "Ian Osband", 
      "Alex Graves", 
      "Vlad Mnih", 
      "Remi Munos", 
      "Demis Hassabis", 
      "Olivier Pietquin", 
      "Charles Blundell", 
      "Shane Legg", 
      "DeepMind {meirefortunato", 
      "mazar", 
      "piot"
    ], 
    "abstractText": "We introduce NoisyNet, a deep reinforcement learning agent with parametric noise added to its weights, and show that the induced stochasticity of the agent\u2019s policy can be used to aid efficient exploration. The parameters of the noise are learned with gradient descent along with the remaining network weights. NoisyNet is straightforward to implement and adds little computational overhead. We find that replacing the conventional exploration heuristics for A3C, DQN and Dueling agents (entropy reward and -greedy respectively) with NoisyNet yields substantially higher scores for a wide range of Atari games, in some cases advancing the agent from sub to super-human performance.", 
    "sections": [
      {
        "text": "Despite the wealth of research into efficient methods for exploration in Reinforcement Learning (RL) (Kearns & Singh, 2002; Jaksch et al., 2010), most exploration heuristics rely on random perturbations of the agent\u2019s policy, such as -greedy (Sutton & Barto, 1998) or entropy regularisation (Williams, 1992), to induce novel behaviours. However such local \u2018dithering\u2019 perturbations are unlikely to lead to the large-scale behavioural patterns needed for efficient exploration in many environments (Osband et al., 2017).\nOptimism in the face of uncertainty is a common exploration heuristic in reinforcement learning. Various forms of this heuristic often come with theoretical guarantees on agent performance (Azar et al., 2017; Lattimore et al., 2013; Jaksch et al., 2010; Auer & Ortner, 2007; Kearns & Singh, 2002). However, these methods are often limited to small state-action spaces or to linear function approximations and are not easily applied with more complicated function approximators such as neural networks (except from work by (Geist & Pietquin, 2010a;b) but it doesn\u2019t come with convergence guarantees). A more structured approach to exploration is to augment the environment\u2019s reward signal with an additional intrinsic motivation term (Singh et al., 2004) that explicitly rewards novel discoveries. Many such terms have been proposed, including learning progress (Oudeyer & Kaplan, 2007), compression progress (Schmidhuber, 2010), variational information maximisation (Houthooft et al., 2016) and prediction gain (Bellemare et al., 2016). One problem is that these methods separate the mechanism of generalisation from that of exploration; the metric for intrinsic reward, and\u2013importantly\u2013its weighting relative to the environment reward, must be chosen by the experimenter, rather than learned from interaction with the environment. Without due care, the optimal policy can be altered or even completely obscured by the intrinsic rewards; furthermore, dithering perturbations are usually needed as well as intrinsic reward to ensure robust exploration (Ostrovski et al., 2017). Exploration in the policy space itself, for example, with evolutionary or black box algorithms (Moriarty et al., 1999; Fix & Geist, 2012; Salimans et al., 2017), usually requires many prolonged interactions with the environment. Although these algorithms are quite generic and\n\u2217Equal contribution.\ncan apply to any type of parametric policies (including neural networks), they are usually not data efficient and require a simulator to allow many policy evaluations.\nWe propose a simple alternative approach, called NoisyNet, where learned perturbations of the network weights are used to drive exploration. The key insight is that a single change to the weight vector can induce a consistent, and potentially very complex, state-dependent change in policy over multiple time steps \u2013 unlike dithering approaches where decorrelated (and, in the case of -greedy, state-independent) noise is added to the policy at every step. The perturbations are sampled from a noise distribution. The variance of the perturbation is a parameter that can be considered as the energy of the injected noise. These variance parameters are learned using gradients from the reinforcement learning loss function, along side the other parameters of the agent. The approach differs from parameter compression schemes such as variational inference (Hinton & Van Camp, 1993; Bishop, 1995; Graves, 2011; Blundell et al., 2015; Gal & Ghahramani, 2016) and flat minima search (Hochreiter & Schmidhuber, 1997) since we do not maintain an explicit distribution over weights during training but simply inject noise in the parameters and tune its intensity automatically. Consequently, it also differs from Thompson sampling (Thompson, 1933; Lipton et al., 2016) as the distribution on the parameters of our agents does not necessarily converge to an approximation of a posterior distribution.\nAt a high level our algorithm is a randomised value function, where the functional form is a neural network. Randomised value functions provide a provably efficient means of exploration (Osband et al., 2014). Previous attempts to extend this approach to deep neural networks required many duplicates of sections of the network (Osband et al., 2016). By contrast in our NoisyNet approach while the number of parameters in the linear layers of the network is doubled, as the weights are a simple affine transform of the noise, the computational complexity is typically still dominated by the weight by activation multiplications, rather than the cost of generating the weights. Additionally, it also applies to policy gradient methods such as A3C out of the box (Mnih et al., 2016). Most recently (and independently of our work) Plappert et al. (2017) presented a similar technique where constant Gaussian noise is added to the parameters of the network. Our method thus differs by the ability of the network to adapt the noise injection with time and it is not restricted to Gaussian noise distributions. We need to emphasise that the idea of injecting noise to improve the optimisation process has been thoroughly studied in the literature of supervised learning and optimisation under different names (e.g., Neural diffusion process (Mobahi, 2016) and graduated optimisation (Hazan et al., 2016)). These methods often rely on a noise of vanishing size that is non-trainable, as opposed to NoisyNet which tunes the amount of noise by gradient descent.\nNoisyNet can also be adapted to any deep RL algorithm and we demonstrate this versatility by providing NoisyNet versions of DQN (Mnih et al., 2015), Dueling (Wang et al., 2016) and A3C (Mnih et al., 2016) algorithms. Experiments on 57 Atari games show that NoisyNet-DQN and NoisyNetDueling achieve striking gains when compared to the baseline algorithms without significant extra computational cost, and with less hyper parameters to tune. Also the noisy version of A3C provides some improvement over the baseline.", 
        "heading": "1 INTRODUCTION"
      }, 
      {
        "text": "This section provides mathematical background for Markov Decision Processes (MDPs) and deep RL with Q-learning, dueling and actor-critic methods.", 
        "heading": "2 BACKGROUND"
      }, 
      {
        "text": "MDPs model stochastic, discrete-time and finite action space control problems (Bellman & Kalaba, 1965; Bertsekas, 1995; Puterman, 1994). An MDP is a tuple M = (X ,A, R, P, \u03b3) where X is the state space,A the action space, R the reward function, \u03b3 \u2208]0, 1[ the discount factor and P a stochastic kernel modelling the one-step Markovian dynamics (P (y|x, a) is the probability of transitioning to state y by choosing action a in state x). A stochastic policy \u03c0 maps each state to a distribution over actions \u03c0(\u00b7|x) and gives the probability \u03c0(a|x) of choosing action a in state x. The quality of a policy\n\u03c0 is assessed by the action-value function Q\u03c0 defined as: Q\u03c0(x, a) = E\u03c0 [\n+\u221e\u2211 t=0 \u03b3tR(xt, at)\n] , (1)\nwhere E\u03c0 is the expectation over the distribution of the admissible trajectories (x0, a0, x1, a1, . . . ) obtained by executing the policy \u03c0 starting from x0 = x and a0 = a. Therefore, the quantityQ\u03c0(x, a) represents the expected \u03b3-discounted cumulative reward collected by executing the policy \u03c0 starting from x and a. A policy is optimal if no other policy yields a higher return. The action-value function of the optimal policy is Q?(x, a) = arg max\u03c0 Q\u03c0(x, a).\nThe value function V \u03c0 for a policy is defined as V \u03c0(x) = Ea \u223c\u03c0(\u00b7|x)[Q\u03c0(x, a)], and represents the expected \u03b3-discounted return collected by executing the policy \u03c0 starting from state x.", 
        "heading": "2.1 MARKOV DECISION PROCESSES AND REINFORCEMENT LEARNING"
      }, 
      {
        "text": "Deep Reinforcement Learning uses deep neural networks as function approximators for RL methods. Deep Q-Networks (DQN) (Mnih et al., 2015), Dueling architecture (Wang et al., 2016), Asynchronous Advantage Actor-Critic (A3C) (Mnih et al., 2016), Trust Region Policy Optimisation (Schulman et al., 2015), Deep Deterministic Policy Gradient (Lillicrap et al., 2015) and distributional RL (C51) (Bellemare et al., 2017) are examples of such algorithms. They frame the RL problem as the minimisation of a loss function L(\u03b8), where \u03b8 represents the parameters of the network. In our experiments we shall consider the DQN, Dueling and A3C algorithms.\nDQN (Mnih et al., 2015) uses a neural network as an approximator for the action-value function of the optimal policy Q?(x, a). DQN\u2019s estimate of the optimal action-value function, Q(x, a), is found by minimising the following loss with respect to the neural network parameters \u03b8:\nL(\u03b8) = E(x,a,r,y)\u223cD\n[( r + \u03b3max\nb\u2208A Q(y, b; \u03b8\u2212)\u2212Q(x, a; \u03b8)\n)2] , (2)\nwhere D is a distribution over transitions e = (x, a, r = R(x, a), y \u223c P (\u00b7|x, a)) drawn from a replay buffer of previously observed transitions. Here \u03b8\u2212 represents the parameters of a fixed and separate target network which is updated (\u03b8\u2212 \u2190 \u03b8) regularly to stabilise the learning. An -greedy policy is used to pick actions greedily according to the action-value function Q or, with probability , a random action is taken.\nThe Dueling DQN (Wang et al., 2016) is an extension of the DQN architecture. The main difference is in using Dueling network architecture as opposed to the Q network in DQN. Dueling network estimates the action-value function using two parallel sub-networks, the value and advantage subnetwork, sharing a convolutional layer. Let \u03b8conv, \u03b8V , and \u03b8A be, respectively, the parameters of the convolutional encoder f , of the value network V , and of the advantage network A; and \u03b8 = {\u03b8conv, \u03b8V , \u03b8A} is their concatenation. The output of these two networks are combined as follows for every (x, a) \u2208 X \u00d7A:\nQ(x, a; \u03b8) = V (f(x; \u03b8conv), \u03b8V ) +A(f(x; \u03b8conv), a; \u03b8A)\u2212 \u2211 bA(f(x; \u03b8conv), b; \u03b8A)\nNactions . (3)\nThe Dueling algorithm then makes use of the double-DQN update rule (van Hasselt et al., 2016) to optimise \u03b8:\nL(\u03b8) = E(x,a,r,y)\u223cD [( r + \u03b3Q(y, b\u2217(y); \u03b8\u2212)\u2212Q(x, a; \u03b8) )2] , (4)\ns.t. b\u2217(y) = arg max b\u2208A Q(y, b; \u03b8), (5)\nwhere the definition distribution D and the target network parameter set \u03b8\u2212 is identical to DQN.\nIn contrast to DQN and Dueling, A3C (Mnih et al., 2016) is a policy gradient algorithm. A3C\u2019s network directly learns a policy \u03c0 and a value function V of its policy. The gradient of the loss on the\nA3C policy at step t for the roll-out (xt+i, at+i \u223c \u03c0(\u00b7|xt+i; \u03b8), rt+i)ki=0 is: \u2207\u03b8L\u03c0(\u03b8) = \u2212E\u03c0 [\nk\u2211 i=0 \u2207\u03b8 log(\u03c0(at+i|xt+i; \u03b8))A(xt+i, at+i; \u03b8) + \u03b2 k\u2211 i=0 \u2207\u03b8H(\u03c0(\u00b7|xt+i; \u03b8))\n] .\n(6) H[\u03c0(\u00b7|xt; \u03b8)] denotes the entropy of the policy \u03c0 and \u03b2 is a hyper parameter that trades off between optimising the advantage function and the entropy of the policy. The advantage function A(xt+i, at+i; \u03b8) is the difference between observed returns and estimates of the return produced by A3C\u2019s value network: A(xt+i, at+i; \u03b8) = \u2211k\u22121 j=i \u03b3 j\u2212irt+j + \u03b3 k\u2212iV (xt+k; \u03b8)\u2212 V (xt+i; \u03b8), rt+j being the reward at step t+ j and V (x; \u03b8) being the agent\u2019s estimate of value function of state x.\nThe parameters of the value function are found to match on-policy returns; namely we have\nLV (\u03b8) = k\u2211 i=0 E\u03c0 [ (Qi \u2212 V (xt+i; \u03b8))2 | xt+i ] (7)\nwhere Qi is the return obtained by executing policy \u03c0 starting in state xt+i. In practice, and as in Mnih et al. (2016), we estimate Qi as Q\u0302i = \u2211k\u22121 j=i \u03b3 j\u2212irt+j + \u03b3 k\u2212iV (xt+k; \u03b8) where {rt+j}k\u22121j=i are rewards observed by the agent, and xt+k is the kth state observed when starting from observed state xt. The overall A3C loss is then L(\u03b8) = L\u03c0(\u03b8) + \u03bbLV (\u03b8) where \u03bb balances optimising the policy loss relative to the baseline value function loss.", 
        "heading": "2.2 DEEP REINFORCEMENT LEARNING"
      }, 
      {
        "text": "NoisyNets are neural networks whose weights and biases are perturbed by a parametric function of the noise. These parameters are adapted with gradient descent. More precisely, let y = f\u03b8(x) be a neural network parameterised by the vector of noisy parameters \u03b8 which takes the input x and outputs y. We represent the noisy parameters \u03b8 as \u03b8 def= \u00b5 + \u03a3 \u03b5, where \u03b6 def= (\u00b5,\u03a3) is a set of vectors of learnable parameters, \u03b5 is a vector of zero-mean noise with fixed statistics and represents element-wise multiplication. The usual loss of the neural network is wrapped by expectation over the noise \u03b5: L\u0304(\u03b6) def= E [L(\u03b8)]. Optimisation now occurs with respect to the set of parameters \u03b6.\nConsider a linear layer of a neural network with p inputs and q outputs, represented by\ny = wx+ b, (8)\nwhere x \u2208 Rp is the layer input,w \u2208 Rq\u00d7p the weight matrix, and b \u2208 Rq the bias. The corresponding noisy linear layer is defined as:\ny def = (\u00b5w + \u03c3w \u03b5w)x+ \u00b5b + \u03c3b \u03b5b, (9)\nwhere \u00b5w + \u03c3w \u03b5w and \u00b5b + \u03c3b \u03b5b replace w and b in Eq. (8), respectively. The parameters \u00b5w \u2208 Rq\u00d7p, \u00b5b \u2208 Rq, \u03c3w \u2208 Rq\u00d7p and \u03c3b \u2208 Rq are learnable whereas \u03b5w \u2208 Rq\u00d7p and \u03b5b \u2208 Rq are noise random variables (the specific choices of this distribution are described below). We provide a graphical representation of a noisy linear layer in Fig. 4 (see Appendix B).\nWe now turn to explicit instances of the noise distributions for linear layers in a noisy network. We explore two options: Independent Gaussian noise, which uses an independent Gaussian noise entry per weight and Factorised Gaussian noise, which uses an independent noise per each output and another independent noise per each input. The main reason to use factorised Gaussian noise is to reduce the compute time of random number generation in our algorithms. This computational overhead is especially prohibitive in the case of single-thread agents such as DQN and Duelling. For this reason we use factorised noise for DQN and Duelling and independent noise for the distributed A3C, for which the compute time is not a major concern.\n(a) Independent Gaussian noise: the noise applied to each weight and bias is independent, where each entry \u03b5wi,j (respectively each entry \u03b5 b j) of the random matrix \u03b5\nw (respectively of the random vector \u03b5b) is drawn from a unit Gaussian distribution. This means that for each noisy linear layer, there are pq + q noise variables (for p inputs to the layer and q outputs).\n(b) Factorised Gaussian noise: by factorising \u03b5wi,j , we can use p unit Gaussian variables \u03b5i for noise of the inputs and and q unit Gaussian variables \u03b5j for noise of the outputs (thus p + q unit Gaussian variables in total). Each \u03b5wi,j and \u03b5 b j can then be written as:\n\u03b5wi,j = f(\u03b5i)f(\u03b5j), (10)\n\u03b5bj = f(\u03b5j), (11) where f is a real-valued function. In our experiments we used f(x) = sgn(x) \u221a |x|. Note that for the bias Eq. (11) we could have set f(x) = x, but we decided to keep the same output noise for weights and biases.\nSince the loss of a noisy network, L\u0304(\u03b6) = E [L(\u03b8)], is an expectation over the noise, the gradients are straightforward to obtain:\n\u2207L\u0304(\u03b6) = \u2207E [L(\u03b8)] = E [\u2207\u00b5,\u03a3L(\u00b5+ \u03a3 \u03b5)] . (12) We use a Monte Carlo approximation to the above gradients, taking a single sample \u03be at each step of optimisation:\n\u2207L\u0304(\u03b6) \u2248 \u2207\u00b5,\u03a3L(\u00b5+ \u03a3 \u03be). (13)", 
        "heading": "3 NOISYNETS FOR REINFORCEMENT LEARNING"
      }, 
      {
        "text": "We now turn to our application of noisy networks to exploration in deep reinforcement learning. Noise drives exploration in many methods for reinforcement learning, providing a source of stochasticity external to the agent and the RL task at hand. Either the scale of this noise is manually tuned across a wide range of tasks (as is the practice in general purpose agents such as DQN or A3C) or it can be manually scaled per task. Here we propose automatically tuning the level of noise added to an agent for exploration, using the noisy networks training to drive down (or up) the level of noise injected into the parameters of a neural network, as needed.\nA noisy network agent samples a new set of parameters after every step of optimisation. Between optimisation steps, the agent acts according to a fixed set of parameters (weights and biases). This ensures that the agent always acts according to parameters that are drawn from the current noise distribution.\nDeep Q-Networks (DQN) and Dueling. We apply the following modifications to both DQN and Dueling: first, \u03b5-greedy is no longer used, but instead the policy greedily optimises the (randomised) action-value function. Secondly, the fully connected layers of the value network are parameterised as a noisy network, where the parameters are drawn from the noisy network parameter distribution after every replay step. We used factorised Gaussian noise as explained in (b) from Sec. 3. For replay, the current noisy network parameter sample is held fixed across the batch. Since DQN and Dueling take one step of optimisation for every action step, the noisy network parameters are re-sampled before every action. We call the new adaptations of DQN and Dueling, NoisyNet-DQN and NoisyNet-Dueling, respectively.\nWe now provide the details of the loss function that our variant of DQN is minimising. When replacing the linear layers by noisy layers in the network (respectively in the target network), the parameterised action-value function Q(x, a, \u03b5; \u03b6) (respectively Q(x, a, \u03b5\u2032; \u03b6\u2212)) can be seen as a random variable and the DQN loss becomes the NoisyNet-DQN loss:\nL\u0304(\u03b6) = E [ E(x,a,r,y)\u223cD[r + \u03b3max\nb\u2208A Q(y, b, \u03b5\u2032; \u03b6\u2212)\u2212Q(x, a, \u03b5; \u03b6)]2\n] , (14)\nwhere the outer expectation is with respect to distribution of the noise variables \u03b5 for the noisy value function Q(x, a, \u03b5; \u03b6) and the noise variable \u03b5\u2032 for the noisy target value function Q(y, b, \u03b5\u2032; \u03b6\u2212). Computing an unbiased estimate of the loss is straightforward as we only need to compute, for each transition in the replay buffer, one instance of the target network and one instance of the online network. We generate these independent noises to avoid bias due to the correlation between the noise in the target network and the online network. Concerning the action choice, we generate another independent sample \u03b5\u2032\u2032 for the online network and we act greedily with respect to the corresponding output action-value function.\nSimilarly the loss function for NoisyNet-Dueling is defined as: L\u0304(\u03b6) = E [ E(x,a,r,y)\u223cD[r + \u03b3Q(y, b\u2217(y), \u03b5\u2032; \u03b6\u2212)\u2212Q(x, a, \u03b5; \u03b6)]2 ] (15)\ns.t. b\u2217(y) = arg max b\u2208A Q(y, b(y), \u03b5\u2032\u2032; \u03b6). (16)\nBoth algorithms are provided in Appendix C.1.\nAsynchronous Advantage Actor Critic (A3C). A3C is modified in a similar fashion to DQN: firstly, the entropy bonus of the policy loss is removed. Secondly, the fully connected layers of the policy network are parameterised as a noisy network. We used independent Gaussian noise as explained in (a) from Sec. 3. In A3C, there is no explicit exploratory action selection scheme (such as -greedy); and the chosen action is always drawn from the current policy. For this reason, an entropy bonus of the policy loss is often added to discourage updates leading to deterministic policies. However, when adding noisy weights to the network, sampling these parameters corresponds to choosing a different current policy which naturally favours exploration. As a consequence of direct exploration in the policy space, the artificial entropy loss on the policy can thus be omitted. New parameters of the policy network are sampled after each step of optimisation, and since A3C uses n step returns, optimisation occurs every n steps. We call this modification of A3C, NoisyNet-A3C.\nIndeed, when replacing the linear layers by noisy linear layers (the parameters of the noisy network are now noted \u03b6), we obtain the following estimation of the return via a roll-out of size k:\nQ\u0302i = k\u22121\u2211 j=i \u03b3j\u2212irt+j + \u03b3 k\u2212iV (xt+k; \u03b6, \u03b5i). (17)\nAs A3C is an on-policy algorithm the gradients are unbiased when noise of the network is consistent for the whole roll-out. Consistency among action value functions Q\u0302i is ensured by letting letting the noise be the same throughout each rollout, i.e., \u2200i, \u03b5i = \u03b5. Additional details are provided in the Appendix A and the algorithm is given in Appendix C.2.", 
        "heading": "3.1 DEEP REINFORCEMENT LEARNING WITH NOISYNETS"
      }, 
      {
        "text": "In the case of an unfactorised noisy networks, the parameters \u00b5 and \u03c3 are initialised as follows. Each element \u00b5i,j is sampled from independent uniform distributions U [\u2212 \u221a 3 p ,+ \u221a 3 p ], where p is the number of inputs to the corresponding linear layer, and each element \u03c3i,j is simply set to 0.017 for all parameters. This particular initialisation was chosen because similar values worked well for the supervised learning tasks described in Fortunato et al. (2017), where the initialisation of the variances of the posteriors and the variances of the prior are related. We have not tuned for this parameter, but we believe different values on the same scale should provide similar results.\nFor factorised noisy networks, each element \u00b5i,j was initialised by a sample from an independent uniform distributions U [\u2212 1\u221ap ,+ 1\u221a p ] and each element \u03c3i,j was initialised to a constant \u03c30\u221a p . The hyperparameter \u03c30 is set to 0.5.", 
        "heading": "3.2 INITIALISATION OF NOISY NETWORKS"
      }, 
      {
        "text": "We evaluated the performance of noisy network agents on 57 Atari games (Bellemare et al., 2015) and compared to baselines that, without noisy networks, rely upon the original exploration methods (\u03b5-greedy and entropy bonus).", 
        "heading": "4 RESULTS"
      }, 
      {
        "text": "We used the random start no-ops scheme for training and evaluation as described the original DQN paper (Mnih et al., 2015). The mode of evaluation is identical to those of Mnih et al. (2016) where randomised restarts of the games are used for evaluation after training has happened. The raw average scores of the agents are evaluated during training, every 1M frames in the environment, by suspending\nlearning and evaluating the latest agent for 500K frames. Episodes are truncated at 108K frames (or 30 minutes of simulated play) (van Hasselt et al., 2016).\nWe consider three baseline agents: DQN (Mnih et al., 2015), duel clip variant of Dueling algorithm (Wang et al., 2016) and A3C (Mnih et al., 2016). The DQN and A3C agents were training for 200M and 320M frames, respectively. In each case, we used the neural network architecture from the corresponding original papers for both the baseline and NoisyNet variant. For the NoisyNet variants we used the same hyper parameters as in the respective original paper for the baseline.\nWe compared absolute performance of agents using the human normalised score:\n100\u00d7 Scoreagent \u2212 ScoreRandom\nScoreHuman \u2212 ScoreRandom , (18)\nwhere human and random scores are the same as those in Wang et al. (2016). Note that the human normalised score is zero for a random agent and 100 for human level performance. Per-game maximum scores are computed by taking the maximum raw scores of the agent and then averaging over three seeds. However, for computing the human normalised scores in Figure 2, the raw scores are evaluated every 1M frames and averaged over three seeds. The overall agent performance is measured by both mean and median of the human normalised score across all 57 Atari games.\nThe aggregated results across all 57 Atari games are reported in Table 1, while the individual scores for each game are in Table 3 from the Appendix E. The median human normalised score is improved\nin all agents by using NoisyNet, adding at least 18 (in the case of A3C) and at most 48 (in the case of DQN) percentage points to the median human normalised score. The mean human normalised score is also significantly improved for all agents. Interestingly the Dueling case, which relies on multiple modifications of DQN, demonstrates that NoisyNet is orthogonal to several other improvements made to DQN. We also compared relative performance of NoisyNet agents to the respective baseline agent\nwithout noisy networks:\n100\u00d7 ScoreNoisyNet \u2212 ScoreBaseline\nmax(ScoreHuman,ScoreBaseline)\u2212 ScoreRandom . (19)\nAs before, the per-game score is computed by taking the maximum performance for each game and then averaging over three seeds. The relative human normalised scores are shown in Figure 1. As can be seen, the performance of NoisyNet agents (DQN, Dueling and A3C) is better for the majority of games relative to the corresponding baseline, and in some cases by a considerable margin. Also as it is evident from the learning curves of Fig. 2 NoisyNet agents produce superior performance compared to their corresponding baselines throughout the learning process. This improvement is especially significant in the case of NoisyNet-DQN and NoisyNet-Dueling. Also in some games, NoisyNet agents provide an order of magnitude improvement on the performance of the vanilla agent; as can be seen in Table 3 in the Appendix E with detailed breakdown of individual game scores and the learning curves plots from Figs 6, 7 and 8, for DQN, Dueling and A3C, respectively. We also ran some experiments evaluating the performance of NoisyNet-A3C with factorised noise. We report the corresponding learning curves and the scores in Fig. 5 and Table 2, respectively (see Appendix D). This result shows that using factorised noise does not lead to any significant decrease in the performance of A3C. On the contrary it seems that it has positive effects in terms of improving the median score as well as speeding up the learning process.", 
        "heading": "4.1 TRAINING DETAILS AND PERFORMANCE"
      }, 
      {
        "text": "In this subsection, we try to provide some insight on how noisy networks affect the learning process and the exploratory behaviour of the agent. In particular, we focus on analysing the evolution of the noise weights \u03c3w and \u03c3b throughout the learning process. We first note that, as L(\u03b6) is a positive and continuous function of \u03b6, there always exists a deterministic optimiser for the loss L(\u03b6) (defined in\nEq. (14)). Therefore, one may expect that, to obtain the deterministic optimal solution, the neural network may learn to discard the noise entries by eventually pushing \u03c3ws and \u03c3b towards 0.\nTo test this hypothesis we track the changes in \u03c3ws throughout the learning process. Let \u03c3wi denote the ith weight of a noisy layer. We then define \u03a3\u0304, the mean-absolute of the \u03c3wi s of a noisy layer, as\n\u03a3\u0304 = 1\nNweights \u2211 i |\u03c3wi |. (20)\nIntuitively speaking \u03a3\u0304 provides some measure of the stochasticity of the Noisy layers. We report the learning curves of the average of \u03a3\u0304 across 3 seeds in Fig. 3 for a selection of Atari games in NoisyNet-DQN agent. We observe that \u03a3\u0304 of the last layer of the network decreases as the learning proceeds in all cases, whereas in the case of the penultimate layer this only happens for 2 games out of 5 (Pong and Beam rider) and in the remaining 3 games \u03a3\u0304 in fact increases. This shows that in the case of NoisyNet-DQN the agent does not necessarily evolve towards a deterministic solution as one might have expected. Another interesting observation is that the way \u03a3\u0304 evolves significantly differs from one game to another and in some cases from one seed to another seed, as it is evident from the error bars. This suggests that NoisyNet produces a problem-specific exploration strategy as opposed to fixed exploration strategy used in standard DQN.", 
        "heading": "4.2 ANALYSIS OF LEARNING IN NOISY LAYERS"
      }, 
      {
        "text": "We have presented a general method for exploration in deep reinforcement learning that shows significant performance improvements across many Atari games in three different agent architectures. In particular, we observe that in games such as Beam rider, Asteroids and Freeway that the standard DQN, Dueling and A3C perform poorly compared with the human player, NoisyNet-DQN, NoisyNet-Dueling and NoisyNet-A3C achieve super human performance, respectively. Although the improvements in performance might also come from the optimisation aspect since the cost functions are modified, the uncertainty in the parameters of the networks introduced by NoisyNet is the only exploration mechanism of the method. Having weights with greater uncertainty introduces more variability into the decisions made by the policy, which has potential for exploratory actions, but further analysis needs to be done in order to disentangle the exploration and optimisation effects.\nAnother advantage of NoisyNet is that the amount of noise injected in the network is tuned automatically by the RL algorithm. This alleviates the need for any hyper parameter tuning (required with standard entropy bonus and -greedy types of exploration). This is also in contrast to many other methods that add intrinsic motivation signals that may destabilise learning or change the optimal policy. Another interesting feature of the NoisyNet approach is that the degree of exploration is contextual and varies from state to state based upon per-weight variances. While more gradients are needed, the gradients on the mean and variance parameters are related to one another by a computationally efficient affine function, thus the computational overhead is marginal. Automatic differentiation makes implementation of our method a straightforward adaptation of many existing methods. A similar randomisation technique can also be applied to LSTM units (Fortunato et al., 2017) and is easily extended to reinforcement learning, we leave this as future work.\nNote NoisyNet exploration strategy is not restricted to the baselines considered in this paper. In fact, this idea can be applied to any deep RL algorithms that can be trained with gradient descent, including DDPG (Lillicrap et al., 2015), TRPO (Schulman et al., 2015) or distributional RL (C51) (Bellemare et al., 2017). As such we believe this work is a step towards the goal of developing a universal exploration strategy.", 
        "heading": "5 CONCLUSION"
      }, 
      {
        "text": "In contrast with value-based algorithms, policy-based methods such as A3C (Mnih et al., 2016) parameterise the policy \u03c0(a|x; \u03b8\u03c0) directly and update the parameters \u03b8\u03c0 by performing a gradient ascent on the mean value-function Ex\u223cD[V \u03c0(\u00b7|\u00b7;\u03b8\u03c0)(x)] (also called the expected return) (Sutton et al., 1999). A3C uses a deep neural network with weights \u03b8 = \u03b8\u03c0\u222a\u03b8V to parameterise the policy \u03c0 and the value V . The network has one softmax output for the policy-head \u03c0(\u00b7|\u00b7; \u03b8\u03c0) and one linear output for the value-head V (\u00b7; \u03b8V ), with all non-output layers shared. The parameters \u03b8\u03c0 (resp. \u03b8V ) are relative to the shared layers and the policy head (resp. the value head). A3C is an asynchronous and online algorithm that uses roll-outs of size k + 1 of the current policy to perform a policy improvement step.\nFor simplicity, here we present the A3C version with only one thread. For a multi-thread implementation, refer to the pseudo-code C.2 or to the original A3C paper (Mnih et al., 2016). In order to train the policy-head, an approximation of the policy-gradient is computed for each state of the roll-out (xt+i, at+i \u223c \u03c0(\u00b7|xt+i; \u03b8\u03c0), rt+i)ki=0:\n\u2207\u03b8\u03c0 log(\u03c0(at+i|xt+i; \u03b8\u03c0))[Q\u0302i \u2212 V (xt+i; \u03b8V )], (21) where Q\u0302i is an estimation of the return Q\u0302i = \u2211k\u22121 j=i \u03b3 j\u2212irt+j + \u03b3 k\u2212iV (xt+k; \u03b8V ). The gradients are then added to obtain the cumulative gradient of the roll-out:\nk\u2211 i=0 \u2207\u03b8\u03c0 log(\u03c0(at+i|xt+i; \u03b8\u03c0))[Q\u0302i \u2212 V (xt+i; \u03b8V )]. (22)\nA3C trains the value-head by minimising the error between the estimated return and the value\u2211k i=0(Q\u0302i \u2212 V (xt+i; \u03b8V ))2. Therefore, the network parameters (\u03b8\u03c0, \u03b8V ) are updated after each roll-out as follows:\n\u03b8\u03c0 \u2190 \u03b8\u03c0 + \u03b1\u03c0 k\u2211 i=0 \u2207\u03b8\u03c0 log(\u03c0(at+i|xt+i; \u03b8\u03c0))[Q\u0302i \u2212 V (xt+i; \u03b8V )], (23)\n\u03b8V \u2190 \u03b8V \u2212 \u03b1V k\u2211 i=0 \u2207\u03b8V [Q\u0302i \u2212 V (xt+i; \u03b8V )]2, (24)\nwhere (\u03b1\u03c0, \u03b1V ) are hyper-parameters. As mentioned previously, in the original A3C algorithm, it is recommended to add an entropy term \u03b2 \u2211k i=0\u2207\u03b8\u03c0H(\u03c0(\u00b7|xt+i; \u03b8\u03c0)) to the policy update, where\nH(\u03c0(\u00b7|xt+i; \u03b8\u03c0)) = \u2212\u03b2 \u2211 a\u2208A \u03c0(a|xt+i; \u03b8\u03c0) log(\u03c0(a|xt+i; \u03b8\u03c0)). Indeed, this term encourages exploration as it favours policies which are uniform over actions. When replacing the linear layers in the value and policy heads by noisy layers (the parameters of the noisy network are now \u03b6\u03c0 and \u03b6V ), we obtain the following estimation of the return via a roll-out of size k:\nQ\u0302i = k\u22121\u2211 j=i \u03b3j\u2212irt+j + \u03b3 k\u2212iV (xt+k; \u03b6V , \u03b5i). (25)\nWe would like Q\u0302i to be a consistent estimate of the return of the current policy. To do so, we should force \u2200i, \u03b5i = \u03b5. As A3C is an on-policy algorithm, this involves fixing the noise of the network for the whole roll-out so that the policy produced by the network is also fixed. Hence, each update of the parameters (\u03b6\u03c0, \u03b6V ) is done after each roll-out with the noise of the whole network held fixed for the duration of the roll-out:\n\u03b6\u03c0 \u2190 \u03b6\u03c0 + \u03b1\u03c0 k\u2211 i=0 \u2207\u03b6\u03c0 log(\u03c0(at+i|xt+i; \u03b6\u03c0, \u03b5))[Q\u0302i \u2212 V (xt+i; \u03b6V , \u03b5)], (26)\n\u03b6V \u2190 \u03b6V \u2212 \u03b1V k\u2211 i=0 \u2207\u03b6V [Q\u0302i \u2212 V (xt+i; \u03b6V , \u03b5)]2. (27)", 
        "heading": "A NOISYNET-A3C IMPLEMENTATION DETAILS"
      }, 
      {
        "text": "In this Appendix we provide a graphical representation of noisy layer.", 
        "heading": "B NOISY LINEAR LAYER"
      }, 
      {
        "text": "C.1 NOISYNET-DQN AND NOISYNET-DUELING\nAlgorithm 1: NoisyNet-DQN / NoisyNet-Dueling Input :Env Environment; \u03b5 set of random variables of the network Input :DUELING Boolean; \"true\" for NoisyNet-Dueling and \"false\" for NoisyNet-DQN Input :B empty replay buffer; \u03b6 initial network parameters; \u03b6\u2212 initial target network parameters Input :NB replay buffer size; NT training batch size; N\u2212 target network replacement frequency Output :Q(\u00b7, \u03b5; \u03b6) action-value function\n1 for episode e \u2208 {1, . . . ,M} do 2 Initialise state sequence x0 \u223c Env 3 for t \u2208 {1, . . . } do /* l[\u22121] is the last element of the list l */ 4 Set x\u2190 x0 5 Sample a noisy network \u03be \u223c \u03b5 6 Select an action a\u2190 argmaxb\u2208AQ(x, b, \u03be; \u03b6) 7 Sample next state y \u223c P (\u00b7|x, a), receive reward r \u2190 R(x, a) and set x0 \u2190 y 8 Add transition (x, a, r, y) to the replay buffer B[\u22121]\u2190 (x, a, r, y) 9 if |B| > NB then\n10 Delete oldest transition from B 11 end\n/* D is a distribution over the replay, it can be uniform or implementing prioritised replay */\n12 Sample a minibatch of NT transitions ((xj , aj , rj , yj) \u223c D)NTj=1 /* Construction of the target values. */ 13 Sample the noisy variable for the online network \u03be \u223c \u03b5 14 Sample the noisy variables for the target network \u03be\u2032 \u223c \u03b5 15 if DUELING then 16 Sample the noisy variables for the action selection network \u03be\u2032\u2032 \u223c \u03b5 17 for j \u2208 {1, . . . , NT } do 18 if yj is a terminal state then 19 Q\u0302\u2190 rj 20 if DUELING then 21 b\u2217(yj) = arg maxb\u2208AQ(yj , b, \u03be \u2032\u2032; \u03b6) 22 Q\u0302\u2190 rj + \u03b3Q(yj , b\u2217(yj), \u03be\u2032; \u03b6\u2212) 23 else 24 Q\u0302\u2190 rj + \u03b3maxb\u2208AQ(yj , b, \u03be\u2032; \u03b6\u2212) 25 Do a gradient step with loss (Q\u0302\u2212Q(xj , aj , \u03be; \u03b6))2 26 end 27 if t \u2261 0 (mod N\u2212) then 28 Update the target network: \u03b6\u2212 \u2190 \u03b6 29 end 30 end 31 end\nC.2 NOISYNET-A3C\nAlgorithm 2: NoisyNet-A3C for each actor-learner thread Input :Environment Env, Global shared parameters (\u03b6\u03c0, \u03b6V ), global shared counter T and maximal time Tmax. Input :Thread-specific parameters (\u03b6 \u2032\u03c0, \u03b6 \u2032V ), Set of random variables \u03b5, thread-specific counter t and roll-out size tmax. Output :\u03c0(\u00b7; \u03b6\u03c0, \u03b5) the policy and V (\u00b7; \u03b6V , \u03b5) the value.\n1 Initial thread counter t\u2190 1 2 repeat 3 Reset cumulative gradients: d\u03b6\u03c0 \u2190 0 and d\u03b6V \u2190 0. 4 Synchronise thread-specific parameters: \u03b6 \u2032\u03c0 \u2190 \u03b6\u03c0 and \u03b6 \u2032V \u2190 \u03b6V . 5 counter \u2190 0. 6 Get state xt from Env 7 Choice of the noise: \u03be \u223c \u03b5\n/* r is a list of rewards */ 8 r \u2190 [ ]\n/* a is a list of actions */ 9 a\u2190 [ ]\n/* x is a list of states */ 10 x\u2190 [ ] and x[0]\u2190 xt 11 repeat 12 Policy choice: at \u223c \u03c0(\u00b7|xt; \u03b6 \u2032\u03c0; \u03be) 13 a[\u22121]\u2190 at 14 Receive reward rt and new state xt+1 15 r[\u22121]\u2190 rt and x[\u22121]\u2190 xt+1 16 t\u2190 t+ 1 and T \u2190 T + 1 17 counter = counter + 1 18 until xt terminal or counter == tmax + 1 19 if xt is a terminal state then 20 Q = 0 21 else 22 Q = V (xt; \u03b6 \u2032 V , \u03be) 23 for i \u2208 {counter \u2212 1, . . . , 0} do 24 Update Q: Q\u2190 r[i] + \u03b3Q. 25 Accumulate policy-gradient: d\u03b6\u03c0 \u2190 d\u03b6\u03c0 +\u2207\u03b6\u2032\u03c0 log(\u03c0(a[i]|x[i]; \u03b6 \u2032 \u03c0, \u03be))[Q\u2212 V (x[i]; \u03b6 \u2032V , \u03be)]. 26 Accumulate value-gradient: d\u03b6V \u2190 d\u03b6V +\u2207\u03b6\u2032V [Q\u2212 V (x[i]; \u03b6 \u2032 V , \u03be)]\n2. 27 end 28 Perform asynchronous update of \u03b6\u03c0: \u03b6\u03c0 \u2190 \u03b6\u03c0 + \u03b1\u03c0d\u03b6\u03c0 29 Perform asynchronous update of \u03b6V : \u03b6V \u2190 \u03b6V \u2212 \u03b1V d\u03b6V 30 until T > Tmax", 
        "heading": "C ALGORITHMS"
      }, 
      {
        "text": "", 
        "heading": "D COMPARISON BETWEEN NOISYNET-A3C (FACTORISED AND NON-FACTORISED NOISE) AND A3C"
      }, 
      {
        "text": "Here we directly compare the performance of DQN, Dueling DQN and A3C and their NoisyNet counterpart by presenting the maximal score in each of the 57 Atari games (Table 3), averaged over three seeds. In Figures 6-8 we show the respective learning curves.", 
        "heading": "E LEARNING CURVES AND RAW SCORES"
      }
    ], 
    "emails": [
      "munos@google.com", 
      "dhcontact@google.com", 
      "pietquin@google.com", 
      "cblundell@google.com", 
      "legg@google.com"
    ]
  }
}