{
  "name": "ryzm6BATZ.pdf", 
  "metadata": {
    "title": "IMAGE QUALITY ASSESSMENT TECHNIQUES IMPROVE TRAINING", 
    "year": 2017, 
    "referenceMentions": [
      {
        "referenceID": 0, 
        "startOffset": 0, 
        "context": "Berthelot et al. (2017) then further modified the loss function from a hinge loss to the Wasserstein distance between loss distributions.", 
        "endOffset": 24
      }, 
      {
        "referenceID": 13, 
        "startOffset": 133, 
        "context": "The convergence of a GAN is achieved when the generator and discriminator reach a Nash equilibrium, from a game theory point of view (Zhao et al., 2016).", 
        "endOffset": 152
      }, 
      {
        "referenceID": 3, 
        "startOffset": 100, 
        "context": "In the original GAN specification, the task is to learn the generator\u2019s distribution pG over data x (Goodfellow et al., 2014).", 
        "endOffset": 125
      }, 
      {
        "referenceID": 6, 
        "startOffset": 111, 
        "context": "(2016) also proposed a new interpretation of the underlying GAN architecture in terms of an energy-based model (LeCun et al., 2006).", 
        "endOffset": 131
      }, 
      {
        "referenceID": 12, 
        "startOffset": 0, 
        "context": "Zhao et al. (2016) initially proposed a shift from the original single-dimensional criterion\u2014the scalar class probability\u2014to a multidimensional criterion by constructing D as an autoencoder.", 
        "endOffset": 19
      }, 
      {
        "referenceID": 12, 
        "startOffset": 0, 
        "context": "Zhao et al. (2016) initially proposed a shift from the original single-dimensional criterion\u2014the scalar class probability\u2014to a multidimensional criterion by constructing D as an autoencoder. The image output by the autoencoder can then be directly compared to the output of G using one of the many standard distance functions (e.g., l1 norm, mean square error). However, Zhao et al. (2016) also proposed a new interpretation of the underlying GAN architecture in terms of an energy-based model (LeCun et al.", 
        "endOffset": 390
      }, 
      {
        "referenceID": 6, 
        "startOffset": 164, 
        "context": "The basic idea of energy-based models (EBMs) is to map an input space to a single scalar or set of scalars (called its \u201cenergy\u201d) via the construction of a function (LeCun et al., 2006).", 
        "endOffset": 184
      }, 
      {
        "referenceID": 13, 
        "startOffset": 145, 
        "context": "This framework allows for the interpretation of the discriminator (D) as an energy function that lacks any explicit probabilistic interpretation (Zhao et al., 2016).", 
        "endOffset": 164
      }, 
      {
        "referenceID": 6, 
        "startOffset": 165, 
        "context": "The basic idea of energy-based models (EBMs) is to map an input space to a single scalar or set of scalars (called its \u201cenergy\u201d) via the construction of a function (LeCun et al., 2006). Learning in this framework modifies the energy surface such that desirable pairings get low energies while undesirable pairings get high energies. This framework allows for the interpretation of the discriminator (D) as an energy function that lacks any explicit probabilistic interpretation (Zhao et al., 2016). In this view, the discriminator is a trainable cost function for the generator that assigns low energy values to regions of high data density and high energy to the opposite. The generator is then interpreted as a trainable parameterized function that produces samples in regions assigned low energy by the discriminator. To accomplish this setup, Zhao et al. (2016) first define the discriminator\u2019s energy function as the mean square error of the reconstruction loss of the autoencoder, or:", 
        "endOffset": 866
      }, 
      {
        "referenceID": 13, 
        "startOffset": 81, 
        "context": "The second approach addresses Equation 1, but was only implicitly addressed when (Zhao et al., 2016) chose to change the original GAN to use the reconstruction error of an autoencoder instead of a binary logistic energy function.", 
        "endOffset": 100
      }, 
      {
        "referenceID": 13, 
        "startOffset": 52, 
        "context": "It is clear that, despite the mathematical proof of Zhao et al. (2016), humans can distinguish the images generated by energy-based models from real images.", 
        "endOffset": 71
      }, 
      {
        "referenceID": 13, 
        "startOffset": 52, 
        "context": "It is clear that, despite the mathematical proof of Zhao et al. (2016), humans can distinguish the images generated by energy-based models from real images. There are two direct approaches that could provide insight into this problem, both of which are outlined in the original paper. The first approach that is discussed by Zhao et al. (2016) changes Equation 2 to allow for better approximations than m.", 
        "endOffset": 344
      }, 
      {
        "referenceID": 0, 
        "startOffset": 28, 
        "context": "In place of the hinge loss, Berthelot et al. (2017) use the Wasserstein distance between the autoencoder reconstruction loss distributions of G and D.", 
        "endOffset": 52
      }, 
      {
        "referenceID": 0, 
        "startOffset": 37, 
        "context": "The optimal condition is condition 1 Berthelot et al. (2017). Thus, the BEGAN model tries to keep the energy of the generated output approaching the limit of the energy of the real images.", 
        "endOffset": 61
      }, 
      {
        "referenceID": 0, 
        "startOffset": 37, 
        "context": "The optimal condition is condition 1 Berthelot et al. (2017). Thus, the BEGAN model tries to keep the energy of the generated output approaching the limit of the energy of the real images. As the latter will change over the course of learning, the resulting boundary dynamically establishes an equilibrium between the energy state of the real and generated input.1 It is not particularly surprising that these modifications to Equation 2 show improvements. Zhao et al. (2016) devote an appendix section to the correct selection of m and explicitly mention that the \u201cbalance between.", 
        "endOffset": 476
      }, 
      {
        "referenceID": 0, 
        "startOffset": 108, 
        "context": "Our first (1)For a much more detailed and formal account that is beyond the scope of the current paper, see (Berthelot et al., 2017).", 
        "endOffset": 132
      }, 
      {
        "referenceID": 11, 
        "startOffset": 198, 
        "context": "First, distance functions like \u03b4 are called full-reference IQA (or FR-IQA) functions because the reconstruction (D(x)) has a \u2018true\u2019 or undistorted reference image (x) which it can be evaluated from Wang et al. (2004). Second, IQA researchers have known for a long time that MSE is a poor indicator of image quality (Wang & Bovik, 2006).", 
        "endOffset": 217
      }, 
      {
        "referenceID": 5, 
        "startOffset": 47, 
        "context": "0026 following the work on cQS described below Gupta et al. (2017).", 
        "endOffset": 67
      }, 
      {
        "referenceID": 13, 
        "startOffset": 176, 
        "context": "The above discussion provides some insights into why visual inspection fails to show this correspondence between real and generated output of the resulting models, even though Zhao et al. (2016) proved that the generator should produce samples that cannot be distinguished from the dataset.", 
        "endOffset": 195
      }, 
      {
        "referenceID": 13, 
        "startOffset": 176, 
        "context": "The above discussion provides some insights into why visual inspection fails to show this correspondence between real and generated output of the resulting models, even though Zhao et al. (2016) proved that the generator should produce samples that cannot be distinguished from the dataset. The original proof by Zhao et al. (2016) did not account for Equation 1.", 
        "endOffset": 332
      }, 
      {
        "referenceID": 13, 
        "startOffset": 176, 
        "context": "The above discussion provides some insights into why visual inspection fails to show this correspondence between real and generated output of the resulting models, even though Zhao et al. (2016) proved that the generator should produce samples that cannot be distinguished from the dataset. The original proof by Zhao et al. (2016) did not account for Equation 1. Thus, when Zhao et al. (2016) show that their generated output should be indistinguishable from real images, what they are actually showing is that it should be indistinguishable from the real images plus some residual distortion vector described by \u03b4.", 
        "endOffset": 394
      }, 
      {
        "referenceID": 5, 
        "startOffset": 90, 
        "context": "The GMS score and chrom scores derive from an FR-IQA model called the color Quality Score (cQS; Gupta et al., 2017).", 
        "endOffset": 115
      }, 
      {
        "referenceID": 7, 
        "startOffset": 100, 
        "context": "We conducted extensive quantitative and qualitative evaluation on the CelebA dataset of face images Liu et al. (2015). This dataset has been used frequently in the past for evaluating GANs Radford et al.", 
        "endOffset": 118
      }, 
      {
        "referenceID": 7, 
        "startOffset": 100, 
        "context": "We conducted extensive quantitative and qualitative evaluation on the CelebA dataset of face images Liu et al. (2015). This dataset has been used frequently in the past for evaluating GANs Radford et al. (2015); Zhao et al.", 
        "endOffset": 211
      }, 
      {
        "referenceID": 7, 
        "startOffset": 100, 
        "context": "We conducted extensive quantitative and qualitative evaluation on the CelebA dataset of face images Liu et al. (2015). This dataset has been used frequently in the past for evaluating GANs Radford et al. (2015); Zhao et al. (2016); Chen et al.", 
        "endOffset": 231
      }, 
      {
        "referenceID": 2, 
        "startOffset": 8, 
        "context": "(2016); Chen et al. (2016); Liu & Tuzel (2016). We evaluated 12 different models in a number of combinations (see Table 1).", 
        "endOffset": 47
      }, 
      {
        "referenceID": 0, 
        "startOffset": 93, 
        "context": "All of the models we evaluate in this paper are based on the architecture of the BEGAN model Berthelot et al. (2017).5 We trained the models using Adam with a batch size of 16, \u03b21 of 0.", 
        "endOffset": 117
      }, 
      {
        "referenceID": 13, 
        "startOffset": 127, 
        "context": "We bring an energy-based formulation to the BEGAN model and some of the problems of the energy function originally proposed in Zhao et al. (2016). We proposed a new, multi-component energy function on the basis of research from the Image Quality Assessment literature.", 
        "endOffset": 146
      }
    ], 
    "source": "CRF", 
    "creator": "LaTeX with hyperref package", 
    "references": [
      {
        "shortCiteRegEx": "Berthelot et al\\.", 
        "author": [
          "David Berthelot", 
          "Tom Schumm", 
          "Luke Metz"
        ], 
        "citeRegEx": "Berthelot et al\\.,? \\Q2017\\E", 
        "venue": "[cs.LG],", 
        "year": 2017, 
        "title": "Began: Boundary equilibrium generative adversarial networks"
      }, 
      {
        "shortCiteRegEx": "Chandler.", 
        "author": [
          "Damon M Chandler"
        ], 
        "citeRegEx": "Chandler.,? \\Q2013\\E", 
        "venue": "ISRN Signal Processing,", 
        "year": 2013, 
        "title": "Seven challenges in image quality assessment: past, present, and future research"
      }, 
      {
        "shortCiteRegEx": "Chen et al\\.", 
        "author": [
          "Xi Chen", 
          "Yan Duan", 
          "Rein Houthooft", 
          "John Schulman", 
          "Ilya Sutskever", 
          "Pieter Abbeel"
        ], 
        "citeRegEx": "Chen et al\\.,? \\Q2016\\E", 
        "venue": "In Advances in Neural Information Processing Systems,", 
        "year": 2016, 
        "title": "Infogan: Interpretable representation learning by information maximizing generative adversarial nets"
      }, 
      {
        "shortCiteRegEx": "Goodfellow et al\\.", 
        "author": [
          "Ian Goodfellow", 
          "Jean Pouget-Abadie", 
          "Mehdi Mirza", 
          "Bing Xu", 
          "David Warde-Farley", 
          "Sherjil Ozair", 
          "Aaron Courville", 
          "Yoshua Bengio"
        ], 
        "citeRegEx": "Goodfellow et al\\.,? \\Q2014\\E", 
        "venue": "In Advances in neural information processing systems,", 
        "year": 2014, 
        "title": "Generative adversarial nets"
      }, 
      {
        "shortCiteRegEx": "Gragera and Suppakitpaisarn.", 
        "author": [
          "Alonso Gragera", 
          "Vorapong Suppakitpaisarn"
        ], 
        "citeRegEx": "Gragera and Suppakitpaisarn.,? \\Q2016\\E", 
        "venue": "In International Workshop on Algorithms and Computation,", 
        "year": 2016, 
        "title": "Semimetric properties of s\u00f8rensen-dice and tversky indexes"
      }, 
      {
        "shortCiteRegEx": "Gupta et al\\.", 
        "author": [
          "Savita Gupta", 
          "Akshay Gore", 
          "Satish Kumar", 
          "Sneh Mani", 
          "PK Srivastava"
        ], 
        "citeRegEx": "Gupta et al\\.,? \\Q2017\\E", 
        "venue": "Signal, Image and Video Processing,", 
        "year": 2017, 
        "title": "Objective color image quality assessment based on sobel magnitude"
      }, 
      {
        "shortCiteRegEx": "LeCun et al\\.", 
        "author": [
          "Yann LeCun", 
          "Sumit Chopra", 
          "Raia Hadsell", 
          "M Ranzato", 
          "F Huang"
        ], 
        "citeRegEx": "LeCun et al\\.,? \\Q2006\\E", 
        "venue": "Predicting structured data,", 
        "year": 2006, 
        "title": "A tutorial on energy-based learning"
      }, 
      {
        "shortCiteRegEx": "Liu and Tuzel.", 
        "author": [
          "Ming-Yu Liu", 
          "Oncel Tuzel"
        ], 
        "citeRegEx": "Liu and Tuzel.,? \\Q2016\\E", 
        "venue": "In Advances in neural information processing systems,", 
        "year": 2016, 
        "title": "Coupled generative adversarial networks"
      }, 
      {
        "shortCiteRegEx": "Liu et al\\.", 
        "author": [
          "Ziwei Liu", 
          "Ping Luo", 
          "Xiaogang Wang", 
          "Xiaoou Tang"
        ], 
        "citeRegEx": "Liu et al\\.,? \\Q2015\\E", 
        "venue": "In Proceedings of International Conference on Computer Vision (ICCV),", 
        "year": 2015, 
        "title": "Deep learning face attributes in the wild"
      }, 
      {
        "shortCiteRegEx": "Radford et al\\.", 
        "author": [
          "Alec Radford", 
          "Luke Metz", 
          "Soumith Chintala"
        ], 
        "citeRegEx": "Radford et al\\.,? \\Q2015\\E", 
        "venue": "[cs.LG],", 
        "year": 2015, 
        "title": "Unsupervised representation learning with deep convolutional generative adversarial networks"
      }, 
      {
        "shortCiteRegEx": "Wang and Bovik.", 
        "author": [
          "Zhou Wang", 
          "Alan C Bovik"
        ], 
        "citeRegEx": "Wang and Bovik.,? \\Q2006\\E", 
        "venue": "Synthesis Lectures on Image, Video, and Multimedia Processing,", 
        "year": 2006, 
        "title": "Modern image quality assessment"
      }, 
      {
        "shortCiteRegEx": "Wang et al\\.", 
        "author": [
          "Zhou Wang", 
          "Alan C Bovik", 
          "Hamid R Sheikh", 
          "Eero P Simoncelli"
        ], 
        "citeRegEx": "Wang et al\\.,? \\Q2004\\E", 
        "venue": "IEEE transactions on image processing,", 
        "year": 2004, 
        "title": "Image quality assessment: from error visibility to structural similarity"
      }, 
      {
        "shortCiteRegEx": "Xue et al\\.", 
        "author": [
          "Wufeng Xue", 
          "Lei Zhang", 
          "Xuanqin Mou", 
          "Alan C Bovik"
        ], 
        "citeRegEx": "Xue et al\\.,? \\Q2014\\E", 
        "venue": "IEEE Transactions on Image Processing,", 
        "year": 2014, 
        "title": "Gradient magnitude similarity deviation: A highly efficient perceptual image quality index"
      }, 
      {
        "shortCiteRegEx": "Zhao et al\\.", 
        "author": [
          "Junbo Zhao", 
          "Michael Mathieu", 
          "Yann LeCun"
        ], 
        "citeRegEx": "Zhao et al\\.,? \\Q2016\\E", 
        "venue": "[cs.LG],", 
        "year": 2016, 
        "title": "Energy-based generative adversarial network"
      }
    ], 
    "authors": [], 
    "abstractText": "We propose a new, multi-component energy function for energy-based Generative Adversarial Networks (GANs) based on methods from the image quality assessment literature. Our approach expands on the Boundary Equilibrium Generative Adversarial Network (BEGAN) by outlining some of the short-comings of the original energy and loss functions. We address these short-comings by incorporating an l1 score, the Gradient Magnitude Similarity score, and a chrominance score into the new energy function. We then provide a set of systematic experiments that explore its hyper-parameters. We show that each of the energy function\u2019s components is able to represent a slightly different set of features, which require their own evaluation criteria to assess whether they have been adequately learned. We show that models using the new energy function are able to produce better image representations than the BEGAN model in predicted ways.", 
    "sections": [
      {
        "text": "", 
        "heading": "1 INTRODUCTION"
      }, 
      {
        "text": "Radford et al. (2015) demonstrated that Generative Adversarial Networks (GANs) are a good unsupervised technique for learning representations of images for the generative modeling of 2D images. Since then, a number of improvements have been made. First, Zhao et al. (2016) modified the error signal of the deep neural network from the original, single parameter criterion to a multi-parameter criterion using auto-encoder reconstruction loss. Berthelot et al. (2017) then further modified the loss function from a hinge loss to the Wasserstein distance between loss distributions. For each modification, the proposed changes improved the resulting output to visual inspection (see Appendix A Figure 4, Row 1 for the output of the most recent, BEGAN model). We propose a new loss function, building on the changes of the BEGAN model (called the scaled BEGAN GMSM) that further modifies the loss function to handle a broader range of image features within its internal representation.", 
        "heading": "1.1 IMPROVING LEARNED REPRESENTATIONS FOR GENERATIVE MODELING"
      }, 
      {
        "text": "Generative Adversarial Networks are a form of two-sample or hypothesis testing that uses a classifier, called a discriminator, to distinguish between observed (training) data and data generated by the model or generator. Training is then simplified to a competing (i.e., adversarial) objective between the discriminator and generator, where the discriminator is trained to better differentiate training from generated data, and the generator is trained to better trick the discriminator into thinking its generated data is real. The convergence of a GAN is achieved when the generator and discriminator reach a Nash equilibrium, from a game theory point of view (Zhao et al., 2016).\nIn the original GAN specification, the task is to learn the generator\u2019s distribution pG over data x (Goodfellow et al., 2014). To accomplish this, one defines a generator function G(z; \u03b8G), which produces an image using a noise vector z as input, and G is a differentiable function with parameters \u03b8G. The discriminator is then specified as a second function D(x; \u03b8D) that outputs a scalar representing the probability that x came from the data rather than pG. D is then trained to maximize the probability of assigning the correct labels to the data and the image output of G while G\nis trained to minimize the probability that D assigns its output to the fake class, or 1 \u2212 D(G(z)). Although G and D can be any differentiable functions, we will only consider deep convolutional neural networks in what follows.\nZhao et al. (2016) initially proposed a shift from the original single-dimensional criterion\u2014the scalar class probability\u2014to a multidimensional criterion by constructing D as an autoencoder. The image output by the autoencoder can then be directly compared to the output of G using one of the many standard distance functions (e.g., l1 norm, mean square error). However, Zhao et al. (2016) also proposed a new interpretation of the underlying GAN architecture in terms of an energy-based model (LeCun et al., 2006).", 
        "heading": "1.2 GENERATIVE ADVERSARIAL NETWORKS"
      }, 
      {
        "text": "The basic idea of energy-based models (EBMs) is to map an input space to a single scalar or set of scalars (called its \u201cenergy\u201d) via the construction of a function (LeCun et al., 2006). Learning in this framework modifies the energy surface such that desirable pairings get low energies while undesirable pairings get high energies. This framework allows for the interpretation of the discriminator (D) as an energy function that lacks any explicit probabilistic interpretation (Zhao et al., 2016). In this view, the discriminator is a trainable cost function for the generator that assigns low energy values to regions of high data density and high energy to the opposite. The generator is then interpreted as a trainable parameterized function that produces samples in regions assigned low energy by the discriminator. To accomplish this setup, Zhao et al. (2016) first define the discriminator\u2019s energy function as the mean square error of the reconstruction loss of the autoencoder, or:\nED(x) = ||Decoder(Encoder(x))\u2212 x|| (1)\nZhao et al. (2016) then define the loss function for their discriminator using a form of margin loss.\nLD(x, z) = ED(x) + [m\u2212 ED(G(z))]+ (2)\nwhere m is a constant and [\u00b7]+ = max(0, \u00b7). They define the loss function for their generator:\nLG(z) = ED(G(z)) (3)\nThe authors then prove that, if the system reaches a Nash equilibrium, then the generator will produce samples that cannot be distinguished from the dataset. Problematically, simple visual inspection can easily distinguish the generated images from the dataset.", 
        "heading": "1.3 ENERGY-BASED GENERATIVE ADVERSARIAL NETWORKS"
      }, 
      {
        "text": "It is clear that, despite the mathematical proof of Zhao et al. (2016), humans can distinguish the images generated by energy-based models from real images. There are two direct approaches that could provide insight into this problem, both of which are outlined in the original paper. The first approach that is discussed by Zhao et al. (2016) changes Equation 2 to allow for better approximations than m. The BEGAN model takes this approach. The second approach addresses Equation 1, but was only implicitly addressed when (Zhao et al., 2016) chose to change the original GAN to use the reconstruction error of an autoencoder instead of a binary logistic energy function. We chose to take the latter approach while building on the work of BEGAN.\nOur main contributions are as follows:\n\u2022 An energy-based formulation of BEGAN\u2019s solution to the visual problem. \u2022 An energy-based formulation of the problems with Equation 1. \u2022 Experiments that explore the different hyper-parameters of the new energy function. \u2022 Evaluations that provide greater detail into the learned representations of the model. \u2022 A demonstration that scaled BEGAN+GMSM can be used to generate better quality images\nfrom the CelebA dataset at 128x128 pixel resolution than the original BEGAN model in quantifiable ways.", 
        "heading": "1.4 DEFINING THE PROBLEM"
      }, 
      {
        "text": "", 
        "heading": "2 IMPROVING THE ENERGY-BASED MODEL OF GANS"
      }, 
      {
        "text": "The Boundary Equilibrium Generative Adversarial Network (BEGAN) makes a number of modifications to the original energy-based approach. However, the most important contribution can be summarized in its changes to Equation 2. In place of the hinge loss, Berthelot et al. (2017) use the Wasserstein distance between the autoencoder reconstruction loss distributions of G and D. They also add three new hyper-parameters in place of m: kt, \u03bbk, and \u03b3. Using an energy-based approach, we get the following new equation:\nLD(x, z) = ED(x)\u2212 kt \u00b7 ED(G(z)) (4)\nThe value of kt is then defined as:\nkt+1 = kt + \u03bbk(\u03b3ED(x)\u2212 ED(G(z))) for each t (5)\nwhere kt \u2208 [0, 1] is the emphasis put on E(G(z)) at training step t for the gradient of ED, \u03bbk is the learning rate for k, and \u03b3 \u2208 [0, 1]. Both Equations 2 and 4 are describing the same phenomenon: the discriminator is doing well if either 1) it is properly reconstructing the real images or 2) it is detecting errors in the reconstruction of the generated images. Equation 4 just changes how the model achieves that goal. In the original equation (Equation 2), we punish the discriminator (LD \u2192 \u221e) when the generated input is doing well (ED(G(z)) \u2192 0). In Equation 4, we reward the discriminator (LD \u2192 0) when the generated input is doing poorly (ED(G(z))\u2192\u221e). What is also different between Equations 2 and 4 is the way their boundaries function. In Equation 2, m only acts as a one directional boundary that removes the impact of the generated input on the discriminator if ED(G(z)) > m. In Equation 5, \u03b3ED(x) functions in a similar but more complex way by adding a dependency to ED(x). Instead of 2 conditions on either side of the boundary m, there are now four:\n1. If \u03b3ED(x) > ED(G(z)) and ED(G(z)) \u2192 \u221e, then LD \u2192 0 and it is accelerating as kt \u2192 1. 2. If \u03b3ED(x) > ED(G(z)) and ED(G(z)) \u2192 0, then LD \u2192 ED(x) and it is accelerating as kt \u2192 1. 3. If \u03b3ED(x) < ED(G(z)) and ED(G(z)) \u2192 \u221e, then LD \u2192 0 and it is decelerating as kt \u2192 0. 4. If \u03b3ED(x) < ED(G(z)) and ED(G(z)) \u2192 0, then LD \u2192 \u221e and it is decelerating as kt \u2192 0.\nThe optimal condition is condition 1 Berthelot et al. (2017). Thus, the BEGAN model tries to keep the energy of the generated output approaching the limit of the energy of the real images. As the latter will change over the course of learning, the resulting boundary dynamically establishes an equilibrium between the energy state of the real and generated input.1\nIt is not particularly surprising that these modifications to Equation 2 show improvements. Zhao et al. (2016) devote an appendix section to the correct selection of m and explicitly mention that the \u201cbalance between... real and fake samples[s]\u201d (italics theirs) is crucial to the correct selection of m. Unsurprisingly, a dynamically updated parameter that accounts for this balance is likely to be the best instantiation of the authors\u2019 intuitions and visual inspection of the resulting output supports this (see Berthelot et al., 2017). We chose a slightly different approach to improving the proposed loss function by changing the original energy function (Equation 1).", 
        "heading": "2.1 BOUNDARY EQUILIBRIUM GENERATIVE ADVERSARIAL NETWORKS"
      }, 
      {
        "text": "In the original description of the energy-based approach to GANs, the energy function was defined as the mean square error (MSE) of the reconstruction loss of the autoencoder (Equation 1). Our first\n1For a much more detailed and formal account that is beyond the scope of the current paper, see (Berthelot et al., 2017).\ninsight was a trivial generalization of Equation 1:\nE(x) = \u03b4(D(x), x) (6) where \u03b4 is some distance function. This more general equation suggests that there are many possible distance functions that could be used to describe the reconstruction error and that the selection of \u03b4 is itself a design decision for the resulting energy and loss functions. Not surprisingly, an entire field of study exists that focuses on the construction of similar \u03b4 functions in the image domain: the field of image quality assessment (IQA).\nThe field of IQA focuses on evaluating the quality of digital images (Wang & Bovik, 2006). IQA is a rich and diverse field that merits substantial further study. However, for the sake of this paper, we want to emphasize three important findings from this field. First, distance functions like \u03b4 are called full-reference IQA (or FR-IQA) functions because the reconstruction (D(x)) has a \u2018true\u2019 or undistorted reference image (x) which it can be evaluated from Wang et al. (2004). Second, IQA researchers have known for a long time that MSE is a poor indicator of image quality (Wang & Bovik, 2006). And third, there are numerous other functions that are better able to indicate image quality. We explain each of these points below.\nOne way to view the FR-IQA approach is in terms of a reference and distortion vector. In this view, an image is represented as a vector whose dimensions correspond with the pixels of the image. The reference image sets up the initial vector from the origin, which defines the original, perfect image. The distorted image is then defined as another vector defined from the origin. The vector that maps the reference image to the distorted image is called the distortion vector and FR-IQA studies how to evaluate different types of distortion vectors. In terms of our energy-based approach and Equation 6, the distortion vector is measured by \u03b4 and it defines the surface of the energy function.\nMSE is one of the ways to measure distortion vectors. It is based in a paradigm that views the loss of quality in an image in terms of the visibility of an error signal, which MSE quantifies. Problematically, it has been shown that MSE actually only defines the length of a distortion vector not its type (Wang & Bovik, 2006). For any given reference image vector, there are an entire hypersphere of other image vectors that can be reached by a distortion vector of a given size (i.e., that all have the same MSE from the reference image; see Figure 1).\nA number of different measurement techniques have been created that improve upon MSE (for a review, see Chandler, 2013). Often these techniques are defined in terms of the similarity (S) between the reference and distorted image, where \u03b4 = 1\u2212S. One of the most notable improvements is the Structural Similarity Index (SSIM), which measures the similarity of the luminance, contrast, and structure of the reference and distorted image using the following similarity function:2\nS(vd,vr) = 2vdvr + C\nv2d + v 2 r + C\n(7)\nwhere vd is the distorted image vector, vr is the reference image vector, C is a constant, and all multiplications occur element-wise Wang & Bovik (2006).3 This function has a number of desirable\n2The SSIM similarity function is reminiscent of the Dice-Sorensen distance function. It is worth noting that the Dice-Sorensen distance function does not satisfy the triangle inequality for sets Gragera & Suppakitpaisarn (2016). Since sets are a restricted case for Equation 7, where all the values are either 0 or 1, we can conclude that the corresponding distance of Equation 7 also fails to satisfy the triangle inequality. Consequently, it is not a true distance metric.\n3We use C = 0.0026 following the work on cQS described below Gupta et al. (2017).\nfeatures. It is symmetric (i.e., S(vd, vr) = S(vr, vd), bounded by 1 (and 0 for x > 0), and it has a unique maximum of 1 only when vd = vr. Although we chose not to use SSIM as our energy function (\u03b4) as it can only handle black-and-white images, its similarity function (Equation 7) informs our chosen technique.\nThe above discussion provides some insights into why visual inspection fails to show this correspondence between real and generated output of the resulting models, even though Zhao et al. (2016) proved that the generator should produce samples that cannot be distinguished from the dataset. The original proof by Zhao et al. (2016) did not account for Equation 1. Thus, when Zhao et al. (2016) show that their generated output should be indistinguishable from real images, what they are actually showing is that it should be indistinguishable from the real images plus some residual distortion vector described by \u03b4. Yet, we have just shown that MSE (the author\u2019s chosen \u03b4) can only constrain the length of the distortion vector, not its type. Consequently, it is entirely possible for two systems using MSE for \u03b4 to have both reached a Nash equilibrium, have the same energy distribution, and yet have radically different internal representations of the learned images. The energy function is as important as the loss function for defining the data distribution.", 
        "heading": "2.2 FINDING A NEW ENERGY FUNCTION VIA IMAGE QUALITY ASSESSMENT"
      }, 
      {
        "text": "Rather than assume that any one distance function would suffice to represent all of the various features of real images, we chose to use a multi-component approach for defining \u03b4. In place of the luminance, contrast, and structural similarity of SSIM, we chose to evaluate the l1 norm, the gradient magnitude similarity score (GMS), and a chrominance similarity score (Chrom). We outline the latter two in more detail below.\nThe GMS score and chrom scores derive from an FR-IQA model called the color Quality Score (cQS; Gupta et al., 2017). The cQS uses GMS and chrom as its two components. First, it converts images to the YIQ color space model. In this model, the three channels correspond to the luminance information (Y) and the chrominance information (I and Q). Second, GMS is used to evaluate the local gradients across the reference and distorted images on the luminance dimension in order to compare their edges. This is performed by convolving a 3 \u00d7 3 Sobel filter in both the horizontal and vertical directions of each image to get the corresponding gradients. The horizontal and vertical gradients are then collapsed to the gradient magnitude of each image using the Euclidean distance.4 The similarity between the gradient magnitudes of the reference and distorted image are then compared using Equation 7. Third, Equation 7 is used to directly compute the similarity between the I and Q color dimensions of each image. The mean is then taken of the GMS score (resulting in the GMSM score) and the combined I and Q scores (resulting in the Chrom score).\nIn order to experimentally evaluate how each of the different components contribute to the underlying image representations, we defined the following, multi-component energy function:\nED = \u2211 \u03b4\u2208D \u03b4(D(x), x)\u03b2d\u2211\n\u03b4\u2208D \u03b2d (8)\nwhere \u03b2d is the weight that determines the proportion of each \u03b4 to include for a given model, and D includes the l1 norm, GMSM, and the chrominance part of cQS as individual \u03b4s. In what follows, we experimentally evaluate each of the energy function components(\u03b2) and some of their combinations.", 
        "heading": "2.3 A NEW ENERGY FUNCTION"
      }, 
      {
        "text": "", 
        "heading": "3 EXPERIMENTS"
      }, 
      {
        "text": "We conducted extensive quantitative and qualitative evaluation on the CelebA dataset of face images Liu et al. (2015). This dataset has been used frequently in the past for evaluating GANs Radford et al. (2015); Zhao et al. (2016); Chen et al. (2016); Liu & Tuzel (2016). We evaluated 12 different models in a number of combinations (see Table 1). They are as follows. Models 1, 7, and 11 are the original BEGAN model. Models 2 and 3 only use the GMSM and chrominance distance functions, respectively. Models 4 and 8 are the BEGAN model plus GMSM. Models 5 and 9 use all three\n4For a detailed outline of the original GMS function, see Xue et al. (2014).", 
        "heading": "3.1 METHOD"
      }, 
      {
        "text": "", 
        "heading": "10 64 0.7 2 1 0"
      }, 
      {
        "text": "", 
        "heading": "11 128 0.7 1 0 0"
      }, 
      {
        "text": "distance functions (BEGAN+GMSM+Chrom). Models 6, 10, and 12 use a \u2019scaled\u2019 BEGAN model (\u03b2l1 = 2) with GMSM. All models with different model numbers but the same \u03b2d values differ in their \u03b3 values or the output image size.", 
        "heading": "12 128 0.7 2 1 0"
      }, 
      {
        "text": "All of the models we evaluate in this paper are based on the architecture of the BEGAN model Berthelot et al. (2017).5 We trained the models using Adam with a batch size of 16, \u03b21 of 0.9, \u03b22 of 0.999, and an initial learning rate of 0.00008, which decayed by a factor of 2 every 100,000 epochs.\nParameters kt and k0 were set at 0.001 and 0, respectively (see Equation 5). The \u03b3 parameter was set relative to the model (see Table 1).\nMost of our experiments were performed on 64 \u00d7 64 pixel images with a single set of tests run on 128 \u00d7 128 images. The number of convolution layers were 3 and 4, respectively, with a constant down-sampled size of 8 \u00d7 8. We found that the original size of 64 for the input vector (Nz) and hidden state (Nh) resulted in modal collapse for the models using GMSM. However, we found that this was fixed by increasing the input size to 128 and 256 for the 64 and 128 pixel images, respectively. We used Nz = 128 for all models except 12 (scaled BEGAN+GMSM), which used 256. Nz always equaled Nh in all experiments.\nModels 2-3 were run for 18,000 epochs, 1 and 4-10 were run for 100,000 epochs, and 11-12 were run for 300,000 epochs. Models 2-4 suffered from modal collapse immediately and 5 (BEGAN+GMSM+Chrom) collapsed around epoch 65,000 (see Appendix A Figure 4 rows 2-5).", 
        "heading": "3.2 SETUP"
      }, 
      {
        "text": "We performed two evaluations. First, to evaluate whether and to what extent the models were able to capture the relevant properties of each associated distance function, we compared the mean and standard deviation of the error scores. We calculated them for each distance function over all epochs of all models. We chose to use the mean rather than the minimum score as we were interested in how each model performs as a whole, rather than at some specific epoch. All calculations use the distance, or one minus the corresponding similarity score, for both the gradient magnitude and chrominance values.\nReduced pixelation is an artifact of the intensive scaling for image presentation (up to 4\u00d7). All images in the qualitative evaluations were upscaled from their original sizes using cubic image sampling so that they can be viewed at larger sizes. Consequently, the apparent smoothness of the scaled images is not a property of the model.\n5The code for the model and all related experiments are currently available on Github. Links will be included post-review.", 
        "heading": "3.3 EVALUATIONS"
      }, 
      {
        "text": "GANs are used to generate different types of images. Which image components are important depends on the domain of these images. Our results suggest that models used in any particular GAN application should be customized to emphasize the relevant components\u2014there is not a one-sizefits-all component choice. We discuss the results of our four evaluations below.", 
        "heading": "3.4 RESULTS"
      }, 
      {
        "text": "Results were as expected: the three different distance functions captured different features of the underlying image representations. We compared all of the models in terms of their means and standard deviations of the error score of the associated distance functions (see Table 2). In particular, each of models 1-3 only used one of the distance functions and had the lowest error for the associated function (e.g., model 2 was trained with GMSM and has the lowest GMSM error score). Models 4-6 expanded on the first three models by examining the distance functions in different combinations. Model 5 (BEGAN+GMSM+Chrom) had the lowest chrominance error score and Model 6 (scaled BEGAN+GMSM) had the lowest scores for l1 and GMSM of any model using a \u03b3 of 0.5.\nFor the models with \u03b3 set at 0.7, models 7-9 showed similar results to the previous scores. Model 8 (BEGAN+GMSM) scored the lowest GMSM score overall and model 9 (BEGAN+GMSM+Chrom) scored the lowest chrominance score of the models that did not suffer from modal collapse. For the two models that were trained to generate 128 \u00d7 128 pixel images, model 12 (scaled BEGAN+GMSM) had the lowest error scores for l1 and GMSM, and model 11 (BEGAN) had the lowest score for chrominance. Model 12 had the lowest l1 score, overall.", 
        "heading": "3.4.1 MEANS AND STANDARD DEVIATIONS OF ERROR SCORES"
      }, 
      {
        "text": "Subjective visual comparison of the gradient magnitudes in column S of Figure 2 shows there are more black pixels for model 11 (row 11D) when comparing real images before and after autoencoding. This indicates a lower similarity in the autoencoder. Model 12 (row 12D) has a higher similarity between the original and autoencoded real images as indicated by fewer black pixels. This pattern continues for the generator output (rows 11G and 12G), but with greater similarity between the gradients of the original and autoencoded images than the real images (i.e., fewer black pixels overall).\nThe visual comparison of chrominance and related similarity score also weakly supported our hypotheses (see Figure 3). All of the models show a strong ability to capture the I dimension (blue-red)\nof the YIQ color space, but only model 9 (BEGAN+GMSM+Chrom) is able to accurately capture the relevant information in the Q dimension (green-purple).", 
        "heading": "3.4.2 VISUAL COMPARISON OF SIMILARITY SCORES"
      }, 
      {
        "text": "We bring an energy-based formulation to the BEGAN model and some of the problems of the energy function originally proposed in Zhao et al. (2016). We proposed a new, multi-component energy function on the basis of research from the Image Quality Assessment literature. The scaled BEGAN+GMSM model produces better image representations than its competitors in ways that can be measured using subjective evaluations of the associated features (e.g., luminance gradient similarity, chrominance similarity). For future work, we would like to extend this research to encompass other datasets and FR-IQA energy functions.", 
        "heading": "4 OUTLOOK"
      }, 
      {
        "text": "B.1 DIVERSITY OF LATENT SPACE\nFurther evidence that the models can generalize, and not merely memorize the input, can be seen in the linear interpolations in the latent space of z. In Figure 5 models 11 (BEGAN) and 12 (scaled BEGAN+GMSM) show smooth interpolation in gender, rotation, facial expression, hairstyle, and angle of the face.\nB.2 THE BEGAN CONVERGENCE MEASURE\nWe compared the convergence measure scores for models 11 and 12 across all 300,000 epochs (see Figure 6; Berthelot et al. 2017). The convergence measure is defined as follows\nMglobal = ED(x) + |\u03b3ED(x)\u2212 ED(G(z))| (9)\nwhere the energy function is defined as per Equation 8. Due to the variance in this measure, we applied substantial Gaussian smoothing (\u03c3 = 0.9) to enhance the main trends. The output of a single generated image is also included for every 40,000 epochs, starting with epoch 20,000 and ending on epoch 300,000. Model 11 showed better (greater) convergence over the 300,000 epochs (as indicated by a lower convergence measure score). Both models continue to show that the convergence measure correlates with better images as the models converge.", 
        "heading": "B FURTHER EVALUATIONS"
      }
    ], 
    "emails": []
  }
}