{
  "name": "S1Dh8Tg0-.pdf", 
  "metadata": {
    "title": "FIX YOUR CLASSIFIER: THE MARGINAL VALUE OF TRAINING THE LAST WEIGHT LAYER", 
    "year": 2018, 
    "referenceMentions": [
      {
        "referenceID": 21, 
        "startOffset": 122, 
        "context": "CNN models are currently considered the standard for visual tasks, allowing far better accuracy than preceding approaches (Krizhevsky et al., 2012; He et al., 2016; Szegedy et al., 2015).", 
        "endOffset": 186
      }, 
      {
        "referenceID": 8, 
        "startOffset": 122, 
        "context": "CNN models are currently considered the standard for visual tasks, allowing far better accuracy than preceding approaches (Krizhevsky et al., 2012; He et al., 2016; Szegedy et al., 2015).", 
        "endOffset": 186
      }, 
      {
        "referenceID": 41, 
        "startOffset": 122, 
        "context": "CNN models are currently considered the standard for visual tasks, allowing far better accuracy than preceding approaches (Krizhevsky et al., 2012; He et al., 2016; Szegedy et al., 2015).", 
        "endOffset": 186
      }, 
      {
        "referenceID": 15, 
        "startOffset": 76, 
        "context": "Past work noted the fact that predefined (Park & Sandberg, 1991) and random (Huang et al., 2006) projections can be used together with a learned affine transformation to achieve competitive results on several tasks.", 
        "endOffset": 96
      }, 
      {
        "referenceID": 22, 
        "startOffset": 30, 
        "context": "Earlier architectures of CNNs (LeCun et al., 1998; Krizhevsky et al., 2012) used a set of fully-connected layers at later stage of the network, presumably to allow classification based on global features of an image.", 
        "endOffset": 75
      }, 
      {
        "referenceID": 21, 
        "startOffset": 30, 
        "context": "Earlier architectures of CNNs (LeCun et al., 1998; Krizhevsky et al., 2012) used a set of fully-connected layers at later stage of the network, presumably to allow classification based on global features of an image.", 
        "endOffset": 75
      }, 
      {
        "referenceID": 6, 
        "startOffset": 325, 
        "context": "Despite the enormous number of trainable parameters these layers added to the model, they are known to have a rather marginal impact on the final performance of the network (Zeiler & Fergus, 2014) and are easily compressed and reduced after a model was trained by simple means such as matrix decomposition and sparsification (Han et al., 2015).", 
        "endOffset": 343
      }, 
      {
        "referenceID": 41, 
        "startOffset": 115, 
        "context": "Further more, modern architecture choices are characterized with the removal of most of the fully connected layers (Lin et al., 2013; Szegedy et al., 2015; He et al., 2016), which was found to lead to better generalization and overall accuracy, together with a huge decrease in the number of trainable parameters.", 
        "endOffset": 172
      }, 
      {
        "referenceID": 8, 
        "startOffset": 115, 
        "context": "Further more, modern architecture choices are characterized with the removal of most of the fully connected layers (Lin et al., 2013; Szegedy et al., 2015; He et al., 2016), which was found to lead to better generalization and overall accuracy, together with a huge decrease in the number of trainable parameters.", 
        "endOffset": 172
      }, 
      {
        "referenceID": 2, 
        "startOffset": 89, 
        "context": "Additionally, numerous works showed that CNNs can be trained in a metric learning regime (Bromley et al., 1994; Schroff et al., 2015; Hoffer & Ailon, 2015), where no explicit classification layer was introduced and the objective regarded only distance measures between intermediate representations.", 
        "endOffset": 155
      }, 
      {
        "referenceID": 34, 
        "startOffset": 89, 
        "context": "Additionally, numerous works showed that CNNs can be trained in a metric learning regime (Bromley et al., 1994; Schroff et al., 2015; Hoffer & Ailon, 2015), where no explicit classification layer was introduced and the objective regarded only distance measures between intermediate representations.", 
        "endOffset": 155
      }, 
      {
        "referenceID": 4, 
        "startOffset": 171, 
        "context": "As we will show for the first time, this property holds even in largescale models and classification tasks, such as recent architectures trained on the ImageNet benchmark (Deng et al., 2009).", 
        "endOffset": 190
      }, 
      {
        "referenceID": 8, 
        "startOffset": 63, 
        "context": "Network Dataset Learned Fixed # Params % Fixed params Resnet56 (He et al., 2016) Cifar10 93.", 
        "endOffset": 80
      }, 
      {
        "referenceID": 14, 
        "startOffset": 61, 
        "context": "Following the same procedure, we trained a Densenet169 model (Huang et al., 2017) for which a fixed classifier reduced about 12% of the parameters.", 
        "endOffset": 81
      }, 
      {
        "referenceID": 46, 
        "startOffset": 77, 
        "context": "Moreover, many recent theoretical results related to neural network training (Soudry & Hoffer, 2017; Xie et al., 2016; Safran & Shamir, 2016; Soltanolkotabi et al., 2017; Soudry & Carmon, 2016) and even generalization (Gunasekar et al.", 
        "endOffset": 193
      }, 
      {
        "referenceID": 35, 
        "startOffset": 77, 
        "context": "Moreover, many recent theoretical results related to neural network training (Soudry & Hoffer, 2017; Xie et al., 2016; Safran & Shamir, 2016; Soltanolkotabi et al., 2017; Soudry & Carmon, 2016) and even generalization (Gunasekar et al.", 
        "endOffset": 193
      }, 
      {
        "referenceID": 5, 
        "startOffset": 55, 
        "context": ", 2017; Soudry & Carmon, 2016) and even generalization (Gunasekar et al., 2017; Advani & Saxe, 2017; Wilson et al., 2017) usually assume over-specification.", 
        "endOffset": 121
      }, 
      {
        "referenceID": 45, 
        "startOffset": 55, 
        "context": ", 2017; Soudry & Carmon, 2016) and even generalization (Gunasekar et al., 2017; Advani & Saxe, 2017; Wilson et al., 2017) usually assume over-specification.", 
        "endOffset": 121
      }, 
      {
        "referenceID": 18, 
        "startOffset": 183, 
        "context": "Recent works have already found empirically that using the same weights for both word embedding and classifier can yield equal or better results than using a separate pair of weights (Inan et al., 2016; Press & Wolf, 2017; Vaswani et al., 2017).", 
        "endOffset": 244
      }, 
      {
        "referenceID": 44, 
        "startOffset": 183, 
        "context": "Recent works have already found empirically that using the same weights for both word embedding and classifier can yield equal or better results than using a separate pair of weights (Inan et al., 2016; Press & Wolf, 2017; Vaswani et al., 2017).", 
        "endOffset": 244
      }, 
      {
        "referenceID": 20, 
        "startOffset": 131, 
        "context": "In the last couple of years a we observe a rapid growth in the number of classes benchmark datasets contain, for example: Cifar100 (Krizhevsky, 2009), ImageNet1K, ImageNet22k (Deng et al.", 
        "endOffset": 149
      }, 
      {
        "referenceID": 4, 
        "startOffset": 175, 
        "context": "In the last couple of years a we observe a rapid growth in the number of classes benchmark datasets contain, for example: Cifar100 (Krizhevsky, 2009), ImageNet1K, ImageNet22k (Deng et al., 2009) and language modeling (Merity et al.", 
        "endOffset": 194
      }, 
      {
        "referenceID": 8, 
        "startOffset": 17, 
        "context": "Using a Resnet50 (He et al., 2016), with a 2048 sized representation, this led to a model with over 36M parameters.", 
        "endOffset": 34
      }, 
      {
        "referenceID": 13, 
        "startOffset": 2, 
        "context": "5 (Howard et al., 2017) where N = 512, or reduced version of ResNet (He et al.", 
        "endOffset": 23
      }, 
      {
        "referenceID": 8, 
        "startOffset": 52, 
        "context": ", 2017) where N = 512, or reduced version of ResNet (He et al., 2016) where N = 256.", 
        "endOffset": 69
      }, 
      {
        "referenceID": 29, 
        "startOffset": 13, 
        "context": "Recent works (Neyshabur et al., 2017; Bartlett et al., 2017) suggested a connection between generalization capabilities of models and various norm-related quantities of their weights.", 
        "endOffset": 60
      }, 
      {
        "referenceID": 1, 
        "startOffset": 13, 
        "context": "Recent works (Neyshabur et al., 2017; Bartlett et al., 2017) suggested a connection between generalization capabilities of models and various norm-related quantities of their weights.", 
        "endOffset": 60
      }
    ], 
    "source": "CRF", 
    "creator": "LaTeX with hyperref package", 
    "references": [
      {
        "shortCiteRegEx": "Advani and Saxe.", 
        "author": [
          "Madhu S Advani", 
          "Andrew M Saxe"
        ], 
        "citeRegEx": "Advani and Saxe.,? \\Q2017\\E", 
        "venue": "arXiv preprint arXiv:1710.03667,", 
        "year": 2017, 
        "title": "High-dimensional dynamics of generalization error in neural networks"
      }, 
      {
        "shortCiteRegEx": "Bartlett et al\\.", 
        "author": [
          "Peter Bartlett", 
          "Dylan J Foster", 
          "Matus Telgarsky"
        ], 
        "citeRegEx": "Bartlett et al\\.,? \\Q2017\\E", 
        "venue": "arXiv preprint arXiv:1706.08498,", 
        "year": 2017, 
        "title": "Spectrally-normalized margin bounds for neural networks"
      }, 
      {
        "shortCiteRegEx": "Bromley et al\\.", 
        "author": [
          "Jane Bromley", 
          "Isabelle Guyon", 
          "Yann LeCun", 
          "Eduard S\u00e4ckinger", 
          "Roopak Shah"
        ], 
        "citeRegEx": "Bromley et al\\.,? \\Q1994\\E", 
        "venue": "siamese\u201d time delay neural network. In Advances in Neural Information Processing Systems,", 
        "year": 1994, 
        "title": "Signature verification using a"
      }, 
      {
        "shortCiteRegEx": "Courbariaux et al\\.", 
        "author": [
          "Matthieu Courbariaux", 
          "Yoshua Bengio", 
          "Jean-Pierre David"
        ], 
        "citeRegEx": "Courbariaux et al\\.,? \\Q2015\\E", 
        "venue": "In Advances in Neural Information Processing Systems,", 
        "year": 2015, 
        "title": "Binaryconnect: Training deep neural networks with binary weights during propagations"
      }, 
      {
        "shortCiteRegEx": "Deng et al\\.", 
        "author": [
          "Jia Deng", 
          "Wei Dong", 
          "Richard Socher", 
          "Li-Jia Li", 
          "Kai Li", 
          "Li Fei-Fei"
        ], 
        "citeRegEx": "Deng et al\\.,? \\Q2009\\E", 
        "venue": "In Computer Vision and Pattern Recognition,", 
        "year": 2009, 
        "title": "Imagenet: A large-scale hierarchical image database"
      }, 
      {
        "shortCiteRegEx": "Gunasekar et al\\.", 
        "author": [
          "Suriya Gunasekar", 
          "Blake Woodworth", 
          "Srinadh Bhojanapalli", 
          "Behnam Neyshabur", 
          "Nathan Srebro"
        ], 
        "citeRegEx": "Gunasekar et al\\.,? \\Q2017\\E", 
        "venue": "arXiv preprint arXiv:1705.09280,", 
        "year": 2017, 
        "title": "Implicit regularization in matrix factorization"
      }, 
      {
        "shortCiteRegEx": "Han et al\\.", 
        "author": [
          "Song Han", 
          "Huizi Mao", 
          "William J Dally"
        ], 
        "citeRegEx": "Han et al\\.,? \\Q2015\\E", 
        "venue": "arXiv preprint arXiv:1510.00149,", 
        "year": 2015, 
        "title": "Deep compression: Compressing deep neural networks with pruning, trained quantization and huffman coding"
      }, 
      {
        "shortCiteRegEx": "Hardt and Ma.", 
        "author": [
          "Moritz Hardt", 
          "Tengyu Ma"
        ], 
        "citeRegEx": "Hardt and Ma.,? \\Q2017\\E", 
        "venue": null, 
        "year": 2017, 
        "title": "Identity matters in deep learning"
      }, 
      {
        "shortCiteRegEx": "He et al\\.", 
        "author": [
          "Kaiming He", 
          "Xiangyu Zhang", 
          "Shaoqing Ren", 
          "Jian Sun"
        ], 
        "citeRegEx": "He et al\\.,? \\Q2016\\E", 
        "venue": "In Proceedings of the IEEE conference on computer vision and pattern recognition,", 
        "year": 2016, 
        "title": "Deep residual learning for image recognition"
      }, 
      {
        "shortCiteRegEx": "Hedayat and Wallis", 
        "author": [
          "A Hedayat", 
          "WD Wallis"
        ], 
        "citeRegEx": "Hedayat and Wallis,? \\Q1978\\E", 
        "venue": "The Annals of Statistics,", 
        "year": 1978, 
        "title": "Hadamard matrices and their applications"
      }, 
      {
        "shortCiteRegEx": "Hochreiter and Schmidhuber.", 
        "author": [
          "Sepp Hochreiter", 
          "J\u00fcrgen Schmidhuber"
        ], 
        "citeRegEx": "Hochreiter and Schmidhuber.,? \\Q1997\\E", 
        "venue": "Neural computation,", 
        "year": 1997, 
        "title": "Long short-term memory"
      }, 
      {
        "shortCiteRegEx": "Hoffer and Ailon.", 
        "author": [
          "Elad Hoffer", 
          "Nir Ailon"
        ], 
        "citeRegEx": "Hoffer and Ailon.,? \\Q2015\\E", 
        "venue": "In International Workshop on Similarity-Based Pattern Recognition,", 
        "year": 2015, 
        "title": "Deep metric learning using triplet network"
      }, 
      {
        "shortCiteRegEx": "Hoffer et al\\.", 
        "author": [
          "Elad Hoffer", 
          "Itay Hubara", 
          "Daniel Soudry"
        ], 
        "citeRegEx": "Hoffer et al\\.,? \\Q2017\\E", 
        "venue": null, 
        "year": 2017, 
        "title": "Train longer, generalize better: closing the generalization gap in large batch training of neural networks. 2017"
      }, 
      {
        "shortCiteRegEx": "Howard et al\\.", 
        "author": [
          "Andrew G Howard", 
          "Menglong Zhu", 
          "Bo Chen", 
          "Dmitry Kalenichenko", 
          "Weijun Wang", 
          "Tobias Weyand", 
          "Marco Andreetto", 
          "Hartwig Adam"
        ], 
        "citeRegEx": "Howard et al\\.,? \\Q2017\\E", 
        "venue": "arXiv preprint arXiv:1704.04861,", 
        "year": 2017, 
        "title": "Mobilenets: Efficient convolutional neural networks for mobile vision applications"
      }, 
      {
        "shortCiteRegEx": "Huang et al\\.", 
        "author": [
          "Gao Huang", 
          "Zhuang Liu", 
          "Laurens van der Maaten", 
          "Kilian Q Weinberger"
        ], 
        "citeRegEx": "Huang et al\\.,? \\Q2017\\E", 
        "venue": "In Proceedings of the IEEE Conference on Computer Vision and Pattern Recognition,", 
        "year": 2017, 
        "title": "Densely connected convolutional networks"
      }, 
      {
        "shortCiteRegEx": "Huang et al\\.", 
        "author": [
          "Guang-Bin Huang", 
          "Qin-Yu Zhu", 
          "Chee-Kheong Siew"
        ], 
        "citeRegEx": "Huang et al\\.,? \\Q2006\\E", 
        "venue": null, 
        "year": 2006, 
        "title": "Extreme learning machine: theory and applications"
      }, 
      {
        "shortCiteRegEx": "Hubara et al\\.", 
        "author": [
          "Itay Hubara", 
          "Matthieu Courbariaux", 
          "Daniel Soudry", 
          "Ran El-Yaniv", 
          "Yoshua Bengio"
        ], 
        "citeRegEx": "Hubara et al\\.,? \\Q2016\\E", 
        "venue": "In Advances in Neural Information Processing Systems", 
        "year": 2016, 
        "title": "Binarized neural networks"
      }, 
      {
        "shortCiteRegEx": "Hubara et al\\.", 
        "author": [
          "Itay Hubara", 
          "Matthieu Courbariaux", 
          "Daniel Soudry", 
          "Ran El-Yaniv", 
          "Yoshua Bengio"
        ], 
        "citeRegEx": "Hubara et al\\.,? \\Q2016\\E", 
        "venue": "arXiv preprint arXiv:1609.07061,", 
        "year": 2016, 
        "title": "Quantized neural networks: Training neural networks with low precision weights and activations"
      }, 
      {
        "shortCiteRegEx": "Inan et al\\.", 
        "author": [
          "Hakan Inan", 
          "Khashayar Khosravi", 
          "Richard Socher"
        ], 
        "citeRegEx": "Inan et al\\.,? \\Q2016\\E", 
        "venue": "arXiv preprint arXiv:1611.01462,", 
        "year": 2016, 
        "title": "Tying word vectors and word classifiers: A loss framework for language modeling"
      }, 
      {
        "shortCiteRegEx": "Jaderberg et al\\.", 
        "author": [
          "Max Jaderberg", 
          "Andrea Vedaldi", 
          "Andrew Zisserman"
        ], 
        "citeRegEx": "Jaderberg et al\\.,? \\Q2014\\E", 
        "venue": "arXiv preprint arXiv:1405.3866,", 
        "year": 2014, 
        "title": "Speeding up convolutional neural networks with low rank expansions"
      }, 
      {
        "shortCiteRegEx": "Krizhevsky.", 
        "author": [
          "Alex Krizhevsky"
        ], 
        "citeRegEx": "Krizhevsky.,? \\Q2009\\E", 
        "venue": null, 
        "year": 2009, 
        "title": "Learning multiple layers of features from tiny images"
      }, 
      {
        "shortCiteRegEx": "Krizhevsky et al\\.", 
        "author": [
          "Alex Krizhevsky", 
          "Ilya Sutskever", 
          "Geoffrey E Hinton"
        ], 
        "citeRegEx": "Krizhevsky et al\\.,? \\Q2012\\E", 
        "venue": null, 
        "year": 2012, 
        "title": "Imagenet classification with deep convolutional neural networks. In Advances in neural information processing"
      }, 
      {
        "shortCiteRegEx": "LeCun et al\\.", 
        "author": [
          "Yann LeCun", 
          "L\u00e9on Bottou", 
          "Yoshua Bengio", 
          "Patrick Haffner"
        ], 
        "citeRegEx": "LeCun et al\\.,? \\Q1998\\E", 
        "venue": "Proceedings of the IEEE,", 
        "year": 1998, 
        "title": "Gradient-based learning applied to document recognition"
      }, 
      {
        "shortCiteRegEx": "Levy and Goldberg.", 
        "author": [
          "Omer Levy", 
          "Yoav Goldberg"
        ], 
        "citeRegEx": "Levy and Goldberg.,? \\Q2014\\E", 
        "venue": "In Advances in neural information processing systems,", 
        "year": 2014, 
        "title": "Neural word embedding as implicit matrix factorization"
      }, 
      {
        "shortCiteRegEx": "Li et al\\.", 
        "author": [
          "Fengfu Li", 
          "Bo Zhang", 
          "Bin Liu"
        ], 
        "citeRegEx": "Li et al\\.,? \\Q2016\\E", 
        "venue": "arXiv preprint arXiv:1605.04711,", 
        "year": 2016, 
        "title": "Ternary weight networks"
      }, 
      {
        "shortCiteRegEx": "Merity et al\\.", 
        "author": [
          "Stephen Merity", 
          "Caiming Xiong", 
          "James Bradbury", 
          "Richard Socher"
        ], 
        "citeRegEx": "Merity et al\\.,? \\Q2016\\E", 
        "venue": "arXiv preprint arXiv:1609.07843,", 
        "year": 2016, 
        "title": "Pointer sentinel mixture models"
      }, 
      {
        "shortCiteRegEx": "Merity et al\\.", 
        "author": [
          "Stephen Merity", 
          "Nitish Shirish Keskar", 
          "Richard Socher"
        ], 
        "citeRegEx": "Merity et al\\.,? \\Q2017\\E", 
        "venue": "arXiv preprint arXiv:1708.02182,", 
        "year": 2017, 
        "title": "Regularizing and Optimizing LSTM Language Models"
      }, 
      {
        "shortCiteRegEx": "Micikevicius et al\\.", 
        "author": [
          "Paulius Micikevicius", 
          "Sharan Narang", 
          "Jonah Alben", 
          "Gregory Diamos", 
          "Erich Elsen", 
          "David Garcia", 
          "Boris Ginsburg", 
          "Michael Houston", 
          "Oleksii Kuchaev", 
          "Ganesh Venkatesh"
        ], 
        "citeRegEx": "Micikevicius et al\\.,? \\Q2017\\E", 
        "venue": "arXiv preprint arXiv:1710.03740,", 
        "year": 2017, 
        "title": "Mixed precision training"
      }, 
      {
        "shortCiteRegEx": "Mikolov et al\\.", 
        "author": [
          "Tomas Mikolov", 
          "Ilya Sutskever", 
          "Kai Chen", 
          "Greg S Corrado", 
          "Jeff Dean"
        ], 
        "citeRegEx": "Mikolov et al\\.,? \\Q2013\\E", 
        "venue": "In Advances in neural information processing systems,", 
        "year": 2013, 
        "title": "Distributed tations of words and phrases and their compositionality"
      }, 
      {
        "shortCiteRegEx": "Neyshabur et al\\.", 
        "author": [
          "Behnam Neyshabur", 
          "Srinadh Bhojanapalli", 
          "David McAllester", 
          "Nathan Srebro"
        ], 
        "citeRegEx": "Neyshabur et al\\.,? \\Q2017\\E", 
        "venue": "arXiv preprint arXiv:1706.08947,", 
        "year": 2017, 
        "title": "Exploring generalization in deep learning"
      }, 
      {
        "shortCiteRegEx": "Park and Sandberg.", 
        "author": [
          "Jooyoung Park", 
          "Irwin W Sandberg"
        ], 
        "citeRegEx": "Park and Sandberg.,? \\Q1991\\E", 
        "venue": "Neural computation,", 
        "year": 1991, 
        "title": "Universal approximation using radial-basis-function networks"
      }, 
      {
        "shortCiteRegEx": "Press and Wolf.", 
        "author": [
          "Ofir Press", 
          "Lior Wolf"
        ], 
        "citeRegEx": "Press and Wolf.,? \\Q2017\\E", 
        "venue": "EACL 2017,", 
        "year": 2017, 
        "title": "Using the output embedding to improve language models"
      }, 
      {
        "shortCiteRegEx": "Safran and Shamir.", 
        "author": [
          "Itay Safran", 
          "Ohad Shamir"
        ], 
        "citeRegEx": "Safran and Shamir.,? \\Q2016\\E", 
        "venue": "In International Conference on Machine Learning,", 
        "year": 2016, 
        "title": "On the quality of the initial basin in overspecified neural networks"
      }, 
      {
        "shortCiteRegEx": "Salimans and Kingma.", 
        "author": [
          "Tim Salimans", 
          "Diederik P Kingma"
        ], 
        "citeRegEx": "Salimans and Kingma.,? \\Q2016\\E", 
        "venue": "In Advances in Neural Information Processing Systems,", 
        "year": 2016, 
        "title": "Weight normalization: A simple reparameterization to accelerate training of deep neural networks"
      }, 
      {
        "shortCiteRegEx": "Schroff et al\\.", 
        "author": [
          "Florian Schroff", 
          "Dmitry Kalenichenko", 
          "James Philbin"
        ], 
        "citeRegEx": "Schroff et al\\.,? \\Q2015\\E", 
        "venue": "In Proceedings of the IEEE Conference on Computer Vision and Pattern Recognition,", 
        "year": 2015, 
        "title": "Facenet: A unified embedding for face recognition and clustering"
      }, 
      {
        "shortCiteRegEx": "Soltanolkotabi et al\\.", 
        "author": [
          "Mahdi Soltanolkotabi", 
          "Adel Javanmard", 
          "Jason D Lee"
        ], 
        "citeRegEx": "Soltanolkotabi et al\\.,? \\Q2017\\E", 
        "venue": "arXiv preprint arXiv:1707.04926,", 
        "year": 2017, 
        "title": "Theoretical insights into the optimization landscape of over-parameterized shallow neural networks"
      }, 
      {
        "shortCiteRegEx": "Soudry and Carmon.", 
        "author": [
          "Daniel Soudry", 
          "Yair Carmon"
        ], 
        "citeRegEx": "Soudry and Carmon.,? \\Q2016\\E", 
        "venue": "arXiv preprint arXiv:1605.08361,", 
        "year": 2016, 
        "title": "No bad local minima: Data independent training error guarantees for multilayer neural networks"
      }, 
      {
        "shortCiteRegEx": "Soudry and Hoffer.", 
        "author": [
          "Daniel Soudry", 
          "Elad Hoffer"
        ], 
        "citeRegEx": "Soudry and Hoffer.,? \\Q2017\\E", 
        "venue": "arXiv preprint arXiv:1702.05777,", 
        "year": 2017, 
        "title": "Exponentially vanishing sub-optimal local minima in multilayer neural networks"
      }, 
      {
        "shortCiteRegEx": "Soudry et al\\.", 
        "author": [
          "Daniel Soudry", 
          "Elad Hoffer", 
          "Nathan Srebro"
        ], 
        "citeRegEx": "Soudry et al\\.,? \\Q2018\\E", 
        "venue": null, 
        "year": 2018, 
        "title": "The implicit bias of gradient descent on separable data"
      }, 
      {
        "shortCiteRegEx": "Springenberg et al\\.", 
        "author": [
          "Jost Tobias Springenberg", 
          "Alexey Dosovitskiy", 
          "Thomas Brox", 
          "Martin Riedmiller"
        ], 
        "citeRegEx": "Springenberg et al\\.,? \\Q2014\\E", 
        "venue": "arXiv preprint arXiv:1412.6806,", 
        "year": 2014, 
        "title": "Striving for simplicity: The all convolutional net"
      }, 
      {
        "shortCiteRegEx": "Sun et al\\.", 
        "author": [
          "Chen Sun", 
          "Abhinav Shrivastava", 
          "Saurabh Singh", 
          "Abhinav Gupta"
        ], 
        "citeRegEx": "Sun et al\\.,? \\Q2017\\E", 
        "venue": "arXiv preprint arXiv:1707.02968,", 
        "year": 2017, 
        "title": "Revisiting unreasonable effectiveness of data in deep learning era"
      }, 
      {
        "shortCiteRegEx": "Szegedy et al\\.", 
        "author": [
          "Christian Szegedy", 
          "Wei Liu", 
          "Yangqing Jia", 
          "Pierre Sermanet", 
          "Scott Reed", 
          "Dragomir Anguelov", 
          "Dumitru Erhan", 
          "Vincent Vanhoucke", 
          "Andrew Rabinovich"
        ], 
        "citeRegEx": "Szegedy et al\\.,? \\Q2015\\E", 
        "venue": "In Proceedings of the IEEE conference on computer vision and pattern recognition,", 
        "year": 2015, 
        "title": "Going deeper with convolutions"
      }, 
      {
        "shortCiteRegEx": "Szegedy et al\\.", 
        "author": [
          "Christian Szegedy", 
          "Vincent Vanhoucke", 
          "Sergey Ioffe", 
          "Jon Shlens", 
          "Zbigniew Wojna"
        ], 
        "citeRegEx": "Szegedy et al\\.,? \\Q2016\\E", 
        "venue": "In Proceedings of the IEEE Conference on Computer Vision and Pattern Recognition,", 
        "year": 2016, 
        "title": "Rethinking the inception architecture for computer vision"
      }, 
      {
        "shortCiteRegEx": "Tai et al\\.", 
        "author": [
          "Cheng Tai", 
          "Tong Xiao", 
          "Yi Zhang", 
          "Xiaogang Wang"
        ], 
        "citeRegEx": "Tai et al\\.,? \\Q2015\\E", 
        "venue": "arXiv preprint arXiv:1511.06067,", 
        "year": 2015, 
        "title": "Convolutional neural networks with lowrank regularization"
      }, 
      {
        "shortCiteRegEx": "Vaswani et al\\.", 
        "author": [
          "Ashish Vaswani", 
          "Noam Shazeer", 
          "Niki Parmar", 
          "Jakob Uszkoreit", 
          "Llion Jones", 
          "Aidan N Gomez", 
          "Lukasz Kaiser", 
          "Illia Polosukhin"
        ], 
        "citeRegEx": "Vaswani et al\\.,? \\Q2017\\E", 
        "venue": null, 
        "year": 2017, 
        "title": "Attention is all you"
      }, 
      {
        "shortCiteRegEx": "Wilson et al\\.", 
        "author": [
          "Ashia C Wilson", 
          "Rebecca Roelofs", 
          "Mitchell Stern", 
          "Nathan Srebro", 
          "Benjamin Recht"
        ], 
        "citeRegEx": "Wilson et al\\.,? \\Q2017\\E", 
        "venue": "arXiv preprint arXiv:1705.08292,", 
        "year": 2017, 
        "title": "The marginal value of adaptive gradient methods in machine learning"
      }, 
      {
        "shortCiteRegEx": "Xie et al\\.", 
        "author": [
          "Bo Xie", 
          "Yingyu Liang", 
          "Le Song"
        ], 
        "citeRegEx": "Xie et al\\.,? \\Q2016\\E", 
        "venue": "arXiv preprint arXiv:1611.03131,", 
        "year": 2016, 
        "title": "Diversity leads to generalization in neural networks"
      }, 
      {
        "shortCiteRegEx": "Zeiler and Fergus.", 
        "author": [
          "Matthew D Zeiler", 
          "Rob Fergus"
        ], 
        "citeRegEx": "Zeiler and Fergus.,? \\Q2014\\E", 
        "venue": "In European conference on computer vision,", 
        "year": 2014, 
        "title": "Visualizing and understanding convolutional networks"
      }, 
      {
        "shortCiteRegEx": "Zhang et al\\.", 
        "author": [
          "Chiyuan Zhang", 
          "Samy Bengio", 
          "Moritz Hardt", 
          "Benjamin Recht", 
          "Oriol Vinyals"
        ], 
        "citeRegEx": "Zhang et al\\.,? \\Q2017\\E", 
        "venue": "In ICLR, 2017a. URL https://arxiv. org/abs/1611.03530", 
        "year": 2017, 
        "title": "Understanding deep learning requires rethinking generalization"
      }, 
      {
        "shortCiteRegEx": "Zhang et al\\.", 
        "author": [
          "Xiangyu Zhang", 
          "Xinyu Zhou", 
          "Mengxiao Lin", 
          "Jian Sun"
        ], 
        "citeRegEx": "Zhang et al\\.,? \\Q2017\\E", 
        "venue": "arXiv preprint arXiv:1707.01083,", 
        "year": 2017, 
        "title": "Shufflenet: An extremely efficient convolutional neural network for mobile devices"
      }, 
      {
        "shortCiteRegEx": "Zhou et al\\.", 
        "author": [
          "Shuchang Zhou", 
          "Zekun Ni", 
          "Xinyu Zhou", 
          "He Wen", 
          "Yuxin Wu", 
          "Yuheng Zou"
        ], 
        "citeRegEx": "Zhou et al\\.,? \\Q2016\\E", 
        "venue": "arXiv preprint arXiv:1606.06160,", 
        "year": 2016, 
        "title": "Dorefa-net: Training low bitwidth convolutional neural networks with low bitwidth gradients"
      }
    ], 
    "authors": [
      "Elad Hoffer", 
      "Itay Hubara", 
      "Daniel Soudry"
    ], 
    "abstractText": "Neural networks are commonly used as models for classification for a wide variety of tasks. Typically, a learned affine transformation is placed at the end of such models, yielding a per-class value used for classification. This classifier can have a vast number of parameters, which grows linearly with the number of possible classes, thus requiring increasingly more resources. In this work we argue that this classifier can be fixed, up to a global scale constant, with little or no loss of accuracy for most tasks, allowing memory and computational benefits. Moreover, we show that by initializing the classifier with a Hadamard matrix we can speed up inference as well. We discuss the implications for current understanding of neural network models.", 
    "sections": [
      {
        "text": "Deep neural network have become a widely used model for machine learning, achieving state-ofthe-art results on many tasks. The most common task these models are used for is to perform classification, as in the case of convolutional neural networks (CNNs) used to classify images to a semantic category. CNN models are currently considered the standard for visual tasks, allowing far better accuracy than preceding approaches (Krizhevsky et al., 2012; He et al., 2016; Szegedy et al., 2015).\nTraining NN models and using them for inference requires large amounts of memory and computational resources, thus, extensive amount of research has been done lately to reduce the size of networks. Han et al. (2015) used weight sharing and specification, Micikevicius et al. (2017) used mixed precision to reduce the size of the neural networks by half. Tai et al. (2015) and Jaderberg et al. (2014) used low rank approximations to speed up NNs.\nHubara et al. (2016b), Li et al. (2016) and Zhou et al. (2016), used a more aggressive approach, in which weights, activations and gradients were quantized to further reduce computation during training. Although aggressive quantization benefits from smaller model size, the extreme compression rate comes with a loss of accuracy.\nPast work noted the fact that predefined (Park & Sandberg, 1991) and random (Huang et al., 2006) projections can be used together with a learned affine transformation to achieve competitive results on several tasks. In this study suggest the reversed proposal - that common NN models used can learn useful representation even without modifying the final output layer, which often holds a large number of parameters that grows linearly with number of classes.", 
        "heading": "1 INTRODUCTION"
      }, 
      {
        "text": "Convolutional neural networks (CNNs) are commonly used to solve a variety of spatial and temporal tasks. CNNs are usually composed of a stack of convolutional parameterized layers, spatial pooling layers and fully connected layers, separated by non-linear activation functions. Earlier architectures of CNNs (LeCun et al., 1998; Krizhevsky et al., 2012) used a set of fully-connected layers at later stage of the network, presumably to allow classification based on global features of an image. The\nfinal classifier can also be replaced with a convolutional layer with output feature maps matching the number of classes, as demonstrated by Springenberg et al. (2014).\nDespite the enormous number of trainable parameters these layers added to the model, they are known to have a rather marginal impact on the final performance of the network (Zeiler & Fergus, 2014) and are easily compressed and reduced after a model was trained by simple means such as matrix decomposition and sparsification (Han et al., 2015). Further more, modern architecture choices are characterized with the removal of most of the fully connected layers (Lin et al., 2013; Szegedy et al., 2015; He et al., 2016), which was found to lead to better generalization and overall accuracy, together with a huge decrease in the number of trainable parameters.\nAdditionally, numerous works showed that CNNs can be trained in a metric learning regime (Bromley et al., 1994; Schroff et al., 2015; Hoffer & Ailon, 2015), where no explicit classification layer was introduced and the objective regarded only distance measures between intermediate representations. Hardt & Ma (2017) suggested an all-convolutional network variant, where they kept the original initialization of the classification layer fixed with no negative impact on performance on the Cifar10 dataset. All of these properties provide evidence that fully-connected layers are in fact redundant and play a small role in learning and generalization.\nDespite the apparent minor role they play, fully-connected layers are still commonly used as classification layers, transforming from the dimension of network features N to the number of required class categories C. Therefore, each classification model must hold N \u00b7 C number of trainable parameters that grows in a linear manner with the number of classes. This property still holds when the fully-connected layer is replaced with a convolutional classifier as shown by Springenberg et al. (2014).\nIn this work we claim that for common use-cases of convolutional network, the parameters used for the final classification transform are completely redundant, and can be replaced with a predetermined linear transform. As we will show for the first time, this property holds even in largescale models and classification tasks, such as recent architectures trained on the ImageNet benchmark (Deng et al., 2009).\nThe use of a fixed transform can, in many cases, allow a huge decrease in model parameters, and a possible computational benefit. We suggest that existing models can, with no other modification, devoid their classifier weights, which can help the deployment of those models in devices with low computation ability and smaller memory capacity. Moreover, as we keep the classifier fixed, less parameters need to be updated, reducing the communication cost for models deployed in distributed systems. The use of a fixed transform which does not depend on the number classes can allow models to scale to a large number of possible outputs, without a linear cost in the number of parameters. We also suggest that these finding might shed light on the importance of the preceding non-linear layers to learning and generalization.", 
        "heading": "1.1 CLASSIFIERS IN CONVOLUTIONAL NEURAL NETWORKS"
      }, 
      {
        "text": "", 
        "heading": "2 USING A FIXED CLASSIFIER"
      }, 
      {
        "text": "We focus our attention on the final representation obtained by the network (the last hidden layer), before the classifier. We denote these representation as x = F (z; \u03b8) where F is assumed to be a deep neural network with input z and parameters \u03b8, e.g., a convolutional network, trained by backpropagation.\nIn common NN models, this representation is followed by an additional affine transformation\ny =WTx+ b\nwhere W and b are also trained by back-propagation.\nFor input x of N length, and C different possible outputs, W is required to be a matrix of N \u00d7 C. Training is done using cross-entropy loss, by feeding the network outputs through a softmax activation\nvi = eyi\u2211C j e yj , i \u2208 {1, . . . , C}\nand reducing the expected negative log likelihood with respect to ground-truth target t \u2208 {1, . . . , C}, by minimizing\nL(x, t) = \u2212 log vt = \u2212wt \u00b7 x\u2212 bt + log  C\u2211 j ewj \u00b7x+bj  where wi is the i-th column of W .", 
        "heading": "2.1 FULLY-CONNECTED CLASSIFIERS"
      }, 
      {
        "text": "To evaluate our conjecture regarding the importance of the final classification transformation, we replaced the trainable parameter matrix W with a fixed orthonormal projection Q \u2208 RN\u00d7C , such that \u2200i 6= j : qi \u00b7 qj = 0 and \u2016qi\u20162 = 1, where qi is the ith column of Q. This can be ensured by a simple random sampling and singular-value decomposition\nAs the rows of classifier weight matrix are fixed with an equally valuedL2 norm, we find it beneficial to also restrict the representation of x by normalizing it to reside on the n-dimensional sphere\nx\u0302 = x\n\u2016x\u20162 (1)\nThis allows faster training and convergence, as the network does not need to account for changes in the scale of its weights.\nWe now face the problem that qi \u00b7 x\u0302 is bounded between \u22121 and 1. This causes convergence issues, as the softmax function is scale sensitive, and the network is affected by the inability to re-scale its input. This is similar to the phenomenon described by Vaswani et al. (2017) with respect to softmax function used for attention mechanisms. In the same spirit, we can amend this issue with a fixed scale T applied to softmax inputs f(y) = softmax( 1T y), also known as a softmax temperature. However, this introduces an additional hyper-parameter which may differ between networks and datasets. Instead, we suggest to introduce a single scalar parameter \u03b1 to learn the softmax scale, effectively functioning as an inverse of the softmax temperature 1T . Using normalized weights and an additional scale coefficient is similar in spirit to weightnormalization (Salimans & Kingma, 2016), with the difference that we use a single scale for all entries in the weight matrix, in contrast to a scale for each row that Salimans & Kingma (2016) uses.\nWe keep the additional vector of bias parameters b \u2208 RC , and train using the same negative-loglikelihood criterion. More explicitly, our classifier output is now\nvi = e\u03b1qi\u00b7x\u0302+bi\u2211C j e \u03b1qj \u00b7x\u0302+bj , i \u2208 {1, . . . , C}\nand we minimize the loss:\nL(x, t) = \u2212\u03b1qt \u00b7 x\n\u2016x\u20162 + bt + log ( C\u2211 i=1 exp ( \u03b1qi \u00b7 x \u2016x\u20162 + bi )) where we recall x is the final representation obtained by the network for a specific sample, and t \u2208 {1, . . . , C} is the ground-truth label for that sample. Observing the behavior of the \u03b1 parameter over time revealed a logarithmic growth depicted in graph 1. Interestingly, this is the same behavior exhibited by the norm of a learned classifier, first described by Hoffer et al. (2017) and linked to the generalization of the network. This was recently explained by the under-review work of Soudry et al. (2018) as convergence to a max margin classifier. We suggest that using a single parameter will enable a simpler examination and possible further exploration of this phenomenon and its implications.\nWe note that as \u22121 \u2264 qi \u00b7 x\u0302 \u2264 1, we also found it possible to train the network with a simple cosine angle loss:\nL(x\u0302, t) = { qi \u00b7 x\u0302\u2212 1, if i = t, qi \u00b7 x\u0302+ 1, otherwise.\nallowing to discard the softmax function and its scale altogether, but resulting in a slight decrease in final validation accuracy compared to original models.", 
        "heading": "2.2 CHOOSING THE PROJECTION MATRIX"
      }, 
      {
        "text": "We further suggest the use of a Hadamard matrix (Hedayat et al., 1978) as the final classification transform. Hadamard matrix H is an n \u00d7 n matrix, where all of its entries are either +1 or \u22121. Further more, H is orthogonal, such that HHT = nIn where In is the identity matrix. We can use a truncated Hadamard matrix H\u0302 \u2208 {\u22121, 1}C\u00d7N where all C rows are orthogonal as our final classification layer such that\ny = H\u0302x\u0302+ b\nThis usage allows two main benefits:\n\u2022 A deterministic, low-memory and easily generated matrix that can be used to classify. \u2022 Removal of the need to perform a full matrix-matrix multiplication - as multiplying by a\nHadamard matrix can be done by simple sign manipulation and addition.\nWe note that nmust be a multiple of 4, but it can be easily truncated to fit normally defined networks.\nWe also note the similarity of using a Hadamard matrix as a final classifier to methods of weight binarization such as the one suggested by Courbariaux et al. (2015). As the classifier weights are fixed to need only 1-bit precision, it is now possible to focus our attention on the features preceding it.", 
        "heading": "2.3 USING A FIXED HADMARD MATRIX"
      }, 
      {
        "text": "", 
        "heading": "3 EXPERIMENTAL RESULTS"
      }, 
      {
        "text": "We used the well known Cifar10 and Cifar100 datasets by Krizhevsky (2009) as an initial test-bed to explore the idea of a fixed classifier. Cifar10 is an image classification benchmark dataset containing 50, 000 training images and 10, 000 test images. The images are in color and contain 32\u00d732 pixels. There are 10 possible classes of various animals and vehicles. Cifar100 holds the same number of images of same size, but contains 100 different classes.\nWe trained a residual network of He et al. (2016) on the Cifar10 dataset. We used a network of depth 56 and the same hyper-parameters used in the original work. We compared two variants: the original model with a learned classifier, and our version, where a fixed transformation is used. The results shown in figure 2 demonstrate that although the training error is considerably lower for the network with learned classifier, both models achieve the same classification accuracy on the validation set. Our conjecture is that with our new fixed parameterization, the network can no longer increase the norm of a given sample\u2019s representation - thus learning its label requires more effort. As this may happen for specific seen samples - it affects only training error.\nWe also compared using a fixed scale variable \u03b1 at different values vs. a learned parameter. Results for \u03b1 = {0.1, 1, 10} are depicted in figure 3 for both training and validation error. As can be seen, similar validation accuracy can be obtained using a fixed scale value (in this case \u03b1 = 1 or 10 will suffice) at the expense of another hyper-parameter to seek. In all our experiments we opted to train this parameter instead. In all experiments the \u03b1 scale parameter was regularized with the same weight decay coefficient used on original classifier.\nWe then followed to train a model on the Cifar100 dataset. We used the DenseNet-BC model of Huang et al. (2017) with depth of 100 layers and k = 12. We continued to train according to the original regime and setting described for this network and dataset. Naturally, the higher number of classes caused the number of parameters to grow and encompass about 4% of the whole model. Validation accuracy for the fixed-classifier model remained equally good as the original model, and we continued to observe the same training curve.", 
        "heading": "3.1 CIFAR10/100"
      }, 
      {
        "text": "In order to validate our results on a more challenging dataset, we used the Imagenet dataset introduced by Deng et al. (2009). The Imagenet dataset spans over 1000 visual classes, and over 1.2 million samples. CNNs used to classify Imagenet such as Krizhevsky et al. (2012), He et al. (2016),\nSzegedy et al. (2016) usually have a hidden representation leading to the final classifier of at least 1024 dimensions. This architectural choice, together with the large number of classes, causes the size of classifier to exceed millions of parameters and taking a sizable share from the entire model size.\nWe evaluated our fixed classifier method on Imagenet using Resnet50 by He et al. (2016) with the same training regime and hyper-parameters. By using a fixed classifier, approximately 2-million parameters were removed from the model, accounting for about 8% of the model parameters. Following the same procedure, we trained a Densenet169 model (Huang et al., 2017) for which a fixed classifier reduced about 12% of the parameters. Similarly to results on Cifar10 dataset, we observed the same convergence speed and approximately the same final accuracy on both the validation and training sets.\nFurthermore, we were interested in evaluating more challenging models where the classifier parameters constitutes the majority amount. For this reason we chose the Shufflenet architecture (Zhang et al., 2017b), which was designed to be used in low memory and limited computing platforms. The Shufflenet network contains about 1.8 million parameters, out of which 0.96 million are part of the final classifier. Fixing the classifier resulted with a model with only 0.86 million parameters. This model was trained and found, again, to converge to similar validation accuracy as the original.\nInterestingly, this method allowed Imagenet training in an under-specified regime, where there are more training samples than number of parameters. This is an unconventional regime for modern deep networks, which are usually over-specified to have many more parameters than training samples (Zhang et al., 2017a). Moreover, many recent theoretical results related to neural network training (Soudry & Hoffer, 2017; Xie et al., 2016; Safran & Shamir, 2016; Soltanolkotabi et al., 2017; Soudry & Carmon, 2016) and even generalization (Gunasekar et al., 2017; Advani & Saxe, 2017; Wilson et al., 2017) usually assume over-specification.\nTable 1 summarizes our fixed-classifier results on convolutional networks, comparing to originally reported results. We offer our drop-in replacement for learned classifier that can be used to train models with fixed classifiers and replicate our results1.", 
        "heading": "3.2 IMAGENET"
      }, 
      {
        "text": "As language modeling requires classification of all possible tokens available in the task vocabulary, we were interested to see if a fixed classifier can be used, possible saving a very large number of trainable parameters (vocabulary size can have tens or even hundreds of thousands of different words). Recent works have already found empirically that using the same weights for both word embedding and classifier can yield equal or better results than using a separate pair of weights (Inan et al., 2016; Press & Wolf, 2017; Vaswani et al., 2017). This is compliant with our findings that the linear classifier is largely redundant. To examine further reduction in the number of parameters, we removed both classifier and embedding weights and replaced them with a fixed transform.\nWe trained a language model on the WikiText2 dataset described in Merity et al. (2016), using the same setting in Merity et al. (2017). We used a recurrent model with 2-layers of LSTM (Hochreiter & Schmidhuber, 1997) and embedding + hidden size of 512. As the vocabulary of WikiText2 holds about 33K different words, the expected number of parameters in embedding and classifier is about 34-million. This number makes for about 89% from the 38M parameters used for the whole model.\nWe found that using a random orthogonal transform yielded poor results compared to learned embedding. We suspect that, in oppose to image classification benchmarks, the embedding layer in language models holds information of the words similarities and relations, thus requiring a fine initialization. To test our intuition, we opted to use pre-trained embeddings using word2vec algorithm by Mikolov et al. (2013) or PMI factorization as suggested by Levy & Goldberg (2014). We find that using fixed word2vec embeddings, we achieve much better results. Specifically, we use 89% less parameters than the fully learned model, and obtain only somewhat worse perplexity.\nWe argue that this implies a required structure in word embedding that stems from semantic relatedness between words and the natural imbalance between classes. However, we suggest that with\n1Code is available at https://github.com/eladhoffer/fix_your_classifier\na much more cost effective ways to train word embeddings (e.g., Mikolov et al. (2013)), we can narrow the gap and avoid their cost when training bigger models.", 
        "heading": "3.3 LANGUAGE MODELING"
      }, 
      {
        "text": "", 
        "heading": "4 DISCUSSION"
      }, 
      {
        "text": "In the last couple of years a we observe a rapid growth in the number of classes benchmark datasets contain, for example: Cifar100 (Krizhevsky, 2009), ImageNet1K, ImageNet22k (Deng et al., 2009) and language modeling (Merity et al., 2016). Therefore the computational demands of the final classifier will increase as well and should be considered no less than the architecture chosen. We use the work by Sun et al. (2017) as our use case, which introduced JFT-300M - an internal Google dataset with over 18K different classes. Using a Resnet50 (He et al., 2016), with a 2048 sized representation, this led to a model with over 36M parameters. This means that over 60% of the model parameters reside in the final classification layer.\nSun et al. (2017) further describes the difficulty in distributing this amount of parameters between the training servers, and the need to split them between 50 sub-layers. We also note the fact that the training procedure needs to account for synchronization after each parameter update - which must incur a non-trivial overhead.\nOur work can help considerably in this kind of scenario - where using a fixed classifier removes the need to do any gradient synchronization for the final layer. Furthermore, using a Hadamard matrix, we can remove the need to save the transformation altogether, and make it more efficient, allowing considerable memory and computational savings.", 
        "heading": "4.1 IMPLICATIONS TO FUTURE DNN MODELS AND USE CASES"
      }, 
      {
        "text": "We argue that our method works due to the ability of preceding layers in the network to learn separable representations that are easily classified even when the classifier itself is fixed. This property can be affected when the ratio between learned features and number of classes is small \u2013 that is, when C > N . We\u2019ve been experimenting with such cases, for example Imagenet classification (C = 1000) using mobilenet-0.5 (Howard et al., 2017) where N = 512, or reduced version of ResNet (He et al., 2016) where N = 256. In both scenarios, our method converged similarly to a fully learned classifier reaching the same final validation accuracy. This is strengthening our finding, showing that even in cases in which C > N , fixed classifier can provide equally good results.\nAnother possible issue may appear when the possible classes are highly correlated. As a fixed orthogonal classifier does not account for this kind of correlation, it may prove hard for the network to learn in this case. This may suggest another reason for the difficulties we experienced in training a language model using an orthogonal fixed classifier, as word classes tend to have highly correlated instances.", 
        "heading": "4.2 POSSIBLE CAVEATS"
      }, 
      {
        "text": "Understanding that linear classifiers used in NN models are largely redundant allows us to consider new approaches in training and understanding these models.\nRecent works (Neyshabur et al., 2017; Bartlett et al., 2017) suggested a connection between generalization capabilities of models and various norm-related quantities of their weights. Such results might be potentially simplified in our model, since we have a single scalar variable (i.e., scale), which seems to be the only relevant parameter in the model (since we normalize the last hidden layer, and fix the last weight layer).\nThe use of fixed classifiers might be further simplified in Binarized Neural Networks (Hubara et al., 2016a), where the activations and weights are restricted to \u00b11 during propagations. In this case the norm of the last hidden layer is constant for all samples (equal to the square root of the hidden layer width). This constant can be absorbed into the scale constant \u03b1, and there is no need in a per-sample normalization as in eq. 1.\nWe also plan to further explore more efficient ways to learn word embedding, where similar redundancy in classifier weights may suggest simpler forms of token representations - such as low-rank or sparse versions, allowing similar benefits to the fixed transformations we suggested.", 
        "heading": "4.3 FUTURE WORK"
      }, 
      {
        "text": "In this work we suggested removing the parameters from the classification layer used in deep neural networks. We showed empirical results suggesting that keeping the classifier fixed cause little or no decline in classification performance for common balanced datasets such as Cifar and Imagenet, while allowing a noticeable reduction in trainable parameters. We argue that fixing the last layer can reduce the computational complexity for training as well as the communication cost in distributed learning. Furthermore, using a Hadamard matrix as classifier might lead to some computational benefits when properly implemented, and save memory otherwise spent on large amount of transformation coefficients. As datasets tend to become more complex by time (e.g., Cifar100, ImageNet1K, ImageNet22k, JFT-300M, and language modeling) we believe that resource hungry affine transformation should remain fixed during training, at least partially.\nWe also found that new efficient methods to create pre-defined word embeddings should be explored, as they require huge amount of parameters that can possibly be avoided when learning a new task. Based on these findings, we recommend future research to focus on representations learned by the non-linear part of neural networks - up to the final classifier, as it seems to be highly redundant.", 
        "heading": "5 CONCLUSION"
      }, 
      {
        "text": "The research leading to these results has received funding from the Taub Foundation, and the European Research Council under European Unions Horizon 2020 Program, ERC Grant agreement no. 682203 SpeedInfTradeoff.", 
        "heading": "ACKNOWLEDGMENTS"
      }
    ], 
    "emails": [
      "daniel.soudry@gmail.com"
    ]
  }
}