{
  "name": "S1FFLWWCZ.pdf", 
  "metadata": {
    "title": null, 
    "year": 2017, 
    "referenceMentions": [
      {
        "referenceID": 0, 
        "startOffset": 141, 
        "context": "Therefore, the task is to find the most effective multi-view image sequence for recognition, which comes under the umbrella of active vision (Ammirato et al., 2017) i.", 
        "endOffset": 164
      }, 
      {
        "referenceID": 20, 
        "startOffset": 99, 
        "context": "Recent works show that navigation is deeply ingrained in the deep reinforcement learning framework (Zhu et al., 2017).", 
        "endOffset": 117
      }, 
      {
        "referenceID": 5, 
        "startOffset": 55, 
        "context": "Ideally, instead of an inductive bias like image pairs (Johns et al., 2016), the agent would learn how to navigate the scene, like which direction to move or the number of steps to take, and learn an object\u2019s multi-view representation that results in greatest probability of correct classification.", 
        "endOffset": 75
      }, 
      {
        "referenceID": 19, 
        "startOffset": 13, 
        "context": "3D ShapeNets (Wu et al., 2015) proposes to use 3D features as input to a 3D CNN and showed state-of-the-art object recognition using 3D objects.", 
        "endOffset": 30
      }, 
      {
        "referenceID": 11, 
        "startOffset": 7, 
        "context": ", 2015)(Qi et al., 2016) have generalized multi-view recognition by learning from images that cover the full sphere of viewpoints over an object.", 
        "endOffset": 24
      }, 
      {
        "referenceID": 5, 
        "startOffset": 106, 
        "context": "Further a pairwise decomposition method has been proposed to learn the best pairs to recognize the object (Johns et al., 2016).", 
        "endOffset": 126
      }, 
      {
        "referenceID": 9, 
        "startOffset": 65, 
        "context": "There is work proposed in object detection with visual attention (Mnih et al., 2014), which uses reinforcement learning over glimses of a image to predict the label.", 
        "endOffset": 84
      }, 
      {
        "referenceID": 20, 
        "startOffset": 39, 
        "context": "The deep Siamese actor-critic networks (Zhu et al., 2017) handles the problem of multiple targets and scenes generalization for navigation.", 
        "endOffset": 57
      }, 
      {
        "referenceID": 3, 
        "startOffset": 109, 
        "context": "Also, recent literature show promising results for visual navigation by using cognition mapping and planning (Gupta et al., 2017).", 
        "endOffset": 129
      }, 
      {
        "referenceID": 17, 
        "startOffset": 34, 
        "context": "They use value iteration networks (Tamar et al., 2016) to learn the policy for navigation.", 
        "endOffset": 54
      }, 
      {
        "referenceID": 0, 
        "startOffset": 112, 
        "context": "In addition, there has been motivation of navigation for object instance recognition in real-world environments (Ammirato et al., 2017).", 
        "endOffset": 135
      }, 
      {
        "referenceID": 8, 
        "startOffset": 80, 
        "context": "Recent methods in deep reinforcement learning like the Deep Q-Network algorithm (Mnih et al., 2013) and the Asynchronous Advantage Actor Critic (Mnih et al.", 
        "endOffset": 99
      }, 
      {
        "referenceID": 10, 
        "startOffset": 52, 
        "context": ", 2013) and the Asynchronous Advantage Actor Critic (Mnih et al., 2016) algorithm showed near human level performance on multitude of tasks like Atari 2600 games (Mnih et al.", 
        "endOffset": 71
      }, 
      {
        "referenceID": 8, 
        "startOffset": 98, 
        "context": ", 2016) algorithm showed near human level performance on multitude of tasks like Atari 2600 games (Mnih et al., 2013).", 
        "endOffset": 117
      }, 
      {
        "referenceID": 8, 
        "startOffset": 102, 
        "context": "Furthermore, deep reinforcement learning showed state-of-the-art results for playing games like Atari (Mnih et al., 2013), Go (Silver et al.", 
        "endOffset": 121
      }, 
      {
        "referenceID": 14, 
        "startOffset": 12, 
        "context": ", 2013), Go (Silver et al., 2016), and Doom (Mirowski et al.", 
        "endOffset": 33
      }, 
      {
        "referenceID": 18, 
        "startOffset": 25, 
        "context": "The REINFORCE algorithms (Williams, 1992) are policy-based model-free methods that can update \u03b8 by gradient ascent on E[Rt], where Rt = \u2211\u221e k=0 \u03b3 rt+k+1 is the accumulated discounted reward and \u03b3 \u2208 (0, 1] is the discount factor.", 
        "endOffset": 41
      }, 
      {
        "referenceID": 18, 
        "startOffset": 262, 
        "context": "With learning rate \u03b7, differentiation of the loss function in Equation 1 with respect to the weights \u03b8 results in a gradient descent update \u03b8i+1 \u2190 \u03b8i \u2212 \u03b7\u2207\u03b8i l(\u03b8i), which is shown to update the function approximate \u03c0(at|st; \u03b8) towards the optimal policy \u03c0(at|st) (Williams, 1992).", 
        "endOffset": 278
      }, 
      {
        "referenceID": 5, 
        "startOffset": 92, 
        "context": "Recent multi-view recognition methods use deep neural networks, like pairwise decomposition (Johns et al., 2016) used a VGG-M (Chatfield et al.", 
        "endOffset": 112
      }, 
      {
        "referenceID": 6, 
        "startOffset": 105, 
        "context": "Motivated from their success in multi-view recognition, we use a network architecture similar to AlexNet (Krizhevsky et al., 2012) which contrasts to the simple deep neural networks used by most of the deep reinforcement learning methods.", 
        "endOffset": 130
      }, 
      {
        "referenceID": 8, 
        "startOffset": 110, 
        "context": "A single softmax layer is sufficient for simple action spaces, like movement actions of some Atari 2600 games (Mnih et al., 2013).", 
        "endOffset": 129
      }, 
      {
        "referenceID": 8, 
        "startOffset": 39, 
        "context": "Similar to the work of Deep Q-Networks (Mnih et al., 2013), the raw images from the environment are first preprocessed by converting their RGB representation to gray-scale representation.", 
        "endOffset": 58
      }, 
      {
        "referenceID": 10, 
        "startOffset": 143, 
        "context": "The Asynchronous Advantage Actor Critic (A3C) algorithm achieved state-of-the-art results on reinforcement learning task like Atari 2600 games (Mnih et al., 2016).", 
        "endOffset": 162
      }, 
      {
        "referenceID": 1, 
        "startOffset": 87, 
        "context": "Although the CNN instance resides in the CPU for A3C, a GPU-based A3C (GA3C) algorithm (Babaeizadeh et al., 2016) implements the CNN instance in a GPU which showed improvements in computation speed and time over A3C.", 
        "endOffset": 113
      }, 
      {
        "referenceID": 19, 
        "startOffset": 41, 
        "context": "We evaluate the method on the ModelNet40 (Wu et al., 2015) dataset as a proof of concept.", 
        "endOffset": 58
      }, 
      {
        "referenceID": 19, 
        "startOffset": 29, 
        "context": "We believe that 3D ShapeNets (Wu et al., 2015) accuracy of 77.", 
        "endOffset": 46
      }, 
      {
        "referenceID": 15, 
        "startOffset": 42, 
        "context": "Method Image(s) Pose Depth Accuracy MVCNN (Su et al., 2015) X X 90.", 
        "endOffset": 59
      }, 
      {
        "referenceID": 11, 
        "startOffset": 19, 
        "context": "For example, MVCNN (Qi et al., 2016) passes in all 12 views into a network.", 
        "endOffset": 36
      }, 
      {
        "referenceID": 5, 
        "startOffset": 110, 
        "context": "about the object so the number of views and the number of networks are doubled like in pairwise decomposition (Johns et al., 2016).", 
        "endOffset": 130
      }
    ], 
    "source": "CRF", 
    "creator": "LaTeX with hyperref package", 
    "references": [
      {
        "shortCiteRegEx": "Ammirato et al\\.", 
        "author": [
          "Phil Ammirato", 
          "Patrick Poirson", 
          "Eunbyung Park", 
          "Jana Kosecka", 
          "Alexander C Berg"
        ], 
        "citeRegEx": "Ammirato et al\\.,? \\Q2017\\E", 
        "venue": "arXiv preprint arXiv:1702.08272,", 
        "year": 2017, 
        "title": "A dataset for developing and benchmarking active vision"
      }, 
      {
        "shortCiteRegEx": "Babaeizadeh et al\\.", 
        "author": [
          "Mohammad Babaeizadeh", 
          "Iuri Frosio", 
          "Stephen Tyree", 
          "Jason Clemons", 
          "Jan Kautz"
        ], 
        "citeRegEx": "Babaeizadeh et al\\.,? \\Q2016\\E", 
        "venue": "CoRR, abs/1611.06256,", 
        "year": 2016, 
        "title": "GA3C: gpu-based A3C for deep reinforcement learning"
      }, 
      {
        "shortCiteRegEx": "Chatfield et al\\.", 
        "author": [
          "Ken Chatfield", 
          "Karen Simonyan", 
          "Andrea Vedaldi", 
          "Andrew Zisserman"
        ], 
        "citeRegEx": "Chatfield et al\\.,? \\Q2014\\E", 
        "venue": "CoRR, abs/1405.3531,", 
        "year": 2014, 
        "title": "Return of the devil in the details: Delving deep into convolutional nets"
      }, 
      {
        "shortCiteRegEx": "Gupta et al\\.", 
        "author": [
          "Saurabh Gupta", 
          "James Davidson", 
          "Sergey Levine", 
          "Rahul Sukthankar", 
          "Jitendra Malik"
        ], 
        "citeRegEx": "Gupta et al\\.,? \\Q2017\\E", 
        "venue": "arXiv preprint arXiv:1702.03920,", 
        "year": 2017, 
        "title": "Cognitive mapping and planning for visual navigation"
      }, 
      {
        "shortCiteRegEx": "Jayaraman and Grauman.", 
        "author": [
          "D. Jayaraman", 
          "K. Grauman"
        ], 
        "citeRegEx": "Jayaraman and Grauman.,? \\Q2016\\E", 
        "venue": "In ECCV,", 
        "year": 2016, 
        "title": "Look-ahead before you leap: end-to-end active recognition by forecasting the effect of motion"
      }, 
      {
        "shortCiteRegEx": "Johns et al\\.", 
        "author": [
          "Edward Johns", 
          "Stefan Leutenegger", 
          "Andrew J Davison"
        ], 
        "citeRegEx": "Johns et al\\.,? \\Q2016\\E", 
        "venue": "In Proceedings of the IEEE Conference on Computer Vision and Pattern Recognition,", 
        "year": 2016, 
        "title": "Pairwise decomposition of image sequences for active multi-view recognition"
      }, 
      {
        "shortCiteRegEx": "Krizhevsky et al\\.", 
        "author": [
          "Alex Krizhevsky", 
          "Ilya Sutskever", 
          "Geoffrey E Hinton"
        ], 
        "citeRegEx": "Krizhevsky et al\\.,? \\Q2012\\E", 
        "venue": "pp. 1097\u20131105,", 
        "year": 2012, 
        "title": "Imagenet classification with deep convolutional neural networks"
      }, 
      {
        "shortCiteRegEx": "Mirowski et al\\.", 
        "author": [
          "Piotr Mirowski", 
          "Razvan Pascanu", 
          "Fabio Viola", 
          "Hubert Soyer", 
          "Andy Ballard", 
          "Andrea Banino", 
          "Misha Denil", 
          "Ross Goroshin", 
          "Laurent Sifre", 
          "Koray Kavukcuoglu"
        ], 
        "citeRegEx": "Mirowski et al\\.,? \\Q2016\\E", 
        "venue": "arXiv preprint arXiv:1611.03673,", 
        "year": 2016, 
        "title": "Learning to navigate in complex environments"
      }, 
      {
        "shortCiteRegEx": "Mnih et al\\.", 
        "author": [
          "Volodymyr Mnih", 
          "Koray Kavukcuoglu", 
          "David Silver", 
          "Alex Graves", 
          "Ioannis Antonoglou", 
          "Daan Wierstra", 
          "Martin Riedmiller"
        ], 
        "citeRegEx": "Mnih et al\\.,? \\Q2013\\E", 
        "venue": "arXiv preprint arXiv:1312.5602,", 
        "year": 2013, 
        "title": "Playing atari with deep reinforcement learning"
      }, 
      {
        "shortCiteRegEx": "Mnih et al\\.", 
        "author": [
          "Volodymyr Mnih", 
          "Nicolas Heess", 
          "Alex Graves", 
          "koray kavukcuoglu"
        ], 
        "citeRegEx": "Mnih et al\\.,? \\Q2014\\E", 
        "venue": "Advances in Neural Information Processing Systems", 
        "year": 2014, 
        "title": "Recurrent models of visual attention"
      }, 
      {
        "shortCiteRegEx": "Mnih et al\\.", 
        "author": [
          "Volodymyr Mnih", 
          "Adria Puigdomenech Badia", 
          "Mehdi Mirza", 
          "Alex Graves", 
          "Timothy Lillicrap", 
          "Tim Harley", 
          "David Silver", 
          "Koray Kavukcuoglu"
        ], 
        "citeRegEx": "Mnih et al\\.,? \\Q2016\\E", 
        "venue": "In International Conference on Machine Learning,", 
        "year": 2016, 
        "title": "Asynchronous methods for deep reinforcement learning"
      }, 
      {
        "shortCiteRegEx": "Qi et al\\.", 
        "author": [
          "Charles R Qi", 
          "Hao Su", 
          "Matthias Nie\u00dfner", 
          "Angela Dai", 
          "Mengyuan Yan", 
          "Leonidas J Guibas"
        ], 
        "citeRegEx": "Qi et al\\.,? \\Q2016\\E", 
        "venue": "In Proceedings of the IEEE Conference on Computer Vision and Pattern Recognition,", 
        "year": 2016, 
        "title": "Volumetric and multi-view cnns for object classification on 3d data"
      }, 
      {
        "shortCiteRegEx": "Qiu and Yuille.", 
        "author": [
          "Weichao Qiu", 
          "Alan Yuille"
        ], 
        "citeRegEx": "Qiu and Yuille.,? \\Q2016\\E", 
        "venue": "In Computer Vision\u2013 ECCV 2016 Workshops,", 
        "year": 2016, 
        "title": "Unrealcv: Connecting computer vision to unreal engine"
      }, 
      {
        "shortCiteRegEx": "Shi et al\\.", 
        "author": [
          "Baoguang Shi", 
          "Song Bai", 
          "Zhichao Zhou", 
          "Xiang Bai"
        ], 
        "citeRegEx": "Shi et al\\.,? \\Q2015\\E", 
        "venue": "IEEE Signal Processing Letters,", 
        "year": 2015, 
        "title": "Deeppano: Deep panoramic representation for 3-d shape recognition"
      }, 
      {
        "shortCiteRegEx": "Silver et al\\.", 
        "author": [
          "David Silver", 
          "Aja Huang", 
          "Chris J. Maddison", 
          "Arthur Guez", 
          "Laurent Sifre", 
          "George van den Driessche", 
          "Julian Schrittwieser", 
          "Ioannis Antonoglou", 
          "Veda Panneershelvam", 
          "Marc Lanctot", 
          "Sander Dieleman", 
          "Dominik Grewe", 
          "John Nham", 
          "Nal Kalchbrenner", 
          "Ilya Sutskever", 
          "Timothy Lillicrap", 
          "Madeleine Leach", 
          "Koray Kavukcuoglu", 
          "Thore Graepel", 
          "Demis Hassabis"
        ], 
        "citeRegEx": "Silver et al\\.,? \\Q2016\\E", 
        "venue": "doi: 10.1038/nature16961", 
        "year": 2016, 
        "title": "Mastering the game of Go with deep neural networks and tree"
      }, 
      {
        "shortCiteRegEx": "Su et al\\.", 
        "author": [
          "Hang Su", 
          "Subhransu Maji", 
          "Evangelos Kalogerakis", 
          "Erik Learned-Miller"
        ], 
        "citeRegEx": "Su et al\\.,? \\Q2015\\E", 
        "venue": "In Proceedings of the IEEE international conference on computer vision,", 
        "year": 2015, 
        "title": "Multi-view convolutional neural networks for 3d shape recognition"
      }, 
      {
        "shortCiteRegEx": "Sutton and Barto.", 
        "author": [
          "Richard S. Sutton", 
          "Andrew G. Barto"
        ], 
        "citeRegEx": "Sutton and Barto.,? \\Q1998\\E", 
        "venue": null, 
        "year": 1998, 
        "title": "Introduction to Reinforcement Learning"
      }, 
      {
        "shortCiteRegEx": "Tamar et al\\.", 
        "author": [
          "Aviv Tamar", 
          "Yi Wu", 
          "Garrett Thomas", 
          "Sergey Levine", 
          "Pieter Abbeel"
        ], 
        "citeRegEx": "Tamar et al\\.,? \\Q2016\\E", 
        "venue": "In Advances in Neural Information Processing Systems,", 
        "year": 2016, 
        "title": "Value iteration networks"
      }, 
      {
        "shortCiteRegEx": "Williams.", 
        "author": [
          "Ronald J. Williams"
        ], 
        "citeRegEx": "Williams.,? \\Q1992\\E", 
        "venue": "Mach. Learn.,", 
        "year": 1992, 
        "title": "Simple statistical gradient-following algorithms for connectionist reinforcement learning"
      }, 
      {
        "shortCiteRegEx": "Wu et al\\.", 
        "author": [
          "Zhirong Wu", 
          "Shuran Song", 
          "Aditya Khosla", 
          "Fisher Yu", 
          "Linguang Zhang", 
          "Xiaoou Tang", 
          "Jianxiong Xiao"
        ], 
        "citeRegEx": "Wu et al\\.,? \\Q2015\\E", 
        "venue": "In Proceedings of the IEEE Conference on Computer Vision and Pattern Recognition,", 
        "year": 2015, 
        "title": "3d shapenets: A deep representation for volumetric shapes"
      }, 
      {
        "shortCiteRegEx": "Zhu et al\\.", 
        "author": [
          "Yuke Zhu", 
          "Roozbeh Mottaghi", 
          "Eric Kolve", 
          "Joseph J Lim", 
          "Abhinav Gupta", 
          "Li Fei-Fei", 
          "Ali Farhadi"
        ], 
        "citeRegEx": "Zhu et al\\.,? \\Q2017\\E", 
        "venue": "In Robotics and Automation (ICRA),", 
        "year": 2017, 
        "title": "Targetdriven visual navigation in indoor scenes using deep reinforcement learning"
      }
    ], 
    "authors": [], 
    "abstractText": "Multi-view recognition is the task of classifying an object from multi-view image sequences. Instead of using a single-view for classification, humans generally navigate around a target object to learn its multi-view representation. Motivated by this human behavior, the next best view can be learned by combining object recognition with navigation in complex environments. Since deep reinforcement learning has proven successful in navigation tasks, we propose a novel multi-task reinforcement learning framework for joint multi-view recognition and navigation. Our method uses a hierarchical action space for multi-task reinforcement learning. The framework was evaluated with an environment created from the ModelNet40 dataset. Our results show improvements on object recognition and demonstrate human-like behavior on navigation.", 
    "sections": [
      {
        "text": "Object recognition is an important task for robot navigation, object manipulation and scene understanding. While traditional methods use single-view images for object recognition, some recent methods have proposed to use multi-view image sequences. We believe that the multi-view representation is more realistic than a single-view representation for object recognition. Also, we further believe that all viewpoints are not necessary for this task because few specific viewpoints can effectively classify the object. Therefore, the task is to find the most effective multi-view image sequence for recognition, which comes under the umbrella of active vision (Ammirato et al., 2017) i.e. use the current input to further improve the understanding.\nActive multi-view recognition uses current information to make an approximate guess of the next best view to better understand an object. This mimics human behavior for various recognition tasks. When an object is occluded or unrecognizable from a viewpoint, humans hypothesize and move to next best view for improved object recognition. Similarly, humans can rotate or move objects for a multi-view image sequence, which results in better learning and recognition. Hence, navigation can be naturally introduced into multi-view object recognition. We combine the tasks of object classification from multiple views with navigation into a joint framework.\nNavigation has been a challenging problem tackled by different learning frameworks. Recent works show that navigation is deeply ingrained in the deep reinforcement learning framework (Zhu et al., 2017). We combine the ideas of navigation, object recognition, and deep reinforcement learning in a coherent manner to teach an agent how to navigate a scene and classify a target instance simultaneously. With the recent success in navigation, deep reinforcement learning is a natural solution to this classification problem augmented with navigation. Ideally, instead of an inductive bias like image pairs (Johns et al., 2016), the agent would learn how to navigate the scene, like which direction to move or the number of steps to take, and learn an object\u2019s multi-view representation that results in greatest probability of correct classification. Navigation and exploration are key traits to learn the generalized multi-view representations, and deep reinforcement learning helps in performing them.\nFigure 1 visualizes the overall framework. In the beginning, the agent is uncertain of the object. Consequentially, it moves in the direction that would maximize its certainty. As the agent maneuvers the scene, it learns the multi-view representation of the object and creates hypotheses of the its\ncategory. The agent classifies once it becomes certain after a number of steps. In the best case scenario, the agent can classify the object given the first image it sees, although exploration and movement are highly desirable traits in cases of uncertainty.\nAnother important aspect of the framework is the memorization of previous object views. Similar to a human\u2019s memory of previous information, data from previous images are combined to learn better actions and improve the prediction accuracy. The other advantage of our method is independent of the starting point. We can start at any random point of the environment and navigate to accurately classify the object. We propose the first framework to combine learning of navigation and object recognition, which are widely considered as two different tasks, as a form of multi-task learning.", 
        "heading": "1 INTRODUCTION"
      }, 
      {
        "text": "Object recognition: In the domain of computer vision and machine learning, multiple methods have been proposed for multi-view object recognition. Most of the recent papers in this direction use convolutional neural networks (CNN) for this task. 3D ShapeNets (Wu et al., 2015) proposes to use 3D features as input to a 3D CNN and showed state-of-the-art object recognition using 3D objects. They further showed next best view selection for 3D object recognition as an auxilary task of their pipeline. Multi-view CNN (Su et al., 2015)(Qi et al., 2016) have generalized multi-view recognition by learning from images that cover the full sphere of viewpoints over an object. Multiple methods have exploited the of multi-view recognition in 3D and 2D to improve the accuracy (Qiu & Yuille, 2016). Some recent works also proposed a reinforcement learning based method to solve the problem of active vision by looking ahead (Jayaraman & Grauman, 2016) and have shown its applications to object recognition. Further a pairwise decomposition method has been proposed to learn the best pairs to recognize the object (Johns et al., 2016). Although most of the methods have addressed the problem with different approaches, they introduce prior knowledge and bias in how to search for the next best view to recognize an object. We believe navigation with reinforcement learning as the best method to learn the next best view selection. There is work proposed in object detection with visual attention (Mnih et al., 2014), which uses reinforcement learning over glimses of a image to predict the label.\nNavigation: Navigation with reinforcement learning is an extensively addressed problem in robotics domain. The deep Siamese actor-critic networks (Zhu et al., 2017) handles the problem of multiple targets and scenes generalization for navigation. Also, recent literature show promising results for visual navigation by using cognition mapping and planning (Gupta et al., 2017). They use value iteration networks (Tamar et al., 2016) to learn the policy for navigation. In addition, there has been motivation of navigation for object instance recognition in real-world environments (Ammirato et al., 2017). With the introduction of deep learning to reinforcement learning, there has been a plethora of recent advancements in understanding the how humans navigate and interact with the environment. Recent methods in deep reinforcement learning like the Deep Q-Network algorithm (Mnih et al., 2013) and the Asynchronous Advantage Actor Critic (Mnih et al., 2016) algorithm showed near human level performance on multitude of tasks like Atari 2600 games (Mnih et al., 2013). Furthermore, deep reinforcement learning showed state-of-the-art results for playing games like Atari (Mnih et al., 2013), Go (Silver et al., 2016), and Doom (Mirowski et al., 2016). With the advent of recent successful reinforcement learning algorithms in navigation, research has shifted towards real world applications of navigation and scene understanding with deep reinforcement learning.", 
        "heading": "2 RELATED WORK"
      }, 
      {
        "text": "The methods proposed above learns navigation and recognition as unrelated individual tasks. Although these methods show promising results in the direction of active vision, the task of end-to-end navigation and recognition has not been explored. Hence, we propose the current model to learn object categorization from navigation.", 
        "heading": "3 METHOD"
      }, 
      {
        "text": "In a standard reinforcement learning setting, an agent interacts with an environment over a number of discrete time steps. At each time step t, the agent observes a state st \u2208 S and selects an action at \u2208 A where S and A are the state and action spaces, respectively. Guided by a policy \u03c0 that maps states st to actions at, the agent performs an action at and observes the next state st+1 and reward rt.\nTo compute the policy \u03c0, neural network function approximators can be used to calculate \u03c0(at|st; \u03b8) for some function parameters \u03b8. The REINFORCE algorithms (Williams, 1992) are policy-based model-free methods that can update \u03b8 by gradient ascent on E[Rt], where Rt = \u2211\u221e k=0 \u03b3\nkrt+k+1 is the accumulated discounted reward and \u03b3 \u2208 (0, 1] is the discount factor. Also with state st, a baseline value bt(st) can also be computed with neural network function approximators for some function parameters \u03b8. One baseline can be the state value function estimate v(st; \u03b8). In the actor-critic learning architecture (Sutton & Barto, 1998), the policy \u03c0 and the baseline b are the actor and critic, respectively. Then the overall loss function is:\nl(\u03b8) = l\u03c0(\u03b8) + lv(\u03b8) (1)\nwhich is the sum of the policy loss l\u03c0(\u03b8) and value loss lv(\u03b8). The individual policy and value loss functions, as shown by Equation 2 and Equation 3 respectively, are:\nl\u03c0(\u03b8) = log(\u03c0(at|st; \u03b8))(Rt \u2212 bt(st)) (2)\nlv(\u03b8) = 1\n2 (Rt \u2212 bt(st))2 (3)\nWith learning rate \u03b7, differentiation of the loss function in Equation 1 with respect to the weights \u03b8 results in a gradient descent update \u03b8i+1 \u2190 \u03b8i \u2212 \u03b7\u2207\u03b8i l(\u03b8i), which is shown to update the function approximate \u03c0(at|st; \u03b8) towards the optimal policy \u03c0\u2217(at|st) (Williams, 1992).", 
        "heading": "3.1 BACKGROUND"
      }, 
      {
        "text": "We propose a novel architecture to simultaneously learn to navigate and recognize an object. The main contribution of this architecture is the hierarchical action space and extrapolation of the action space to a higher dimension for multi-task learning.\nRecent multi-view recognition methods use deep neural networks, like pairwise decomposition (Johns et al., 2016) used a VGG-M (Chatfield et al., 2014) network. Motivated from their success in multi-view recognition, we use a network architecture similar to AlexNet (Krizhevsky et al., 2012) which contrasts to the simple deep neural networks used by most of the deep reinforcement learning methods. This need for deeper networks is rooted from the recent success of image classification tasks using these networks.\nSimilar to AlexNet, our architecture\u2019s first convolutional layer filters the 224 x 224 x 3 input of stacked frames with 64 kernels of size 11 x 11 x 3 with a stride of 4 pixels. The second convolutional layer takes the normalized and max-pooled output of the first convolutional layer as input and filters it with 256 kernels of size 5 x 5 x 64. The third convolutional layer takes the normalized and max-pooled outputs of the second convolutional layer as input and filters it with 384 kernels of size 3 x 3 x 256. The fourth convolutional layer takes the outputs of the third convolutional layer as input and filters it with 384 kernels of size 3 x 3 x 192. For the last convolutional layer, the fifth convolutional layer takes the outputs of the fourth convolutional layer as input and filters it with 256 kernels of size 3 x 3 x 192. The first and second fully-connected layers have 4096 units each, where the first fully-connected layer takes the outputs of the fifth convolutional layer as input and the second fully-connected layer takes the outputs of the first fully-connected layer as input.", 
        "heading": "3.2 LSD-NET: LOOK, STEP AND DETECT NETWORK"
      }, 
      {
        "text": "A single softmax layer is sufficient for simple action spaces, like movement actions of some Atari 2600 games (Mnih et al., 2013). Though in complex action spaces such as classification and navigation tasks, a single softmax layer is biased towards tasks with larger number of actions.We propose a hierarchical action tree based method to reduce the bias in the action space.\nIf there are m object categories and n movements, then let C = {a1, ..., am} be the actions that classifies the object as one of the m categories and let N = {am+1, ..., am+n} be the actions that navigate the scene. Then let the actions aC and aN be the meta-actions to select an action from C and N , respectively, so let A = {aC , aN }. Therefore there would be a separate softmax layers for actions in A, C, and N individually. For example, if an agent selects and performs action aC from A, then the agent consequently selects and performs a classification action a \u2208 C. Regarding the policy and action selection, each action is selected with probability \u03c0(at|st; \u03b8). Regarding exploration, the agent has probability of selecting a random action at each hierarchical level of the action space for some given probability > 0. This has been incorporated into the algorithm to encourage exploration throughout training.", 
        "heading": "3.3 HIERARCHICAL ACTION SPACE AND POLICY"
      }, 
      {
        "text": "Similar to the work of Deep Q-Networks (Mnih et al., 2013), the raw images from the environment are first preprocessed by converting their RGB representation to gray-scale representation. These converted images are resized to 224 x 224 pixel images. Then the pixels of the images are normalized to floating point values in the range of [0, 1]. Finally, the images are saved in the history. The last n frames of the history are preprocessed and stacked to be produced as input to the Q-function. These are the states in the state space S . The stacked images has a key importance in this problem since the state space is dependent on the n number of stacked images.\nWe created a novel Gym (Brockman et al., 2016) environment from the dataset by simulating an environment with classification and navigation actions with multiple possible configurations. When an agent in state st takes an action at, the environment would read in the next logical image and return the appropriate outputs. The environment outputs a state, reward, and terminal boolean which can be varied depending on the predetermined parameters of the environment, as shown in Table 1. Also, we have a upper bound T on the number of steps taken by the agent per episode, so if t \u2265 T then the episode is terminated.\nTable 1 summarizes all possible environment configurations for the task of joint navigation and recognition. To briefly describe the environment, if the agent performed a movement action i.e. at \u2208 N , then the environment would output the next logical state with 0 reward. In case of a classification action i.e. at \u2208 C and it classified correctly, then the environment would output the current state with 1 reward and could either terminate or continue the episode, depending on the environment parameters. Finally, if the action is a classification action i.e. at \u2208 C and it classified incorrectly, then the reward could be either -1 or 0 and could either terminate or continue the episode, depending on the environment parameters. We have tested with multiple environment configurations to determine the best configuration.\nThe Asynchronous Advantage Actor Critic (A3C) algorithm achieved state-of-the-art results on reinforcement learning task like Atari 2600 games (Mnih et al., 2016). A3C outputs a softmax layer to approximate the policy \u03c0 and a linear layer to approximate the state value v. Multiple agents share the weights of the CNN and the agents calculate individual gradients to asynchronously update the weights. Although the CNN instance resides in the CPU for A3C, a GPU-based A3C (GA3C) algorithm (Babaeizadeh et al., 2016) implements the CNN instance in a GPU which showed improvements in computation speed and time over A3C. Compared to training with A3C, GA3C allows for faster training on larger networks and datasets.\nSince navigation plays a key role in learning multi-view representations, parameters in the learning algorithm and the environment are set to promote movement. The agent should learn to move efficiently instead of performing frivolous classification actions. We set the discount factor \u03b3 = 0.50 to make the agent learn to classify with lesser number of steps. In the case of a non-hierarchal action space, the n actions have nearly equal probability to occur in the beginning of training. Hence, the agent applies classification for most of the time, since there is a bias towards classification actions. Clearly, the agent shows bias towards classification and results from training this network show minimal movement actions. With the hierarchal action space, the agent has a equal chance of navigation which results in improved movement. We found that hierarchical method gives superior results compared to non-hierarchal action space.", 
        "heading": "4 IMPLEMENTATION DETAILS"
      }, 
      {
        "text": "ModelNet40 Environment:We convert the rendered Modelnet40 dataset into a Gym environment to evaluate the performance of our method. In each new episode of the environment, the agent would be placed in a randomly selected view of a randomly selected object. The agent can take one of two meta-actions aC or aN . The meta-actions aC selects one of 40 actions from C = {aairplane, abathtub, ..., axbox} to classify each of the 40 categories and aN selects one of 2 actions\nfrom N = {acw, accw} where acw move around the object in the clockwise direction and accw in the counter-clockwise direction. The episode ends when the agent classifies correctly or reaches the maximum number of 12 steps.\nWe evaluate the method on the ModelNet40 (Wu et al., 2015) dataset as a proof of concept. ModelNet40 has 3D CAD models from 40 categories like airplanes, bathtubs, beds, benches, and more with 3143 training and 760 testing objects. For each object, we create 12 rendered views of by placing 12 cameras around the CAD models every 30 degrees. The cameras are elevated 30 degrees from ground plane and point towards the centroid of the objects.\nAfter training multiple different versions of the ModelNet40 environment with our method, we found the best environment has zero reward for movement and misclassification, one reward for correct classification, and termination after correct classification or max number of 12 steps. Figure 3 shows reward plot of our method and the entropy loss in the policy. The moving average reward is defined as an average reward over a sliding window of 1000 iterations during training. We observe that the reward saturates around 1.5 million iterations. Also, the policy entropy loss is the negative log of the max policy value from the LSD-Net. This decreases over time and converges near zero as shown in the plots. It took nearly 2 million iterations to train the network on a NVIDIA TITAN X GPU.\nTHOR and Active Vision Environment: We use ModelNet40 as a proof of concept and extent the Navigation and detection into a more realistsic environments. The THOR environment consists of multiple rooms created in the virtual environment. While the Active vision dataset was collected from a real world robot exploring the environment with multiple views. The agent can freely navigate the environment simultaneously keeping objects in perspective. To show improvements in the accuracy in object detection in these environments we model the task of object detection as the minimum number of steps taken to recognize the object. This is specifically a challenging task as the agent needs to simulataneouly explore and recognize the object. To train the network faster we give a bounding box around the object to be classified as an input to the network. We observe that our method trains faster compared to previous exploration methods as well as navigate faster to the object compared to the previous state-of-the art results.", 
        "heading": "5 EXPERIMENTAL EVALUATION"
      }, 
      {
        "text": "Table 2 shows that our network has learned to classify object with 75.4% average testing accuracy. This was calculated by classifying each group of 12 views for each of the 760 testing objects. The testing accuracy was computed by averaging the accuracy of 20 testing episodes since the starting point for each object is random.\nWe believe that 3D ShapeNets (Wu et al., 2015) accuracy of 77.3% can be a good baseline to compare our accuracy. Although most of the methods previously proposed show higher accuracy than our method, none of the methods have attempted to solve the retrieval problem just using images. As\nanother baseline and fair comparison to our method, we trained the same method on the ModelNet environment, but the agent was not allowed to take any movement actions. The baseline method achieved 64.3% accuracy. As seen in Table 2, our method increased in 17.1% accuracy compared to naive classification network.\nThe agent moved on an average for 619 objects per testing episode and 29 objects took the maximum number of steps. We observe that most of the objects which were classified without movement had rich features to discriminate them like the classes of person, chair, etc. On the contrary, objects which took the maximum steps were symmetric objects and were less distinguishable from multiple views. The classes, like cups and bottles, are view agnostic and took more steps to be classified. But, these view agnostic classes have a overall high classification accuracy as they are very distinguishable from other classes from a single view. Another important conclusion from Table 3 is that the accuracy of classification generally increases with more movement.\nWe experimented with multiple configurations of the environment. One configuration has negative reward for misclassification to discourage the agent from random classification. Another configuration has positive reward for movement to encourage movement. Both configurations promoted the network to learn only to move instead of classification.", 
        "heading": "5.1 QUANTITATIVE EVALUATION"
      }, 
      {
        "text": "During training, we found that the network first learns to classify the initial images correctly. After it exhausts the classification accuracy from single view, it learns to navigate to improve classification accuracy with multi-view recognition. This is very intuitive and similar to human learning. Humans try to classify the object in the first instance. If the confidence of the object recognition is not high, then they navigate around the object to learn the distinguishable features of the object.\nWe show some qualitative results of our approach in Figure 4. As seen from the images, the network has learned to move to the best view of the object to accurately recognize it. This is only observed for views which have a bad initialization. We observe that the accuracy improves for objects which have movement compared to objects which were classified without movement. The trend is continuously increasing with the number of steps by the agent. This proves that the network has learned to move to accurately classify and movement is necessary for better classification.\nMost methods in Table 2 assume the complete visibility of the object i.e the image rendered from all the views at the same instance from different poses. For example, MVCNN (Qi et al., 2016) passes in all 12 views into a network. In addition, each image has its own convolutional network for feature extraction so MVCNN has 12 convolutional networks. Some methods also use depth information\nInput View Step 1 Step 2 Step 3 Classified\nabout the object so the number of views and the number of networks are doubled like in pairwise decomposition (Johns et al., 2016). We believe this comparison is required to show the disadvantages of the other methods. Our method is only dependent on the input images and achieves comparable accuracies to the other methods. Incorporating any of the other cues like pose or depth in a coherent way should boost our accuracy.\nIn comparison to other methods, our method is agnostic of the starting point i.e. it can start randomly on any image and it would get similar testing accuracies. In a real life setting, it is not necessary for humans to have complete visibility of the object to recognize it. Instead, humans only need to learn as many views as necessary until they are certain. In a similar sense, instead of an inductive bias of which or how many views are passed into the network, the agent learns to navigate to as many views as necessary and classifies the object with good accuracy. Also, our method did not include the use of depth information about the objects, yet resulted in sufficient generalization and accuracy.\nOur method performs better better than state-of-the-art in training for navigation to the object. This can be attributed to the fact that object based navigation helps in recognizing the object simultaneously navigate better in the environment. We observe that with oour method the number of steps taken to reach the target has been reduced compared to random walk and object search based exploration.", 
        "heading": "5.2 QUALITATIVE EVALUATION"
      }, 
      {
        "text": "We successfully implemented a reinforcement learning based object recognition algorithm that takes classification decisions based on accumulated multi-view information from navigation. We have created a novel environment to simulate the navigation and classification actions. With the LSD-Net framework, we achieved comparative results to state-of-the art accuracies in object recognition with only images as input. The network is currently integrating two tasks, but the architecture can be extended to multi-task learning. We believe that learning in 3D can helping in inferring in 2D images and show some tests on the THOR environment. We currently have not used the geometry of the object from the multiple views during learning. but incorportaing such priors can boost the accuracy of the method.", 
        "heading": "6 CONCLUSION AND FUTURE WORK"
      }
    ], 
    "emails": []
  }
}