{
  "name": "SJ3dBGZ0Z.pdf", 
  "metadata": {
    "title": null, 
    "year": 2017, 
    "referenceMentions": [
      {
        "referenceID": 9, 
        "startOffset": 81, 
        "context": "Deep neural networks have achieved impressive successes in tasks spanning vision (He et al., 2016; Krizhevsky et al., 2012), language (Bahdanau et al.", 
        "endOffset": 123
      }, 
      {
        "referenceID": 16, 
        "startOffset": 81, 
        "context": "Deep neural networks have achieved impressive successes in tasks spanning vision (He et al., 2016; Krizhevsky et al., 2012), language (Bahdanau et al.", 
        "endOffset": 123
      }, 
      {
        "referenceID": 3, 
        "startOffset": 18, 
        "context": ", 2012), language (Bahdanau et al., 2014), speech (Graves et al.", 
        "endOffset": 41
      }, 
      {
        "referenceID": 6, 
        "startOffset": 16, 
        "context": ", 2014), speech (Graves et al., 2013; Oord et al., 2016) and videos (Abu-El-Haija et al.", 
        "endOffset": 56
      }, 
      {
        "referenceID": 26, 
        "startOffset": 16, 
        "context": ", 2014), speech (Graves et al., 2013; Oord et al., 2016) and videos (Abu-El-Haija et al.", 
        "endOffset": 56
      }, 
      {
        "referenceID": 14, 
        "startOffset": 39, 
        "context": "This can also occur in computer vision (Joulin et al., 2016) when attempting tag prediction on massive, weakly-labeled datasets such as Flickr100M (Thomee et al.", 
        "endOffset": 60
      }, 
      {
        "referenceID": 30, 
        "startOffset": 94, 
        "context": ", 2016) when attempting tag prediction on massive, weakly-labeled datasets such as Flickr100M (Thomee et al., 2015).", 
        "endOffset": 115
      }, 
      {
        "referenceID": 25, 
        "startOffset": 126, 
        "context": "More recently, estimators based on nearest neighbor search have been proposed for inference and learning in log-linear models (Mussmann & Ermon, 2016; Mussmann et al., 2017).", 
        "endOffset": 173
      }, 
      {
        "referenceID": 18, 
        "startOffset": 71, 
        "context": "Recent work builds on top of LSH to either reduce the number of tables (Lv et al., 2007), or utilize more expressive hash functions (Andoni et al.", 
        "endOffset": 88
      }, 
      {
        "referenceID": 2, 
        "startOffset": 51, 
        "context": ", 2007), or utilize more expressive hash functions (Andoni et al., 2015).", 
        "endOffset": 72
      }, 
      {
        "referenceID": 4, 
        "startOffset": 78, 
        "context": "for v \u223c N (0, I), hv(x) = sign ( vx ) , also called Signed Random Projections (Charikar, 2002).", 
        "endOffset": 94
      }, 
      {
        "referenceID": 25, 
        "startOffset": 5, 
        "context": "5 of (Mussmann et al., 2017) to enable sublinear learning of softmax parameters in the context of deep models, i.", 
        "endOffset": 28
      }, 
      {
        "referenceID": 16, 
        "startOffset": 45, 
        "context": "Deep learning models for both classification (Krizhevsky et al., 2012) and generation (Mikolov, 2012) are often trained with a maximum-likelihood objective.", 
        "endOffset": 70
      }, 
      {
        "referenceID": 21, 
        "startOffset": 23, 
        "context": ", 2012) and generation (Mikolov, 2012) are often trained with a maximum-likelihood objective.", 
        "endOffset": 38
      }, 
      {
        "referenceID": 27, 
        "startOffset": 68, 
        "context": "To optimize this model, the usual method is to use back-propagation (Rumelhart et al., 1988) to differentiate and then perform stochastic gradient descent (SGD; LeCun et al.", 
        "endOffset": 92
      }, 
      {
        "referenceID": 25, 
        "startOffset": 32, 
        "context": "This is a direct application of (Mussmann et al., 2017) that once again leverages a MIPS structure and the Gumbel distribution.", 
        "endOffset": 55
      }, 
      {
        "referenceID": 18, 
        "startOffset": 57, 
        "context": "It also allows for more memory-efficient look-up such as (Lv et al., 2007).", 
        "endOffset": 74
      }, 
      {
        "referenceID": 30, 
        "startOffset": 39, 
        "context": "98 GPU nodes for 8 days for Flickr100M (Thomee et al., 2015)) which is outside the scope of this paper.", 
        "endOffset": 60
      }, 
      {
        "referenceID": 21, 
        "startOffset": 84, 
        "context": "Recently, parametric models using RNNs have shown impressive success on these tasks (Mikolov, 2012).", 
        "endOffset": 99
      }, 
      {
        "referenceID": 21, 
        "startOffset": 65, 
        "context": "\u2022 Penn TreeBank (PTB): We follow the pre-processing described by (Mikolov, 2012), which results in 929k training tokens, 73k validation and 82k test tokens with a 10k vocabulary size.", 
        "endOffset": 80
      }, 
      {
        "referenceID": 32, 
        "startOffset": 72, 
        "context": "This dataset has been used recently in the context of language modeling (Xie et al., 2017).", 
        "endOffset": 90
      }, 
      {
        "referenceID": 12, 
        "startOffset": 100, 
        "context": "computed over the entire output space, (2) Biased Importance Sampled softmax (BIS), as presented in (Jean et al., 2014), which consists of sub-sampling the vocabulary according to a proposal distribution based on unigram counts, and (3) Negative Sampling (NS), proposed in Mikolov et al.", 
        "endOffset": 119
      }, 
      {
        "referenceID": 15, 
        "startOffset": 90, 
        "context": "(2013), equivalent to (BIS) with a uniform distribution, (4) standard Importance Sampling (Jozefowicz et al., 2016) and (5) Noise-Contrastive Estimation (NCE; Gutmann & Hyv\u00e4rinen (2012)).", 
        "endOffset": 115
      }, 
      {
        "referenceID": 5, 
        "startOffset": 84, 
        "context": "Additionally, we show the speed-ups one can achieve on the One Billion Word dataset (Chelba et al., 2013), whose ppl was not evaluated due to computational constraints.", 
        "endOffset": 105
      }
    ], 
    "source": "CRF", 
    "creator": "LaTeX with hyperref package", 
    "references": [
      {
        "shortCiteRegEx": "Abadi et al\\.", 
        "author": [
          "Mart\u0131\u0301n Abadi", 
          "Ashish Agarwal", 
          "Paul Barham", 
          "Eugene Brevdo", 
          "Zhifeng Chen", 
          "Craig Citro", 
          "Greg S Corrado", 
          "Andy Davis", 
          "Jeffrey Dean", 
          "Matthieu Devin"
        ], 
        "citeRegEx": "Abadi et al\\.,? \\Q2016\\E", 
        "venue": "arXiv preprint arXiv:1603.04467,", 
        "year": 2016, 
        "title": "Tensorflow: Large-scale machine learning on heterogeneous distributed systems"
      }, 
      {
        "shortCiteRegEx": "Abu.El.Haija et al\\.", 
        "author": [
          "Sami Abu-El-Haija", 
          "Nisarg Kothari", 
          "Joonseok Lee", 
          "Paul Natsev", 
          "George Toderici", 
          "Balakrishnan Varadarajan", 
          "Sudheendra Vijayanarasimhan"
        ], 
        "citeRegEx": "Abu.El.Haija et al\\.,? \\Q2016\\E", 
        "venue": "arXiv preprint arXiv:1609.08675,", 
        "year": 2016, 
        "title": "Youtube-8m: A large-scale video classification benchmark"
      }, 
      {
        "shortCiteRegEx": "Andoni et al\\.", 
        "author": [
          "Alexandr Andoni", 
          "Piotr Indyk", 
          "Thijs Laarhoven", 
          "Ilya Razenshteyn", 
          "Ludwig Schmidt"
        ], 
        "citeRegEx": "Andoni et al\\.,? \\Q2015\\E", 
        "venue": "In Advances in Neural Information Processing Systems,", 
        "year": 2015, 
        "title": "Practical and optimal lsh for angular distance"
      }, 
      {
        "shortCiteRegEx": "Bahdanau et al\\.", 
        "author": [
          "Dzmitry Bahdanau", 
          "Kyunghyun Cho", 
          "Yoshua Bengio"
        ], 
        "citeRegEx": "Bahdanau et al\\.,? \\Q2014\\E", 
        "venue": "arXiv preprint arXiv:1409.0473,", 
        "year": 2014, 
        "title": "Neural machine translation by jointly learning to align and translate"
      }, 
      {
        "shortCiteRegEx": "Charikar.", 
        "author": [
          "Moses S Charikar"
        ], 
        "citeRegEx": "Charikar.,? \\Q2002\\E", 
        "venue": "In Proceedings of the thiryfourth annual ACM symposium on Theory of computing,", 
        "year": 2002, 
        "title": "Similarity estimation techniques from rounding algorithms"
      }, 
      {
        "shortCiteRegEx": "Chelba et al\\.", 
        "author": [
          "Ciprian Chelba", 
          "Tomas Mikolov", 
          "Mike Schuster", 
          "Qi Ge", 
          "Thorsten Brants", 
          "Phillipp Koehn", 
          "Tony Robinson"
        ], 
        "citeRegEx": "Chelba et al\\.,? \\Q2013\\E", 
        "venue": "arXiv preprint arXiv:1312.3005,", 
        "year": 2013, 
        "title": "One billion word benchmark for measuring progress in statistical language modeling"
      }, 
      {
        "shortCiteRegEx": "Graves et al\\.", 
        "author": [
          "Alex Graves", 
          "Abdel-rahman Mohamed", 
          "Geoffrey Hinton"
        ], 
        "citeRegEx": "Graves et al\\.,? \\Q2013\\E", 
        "venue": "(icassp), 2013 ieee international conference on,", 
        "year": 2013, 
        "title": "Speech recognition with deep recurrent neural networks. In Acoustics, speech and signal processing"
      }, 
      {
        "shortCiteRegEx": "Gumbel and Lieblein.", 
        "author": [
          "Emil Julius Gumbel", 
          "Julius Lieblein"
        ], 
        "citeRegEx": "Gumbel and Lieblein.,? \\Q1954\\E", 
        "venue": null, 
        "year": 1954, 
        "title": "Statistical theory of extreme values and some practical applications: a series of lectures"
      }, 
      {
        "shortCiteRegEx": "Gutmann and Hyv\u00e4rinen.", 
        "author": [
          "Michael U Gutmann", 
          "Aapo Hyv\u00e4rinen"
        ], 
        "citeRegEx": "Gutmann and Hyv\u00e4rinen.,? \\Q2012\\E", 
        "venue": "Journal of Machine Learning Research,", 
        "year": 2012, 
        "title": "Noise-contrastive estimation of unnormalized statistical models, with applications to natural image statistics"
      }, 
      {
        "shortCiteRegEx": "He et al\\.", 
        "author": [
          "Kaiming He", 
          "Xiangyu Zhang", 
          "Shaoqing Ren", 
          "Jian Sun"
        ], 
        "citeRegEx": "He et al\\.,? \\Q2016\\E", 
        "venue": "In Computer Vision and Pattern Recognition (CVPR),", 
        "year": 2016, 
        "title": "Deep residual learning for image recognition"
      }, 
      {
        "shortCiteRegEx": "Hochreiter and Schmidhuber.", 
        "author": [
          "Sepp Hochreiter", 
          "J\u00fcrgen Schmidhuber"
        ], 
        "citeRegEx": "Hochreiter and Schmidhuber.,? \\Q1997\\E", 
        "venue": "Neural computation,", 
        "year": 1997, 
        "title": "Long short-term memory"
      }, 
      {
        "shortCiteRegEx": "Indyk and Motwani.", 
        "author": [
          "Piotr Indyk", 
          "Rajeev Motwani"
        ], 
        "citeRegEx": "Indyk and Motwani.,? \\Q1998\\E", 
        "venue": "In Proceedings of the thirtieth annual ACM symposium on Theory of computing,", 
        "year": 1998, 
        "title": "Approximate nearest neighbors: towards removing the curse of dimensionality"
      }, 
      {
        "shortCiteRegEx": "Jean et al\\.", 
        "author": [
          "S\u00e9bastien Jean", 
          "Kyunghyun Cho", 
          "Roland Memisevic", 
          "Yoshua Bengio"
        ], 
        "citeRegEx": "Jean et al\\.,? \\Q2014\\E", 
        "venue": "arXiv preprint arXiv:1412.2007,", 
        "year": 2014, 
        "title": "On using very large target vocabulary for neural machine translation"
      }, 
      {
        "shortCiteRegEx": "Ji et al\\.", 
        "author": [
          "Shihao Ji", 
          "SVN Vishwanathan", 
          "Nadathur Satish", 
          "Michael J Anderson", 
          "Pradeep Dubey"
        ], 
        "citeRegEx": "Ji et al\\.,? \\Q2015\\E", 
        "venue": "arXiv preprint arXiv:1511.06909,", 
        "year": 2015, 
        "title": "Blackout: Speeding up recurrent neural network language models with very large vocabularies"
      }, 
      {
        "shortCiteRegEx": "Joulin et al\\.", 
        "author": [
          "Armand Joulin", 
          "Laurens van der Maaten", 
          "Allan Jabri", 
          "Nicolas Vasilache"
        ], 
        "citeRegEx": "Joulin et al\\.,? \\Q2016\\E", 
        "venue": "In European Conference on Computer Vision,", 
        "year": 2016, 
        "title": "Learning visual features from large weakly supervised data"
      }, 
      {
        "shortCiteRegEx": "Jozefowicz et al\\.", 
        "author": [
          "Rafal Jozefowicz", 
          "Oriol Vinyals", 
          "Mike Schuster", 
          "Noam Shazeer", 
          "Yonghui Wu"
        ], 
        "citeRegEx": "Jozefowicz et al\\.,? \\Q2016\\E", 
        "venue": "arXiv preprint arXiv:1602.02410,", 
        "year": 2016, 
        "title": "Exploring the limits of language modeling"
      }, 
      {
        "shortCiteRegEx": "Krizhevsky et al\\.", 
        "author": [
          "Alex Krizhevsky", 
          "Ilya Sutskever", 
          "Geoffrey E Hinton"
        ], 
        "citeRegEx": "Krizhevsky et al\\.,? \\Q2012\\E", 
        "venue": null, 
        "year": 2012, 
        "title": "Imagenet classification with deep convolutional neural networks. In Advances in neural information processing"
      }, 
      {
        "shortCiteRegEx": "LeCun et al\\.", 
        "author": [
          "Yann LeCun", 
          "L\u00e9on Bottou", 
          "Yoshua Bengio", 
          "Patrick Haffner"
        ], 
        "citeRegEx": "LeCun et al\\.,? \\Q1998\\E", 
        "venue": "Proceedings of the IEEE,", 
        "year": 1998, 
        "title": "Gradient-based learning applied to document recognition"
      }, 
      {
        "shortCiteRegEx": "Lv et al\\.", 
        "author": [
          "Qin Lv", 
          "William Josephson", 
          "Zhe Wang", 
          "Moses Charikar", 
          "Kai Li"
        ], 
        "citeRegEx": "Lv et al\\.,? \\Q2007\\E", 
        "venue": "In Proceedings of the 33rd international conference on Very large data bases,", 
        "year": 2007, 
        "title": "Multi-probe lsh: efficient indexing for high-dimensional similarity search"
      }, 
      {
        "shortCiteRegEx": "Maclaurin et al\\.", 
        "author": [
          "Dougal Maclaurin", 
          "David Duvenaud", 
          "Matthew Johnson", 
          "Ryan P Adams"
        ], 
        "citeRegEx": "Maclaurin et al\\.,? \\Q2015\\E", 
        "venue": "URL http://github. com/HIPS/autograd", 
        "year": 2015, 
        "title": "Autograd: Reverse-mode differentiation of native python"
      }, 
      {
        "shortCiteRegEx": "Merity et al\\.", 
        "author": [
          "Stephen Merity", 
          "Caiming Xiong", 
          "James Bradbury", 
          "Richard Socher"
        ], 
        "citeRegEx": "Merity et al\\.,? \\Q2016\\E", 
        "venue": "arXiv preprint arXiv:1609.07843,", 
        "year": 2016, 
        "title": "Pointer sentinel mixture models"
      }, 
      {
        "shortCiteRegEx": "Mikolov.", 
        "author": [
          "Tom\u00e1\u0161 Mikolov"
        ], 
        "citeRegEx": "Mikolov.,? \\Q2012\\E", 
        "venue": "Mountain View,", 
        "year": 2012, 
        "title": "Statistical language models based on neural networks. Presentation at Google"
      }, 
      {
        "shortCiteRegEx": "Mikolov et al\\.", 
        "author": [
          "Tomas Mikolov", 
          "Ilya Sutskever", 
          "Kai Chen", 
          "Greg S Corrado", 
          "Jeff Dean"
        ], 
        "citeRegEx": "Mikolov et al\\.,? \\Q2013\\E", 
        "venue": "In Advances in neural information processing systems,", 
        "year": 2013, 
        "title": "Distributed representations of words and phrases and their compositionality"
      }, 
      {
        "shortCiteRegEx": "Morin and Bengio.", 
        "author": [
          "Frederic Morin", 
          "Yoshua Bengio"
        ], 
        "citeRegEx": "Morin and Bengio.,? \\Q2005\\E", 
        "venue": "In Aistats,", 
        "year": 2005, 
        "title": "Hierarchical probabilistic neural network language model"
      }, 
      {
        "shortCiteRegEx": "Mussmann and Ermon.", 
        "author": [
          "Stephen Mussmann", 
          "Stefano Ermon"
        ], 
        "citeRegEx": "Mussmann and Ermon.,? \\Q2016\\E", 
        "venue": "In Proceedings of The 33rd International Conference on Machine Learning,", 
        "year": 2016, 
        "title": "Learning and inference via maximum inner product search"
      }, 
      {
        "shortCiteRegEx": "Mussmann et al\\.", 
        "author": [
          "Stephen Mussmann", 
          "Daniel Levy", 
          "Stefano Ermon"
        ], 
        "citeRegEx": "Mussmann et al\\.,? \\Q2017\\E", 
        "venue": "arXiv preprint arXiv:1707.03372,", 
        "year": 2017, 
        "title": "Fast amortized inference and learning in log-linear models with randomly perturbed nearest neighbor search"
      }, 
      {
        "shortCiteRegEx": "Oord et al\\.", 
        "author": [
          "Aaron van den Oord", 
          "Sander Dieleman", 
          "Heiga Zen", 
          "Karen Simonyan", 
          "Oriol Vinyals", 
          "Alex Graves", 
          "Nal Kalchbrenner", 
          "Andrew Senior", 
          "Koray Kavukcuoglu"
        ], 
        "citeRegEx": "Oord et al\\.,? \\Q2016\\E", 
        "venue": "arXiv preprint arXiv:1609.03499,", 
        "year": 2016, 
        "title": "Wavenet: A generative model for raw audio"
      }, 
      {
        "shortCiteRegEx": "Rumelhart et al\\.", 
        "author": [
          "David E Rumelhart", 
          "Geoffrey E Hinton", 
          "Ronald J Williams"
        ], 
        "citeRegEx": "Rumelhart et al\\.,? \\Q1988\\E", 
        "venue": "Cognitive modeling,", 
        "year": 1988, 
        "title": "Learning representations by back-propagating errors"
      }, 
      {
        "shortCiteRegEx": "Spring and Shrivastava.", 
        "author": [
          "Ryan Spring", 
          "Anshumali Shrivastava"
        ], 
        "citeRegEx": "Spring and Shrivastava.,? \\Q2017\\E", 
        "venue": "arXiv preprint arXiv:1703.05160,", 
        "year": 2017, 
        "title": "A new unbiased and efficient class of lsh-based samplers and estimators for partition function computation in log-linear models"
      }, 
      {
        "shortCiteRegEx": "Spring and Shrivastava.", 
        "author": [
          "Ryan Spring", 
          "Anshumali Shrivastava"
        ], 
        "citeRegEx": "Spring and Shrivastava.,? \\Q2017\\E", 
        "venue": "In Proceedings of the 23rd ACM SIGKDD International Conference on Knowledge Discovery and Data Mining,", 
        "year": 2017, 
        "title": "Scalable and sustainable deep learning via randomized hashing"
      }, 
      {
        "shortCiteRegEx": "Thomee et al\\.", 
        "author": [
          "Bart Thomee", 
          "David A Shamma", 
          "Gerald Friedland", 
          "Benjamin Elizalde", 
          "Karl Ni", 
          "Douglas Poland", 
          "Damian Borth", 
          "Li-Jia Li"
        ], 
        "citeRegEx": "Thomee et al\\.,? \\Q2015\\E", 
        "venue": "arXiv preprint arXiv:1503.01817,", 
        "year": 2015, 
        "title": "The new data and new challenges in multimedia research"
      }, 
      {
        "shortCiteRegEx": "Vijayanarasimhan et al\\.", 
        "author": [
          "Sudheendra Vijayanarasimhan", 
          "Jonathon Shlens", 
          "Rajat Monga", 
          "Jay Yagnik"
        ], 
        "citeRegEx": "Vijayanarasimhan et al\\.,? \\Q2014\\E", 
        "venue": "arXiv preprint arXiv:1412.7479,", 
        "year": 2014, 
        "title": "Deep networks with large output spaces"
      }, 
      {
        "shortCiteRegEx": "Xie et al\\.", 
        "author": [
          "Ziang Xie", 
          "Sida I Wang", 
          "Jiwei Li", 
          "Daniel L\u00e9vy", 
          "Aiming Nie", 
          "Dan Jurafsky", 
          "Andrew Y Ng"
        ], 
        "citeRegEx": "Xie et al\\.,? \\Q2017\\E", 
        "venue": "arXiv preprint arXiv:1703.02573,", 
        "year": 2017, 
        "title": "Data noising as smoothing in neural network language models"
      }
    ], 
    "authors": [
      "SOFTMAX LAYER", 
      "DEEP ARCHITECTURES"
    ], 
    "abstractText": "Log-linear models models are widely used in machine learning, and in particular are ubiquitous in deep learning architectures in the form of the softmax. While exact inference and learning of these requires linear time, it can be done approximately in sub-linear time with strong concentrations guarantees. In this work, we present LSH Softmax, a method to perform sub-linear learning and inference of the softmax layer in the deep learning setting. Our method relies on the popular Locality-Sensitive Hashing to build a well-concentrated gradient estimator, using nearest neighbors and uniform samples. We also present an inference scheme in sub-linear time for LSH Softmax using the Gumbel distribution. On language modeling, we show that Recurrent Neural Networks trained with LSH Softmax perform on-par with computing the exact softmax while requiring sub-linear computations.", 
    "sections": [
      {
        "text": "Deep neural networks have achieved impressive successes in tasks spanning vision (He et al., 2016; Krizhevsky et al., 2012), language (Bahdanau et al., 2014), speech (Graves et al., 2013; Oord et al., 2016) and videos (Abu-El-Haija et al., 2016). While these models can vastly differ in architecture, activation functions, and presence of recurrence, they (almost) all share a common trait: the softmax layer. The softmax layer, or log-linear model, is a widely used model in machine learning and statistics that transforms a feature vector into a distribution over the output space, modeling log-probabilities as a linear function of the feature vector. For example, in object classification, the softmax layer at the end of a deep convolutional network transforms a feature vector into a probability distribution over classes for the image; in language modeling using recurrent neural networks, it maps the hidden state to a distribution over next words.\nWhile parameterizing for logits offers modeling flexibility, inference and learning have linear runtime in the number of classes. Indeed, both of these require computing the un-normalized probability for every class to compute the partition function and retrieve an actual probability distribution. Problems with large output spaces arise naturally in many areas like natural language processing (NLP), where the output space is a language\u2019s vocabulary and can be on the order of hundreds of thousands of elements Jozefowicz et al. (2016); Jean et al. (2014). This can also occur in computer vision (Joulin et al., 2016) when attempting tag prediction on massive, weakly-labeled datasets such as Flickr100M (Thomee et al., 2015).\nMany solutions have been proposed to address this bottleneck, all revolving around two themes: approximation of the softmax probabilities or computation of exact probabilities for an approximate model. Canonical examples of the former are importance sampling (IS) or noise contrastive estimation (NCE; Gutmann & Hyva\u0308rinen (2012)). Instead of computing probabilities over the whole output space, these methods compute the softmax over a smaller, sampled vocabulary and re-weight the probabilities, providing an unbiased estimator. An illustration of the latter is Hierarchical Softmax (Morin & Bengio, 2005), where the output classes are first clustered such that you only need to compute the softmax over a smaller output space. While the former is an unbiased estimate, it comes with no concentration guarantees, and it is often more art than science to craft proposal distributions which will provide low-variance estimators. The latter, while efficient, requires carefully\nhand-crafted clustering of the output space, at the risk of making mistakes from which there is no recovery.\nMore recently, estimators based on nearest neighbor search have been proposed for inference and learning in log-linear models (Mussmann & Ermon, 2016; Mussmann et al., 2017). These estimators hinge on Maximum Inner Product Search using Locality-Sensitive to retrieve the largest logits of the distribution and account for the tail with uniformly sampled classes. They boast strong theoretical guarantees and well-established concentration bounds. However, they were constrained to toy settings and not directly applicable to real-world, large-scale, machine learning. In this work, we build upon these estimators to make them amenable to deep learning practitioners, without losing any theoretical guarantees. We first show how they can be extended to be usable within training of deep learning models, then present our efficient implementation, adapted to deep learning hardware and frameworks. Finally, we show the applicability and efficiency of our method by evaluating on a real-world task: language modeling. We show significant perplexity gains against competing methods with significant speed-ups.\nOur contributions are as follows:\n\u2022 We present a new deep learning layer, LSH Softmax, an efficient replacement for the softmax layer based on Locality-Sensitive Hashing and the Gumbel distribution, for any deep learning architecture, with strong theoretical guarantees for sub-linear learning and inference.\n\u2022 We provide details for efficient implementation on deep learning hardware (GPUs) and modern deep learning frameworks (Abadi et al., 2016; Maclaurin et al.)).\n\u2022 Empirically, we show, on several datasets, that training and sampling from LSH Softmax performs similarly to an exact softmax while requiring significantly less FLOPS.", 
        "heading": "1 INTRODUCTION"
      }, 
      {
        "text": "In this section, we first provide a quick overview of Neural Networks and the most popular classification layer, the softmax layer. We then present the Gumbel distribution (Gumbel & Lieblein, 1954) and introduce Locality-Sensitive Hashing (Indyk & Motwani, 1998), both of which our estimator is built upon for inference and learning. Notationally, X is the input space, e.g. X , Rd and Y is a discrete output space: Y , {1, . . . , C}.", 
        "heading": "2 BACKGROUND"
      }, 
      {
        "text": "Feedforward Networks Neural networks models are built hierarchically by applying linear and non-linear transformations in alternating fashion. Formally, given input x \u2208 X , an m-layer neural network with \u03c3(\u00b7) non-linearity transforms x into h defined as:\nh = \u03c3(Wm \u00b7 \u03c3(. . . \u00b7 \u03c3(W1 \u00b7 x+ b1) + . . .) + bm). (1)\n{Wi}i\u2264m and {bi}i\u2264m are learned weights of the network. \u03c3(\u00b7) denotes an element-wise nonlinearity such as ReLU (max(\u00b7, 0)) or sigmoid ((1 + exp(\u2212\u00b7))\u22121).\nRecurrent Networks Recurrent Neural Networks (RNN) are an extension of the previous setting to arbitrarily long sequences by keeping an internal state ht. Formally, given an input sequence (x1, . . . , xT ), it can be written as a dynamical system of the form:\nh0 = 0;ht = \u03c3(Uht\u22121 + V xt). (2)\nwhere U and V are learnable weight matrices. In practice, this parametrization is not wellconditioned for optimization as it can be subject to vanishing or exploding gradients and in practice the Longer Short Term Memory (LSTM; Hochreiter & Schmidhuber (1997)) is preferred.\nIn both cases, these outputs are then given as input to a softmax layer which produces a distribution over the output space Y . In the rest of this work, we denote by \u03c6 the parameters of the neural network.", 
        "heading": "2.1 NEURAL NETWORKS"
      }, 
      {
        "text": "The softmax layer is the common name given to a log-linear model for multi-classification at the end of a neural network. Let us consider the multi-classification setting with inputs in X and outputs in Y . Given a feature vector \u03c8(x) and C weight vectors {\u03b8c}c\u2264C , the softmax layer parameterizes the following distribution:\np(Y = c|x; \u03b8) \u221d exp(\u03c8(x)T \u03b8c)\nIn the particular case of neural networks, p(y|x; \u03b8, \u03c6) \u221d exp(hT \u03b8i). {hT \u03b8i}i\u2264C are called the logits. It is important to note that computing the distribution over the output space, for inference or learning, requires O(C) operations. For the rest of this work, \u03b8 denotes the parameters of the softmax whereas \u03c6 denotes the parameters of the neural network (producing the feature).", 
        "heading": "2.2 SOFTMAX"
      }, 
      {
        "text": "First introduced by Gumbel & Lieblein (1954), the Gumbel distribution is defined by the following cumulative distribution function: p(G < s) = exp(\u2212 exp(\u2212s)). More practically, one can sample from the Gumbel distribution by first sampling U \u223c U [0, 1] and returning G = \u2212 log(\u2212 log(U)). This distribution is particularly useful as it casts sampling as optimization. Theorem 1 (Maddison et al. (2014)). Let {yi}i\u2264C be un-normalized probabilities (or logits) over Y and let {Gi}i\u2264C be i.i.d Gumbel variables. Then:\narg max i\u2264C {yi +Gi} \u223c Categorical\n{ 1 Z eyi } i\u2264C", 
        "heading": "2.3 GUMBEL DISTRIBUTION"
      }, 
      {
        "text": "Nearest neighbor search is a task that arises in many fields, such as information retrieval. Given a fixed set of vectors S and a distance, this task consists of, given any incoming query q, returning the vectors closest to the query according to the specified distance. In this work, we will be interested in the Maximum Inner Product Search (MIPS) task. Let S = {s1, . . . , sN} be a subset of Rd. Given a query q \u2208 Rd, MIPS aims at retrieving arg maxs\u2208S qT s. This requires \u0398(N) operations as one has to compute the dot-product of q with all elements of S. In the case where we assume that, for a given set S, it is needed to retrieve the nearest neighbor for a large numbers of queries, we can achieve amortized sub-linear time.\nThis problem is commonly addressed with space partitioning techniques, such as Locality-Sensitive Hashing (LSH; Indyk & Motwani (1998)). LSH leverages hashing to reduce the number of candidate vectors to evaluate, based on the idea that similar vectors will hash in the same bucket. We have the following result: Theorem 2 (Indyk & Motwani (1998)). Given a set S of size N , a similarity measure d(\u00b7, \u00b7) and a family of hash functionsH s.t. for S > T and p > q:\n\u2022 \u2200x, y \u2208 S, d(x, y) \u2265 S \u21d2 p [h(x) = h(y)] \u2265 p.\n\u2022 \u2200x, y \u2208 S, d(x, y) \u2264 T \u21d2 p [h(x) = h(y)] \u2264 q.\nwe can construct a data structure s.t. given an incoming query q, a nearest neighbor can be retrieved, with high probability, in sub-linear time O(N\u03c1 logN) with \u03c1 , log plog q < 1.\nRecent work builds on top of LSH to either reduce the number of tables (Lv et al., 2007), or utilize more expressive hash functions (Andoni et al., 2015). A common family of hash is the hyperplane hash, i.e. for v \u223c N (0, I), hv(x) = sign ( vTx ) , also called Signed Random Projections (Charikar, 2002). For the rest of this work, we denote b the number of hashing bits (equivalently, the number of random vectors) per table, and L the number of tables.", 
        "heading": "2.4 MIPS AND LOCALITY-SENSITIVE HASHING"
      }, 
      {
        "text": "In this section, we show how we can apply Theorem 3.5 of (Mussmann et al., 2017) to enable sublinear learning of softmax parameters in the context of deep models, i.e. where both weights and inputs can change. This is crucial for real-world use.\nDeep learning models for both classification (Krizhevsky et al., 2012) and generation (Mikolov, 2012) are often trained with a maximum-likelihood objective. Formally, given a training pair (x, y) \u2208 X \u00d7 Y , one aims at maximizing log p(y|x; \u03b8, \u03c6), where \u03b8 \u2208 \u0398 and \u03c6 \u2208 \u03a6 are respectively the parameters of the softmax and of the neural network. To optimize this model, the usual method is to use back-propagation (Rumelhart et al., 1988) to differentiate and then perform stochastic gradient descent (SGD; LeCun et al. (1998)) on \u03b8 and \u03c6.\nLet\u2019s denote by f(x;\u03c6) , h the feature vector given as input to the softmax. Given our notation, the objective is written as `(x, y, \u03b8, \u03c6) , log p(y|x; \u03b8, \u03c6) = hT \u03b8y \u2212 log \u2211 i\u2264C exp(h\nT \u03b8i). For backpropagation, we need to compute the gradient of ` w.r.t to both \u03b8 and h \u2013 the gradient w.r.t. h is then passed down to compute the gradient w.r.t. \u03c6.\n\u2207h` = \u03b8y \u2212 Ei\u223cp(\u00b7|x;\u03b8,\u03c6) [\u03b8i]\n\u2207\u03b8i` = 1i=yh\u2212 h exp(hT \u03b8i)\nZ\u03b8(h)\n(3)\nwith Z\u03b8(h) , \u2211 i exp(h\nT \u03b8i). Computing these gradients clearly requires O(|Y|) operations. In practice, this constitutes a major bottleneck for large output spaces. Mussmann et al. (2017) shows how to compute expectation in in sub-linear time, with a well-concentrated estimator using an LSH structure. Intuitively, we can build a good estimate of the partition function by retrieving the largest logits (using LSH) and accounting for the tail with uniform samples. Applying this result, we can compute the expectations necessary to compute the softmax gradients in sub-linear time. This is described in Theorem 3. Theorem 3 (LSH Softmax for Learning). Let h = f(x;\u03c6) be input to a softmax layer with parameters {\u03b8c}c\u2264C and define `(x, y, \u03b8, \u03c6) as previously. Given S , the k-nearest neighbors of h in {\u03b8c}c\u2264C and T , l uniform samples from {1, . . . , C} \u2212 S , let us define:\nZ\u0302\u03b8(h) , \u2211 i\u2208S exp(hT \u03b8i) + C \u2212 k l \u2211 i\u2208T exp(hT \u03b8i) (4)\ng\u0302\u03b8i , h1i=y \u2212 (\n1i\u2208S + C \u2212 k l 1i\u2208T\n) ht exp(hT \u03b8i)\nZ\u0302\u03b8(h) (5)\ng\u0302h , \u03b8y \u2212 1\nZ\u0302\u03b8(h) [\u2211 i\u2208S \u03b8i exp(h T \u03b8i) + C \u2212 k l \u2211 i\u2208T \u03b8i exp(h T \u03b8i) ] (6)\nThese estimators are well concentrated: i.e. for , \u03b4 > 0, if k = l = O ( n 2 3 1 \u221a 1 \u03b4 ) , then with probability greater than 1\u2212 \u03b4:\n|Z\u03b8(h)\u2212 Z\u0302\u03b8(h)| \u2264 ;\u2200i \u2264 C, ||\u2207\u03b8i`\u2212 g\u0302\u03b8i || \u2264 ; ||\u2207h`\u2212 g\u0302h|| \u2264\nWhile Theorem 3 provides computation of the gradients in sub-linear time, it is only usable in a setting where the weights ({\u03b8i}i\u2264C) are not updated. Indeed, querying nearest neighbors in sublinear time assumes that an appropriate data structure (here LSH) was built in advance. However, when training deep models, we are required to update the weights at every training step. This necessitates online updating of the LSH structure. To maintain the sub-linear runtime, we perform these updates in a sparse manner. We describe in Algorithm 1 how this estimator can be used in a training loop, with weight updating and sparse LSH updates. Proposition 4. The softmax computations described in Algorithm 1 run in sub-linear time.\nAlgorithm 1 Fast Training of the Softmax layer\nInputs: Dataset D = {(x(i), y(i)}i\u2264N \u2282 X \u00d7 Y , k, l, niters number of training iterations. Initialize \u03b8 and \u03c6 Initialize the MIPS structure with {\u03b8i}i\u2264|V|. for j \u2264 niters do\nSample an example (x, y) from D. \u2206\u03b8 \u2190 0 Compute h\u2190 f(x;\u03c6) Find S, k-nearest-neighbors of h using the MIPS. Define T as l indexes uniformly sampled from Y \u2212 S. Z\u0302\u03b8(h)\u2190 \u2211 i\u2208S exp(h T \u03b8i) + |Y|\u2212k l \u2211 i\u2208T exp(h\nT \u03b8i) . Partition function estimate Output \u02c6\u0300= hT \u03b8y \u2212 log Z\u0302\u03b8(h) \u2206\u03b8i \u2190 \u2206\u03b8i + h1i=y \u2212 ( 1i\u2208S + |Y|\u2212k l 1i\u2208T ) h exp(h T \u03b8i)\nZ\u0302\u03b8(h) g\u0302h \u2190 \u03b8y \u2212 1Z\u0302\u03b8(h) [\u2211 i\u2208S \u03b8i exp(h T \u03b8i) + |Y|\u2212k l \u2211 i\u2208T \u03b8i exp(h T \u03b8i) ] Pass down g\u0302h for back-propagation. Re-hash the updated vectors (at most (k + l)) into the right buckets.\nend for\nProof. The softmax computations can be split into three parts: retrieving nearest neighbors, computing the forward/backward passes, and rehashing updated vectors. With a sub-linear MIPS such as LSH, the first part is guaranteed to be sub-linear. For the second part, computing the partition function and the entire gradient estimator requires computing a finite number of sums over O(k+ l) = O(n 2 3 ) terms, which is sub-linear. The third part consists of re-hashing updated vectors. Re-hashing a vector is a constant operation (consisting of b \u00d7 L dot-products) and thus, given that only a sub-linear number of vectors are updated, re-hashing is sub-linear.", 
        "heading": "3 LEARNING"
      }, 
      {
        "text": "In the last section, we presented a method to speed-up training time based on an LSH data structure. In addition to these training time gains, LSH Softmax can be utilized for computational gains at inference time as well. While MAP inference can be easily derived from the MIPS structure, sampling from the conditional distribution is often required (e.g. to generate diverse sentences in language modeling or machine translation). These gains can be crucial for large-scale deployment. This is a direct application of (Mussmann et al., 2017) that once again leverages a MIPS structure and the Gumbel distribution. By lazily evaluating Gumbel noise, once can devise an inference scheme which allows to sample from log-linear models in sub-linear time. Theorem 5 (LSH Softmax for Inference). We reuse the same notations as the once in Theorem 3. We define t , \u2212 log(\u2212 log(1 \u2212 l/C)). Let {Gi}i\u2264k be k samples from the Gumbel distribution. We then proceed to sample m \u223c Binomial(C, l/C), and sample T , m points from Y \u2212 S with associated Gumbels {G\u2032i}i\u2264m s.t. each G\u2032i are larger than t. Let us define:\ny\u0302 , arg max{hT \u03b8i +Gi, i \u2208 S} \u22c3 {hT \u03b8i +G\u2032i, i \u2208 T }.\nLet , \u03b4 > 0, we then have the two following results: 1. For k = l \u2265 \u221a\nlog 1\u03b4 , y\u0302 is a sample from p(y|x; \u03b8, \u03c6) with probability greater than 1\u2212 \u03b4.\n2. This inference scheme runs in sub-linear time.\nProof. (Mussmann et al., 2017)\nWe denote by pGumbel(\u00b7|h; \u03b8) the implicit distribution over Y provided by this inference scheme. While we can sample from pGumbel, we note that the likelihood is intractable. We also emphasize that this scheme can be utilized for any softmax model, regardless of the training method.", 
        "heading": "4 INFERENCE"
      }, 
      {
        "text": "Recent successes of deep neural networks hinge on their efficient implementation on specialized hardware: Graphics Processor Units (GPU), which enables training of large models in reasonable time. Often, methods with theoretically faster runtime are dismissed by practitioners because of their incompatibility with the hardware, rendering them hard to implement efficiently and ultimately not widely used. In this section, we first detail how our method is indeed amenable to GPU implementation and can amount to wall-clock gains in practice, and explain why LSH Softmax is easy to implement in the context of modern deep learning frameworks who often provide a gradient computation API.\nGPU Implementation Standard LSH implementations consist of three steps:\n1. Hashing: Given a query q \u2208 Rd, hash q into L tables i.e. computing b \u00d7 L dot-product with (random) hyperplanes.\n2. Look-up: Given L signatures in {0, 1}b, retrieve candidates in each of the L tables. Let us denote Cq the number of candidates retrieved.\n3. Distances: Given those candidates {x1, . . . , xCq} \u2282 Rd, compute the distances {qTxi}i\u2264Cq and only return the closest one.\nIt is also important to note that deep learning models are often trained using minibatch optimization; let us describe how each of these steps can be computed efficiently and in the minibatch setting.\nThe first step is amenable to the GPU setting; a batch of queries {qi}i\u2264m \u2282 Rd can be represented by Q \u2208 Rm\u00d7d. Given that the hyperplanes are similarly presented in matrix form i.e. H \u2208 Rd\u00d7(b\u00d7L), the hashing step is equivalent to sign (Q \u00b7H) \u2208 {0, 1}m\u00d7(b\u00d7L). This is the type of operations that GPUs excel at: matrix-multiply followed by element-wise function.\nThe second step, while not as compatible with GPU, is still massively parallelizable using multithreading on CPU. Given the computed signatures, one can run parallelism at the query level (i.e. each thread retrieves candidates for a given query), rendering that step efficient. It also allows for more memory-efficient look-up such as (Lv et al., 2007).\nThe last operation is, once again, very amenable to GPU. It simply consists of a gather (i.e. building a matrix with the appropriate indexes from the candidates) into a 3-d tensor. Indeed, after the previous step, the LSH structure returns m lists of s candidates, and the gather step returns the appropriate vectors from the vocabulary into a 3-d tensor of shape Rm\u00d7s\u00d7d. As the batched queries can be also seen as a 3-d tensor Rm\u00d7d\u00d71, computing the exact distances then reduces to a batch matrix-multiply which is a very efficient operation on GPU.\nSoftware Implementation Another crucial point for practitioners is the ability to rely on frameworks automatically providing gradients, such as (Abadi et al., 2016; Maclaurin et al.), to implement deep learning models; this abstracts away the need to write down the exact gradients which can be both cumbersome and error-prone. An additional advantage of our estimator is that it can be effortlessly implemented in these frameworks. Indeed, given logits computed over the nearest-neighbors and the additional uniformly sampled indexes, one can compute the estimate of the partition function and thus an estimate of the loss. Computing the gradient estimators now reduces to differentiating this loss, which can be very simply done using the framework\u2019s differentiation API.", 
        "heading": "5 EFFICIENT IMPLEMENTATION"
      }, 
      {
        "text": "After having presented our new layer LSH Softmax, we now proceed to show its applicability and efficiency in a real-world setting for deep learning practitioners, specifically towards language modeling. We first show that our method significantly outperforms approximate softmax baselines while performing within 20% of the performance of the exact softmax. We then provide a computational comparison. While we evaluate our method on NLP tasks, we want to emphasize that it is directly applicable to other domains, such as vision. However, public vision benchmark datasets with large output spaces require significantly more computational resources (e.g. 98 GPU nodes for 8 days for Flickr100M (Thomee et al., 2015)) which is outside the scope of this paper.", 
        "heading": "6 EXPERIMENTS"
      }, 
      {
        "text": "Language modeling is the task of, given a sequence of words (w1, . . . , wT ) in a vocabulary V , estimating p(w1, . . . , wT ) = \u220f t\u2264T p(wt|w<t). Substantial work has been done to model these distributions using non-parametric n-gram counts with additional smoothing techniques, but can fail to model long histories because of an exponential number of sequences. Recently, parametric models using RNNs have shown impressive success on these tasks (Mikolov, 2012). In this setting, large output spaces arise naturally, as the vocabulary size can range from 104 to 106. We first describe our experimental protocol, and then report perplexity (ppl) of LSH Softmax against a set of baselines on this task for several datasets.\nDatasets We evaluate our method on three standard datasets for Language Modeling with varying number of characters and vocabulary size:\n\u2022 Penn TreeBank (PTB): We follow the pre-processing described by (Mikolov, 2012), which results in 929k training tokens, 73k validation and 82k test tokens with a 10k vocabulary size.\n\u2022 Text8 is a dataset consisting of the first 100 millions characters of Wikipedia, and has a vocabulary size of 44k. This dataset has been used recently in the context of language modeling (Xie et al., 2017). We use the 90M first words for training and split the remaining between the validation and test set.\n\u2022 Wikitext-2. First introduced in Merity et al. (2016), this is a selected corpus of Wikipedia articles. It has a vocabulary size of 33k and contains 217k tokens. As previously, we split between a training, validation and testing set.\nBaselines We evaluate the performance of models trained with (1) exact softmax i.e. computed over the entire output space, (2) Biased Importance Sampled softmax (BIS), as presented in (Jean et al., 2014), which consists of sub-sampling the vocabulary according to a proposal distribution based on unigram counts, and (3) Negative Sampling (NS), proposed in Mikolov et al. (2013), equivalent to (BIS) with a uniform distribution, (4) standard Importance Sampling (Jozefowicz et al., 2016) and (5) Noise-Contrastive Estimation (NCE; Gutmann & Hyva\u0308rinen (2012)). These baselines are what practitioners canonically use to circumvent the bottleneck of large output spaces.\nImplementation Details Our architecture is a 2-layer RNN with LSTM cells and 650 hidden units. Weights are initialized uniformly within [\u22120.1, 0.1]. Our models are trained using SGD using gradient clipping, with an initial learning rate of 20. This learning rate is annealed when the validation perplexity plateaus. Our models are trained for 40 epochs for PTB, 3 epochs for Text8, 25 epochs for Wikitext-2. With the notations of Theorem 3, for LSH Softmax, we choose k = 10 \u221a |V|\nand l = \u221a |V|. For the IS and NS baselines, we choose to sample k + l classes from the output\nspace for a fair comparison. We choose the number of bits per signature b , log2 |V| and choose L, number of tables, to have sufficient recall for the MIPS task.", 
        "heading": "6.1 LANGUAGE MODELING"
      }, 
      {
        "text": "We report perplexity for a fixed architecture but comparing different softmax evaluations; we present both learning curves and perplexity on each set. We report the perplexity of all trained models using the exact probabilities i.e. the full softmax. Perplexities are reported in Table 1 and learning curves in Figure 1. We see that LSH Softmax consistently outperforms the approximate baselines by a fair margin while performing a similar number of operations, showcasing the strength of this estimator. We also observe from the training curves that approximate methods\u2019 performances tend to plateau, as IS and NS cannot target the proper classes to push down. In constrast, LSH Softmax does not.", 
        "heading": "6.1.1 LEARNING"
      }, 
      {
        "text": "Having established that the proposed estimator performs very well on real-world tasks, we now proceed to evaluate the computation gains. It is important to note that for models with large output spaces, the softmax computation can amount to about 80% of the total computation (Joulin et al.,\n2016; Ji et al., 2015); we thus choose to only evaluate computational gains in the softmax layer. We evaluate our method in CPU, with a batch size of 1, to have an accurate estimation of the ratio of FLOPS. We report both speed-up and validation perplexity (ppl) relative difference with the exact softmax for LSH Softmax and NS. Note that NS requires the same number of operations as importance sampling (IS) but outperforms it in all tasks. Additionally, we show the speed-ups one can achieve on the One Billion Word dataset (Chelba et al., 2013), whose ppl was not evaluated due to computational constraints. We report the results in Table 2. We observe that, while faster, NS performs significantly worse than LSH Softmax. Furthermore, its performance deteriorates significantly when increasing the size of the output space, contrary to LSH Softmax which always performs in the same relative range.", 
        "heading": "6.2 COMPUTATIONAL COMPARISON"
      }, 
      {
        "text": "In recent years, MIPS-based estimators for log-linear models have been explored in the literature. Vijayanarasimhan et al. (2014) propose retrieving the largest logits using LSH and estimating the Softmax using only those classes. Their method is encompassed in ours by simply setting l to 0. However, we note that not accounting for the tail can lead to highly biased gradients. Indeed, Mussmann et al. (2017) show that, using only the top-k largest values leads to significantly worse\nperformance. In a similar direction, Spring & Shrivastava (2017b) propose using LSH at each layer and only retaining the largest activations which can be viewed as a form of adaptive dropout. This work differs with ours in two ways: first of all, their paper provides no theoretical guarantees and secondly, they focus on reducing memory footprint which is not the aim of our work. Finally, Spring & Shrivastava (2017a) proposed using the LSH structure as a proposal distribution to evaluate the Softmax. While unbiased and efficient, their method does not offer any concentration guarantees and the estimator can have arbitrarily bad variance.", 
        "heading": "7 RELATED WORK"
      }, 
      {
        "text": "In this work, we presented LSH Softmax, a softmax approximation layer for large output spaces with sub-linear learning and inference cost (in the number of states) and strong theoretical guarantees. We showcased both its applicability and efficiency by evaluating LSH on a common NLP task, language modeling. On several datasets for this task, we report perplexity closest to exact training among all baselines, as well as significant speed-ups. Our hope is that, for any architecture, this layer could be chosen in lieu of softmax, when the output space is sufficiently large to warrant the approximation. To that end, we plan to release source-code with the camera-ready version.", 
        "heading": "8 CONCLUSION"
      }
    ], 
    "emails": []
  }
}