{
  "name": "SkFEGHx0Z.pdf", 
  "metadata": {
    "title": null, 
    "year": 2017, 
    "referenceMentions": [
      {
        "referenceID": 9, 
        "startOffset": 144, 
        "context": "In the domain of image classification, a softmax solver is conventionally used to transform activations into a distribution across class labels (Krizhevsky et al., 2012; Simonyan & Zisserman, 2014; Szegedy et al., 2015; He et al., 2016).", 
        "endOffset": 236
      }, 
      {
        "referenceID": 24, 
        "startOffset": 144, 
        "context": "In the domain of image classification, a softmax solver is conventionally used to transform activations into a distribution across class labels (Krizhevsky et al., 2012; Simonyan & Zisserman, 2014; Szegedy et al., 2015; He et al., 2016).", 
        "endOffset": 236
      }, 
      {
        "referenceID": 6, 
        "startOffset": 144, 
        "context": "In the domain of image classification, a softmax solver is conventionally used to transform activations into a distribution across class labels (Krizhevsky et al., 2012; Simonyan & Zisserman, 2014; Szegedy et al., 2015; He et al., 2016).", 
        "endOffset": 236
      }, 
      {
        "referenceID": 2, 
        "startOffset": 59, 
        "context": "While in the domain of distance metric learning, a Siamese (Chopra et al., 2005) or triplet (Hoffer & Ailon, 2015; Schroff et al.", 
        "endOffset": 80
      }, 
      {
        "referenceID": 18, 
        "startOffset": 19, 
        "context": ", 2005) or triplet (Hoffer & Ailon, 2015; Schroff et al., 2015; Kumar et al., 2017) solver, with contrastive or hinge loss, is commonly used to pull embeddings of the same class together and push embeddings of different classes apart.", 
        "endOffset": 83
      }, 
      {
        "referenceID": 12, 
        "startOffset": 19, 
        "context": ", 2005) or triplet (Hoffer & Ailon, 2015; Schroff et al., 2015; Kumar et al., 2017) solver, with contrastive or hinge loss, is commonly used to pull embeddings of the same class together and push embeddings of different classes apart.", 
        "endOffset": 83
      }, 
      {
        "referenceID": 18, 
        "startOffset": 95, 
        "context": "The best success on embedding building tasks has been achieved by deep metric learning methods (Hoffer & Ailon, 2015; Schroff et al., 2015; Song et al., 2016a; Sohn, 2016; Kumar et al., 2017), which make use of deep neural networks.", 
        "endOffset": 191
      }, 
      {
        "referenceID": 20, 
        "startOffset": 95, 
        "context": "The best success on embedding building tasks has been achieved by deep metric learning methods (Hoffer & Ailon, 2015; Schroff et al., 2015; Song et al., 2016a; Sohn, 2016; Kumar et al., 2017), which make use of deep neural networks.", 
        "endOffset": 191
      }, 
      {
        "referenceID": 12, 
        "startOffset": 95, 
        "context": "The best success on embedding building tasks has been achieved by deep metric learning methods (Hoffer & Ailon, 2015; Schroff et al., 2015; Song et al., 2016a; Sohn, 2016; Kumar et al., 2017), which make use of deep neural networks.", 
        "endOffset": 191
      }, 
      {
        "referenceID": 9, 
        "startOffset": 76, 
        "context": "Softmax solvers have been a mainstay of the standard classification problem (Krizhevsky et al., 2012; Simonyan & Zisserman, 2014; Szegedy et al., 2015; He et al., 2016).", 
        "endOffset": 168
      }, 
      {
        "referenceID": 24, 
        "startOffset": 76, 
        "context": "Softmax solvers have been a mainstay of the standard classification problem (Krizhevsky et al., 2012; Simonyan & Zisserman, 2014; Szegedy et al., 2015; He et al., 2016).", 
        "endOffset": 168
      }, 
      {
        "referenceID": 6, 
        "startOffset": 76, 
        "context": "Softmax solvers have been a mainstay of the standard classification problem (Krizhevsky et al., 2012; Simonyan & Zisserman, 2014; Szegedy et al., 2015; He et al., 2016).", 
        "endOffset": 168
      }, 
      {
        "referenceID": 15, 
        "startOffset": 153, 
        "context": "In one such formulation, a neural network is used as a fixed feature extractor and separate support vector machines are trained to classify the features (Razavian et al., 2014; Donahue et al., 2014).", 
        "endOffset": 198
      }, 
      {
        "referenceID": 3, 
        "startOffset": 153, 
        "context": "In one such formulation, a neural network is used as a fixed feature extractor and separate support vector machines are trained to classify the features (Razavian et al., 2014; Donahue et al., 2014).", 
        "endOffset": 198
      }, 
      {
        "referenceID": 0, 
        "startOffset": 103, 
        "context": "Metric Learning Early methods in the domain of metric learning include those that use Siamese networks (Bromley et al., 1993) and contrastive loss (Hadsell et al.", 
        "endOffset": 125
      }, 
      {
        "referenceID": 28, 
        "startOffset": 80, 
        "context": "Such methods work on absolute distances, while triplet networks with hinge loss (Weinberger et al., 2006) work on relative distance.", 
        "endOffset": 105
      }, 
      {
        "referenceID": 8, 
        "startOffset": 79, 
        "context": "Experimental Set-up We evaluate our approach on two datasets; Stanford Cars196 (Krause et al., 2013) and CUB-200-2011 (Birds200) (Welinder et al.", 
        "endOffset": 100
      }, 
      {
        "referenceID": 29, 
        "startOffset": 36, 
        "context": ", 2013) and CUB-200-2011 (Birds200) (Welinder et al., 2010).", 
        "endOffset": 59
      }, 
      {
        "referenceID": 18, 
        "startOffset": 120, 
        "context": "Our method is compared to state-of-the-art approaches on the considered datasets; semi-hard mining for triplet networks (Schroff et al., 2015), lifted structured feature embedding (Song et al.", 
        "endOffset": 142
      }, 
      {
        "referenceID": 20, 
        "startOffset": 22, 
        "context": ", 2016a), N-pair loss (Sohn, 2016), clustering (Song et al.", 
        "endOffset": 34
      }, 
      {
        "referenceID": 11, 
        "startOffset": 44, 
        "context": ", 2016b), global loss with triplet networks (Kumar et al., 2016) and smart mining for triplet networks (Kumar et al.", 
        "endOffset": 64
      }, 
      {
        "referenceID": 12, 
        "startOffset": 46, 
        "context": ", 2016) and smart mining for triplet networks (Kumar et al., 2017).", 
        "endOffset": 66
      }, 
      {
        "referenceID": 24, 
        "startOffset": 103, 
        "context": "For fair comparison to these methods, we use the same base architecture for our experiments; GoogLeNet (Szegedy et al., 2015).", 
        "endOffset": 125
      }, 
      {
        "referenceID": 17, 
        "startOffset": 46, 
        "context": "Network weights are initialised from ImageNet (Russakovsky et al., 2015) pre-trained weights.", 
        "endOffset": 72
      }, 
      {
        "referenceID": 13, 
        "startOffset": 96, 
        "context": "(2016a), we evaluate the embedding space using two metrics; Normalised Mutual Information (NMI) (Manning et al., 2008) and Recall@K.", 
        "endOffset": 118
      }, 
      {
        "referenceID": 28, 
        "startOffset": 122, 
        "context": "The NMI of our RBF approach improves with increasing embedding size, while performance degrades or oscillates for triplet (Weinberger et al., 2006; Schroff et al., 2015) and lifted structured embedding (Song et al.", 
        "endOffset": 169
      }, 
      {
        "referenceID": 18, 
        "startOffset": 122, 
        "context": "The NMI of our RBF approach improves with increasing embedding size, while performance degrades or oscillates for triplet (Weinberger et al., 2006; Schroff et al., 2015) and lifted structured embedding (Song et al.", 
        "endOffset": 169
      }, 
      {
        "referenceID": 18, 
        "startOffset": 69, 
        "context": "Our approach is compared with state-of-the-art approaches; Semi-hard (Schroff et al., 2015), LiftStruct (Song et al.", 
        "endOffset": 91
      }, 
      {
        "referenceID": 20, 
        "startOffset": 18, 
        "context": ", 2016a), N-pairs (Sohn, 2016), Triplet/Gbl (Kumar et al.", 
        "endOffset": 30
      }, 
      {
        "referenceID": 11, 
        "startOffset": 44, 
        "context": ", 2016a), N-pairs (Sohn, 2016), Triplet/Gbl (Kumar et al., 2016), Clustering (Song et al.", 
        "endOffset": 64
      }, 
      {
        "referenceID": 9, 
        "startOffset": 173, 
        "context": "The FC7 layer (4096 dimensions), with dropout and without a ReLU, is used as the embedding layer for our RBF solver when using a VGG (Simonyan & Zisserman, 2014) or AlexNet (Krizhevsky et al., 2012) architecture.", 
        "endOffset": 198
      }, 
      {
        "referenceID": 6, 
        "startOffset": 26, 
        "context": "For a ResNet architecture (He et al., 2016), we use the final pooling layer (2048 dimensions).", 
        "endOffset": 43
      }, 
      {
        "referenceID": 17, 
        "startOffset": 39, 
        "context": "Networks are initialised with ImageNet (Russakovsky et al., 2015) pre-trained weights.", 
        "endOffset": 65
      }, 
      {
        "referenceID": 9, 
        "startOffset": 66, 
        "context": "In Table 2, we evaluate with three network architectures; AlexNet (Krizhevsky et al., 2012), VGG16 (Simonyan & Zisserman, 2014) and ResNet50 (He et al.", 
        "endOffset": 91
      }, 
      {
        "referenceID": 6, 
        "startOffset": 57, 
        "context": ", 2012), VGG16 (Simonyan & Zisserman, 2014) and ResNet50 (He et al., 2016).", 
        "endOffset": 74
      }, 
      {
        "referenceID": 8, 
        "startOffset": 167, 
        "context": "Other Datasets We further evaluate our approach on three other fine-grained classification datasets; Oxford 102 Flowers (Nilsback & Zisserman, 2008), Stanford Cars196 (Krause et al., 2013) and", 
        "endOffset": 188
      }
    ], 
    "source": "CRF", 
    "creator": "LaTeX with hyperref package", 
    "references": [
      {
        "shortCiteRegEx": "Bromley et al\\.", 
        "author": [
          "Jane Bromley", 
          "I Guyon", 
          "Yann Lecun", 
          "Eduard Sackinger", 
          "R Shah"
        ], 
        "citeRegEx": "Bromley et al\\.,? \\Q1993\\E", 
        "venue": null, 
        "year": 1993, 
        "title": "Signature verification using a Siamese time delay neural network. In Advances in neural information processing systems"
      }, 
      {
        "shortCiteRegEx": "Broomhead and Lowe.", 
        "author": [
          "David S Broomhead", 
          "David Lowe"
        ], 
        "citeRegEx": "Broomhead and Lowe.,? \\Q1988\\E", 
        "venue": "Technical report, DTIC Document,", 
        "year": 1988, 
        "title": "Radial basis functions, multi-variable functional interpolation and adaptive networks"
      }, 
      {
        "shortCiteRegEx": "Chopra et al\\.", 
        "author": [
          "S Chopra", 
          "R Hadsell", 
          "Y LeCun"
        ], 
        "citeRegEx": "Chopra et al\\.,? \\Q2005\\E", 
        "venue": "IEEE Computer Society Conference on Computer Vision and Pattern Recognition (CVPR\u201905),", 
        "year": 2005, 
        "title": "Learning a similarity metric discriminatively, with application to face verification"
      }, 
      {
        "shortCiteRegEx": "Donahue et al\\.", 
        "author": [
          "Jeff Donahue", 
          "Yangqing Jia", 
          "Oriol Vinyals", 
          "Judy Hoffman", 
          "Ning Zhang", 
          "Eric Tzeng", 
          "Trevor Darrell"
        ], 
        "citeRegEx": "Donahue et al\\.,? \\Q2014\\E", 
        "venue": "In Icml,", 
        "year": 2014, 
        "title": "DeCAF: A Deep Convolutional Activation Feature for Generic Visual Recognition"
      }, 
      {
        "shortCiteRegEx": "Hadsell et al\\.", 
        "author": [
          "R Hadsell", 
          "S Chopra", 
          "Y LeCun"
        ], 
        "citeRegEx": "Hadsell et al\\.,? \\Q2006\\E", 
        "venue": "IEEE Computer Society Conference on Computer Vision and Pattern Recognition (CVPR\u201906),", 
        "year": 2006, 
        "title": "Dimensionality Reduction by Learning an Invariant Mapping"
      }, 
      {
        "shortCiteRegEx": "Harwood and Drummond.", 
        "author": [
          "B Harwood", 
          "T Drummond"
        ], 
        "citeRegEx": "Harwood and Drummond.,? \\Q2016\\E", 
        "venue": "IEEE Conference on Computer Vision and Pattern Recognition (CVPR),", 
        "year": 2016, 
        "title": "FANNG: Fast Approximate Nearest Neighbour Graphs"
      }, 
      {
        "shortCiteRegEx": "He et al\\.", 
        "author": [
          "K He", 
          "X Zhang", 
          "S Ren", 
          "J Sun"
        ], 
        "citeRegEx": "He et al\\.,? \\Q2016\\E", 
        "venue": "In 2016 IEEE Conference on Computer Vision and Pattern Recognition (CVPR),", 
        "year": 2016, 
        "title": "Deep Residual Learning for Image Recognition"
      }, 
      {
        "shortCiteRegEx": "Hoffer and Ailon.", 
        "author": [
          "Elad Hoffer", 
          "Nir Ailon"
        ], 
        "citeRegEx": "Hoffer and Ailon.,? \\Q2015\\E", 
        "venue": "In International Workshop on Similarity-Based Pattern Recognition,", 
        "year": 2015, 
        "title": "Deep metric learning using triplet network"
      }, 
      {
        "shortCiteRegEx": "Krause et al\\.", 
        "author": [
          "Jonathan Krause", 
          "Michael Stark", 
          "Jia Deng", 
          "Li Fei-Fei"
        ], 
        "citeRegEx": "Krause et al\\.,? \\Q2013\\E", 
        "venue": "In Proceedings of the IEEE International Conference on Computer Vision Workshops,", 
        "year": 2013, 
        "title": "3d object representations for finegrained categorization"
      }, 
      {
        "shortCiteRegEx": "Krizhevsky et al\\.", 
        "author": [
          "Alex Krizhevsky", 
          "Ilya Sutskever", 
          "Geoffrey E Hinton"
        ], 
        "citeRegEx": "Krizhevsky et al\\.,? \\Q2012\\E", 
        "venue": "In Advances in Neural Information Processing Systems,", 
        "year": 2012, 
        "title": "ImageNet Classification with Deep Convolutional Neural Networks"
      }, 
      {
        "shortCiteRegEx": "Kumar et al\\.", 
        "author": [
          "Neeraj Kumar", 
          "Peter N Belhumeur", 
          "Arijit Biswas", 
          "David W Jacobs", 
          "W John Kress", 
          "Ida Lopez", 
          "Jo\u00e3o V B Soares"
        ], 
        "citeRegEx": "Kumar et al\\.,? \\Q2012\\E", 
        "venue": "In The 12th European Conference on Computer Vision (ECCV),", 
        "year": 2012, 
        "title": "Leafsnap: A Computer Vision System for Automatic Plant Species Identification"
      }, 
      {
        "shortCiteRegEx": "Kumar et al\\.", 
        "author": [
          "Vijay B G Kumar", 
          "G Carneiro", 
          "I Reid"
        ], 
        "citeRegEx": "Kumar et al\\.,? \\Q2016\\E", 
        "venue": "In 2016 IEEE Conference on Computer Vision and Pattern Recognition (CVPR),", 
        "year": 2016, 
        "title": "Learning Local Image Descriptors with Deep Siamese and Triplet Convolutional Networks by Minimizing Global Loss Functions"
      }, 
      {
        "shortCiteRegEx": "Kumar et al\\.", 
        "author": [
          "Vijay B G Kumar", 
          "Ben Harwood", 
          "Gustavo Carneiro", 
          "Ian Reid", 
          "Tom Drummond"
        ], 
        "citeRegEx": "Kumar et al\\.,? \\Q2017\\E", 
        "venue": "arXiv preprint arXiv:1704.01285,", 
        "year": 2017, 
        "title": "Smart Mining for Deep Metric Learning"
      }, 
      {
        "shortCiteRegEx": "Manning et al\\.", 
        "author": [
          "Christopher D Manning", 
          "Prabhakar Raghavan", 
          "Hinrich Sch\u00fctze"
        ], 
        "citeRegEx": "Manning et al\\.,? \\Q2008\\E", 
        "venue": null, 
        "year": 2008, 
        "title": "Introduction to information retrieval, volume 1"
      }, 
      {
        "shortCiteRegEx": "Nilsback and Zisserman.", 
        "author": [
          "M-E. Nilsback", 
          "A Zisserman"
        ], 
        "citeRegEx": "Nilsback and Zisserman.,? \\Q2008\\E", 
        "venue": "In Proceedings of the Indian Conference on Computer Vision, Graphics and Image Processing,", 
        "year": 2008, 
        "title": "Automated Flower Classification over a Large Number of Classes"
      }, 
      {
        "shortCiteRegEx": "Razavian et al\\.", 
        "author": [
          "Ali Sharif Razavian", 
          "Hossein Azizpour", 
          "Josephine Sullivan", 
          "Stefan Carlsson"
        ], 
        "citeRegEx": "Razavian et al\\.,? \\Q2014\\E", 
        "venue": "In Proceedings of the 2014 IEEE Conference on Computer Vision and Pattern Recognition Workshops,", 
        "year": 2014, 
        "title": "CNN Features Offthe-Shelf: An Astounding Baseline for Recognition"
      }, 
      {
        "shortCiteRegEx": "Rippel et al\\.", 
        "author": [
          "Oren Rippel", 
          "Manohar Paluri", 
          "Piotr Dollar", 
          "Lubomir Bourdev"
        ], 
        "citeRegEx": "Rippel et al\\.,? \\Q2016\\E", 
        "venue": "International Conference on Learning Representations,", 
        "year": 2016, 
        "title": "Metric learning with adaptive density discrimination"
      }, 
      {
        "shortCiteRegEx": "Russakovsky et al\\.", 
        "author": [
          "Olga Russakovsky", 
          "Jia Deng", 
          "Hao Su", 
          "Jonathan Krause", 
          "Sanjeev Satheesh", 
          "Sean Ma", 
          "Zhiheng Huang", 
          "Andrej Karpathy", 
          "Aditya Khosla", 
          "Michael Bernstein", 
          "Alexander C. Berg", 
          "Li Fei-Fei"
        ], 
        "citeRegEx": "Russakovsky et al\\.,? \\Q2015\\E", 
        "venue": "International Journal of Computer Vision,", 
        "year": 2015, 
        "title": "Imagenet large scale visual recognition challenge"
      }, 
      {
        "shortCiteRegEx": "Schroff et al\\.", 
        "author": [
          "F Schroff", 
          "D Kalenichenko", 
          "J Philbin"
        ], 
        "citeRegEx": "Schroff et al\\.,? \\Q2015\\E", 
        "venue": "In 2015 IEEE Conference on Computer Vision and Pattern Recognition (CVPR),", 
        "year": 2015, 
        "title": "FaceNet: A unified embedding for face recognition and clustering"
      }, 
      {
        "shortCiteRegEx": "Simonyan and Zisserman.", 
        "author": [
          "K Simonyan", 
          "A Zisserman"
        ], 
        "citeRegEx": "Simonyan and Zisserman.,? \\Q2014\\E", 
        "venue": "arXiv preprint arXiv:1409.1556,", 
        "year": 2014, 
        "title": "Very Deep Convolutional Networks for Large-Scale Image Recognition"
      }, 
      {
        "shortCiteRegEx": "Sohn.", 
        "author": [
          "Kihyuk Sohn"
        ], 
        "citeRegEx": "Sohn.,? \\Q2016\\E", 
        "venue": "In Advances in Neural Information Processing Systems", 
        "year": 2016, 
        "title": "Improved Deep Metric Learning with Multi-class N-pair Loss Objective"
      }, 
      {
        "shortCiteRegEx": "Song et al\\.", 
        "author": [
          "H O Song", 
          "Y Xiang", 
          "S Jegelka", 
          "S Savarese"
        ], 
        "citeRegEx": "Song et al\\.,? \\Q2016\\E", 
        "venue": "In 2016 IEEE Conference on Computer Vision and Pattern Recognition (CVPR),", 
        "year": 2016, 
        "title": "Deep Metric Learning via Lifted Structured Feature Embedding"
      }, 
      {
        "shortCiteRegEx": "Song et al\\.", 
        "author": [
          "Hyun Oh Song", 
          "Stefanie Jegelka", 
          "Vivek Rathod", 
          "Kevin Murphy"
        ], 
        "citeRegEx": "Song et al\\.,? \\Q2016\\E", 
        "venue": "arXiv preprint arXiv:1612.01213,", 
        "year": 2016, 
        "title": "Learnable Structured Clustering Framework for Deep Metric Learning"
      }, 
      {
        "shortCiteRegEx": "Srivastava et al\\.", 
        "author": [
          "Nitish Srivastava", 
          "Geoffrey E Hinton", 
          "Alex Krizhevsky", 
          "Ilya Sutskever", 
          "Ruslan Salakhutdinov"
        ], 
        "citeRegEx": "Srivastava et al\\.,? \\Q1929\\E", 
        "venue": "Journal of Machine Learning Research,", 
        "year": 1929, 
        "title": "Dropout: a simple way to prevent neural networks from overfitting"
      }, 
      {
        "shortCiteRegEx": "Szegedy et al\\.", 
        "author": [
          "C Szegedy", 
          "Wei Liu", 
          "Yangqing Jia", 
          "P Sermanet", 
          "S Reed", 
          "D Anguelov", 
          "D Erhan", 
          "V Vanhoucke", 
          "A Rabinovich"
        ], 
        "citeRegEx": "Szegedy et al\\.,? \\Q2015\\E", 
        "venue": "In 2015 IEEE Conference on Computer Vision and Pattern Recognition (CVPR),", 
        "year": 2015, 
        "title": "Going deeper with convolutions"
      }, 
      {
        "shortCiteRegEx": "Tang.", 
        "author": [
          "Yichuan Tang"
        ], 
        "citeRegEx": "Tang.,? \\Q2013\\E", 
        "venue": "arXiv preprint arXiv:1306.0239,", 
        "year": 2013, 
        "title": "Deep learning using linear support vector machines"
      }, 
      {
        "shortCiteRegEx": "Maaten and Hinton.", 
        "author": [
          "Laurens van der Maaten", 
          "Geoffrey Hinton"
        ], 
        "citeRegEx": "Maaten and Hinton.,? \\Q2008\\E", 
        "venue": "Journal of Machine Learning Research,", 
        "year": 2008, 
        "title": "Visualizing data using t-SNE"
      }, 
      {
        "shortCiteRegEx": "Wang et al\\.", 
        "author": [
          "J Wang", 
          "Y Song", 
          "T Leung", 
          "C Rosenberg", 
          "J Philbin", 
          "B Chen", 
          "Y Wu"
        ], 
        "citeRegEx": "Wang et al\\.,? \\Q2014\\E", 
        "venue": "IEEE Conference on Computer Vision and Pattern Recognition,", 
        "year": 2014, 
        "title": "Learning FineGrained Image Similarity with Deep Ranking"
      }, 
      {
        "shortCiteRegEx": "Weinberger et al\\.", 
        "author": [
          "Kilian Q Weinberger", 
          "John Blitzer", 
          "Lawrence Saul"
        ], 
        "citeRegEx": "Weinberger et al\\.,? \\Q2006\\E", 
        "venue": "Advances in neural information processing systems,", 
        "year": 2006, 
        "title": "Distance metric learning for large margin nearest neighbor classification"
      }, 
      {
        "shortCiteRegEx": "Welinder et al\\.", 
        "author": [
          "P Welinder", 
          "S Branson", 
          "T Mita", 
          "C Wah", 
          "F Schroff", 
          "S Belongie", 
          "P Perona"
        ], 
        "citeRegEx": "Welinder et al\\.,? \\Q2010\\E", 
        "venue": "Technical Report CNS-TR-2010-001, California Institute of Technology,", 
        "year": 2010, 
        "title": "Caltech-UCSD Birds 200"
      }
    ], 
    "authors": [], 
    "abstractText": "We present a radial basis function solver for convolutional neural networks that can be directly applied to both distance metric learning and classification problems. Our method treats all training features from a deep neural network as radial basis function centres and computes loss by summing the influence of a feature\u2019s nearby centres in the embedding space. Having a radial basis function centred on each training feature is made scalable by treating it as an approximate nearest neighbour search problem. End-to-end learning of the network and solver is carried out, mapping high dimensional features into clusters of the same class. This results in a well formed embedding space, where semantically related instances are likely to be located near one another, regardless of whether or not the network was trained on those classes. The same loss function is used for both the metric learning and classification problems. We show that our radial basis function solver outperforms state-of-the-art embedding approaches on the Stanford Cars196 and CUB-2002011 datasets. Additionally, we show that when used as a classifier, our method outperforms a conventional softmax classifier on the CUB-200-2011, Stanford Cars196, Oxford 102 Flowers and Leafsnap fine-grained classification datasets.", 
    "sections": [
      {
        "text": "The solver of a neural network is vital to its performance, as it defines the objective and drives the learning. We define a solver as the layers of the network that are aware of the class labels of the data. In the domain of image classification, a softmax solver is conventionally used to transform activations into a distribution across class labels (Krizhevsky et al., 2012; Simonyan & Zisserman, 2014; Szegedy et al., 2015; He et al., 2016). While in the domain of distance metric learning, a Siamese (Chopra et al., 2005) or triplet (Hoffer & Ailon, 2015; Schroff et al., 2015; Kumar et al., 2017) solver, with contrastive or hinge loss, is commonly used to pull embeddings of the same class together and push embeddings of different classes apart. The two tasks of classification and metric learning are related but distinct. Conventional classification learning is generally used when the objective is to associate data with a pre-defined set of classes and there is sufficient data to train or fine-tune a network to do so. Distance metric learning, or embedding space building, aims to learn an embedding space where samples with similar semantic meaning are located near one another. Applications for learning such effective embeddings include transfer learning, retrieval, clustering and weakly supervised or self-supervised learning.\nIn this paper, we present a deep neural network solver that can be applied to both embedding space building and classification problems. The solver defines training features in the embedding space as radial basis function (RBF) centres, which are used to push or pull features in a local neighbourhood, depending on the labels of the associated training samples. The same loss function is used for both classification and metric learning problems. This means that a network trained for the classification task results in feature embeddings of the same class being located near one another and similarly, a network trained for metric learning results in feature embeddings that can be well classified by our RBF solver. Fast approximate nearest neighbour search is used to provide an efficient and scalable solution.\nThe best success on embedding building tasks has been achieved by deep metric learning methods (Hoffer & Ailon, 2015; Schroff et al., 2015; Song et al., 2016a; Sohn, 2016; Kumar et al., 2017), which make use of deep neural networks. Such approaches may indiscriminately pull samples of\nthe same class together, regardless of whether the two samples were already within well defined local clusters of like samples. These methods aim to form a single cluster per class. In contrast, our approach pushes a feature around the embedding space based only on the local neighbourhood of that feature. This means that the current structure of the space is considered, allowing multiple clusters to form for a single class, if that is appropriate. Our radial basis function solver is able to learn embeddings that result in samples of similar semantic meaning being located near one another. Our experiments show that the RBF solver is able to do this better than existing deep metric learning methods.\nSoftmax solvers have been a mainstay of the standard classification problem (Krizhevsky et al., 2012; Simonyan & Zisserman, 2014; Szegedy et al., 2015; He et al., 2016). Such an approach is inefficient as classes must be axis-aligned and the number of classes is baked into the network. Our RBF approach is free to position clusters such that the intrinsic structure of the data can be better represented. This may involve multiple clusters forming for a single class. The nearest neighbour RBF solver outperforms conventional softmax solvers in our experiments and provides additional adaptability and flexibility, as new classes can be added to the problem with no updates to the network weights required to obtain reasonable results. This performance improvement is obtained despite smaller model capacity. The RBF solver by its very nature is a classifier, but learns the classification problem in the exact same way it learns the embedding space building problem.\nThe main advantages of our novel radial basis function solver for neural networks can be summarised as follows:\n\u2022 Our solver can be directly applied to two previously separate problems; classification and embedding space learning.\n\u2022 End-to-end learning can be made scalable by leveraging fast approximate nearest neighbour search (as seen in Section 3.2).\n\u2022 Our approach outperforms current state-of-the-art deep metric learning algorithms on the Stanford Cars196 and CUB-200-2011 datasets (as seen in Section 4.1).\n\u2022 Finally, our radial basis function classifier outperforms a conventional softmax classifier on the fine-grained classification datasets CUB-200-2011, Stanford Cars196, Oxford 102 Flowers and Leafsnap (as seen in Section 4.2).", 
        "heading": "1 INTRODUCTION"
      }, 
      {
        "text": "Radial Basis Functions in Neural Networks Radial basis function networks were introduced by Broomhead & Lowe (1988). The networks formulate activation functions as RBFs, resulting in an output that is a sum of radial basis function values between the input and network parameters. In contrast to these radial basis function networks, our approach uses RBFs in the solver of a deep convolutional neural network and our radial basis function centres are coupled to high dimensional embeddings of training samples, rather than being network parameters. Radial basis functions have been used as neural network solvers in the form of support vector machines. In one such formulation, a neural network is used as a fixed feature extractor and separate support vector machines are trained to classify the features (Razavian et al., 2014; Donahue et al., 2014). No joint training occurs between the solver (classifier) and network. Such an approach is often used for transfer learning, where the network is trained on vast amounts of data and the support vector machines are trained for problems in which labelled training data is scarce. Tang (2013) replaces the typical softmax classifier with linear support vector machines. In this case, the solver and network are trained jointly, meaning the loss that is minimised is margin based.\nMetric Learning Early methods in the domain of metric learning include those that use Siamese networks (Bromley et al., 1993) and contrastive loss (Hadsell et al., 2006; Chopra et al., 2005). The objective of these approaches is to pull pairwise samples of the same class together and push pairwise samples of different classes apart. Such methods work on absolute distances, while triplet networks with hinge loss (Weinberger et al., 2006) work on relative distance. Triplet loss approaches take a trio of inputs; an anchor, a positive sample of the same class as the anchor and a negative sample of a different class. Triplet loss aims to pull the positive sample closer to the anchor than the negative sample. Several deep metric learning approaches make use of, or generalise deep triplet\nneural networks (Hoffer & Ailon, 2015; Wang et al., 2014; Schroff et al., 2015; Song et al., 2016a; Sohn, 2016; Kumar et al., 2017). Schroff et al. (2015) perform semi-hard mining within a mini-batch, while Song et al. (2016a) propose a lifted structured embedding with efficient computation of the full distance matrix within a mini-batch. This allows comparisons between all positive and negative pairs in the batch. Similarly, Sohn (2016) proposes an approach that allows multiple intra-batch distance comparisons, but optimises a generalisation of triplet loss, named N-pair loss, rather than a max-margin based objective, as in Song et al. (2016a). The global embedding structure is considered in Song et al. (2016b) by directly minimising a global clustering metric, while a combination of global and triplet loss is shown to be beneficial in Kumar et al. (2016). Finally, Kumar et al. (2017) introduce a smart mining technique that mines for triplets over the entire dataset. A Fast Approximate Nearest Neighbour Graph (FANNG) (Harwood & Drummond, 2016) is leveraged for computational efficiently. Beyond triplet loss, Rippel et al. (2016) introduce a loss function that allows multiple clusters to form per class. Rather than only penalising a single triplet at a time, the neighbourhood densities are considered and overlaps between classes penalised.", 
        "heading": "2 RELATED WORK"
      }, 
      {
        "text": "A radial basis function returns a value that depends only on the distance between two points, one of which is commonly referred to as a centre. Although several radial basis functions exist, in this paper we use RBF to refer to a Gaussian radial basis function, which returns a value based on the Euclidean distance between a point x and the RBF centre c. The radial basis function, f , is calculated as:\nf(x, c) = exp\n( \u2212\u2016x\u2212 c\u20162\n2\u03c32\n) (1)\nwhere \u03c3 is standard deviation that controls the width of the Gaussian curve, that is, the region around the RBF centre deemed to be of importance.\nIn the context of our neural network solver, we define the deep feature embeddings of each training set sample as radial basis function centres. Specifically, we take the layer in a network immediately before the solver as the embedding layer. For example, in a VGG architecture, this may be FC7 (fully connected layer 7), forming a 4096 dimension embedding. In general, however, the embedding may be of any size. An overview of this approach is seen in Figure 1.", 
        "heading": "3 RADIAL BASIS FUNCTION SOLVERS"
      }, 
      {
        "text": "A radial basis function classifier can be formed by the weighted sum of the RBF distance calculations between a sample feature embedding and the centres. Classification of a sample is achieved by passing the input through the network, resulting in a feature embedding in the same space as the RBF centres. A probability distribution over class labels is found by summing the influence of each centre and normalising. A centre contributes only to the probability of the ground truth label of the training sample coupled to that centre. For example, the probability that the feature embedding x has class label Q is:\nPr(x \u2208 class Q) = \u2211\ni\u2208Q wif(x, ci)\u2211m j=1 wjf(x, cj) , (2)\nwhere f is the RBF, i \u2208 Q are the centres with label Q, m is the number of training samples and wi is a learnable weight for RBF centre i. Of course, if a sample is in the training set and has a corresponding RBF centre, the distance calculation to itself is omitted during the computation of the classification distribution, the loss function and the derivatives.\nThe loss function used for optimisation is simply the summed negative logarithm of the probabilities of the true class labels. For example, the loss L for sample x with ground truth label R is:\nL(x) = \u2212 ln (Pr(x \u2208 class R)) . (3) The same loss function is used regardless of whether the network is being trained for classification, as above, or for embedding space building (distance metric learning). This is possible since the RBF classifier is directly computed from distances between features in the embedding space. This means that a network trained for classification will result in features of the same class being located near one another, and similarly a network trained for metric learning will result in an embedding space in which features can be well classified using RBFs.", 
        "heading": "3.1 CLASSIFIER AND LOSS FUNCTION"
      }, 
      {
        "text": "In Equation 2, the distribution is calculated by summing over all RBF centres. However, since these centres are attached to training samples, of which there could be any large number, computing that sum is both intractable and unnecessary. The majority of RBF values for a given feature embedding will be effectively zero, as the sample feature will lie only within a subset of the RBF centres\u2019 Gaussian windows. As such, only the local neighbourhood around a feature embedding should be considered. Operating on the set of the nearest RBF centres to a feature ensures that most of the distance values computed are pertinent to the loss calculation. The classifier equation becomes:\nPr(x \u2208 class Q) = \u2211\ni\u2208Q\u2229N wif(x, ci)\u2211 j\u2208N wjf(x, cj) , (4)\nwhere N is the set of approximate nearest neighbours for sample x and therefore i \u2208 Q \u2229N is the set of approximate nearest neighbours that have label Q. Again, we note that training set samples exclude their own RBF centre from their nearest neighbour list.\nIn the interest of providing a scalable solution, we use approximate nearest neighbour search to obtain candidate nearest neighbour lists. This allows for a trade off between precision and computational efficiency. Specifically, we use a Fast Approximate Nearest Neighbour Graph (FANNG) (Harwood & Drummond, 2016), as it provides the most efficiency when needing a high probability of finding the true nearest neighbours of a query point. Importantly, FANNG provides scalability in terms of the number of dimensions and the number of training samples.", 
        "heading": "3.2 NEAREST NEIGHBOUR RBF SOLVER"
      }, 
      {
        "text": "The network and solver weights are learned end-to-end. As the weights are constantly being updated during training, the locations of the RBF centres are changing. This leads to complications in the computation of the derivatives of the loss with respect to the embeddings. This calculation requires dimension by dimension differences between the training embeddings and the RBF centres. The centres are moving as the network is being updated, but computing the current RBF centre locations online is intractable. For example, if considering 100 nearest neighbours, 101 samples would need to be forward propagated through the network for each training sample. However, we find that is is not necessary for the RBF centres to be up to date at all times in order for the model to converge. A bank of the RBF centres is stored and updated at a fixed interval.\nA further consequence of the RBF centres moving during training is that the nearest neighbours also change. It is intractable to find to correct nearest neighbours each time the weights are updated. This is simply remedied by considering a larger number of nearest neighbours than would be required if all centres and neighbour lists were up-to-date at all times. The embedding space changes slowly enough that it is highly likely many of the previously neighbouring RBF centres will remain relevant. Since the Gaussian RBF decays to zero as the distance between the points becomes large, it does not matter if an RBF centre that is no longer near the sample remains a candidate nearest neighbour.\nWe call the frequency at which the RBF centres are updated and the nearest neighbours found the update interval. During training, at a fixed number of epochs we forward pass the entire training set\nthrough the network, storing the new RBF centres. The up-to-date nearest neighbours can now be found. If FANNG is used, a rebuild of the graph is required. Note that the stored RBF centres do not have dropout (Srivastava et al., 2014) applied, but the current training embeddings may. The effect of the number of nearest neighbours considered and the update interval are discussed in Section 4.2.\nRadial Basis Function Parameters A global standard deviation parameter \u03c3 is shared amongst the RBFs. This ensures that the assumption made about samples only being influenced by their nearest RBF centres holds. Although the parameter is learnable, we find that fixing the standard deviation value before training is a suitable approach. We treat the standard deviation as an additional hyperparameter to tune, however it can also be learned independently before full network training commences. As seen in Equation 4, each RBF centre has a weight, which is learned end-to-end with the network weights. These weights are initialised at values of one. Note that in our experiments we only tune the RBF weights for the classification task; they remain fixed for metric learning problems.", 
        "heading": "3.3 END-TO-END LEARNING"
      }, 
      {
        "text": "We detail our experimental results in two tasks; distance metric learning and image classification.", 
        "heading": "4 EXPERIMENTS"
      }, 
      {
        "text": "Experimental Set-up We evaluate our approach on two datasets; Stanford Cars196 (Krause et al., 2013) and CUB-200-2011 (Birds200) (Welinder et al., 2010). Cars196 consists of 16,185 images of 196 different car makes and models, while Birds200 consists of 11,788 images of 200 different bird species. In this problem, the network is trained and evaluated on different sets of classes. We follow the experimental set-up used in Song et al. (2016a); Sohn (2016); Song et al. (2016b); Kumar et al. (2017). For the Cars196 dataset, we train the network on the first 98 classes and evaluate on the remaining 98. For the Birds200 dataset we train on the first 100 classes and evaluate on the remaining 100. Stochastic gradient descent optimisation is used. All images are first resized to be 256x256 and data is augmented by random cropping and horizontal mirroring. Note that we do not crop the images using the provided bounding boxes.\nOur method is compared to state-of-the-art approaches on the considered datasets; semi-hard mining for triplet networks (Schroff et al., 2015), lifted structured feature embedding (Song et al., 2016a), N-pair loss (Sohn, 2016), clustering (Song et al., 2016b), global loss with triplet networks (Kumar et al., 2016) and smart mining for triplet networks (Kumar et al., 2017). For fair comparison to these methods, we use the same base architecture for our experiments; GoogLeNet (Szegedy et al., 2015). Network weights are initialised from ImageNet (Russakovsky et al., 2015) pre-trained weights. We use 100 nearest neighbours and an update interval of 10 epochs. RBF weights are fixed at a value of one for this task. We train for 50 epochs on Cars196 and 30 epochs on Birds200. A batch size of 20, base learning of 0.00001 and weight decay of 0.0002 are used. The RBF standard deviation used depends on size of the embedding dimension. We find values between 10 and 30 work well for this task.\nEvaluation Metrics Following Song et al. (2016a), we evaluate the embedding space using two metrics; Normalised Mutual Information (NMI) (Manning et al., 2008) and Recall@K. The NMI score is the ratio of mutual information and average entropy of a set of clusters and labels. It evaluates only for the number of clusters equal to the number of classes. As discussed in Section 1, a good embedding space does not necessarily have only one cluster per class, but may have multiple well formed clusters in the space. This means that our mutual information may be higher than reported with this metric. Nevertheless, we present results on the NMI score in the interest of comparing to existing methods that evaluate on this metric. The Recall@K (R@K) metric is better suited for evaluating an embedding space. A true positive is defined as a sample that has at least one of its true nearest K neighbours in the embedding space with the same class as itself.\nEmbedding Space Dimension We investigate the importance of the embedding dimension. A similar study in Song et al. (2016a) suggests that the number of dimensions is not important for triplet networks, in fact, increasing the number of dimensions can be detrimental to performance. We compare our method with increasing dimension size against triplet loss (Weinberger et al., 2006;\nSchroff et al., 2015) and lifted structured embedding (Song et al., 2016a), both taken from the study in Song et al. (2016a). Figure 2 shows the effect of the embedding size on NMI score. It\u2019s clear that while increasing the number of dimensions does not necessarily improve performance for triplet-based networks, the dimensionality is important for our RBF approach. The NMI score for our approach improves with increasing numbers of dimensions. Similar behaviour is seen in Figure 3, which shows the Recall@K metric for our RBF method with varying numbers of dimensions. Again, this shows that the dimensionality is an important factor for our approach.\nComparison of Results Our approach is compared to the state-of-the-art in Table 1, with the compared results taken from Song et al. (2016b) and Kumar et al. (2017). Since, as discussed above, the number of embedding dimensions does not have much impact on the other approaches, all results in Song et al. (2016b) and Kumar et al. (2017) are reported using 64 dimensions. For fair comparison, we report our results at 64 dimensions, but also at the better performing higher dimensions. Our approach outperforms the other methods in both the NMI and Recall@K measures, at all embedding sizes presented. Our approach is able to produce better compact embeddings than existing methods, but can also take advantage of a larger embedding space. Figure 4 shows a t-SNE (van der Maaten & Hinton, 2008) visualisation of the Birds200 test set embedding space. Despite the test classes being withheld during training, bird species are well clustered.", 
        "heading": "4.1 DISTANCE METRIC LEARNING"
      }, 
      {
        "text": "Experimental Set-up We evaluate our solver in the domain of image classification, comparing performance with conventional softmax loss. For all experiments, images are resized to 256x256 and random cropping and horizontal mirroring is used for data augmentation. Unlike in Section 4.1, we crop Birds200 and Cars196 images using the provided bounding boxes before resizing. The same\nclasses are used for training and testing. All datasets are split in to training, validation and test sets. We select softmax and RBF hyperparameters that minimise the validation loss. The FC7 layer (4096 dimensions), with dropout and without a ReLU, is used as the embedding layer for our RBF solver when using a VGG (Simonyan & Zisserman, 2014) or AlexNet (Krizhevsky et al., 2012) architecture. For a ResNet architecture (He et al., 2016), we use the final pooling layer (2048 dimensions). We find that following the ResNet embedding layer with a dropout layer results in a small performance gain for both RBF and softmax solvers. A batch size of 20 is used and an update interval of 10 epochs, unless otherwise noted. We use stochastic gradient descent optimisation. In general, we find a base learning rate of 0.00001 to be appropriate for our approach. A standard deviation of around 100 for the RBFs is found to be suitable for the 4096 dimension VGG16 embeddings on Birds200. Networks are initialised with ImageNet (Russakovsky et al., 2015) pre-trained weights.\nEvaluation on Birds200 We carry out detailed evaluation of our approach on the Birds200 dataset. Since there is no standard validation set for this dataset, we take 20% of the training data as validation data. In Table 2, we evaluate with three network architectures; AlexNet (Krizhevsky et al., 2012), VGG16 (Simonyan & Zisserman, 2014) and ResNet50 (He et al., 2016). Our approach outperforms the softmax counterpart for each network. The performance gain over softmax is larger for AlexNet and VGG than for ResNet. This is likely because ResNet has significantly more non-linear activation function layers, meaning there is less improvement seen when using the highly non-linear RBF solver. The effect of the number of training samples per class is shown in Figure 5. Our RBF approach outperforms softmax loss at all numbers of training images, with a particularly large gain when training data is scarce.\nResults from ablation experiments on our RBF approach are shown in Table 3. The importance of the following components of learning are shown; tuning the RBF standard deviation \u03c3, learning the RBF weights and fine-tuning the network weights. Figure 6a shows the impact of the number of nearest neighbours used for each sample during training. There is a clear lower bound required for good performance. As discussed in Section 3.3, this is because the network weights are constantly\nbeing updated, but the stored RBF centres are not. As such, we need to consider a larger number of neighbours than if the centres were always up-to-date. Figure 6b shows the average distance from each training sample to its nearest RBF centres at different points during training. Similarly, Figure 6c shows the average radial basis function values between training samples and their nearest centres. These experiments use a VGG16 architecture.\nWhen training with softmax loss on a VGG16 architecture, validation loss plateaus at around 7000 iterations. For our RBF solver, the number of iterations taken for validation loss to stop improving depends on the update interval, that is, the interval at which the RBF centres are updated and the nearest neighbours computed. For update intervals of 1, 5 and 10, validation loss stops improving at around 8500, 12000 and 15000 iterations, respectively. Since nearest neighbour search becomes the bottleneck as the dataset size increases, a less frequent update interval should be used for large datasets, allowing for a faster overall training time. The softmax solver is able to converge in fewer iterations than our approach. This is likely due to the RBF centres not being up-to-date at all times, leading to weight updates that are less effective than in the ideal scenario. However, as discussed in Section 3.3, keeping the RBF centres up-to-date at all times in intractable.\nOur RBF approach allows clusters to position themselves freely in the embedding space, such that the intrinsic structure of the data can be represented. As a result, we expect the embeddings to be co-located based not only in terms of class, but also in terms of more fine-grained information, such as attributes. We use the 312 binary attributes of Birds200 to confirm this expectation. For each 4096 dimension VGG16 test set embedding, we propagate attributes by computing the density of each attribute label present in the neighbouring test embeddings. This is done using Gaussian radial basis functions, treating each attribute as a binary classification problem. We find the best Gaussian standard deviation for softmax and our RBF learned embeddings separately. A precision and recall curve, shown in Figure 7, is generated by sweeping the classification discrimination threshold from zero to one. We find that for a given precision, the RBF solver results in an embedding space with better attribute recall than softmax. Note that we do not train the models using the attribute labels.\nOther Datasets We further evaluate our approach on three other fine-grained classification datasets; Oxford 102 Flowers (Nilsback & Zisserman, 2008), Stanford Cars196 (Krause et al., 2013) and\nLeafsnap (Kumar et al., 2012). We use the standard training, validation and test splits for Oxford 102 Flowers. For Stanford Cars196, we take 30% of the training set as validation data. We use the challenging field images from Leafsnap, which are taken in uncontrolled conditions. The dataset contains 185 classes of leaf species and we split the data into 50%, 20% and 30% for training, validation and testing, respectively. Again, hyperparameters are selected based on validation loss and a VGG16 architecture is used. Results are shown in Table 4.", 
        "heading": "4.2 IMAGE CLASSIFICATION"
      }, 
      {
        "text": "Our approach is designed to address two problems; metric space learning and classification. The use of RBFs arises very naturally in the context of the first problem because metric spaces are defined and measured in terms of Euclidean distance. It is perhaps more surprising that the classification problem also benefits from using a metric space kernel density approach, rather than softmax. This appears to hold independently of the base network architecture (Table 2) and the improvement is particularly strong when limited quantities of training data are available (Figure 5).\nMetric learning inherently pulls samples together into high density regions of the embedding space, whereas softmax is content to allow samples to fill a very large region of space, provided that the logit dimension corresponding to the correct class is larger than the others. This suggests that metric learning is able to provide some regularisation, because classification is driven by multiple nearby samples, whereas samples may be well separated in logit space for softmax. In turn, this leads to increased robustness for the metric space approach, particularly when training data is impoverished. Additionally, softmax is constrained to push samples into regions of space determined by the locations of the logit axes, whereas our metric learning approach is free to position clusters in a way that may more naturally reflect the intrinsic structure of the data. Finally, our approach is also free to create multiple clusters for each class, if this is appropriate. As a result of these factors, our RBF solver is able to outperform state-of-the-art approaches in the metric learning problem, as well as provide benefit over softmax in the classification problem.", 
        "heading": "5 DISCUSSION AND CONCLUSION"
      }
    ], 
    "emails": []
  }
}