{
  "name": "SkiCjzNTZ.pdf", 
  "metadata": {
    "title": null, 
    "year": 2017, 
    "referenceMentions": [
      {
        "referenceID": 7, 
        "startOffset": 31, 
        "context": "The first of its kind, AlexNet (Krizhevsky et al., 2012), led to many other neural architectures have been proposed to achieve start-of-the-art results in image processing at the time.", 
        "endOffset": 56
      }, 
      {
        "referenceID": 13, 
        "startOffset": 92, 
        "context": "A recent work (Anonymous, 2018) showed that the ensemble behavior and binomial path lengths (Veit et al., 2016) of ResNets can be explained by just a Taylor series expansion to first order in the decoupling limit.", 
        "endOffset": 111
      }, 
      {
        "referenceID": 1, 
        "startOffset": 39, 
        "context": ", 2015) and Residual networks (ResNet)(He et al., 2015a). Understanding the inner workings of deep neural networks remains a difficult task. It has been discovered that the training process ceases when it goes through an information bottleneck (ShwartzZiv & Tishby, 2017) until learning rate is decreased to a suitable amount then the network under goes a phase transition. Deep networks appear to be able to regularize themselves and able to train on randomly labeled data Zhang et al. (2017) with zero training error.", 
        "endOffset": 494
      }, 
      {
        "referenceID": 0, 
        "startOffset": 77, 
        "context": "The gradients in deep neural networks behaves as white noise over the layers Balduzzi et al. (2017). And many other unexplained phenomena.", 
        "endOffset": 100
      }, 
      {
        "referenceID": 1, 
        "startOffset": 38, 
        "context": "This has been shown experimentally by Goodfellow et al. (2014) in Figure 19.", 
        "endOffset": 63
      }, 
      {
        "referenceID": 3, 
        "startOffset": 57, 
        "context": "Before the phase transition, the weights \u03b3 have positive Hessian eigenvalues m(2). After the phase transition, weights \u03c0 with zero Hessian eigenvalues are generated by spontaneous symmetry breaking. The correlation function for the \u03c0 weights is concentrated around small values of |k|, see Equation (4), with \u03c90 = |k| for any t. This corresponds to a highly correlated representations across the sample (input) space and layers. Because the loss is minimized, the feature maps across the network is highly correlated with the desired output. And a large correlation across the sample space means that the representations are independent of the input. This is shown in Figure 2 of Shwartz-Ziv & Tishby (2017). After phase transition, I(Y ;T ) ' 1 bit for all layers T , and I(X;T ) is small even for representations in early layers.", 
        "endOffset": 708
      }, 
      {
        "referenceID": 16, 
        "startOffset": 0, 
        "context": "Zhang et al. (2017) referred to this phenomenon as implicit regularization.", 
        "endOffset": 20
      }, 
      {
        "referenceID": 0, 
        "startOffset": 100, 
        "context": "\u2022 The shape of the loss function after spontaneous symmetry breaking has the same shape observed by Goodfellow et al. (2014) towards the end of training, see Figure 1.", 
        "endOffset": 125
      }, 
      {
        "referenceID": 0, 
        "startOffset": 100, 
        "context": "\u2022 The shape of the loss function after spontaneous symmetry breaking has the same shape observed by Goodfellow et al. (2014) towards the end of training, see Figure 1. \u2022 The training error typically drops drastically when learning rate is decreased. This occurs when the learning rate drops below \u03b7c, forcing a phase transition so that new minima develop. See Figure 1. \u2022 A cyclical learning rate (Smith & Topin, 2017) helps to get to the new minimum faster, see Section 2.5. \u2022 Stochasticity in gradient descent juggles the loss function such that the weights are no longer at the local maximum of Figure 1. A gradient descent step is taken to further take the weights towards the local minimum. Stochasticity helps the network to generalize better. \u2022 When the learning rate is too small to move away from A in Figure 1. PReLU\u2019s (He et al., 2015b) could move the weight away from A through the training of the non-linearity. This corresponds to breaking the symmetry explicitly in Theorem 1. \u2022 Results from Shwartz-Ziv & Tishby (2017) are due to spontaneous symmetry breaking, see Section 4.", 
        "endOffset": 1035
      }, 
      {
        "referenceID": 0, 
        "startOffset": 100, 
        "context": "\u2022 The shape of the loss function after spontaneous symmetry breaking has the same shape observed by Goodfellow et al. (2014) towards the end of training, see Figure 1. \u2022 The training error typically drops drastically when learning rate is decreased. This occurs when the learning rate drops below \u03b7c, forcing a phase transition so that new minima develop. See Figure 1. \u2022 A cyclical learning rate (Smith & Topin, 2017) helps to get to the new minimum faster, see Section 2.5. \u2022 Stochasticity in gradient descent juggles the loss function such that the weights are no longer at the local maximum of Figure 1. A gradient descent step is taken to further take the weights towards the local minimum. Stochasticity helps the network to generalize better. \u2022 When the learning rate is too small to move away from A in Figure 1. PReLU\u2019s (He et al., 2015b) could move the weight away from A through the training of the non-linearity. This corresponds to breaking the symmetry explicitly in Theorem 1. \u2022 Results from Shwartz-Ziv & Tishby (2017) are due to spontaneous symmetry breaking, see Section 4. \u2022 Deep neural networks can train on random labels with low training loss as feature maps are highly correlated with their respective desired output. Zhang et al. (2017) observed that a deep neural network can achieve zero training error on random labels.", 
        "endOffset": 1261
      }, 
      {
        "referenceID": 0, 
        "startOffset": 100, 
        "context": "\u2022 The shape of the loss function after spontaneous symmetry breaking has the same shape observed by Goodfellow et al. (2014) towards the end of training, see Figure 1. \u2022 The training error typically drops drastically when learning rate is decreased. This occurs when the learning rate drops below \u03b7c, forcing a phase transition so that new minima develop. See Figure 1. \u2022 A cyclical learning rate (Smith & Topin, 2017) helps to get to the new minimum faster, see Section 2.5. \u2022 Stochasticity in gradient descent juggles the loss function such that the weights are no longer at the local maximum of Figure 1. A gradient descent step is taken to further take the weights towards the local minimum. Stochasticity helps the network to generalize better. \u2022 When the learning rate is too small to move away from A in Figure 1. PReLU\u2019s (He et al., 2015b) could move the weight away from A through the training of the non-linearity. This corresponds to breaking the symmetry explicitly in Theorem 1. \u2022 Results from Shwartz-Ziv & Tishby (2017) are due to spontaneous symmetry breaking, see Section 4. \u2022 Deep neural networks can train on random labels with low training loss as feature maps are highly correlated with their respective desired output. Zhang et al. (2017) observed that a deep neural network can achieve zero training error on random labels. This shows that small Hessian eigenvalues is not the only condition that determines robustness. \u2022 Identity mapping outperforms other skip connections (He et al., 2016) is a result of the residual unit\u2019s output being small. Then the residual units can be decoupled leading to a small \u03bb and so it is easier for spontaneous symmetry breaking to occur, from m(2) = \u2212\u03bc(2) + 14\u03bb\u03b7 (2). \u2022 Skip connection across residual units breaks additional symmetry. Suppose now an identity skip connection connects x1 and the output of F2. Now perform a symmetry transformation on x1 and x2, Q1 and Q2 \u2208 G , respectively. Then the output after two residual untis is Qx3 = Q1x1 + Q2x2 + Q2F2. Neither Q = Q1 nor Q = Q2 can satisfy the covariance under G. This is observed by Orhan & Pitkow (2017). \u2022 The shattered gradient problem (Balduzzi et al.", 
        "endOffset": 2124
      }, 
      {
        "referenceID": 15, 
        "startOffset": 63, 
        "context": "Quantum mechanics does not admit spontaneous symmetry breaking (Zee, 2010).", 
        "endOffset": 74
      }
    ], 
    "source": "CRF", 
    "creator": "LaTeX with hyperref package", 
    "references": [
      {
        "shortCiteRegEx": "Balduzzi", 
        "author": [
          "D. Balduzzi"
        ], 
        "citeRegEx": "Balduzzi,? \\Q2017\\E", 
        "venue": null, 
        "year": 2017, 
        "title": "The shattered gradients problem: If resnets are the answer, then what is the question? 2017"
      }, 
      {
        "shortCiteRegEx": "Goodfellow", 
        "author": [
          "I.J. Goodfellow"
        ], 
        "citeRegEx": "Goodfellow,? \\Q2014\\E", 
        "venue": null, 
        "year": 2014, 
        "title": "Qualitatively characterizing neural network optimization problems"
      }, 
      {
        "shortCiteRegEx": "He et al\\.", 
        "author": [
          "K. He", 
          "X. Zhang", 
          "S. Ren", 
          "J. Sun"
        ], 
        "citeRegEx": "He et al\\.,? \\Q2015\\E", 
        "venue": "CoRR, 2015a. https://arxiv.org/abs/1512.03385", 
        "year": 2015, 
        "title": "Deep residual learning for image recognition"
      }, 
      {
        "shortCiteRegEx": "He", 
        "author": [
          "K. He"
        ], 
        "citeRegEx": "He,? \\Q2015\\E", 
        "venue": "2015b. https://arxiv.org/abs/1502.01852", 
        "year": 2015, 
        "title": "Delving deep into rectifiers: Surpassing human-level performance on imagenet classification"
      }, 
      {
        "shortCiteRegEx": "He", 
        "author": [
          "K. He"
        ], 
        "citeRegEx": "He,? \\Q2016\\E", 
        "venue": "European Conference on Computer Vision. Springer International Publishing,", 
        "year": 2016, 
        "title": "Identity mappings in deep residual networks"
      }, 
      {
        "shortCiteRegEx": "inference.", 
        "author": [
          "S. Jastrzebski et al. Residual connections encourage iterative inference."
        ], 
        "citeRegEx": "inference.,? 2017", 
        "venue": "org/abs/1710.04773.", 
        "year": 2017, 
        "title": "https://arxiv"
      }, 
      {
        "shortCiteRegEx": "Kapusta and Gale.", 
        "author": [
          "J.I. Kapusta", 
          "C. Gale"
        ], 
        "citeRegEx": "Kapusta and Gale.,? \\Q2006\\E", 
        "venue": null, 
        "year": 2006, 
        "title": "Finite-temperature field theory: principles and applications"
      }, 
      {
        "shortCiteRegEx": "Krizhevsky et al\\.", 
        "author": [
          "A. Krizhevsky", 
          "I. Sutskever", 
          "G. Hinton"
        ], 
        "citeRegEx": "Krizhevsky et al\\.,? \\Q2012\\E", 
        "venue": null, 
        "year": 2012, 
        "title": "Imagenet classification with deep convolutional neural networks"
      }, 
      {
        "shortCiteRegEx": "Orhan and Pitkow.", 
        "author": [
          "E. Orhan", 
          "X. Pitkow"
        ], 
        "citeRegEx": "Orhan and Pitkow.,? \\Q2017\\E", 
        "venue": "Skip connections eliminate singularities", 
        "year": 2017, 
        "title": "https://arxiv.org/ abs/1701.09175"
      }, 
      {
        "shortCiteRegEx": "Peskin and Schroeder.", 
        "author": [
          "M Peskin", 
          "D.V. Schroeder"
        ], 
        "citeRegEx": "Peskin and Schroeder.,? \\Q1995\\E", 
        "venue": null, 
        "year": 1995, 
        "title": "Introduction to quantum field theory"
      }, 
      {
        "shortCiteRegEx": "Shwartz.Ziv and Tishby.", 
        "author": [
          "R. Shwartz-Ziv", 
          "N. Tishby"
        ], 
        "citeRegEx": "Shwartz.Ziv and Tishby.,? \\Q2017\\E", 
        "venue": null, 
        "year": 2017, 
        "title": "Opening the black box of deep neural networks via information"
      }, 
      {
        "shortCiteRegEx": "Simonyan and Zisserman.", 
        "author": [
          "K. Simonyan", 
          "A. Zisserman"
        ], 
        "citeRegEx": "Simonyan and Zisserman.,? \\Q2015\\E", 
        "venue": "ICLR,", 
        "year": 2015, 
        "title": "Very deep convolutional networks for large-scale image recognition"
      }, 
      {
        "shortCiteRegEx": "Smith and Topin.", 
        "author": [
          "L.N. Smith", 
          "N. Topin"
        ], 
        "citeRegEx": "Smith and Topin.,? \\Q2017\\E", 
        "venue": null, 
        "year": 2017, 
        "title": "Super-convergence: Very fast training of residual networks using large learning rates"
      }, 
      {
        "shortCiteRegEx": "Veit et al\\.", 
        "author": [
          "A. Veit", 
          "Wilber M", 
          "S. Belongie"
        ], 
        "citeRegEx": "Veit et al\\.,? \\Q2016\\E", 
        "venue": null, 
        "year": 2016, 
        "title": "Residual networks behave like ensembles of relatively shallow networks. 2016"
      }, 
      {
        "shortCiteRegEx": "Yuhuai", 
        "author": [
          "W. Yuhuai"
        ], 
        "citeRegEx": "Yuhuai,? \\Q2016\\E", 
        "venue": "https: //arxiv.org/abs/1703.00810", 
        "year": 2016, 
        "title": "On multiplicative integration with recurrent neural networks. NIPS, 2016"
      }, 
      {
        "shortCiteRegEx": "Zee.", 
        "author": [
          "A. Zee"
        ], 
        "citeRegEx": "Zee.,? \\Q2010\\E", 
        "venue": null, 
        "year": 2010, 
        "title": "Quantum field theory in a nutshell"
      }, 
      {
        "shortCiteRegEx": "Zhang", 
        "author": [
          "C. Zhang"
        ], 
        "citeRegEx": "Zhang,? \\Q2017\\E", 
        "venue": null, 
        "year": 2017, 
        "title": "Understanding deep learning requires rethinking generalization"
      }
    ], 
    "authors": [], 
    "abstractText": "We propose a framework to understand the unprecedented performance and robustness of deep neural networks using field theory. Correlations between the weights within the same layer can be described by symmetries in that layer, and networks generalize better if such symmetries are broken to reduce the redundancies of the weights. Using a two parameter field theory, we find that the network can break such symmetries itself towards the end of training in a process commonly known in physics as spontaneous symmetry breaking. This corresponds to a network generalizing itself without any user input layers to break the symmetry, but by communication with adjacent layers. In the layer decoupling limit applicable to residual networks (He et al., 2015a), we show that the remnant symmetries that survive the non-linear layers are spontaneously broken based on empirical results. The Lagrangian for the non-linear and weight layers together has striking similarities with the one in quantum field theory of a scalar. Using results from quantum field theory we show that our framework is able to explain many experimentally observed phenomena, such as training on random labels with zero error (Zhang et al., 2017), the information bottleneck and the phase transition out of it and the following increase in gradient variances (Shwartz-Ziv & Tishby, 2017), shattered gradients (Balduzzi et al., 2017), and many more.", 
    "sections": [
      {
        "text": "Deep neural networks have been used in image recognition tasks with great success. The first of its kind, AlexNet (Krizhevsky et al., 2012), led to many other neural architectures have been proposed to achieve start-of-the-art results in image processing at the time. Some of the notable architectures include, VGG (Simonyan & Zisserman, 2015), Inception (Szegedy et al., 2015) and Residual networks (ResNet)(He et al., 2015a).\nUnderstanding the inner workings of deep neural networks remains a difficult task. It has been discovered that the training process ceases when it goes through an information bottleneck (ShwartzZiv & Tishby, 2017) until learning rate is decreased to a suitable amount then the network under goes a phase transition. Deep networks appear to be able to regularize themselves and able to train on randomly labeled data Zhang et al. (2017) with zero training error. The gradients in deep neural networks behaves as white noise over the layers Balduzzi et al. (2017). And many other unexplained phenomena.\nA recent work (Anonymous, 2018) showed that the ensemble behavior and binomial path lengths (Veit et al., 2016) of ResNets can be explained by just a Taylor series expansion to first order in the decoupling limit. They found that the series approximation generates a symmetry breaking layer that reduces the redundancy of weights, leading to a better generalization. Because the ResNet does not contain such symmetry breaking layers in the architecture. They suggest that ResNets are able to break the symmetry by the communication between the layers. Another recent work also employed the Taylor expansion to investigate ResNets (Jastrzebski et al., 2017).\nIn statistical terms, a quantum theory describes errors from the mean of random variables. We wish to study how error propagate through each layer in the network, layer by layer. In the limit of a continuous sample space, the quantum theory becomes a quantum field theory. The effects of sampling error and labelling error can then be investigated. It is well known in physics that a scalar field can drive a phase transition. Using a scalar field theory we show that a phase transition must\nexist towards the end of training based on empirical results. It is also responsible for the remarkable performance of deep networks compared to other classical models. In Appendix D, We explain that quantum field theory is likely one of the simplest model that can describe a deep network layer by layer in the decoupling limit.\nMuch of the literature on neural network design focuses on different neural architecture that breaks symmetry explicitly, rather than spontaneously. For instance, non-linear layers explicitly breaks the symmetry of affine transformations. There is little discussion on spontaneous symmetry breaking. In neural networks, the Goldstone theorem in field theory states that for every continuous symmetry that is spontaneously broken, there exists a weight with zero Hessian eigenvalue at the loss minimum. No such weights would appear if the symmetries are explicitly broken. It turns out that many seemingly different experimental results can be explained by the presence of these zero eigenvalue weights. In this work, we exploit the layer decoupling limit applicable to ResNets to approximate the loss functions with a power series in symmetry invariant quantities and illustrate that spontaneous symmetry breaking of affine symmetries is the sufficient and necessary condition for a deep network to attain its unprecedented power.\nThe organization of this paper is as follows. The background on deep neural networks and field theory is given in Section 2. Section 3 shows that remnant symmetries can exist in a neural network and that the weights can be approximated by a scalar field. Experimental results that confirm our theory is given in Section 4. We summarize more evidence from other experiments in Appendix A. A review of field theory is given in Appendix B. An explicit example of spontaneous symmetry breaking is shown in Appendix C.", 
        "heading": "1 INTRODUCTION"
      }, 
      {
        "text": "In this section we introduce our frame work using a field theory based on Lagrangian mechanics.", 
        "heading": "2 BACKGROUND AND FRAMEWORK"
      }, 
      {
        "text": "A deep neural network consists of layers of neurons. Suppose that the first layer of neurons with weight matrix W\u20321 and bias b1 takes input x \u2032 1 and outputs y1\ny1 = W \u2032 1x \u2032 1 + b1 = W1x1,\nwhere x = (x\u2032, 1) and W1 = (W\u20321,b1), where W1 and b1 are real valued. Now suppose that R1 denotes a nonlinear operator corresponding to a sigmoid or ReLU layer located after the weight layer, so that\ny1 = R1W1x1.\nFor a neural network with T repeating units, the output for layer t is\nyt = RtWtyt\u22121\n= RtWtRt\u22121Wt\u22121 . . . R1W1x1\n= ( t\u22121\u220f n=0 Rt\u2212nWt\u2212n ) x1. (1)", 
        "heading": "2.1 DEEP NEURAL NETWORKS"
      }, 
      {
        "text": "We now show the necessary and sufficient conditions of preserving symmetry. We explicitly include symmetry transformations in Equation (1) and investigate the effects caused by a symmetry transformation of the input in subsequent layers. Suppose Qt \u2208 G is a transformation matrix in some Lie group G for all t. Note that the Qt are not parameters to be estimated. We write yt = yt(Qt), where the dependence on Qt is obtained from a transformation on the input, xt(Qt) = Qtxt, and the weights, Wt(Qt)\nyt(Qt) = RtWt(Qt)xt(Qt).\nIf G is a symmetry group, then yt is covariant with xt, such that yt(Qt) = Qtyt. This requires two conditions to be satisfied. First, Wt(Qt) = QtWtQ\u22121t , where Q \u22121 t Qt = I and the existence of the inverse is trivial becauseG is a group andQt \u2208 G. The second is the commutativity betweenRt and\nQt, such that RtQt = QtRt. For example, if gt \u2208 Aff(D), the group of affine transformations, Rt may not commute with gt. However, commutativity is satisfied when the transformation corresponds to the 2D rotation of feature maps.\nIncluding transformation matrices, the output at layer t is\nyt(Qt) = ( t\u22121\u220f n=0 Rt\u2212nQt\u2212nWt\u2212nQ \u22121 t\u2212n ) Q1x1.", 
        "heading": "2.2 SYMMETRIES IN NEURAL NETWORKS"
      }, 
      {
        "text": "Statistical learning requires the loss function to be minimized. It can be written in the form of a mutual information, training error, or the Kullback-Leibler divergence. In this section we approximate the loss function in the continuum limit of samples and layers. Then we define the loss functional to transition into Lagrangian mechanics and field theory. Let zi = (Xi,Yi) \u2208 X be the i-th input sample in data setX , (Xi,Yi) are the features and the desired outputs, respectively, and i \u2208 {1, . . . , N}. The loss function is\nL = 1\nN N\u2211 i=1 Li(Xi,Yi,W,Q),\nwhere W = (W1, . . . ,WT ), and Q = (Q1, . . . , QT ), Qt \u2208 G where G is a Lie group, and T is the depth of the network. Taking the continuum limit,\nL ' \u222b X p(X,Y)Lx(X,Y,W,Q)dXdY,\nwhere p(X,Y) is the joint distribution of X and Y. Using the first fundamental theorem of calculus and taking the continuous layers (t) limit, we write\nLx ' Lx(t = 0) + \u222b T 0 dLx(X,Y,W(t), Q(t)) dt dt,\nwhere Lx(t = 0) is the value of the loss before training. We let Lx,t = dLx/dt be the loss rate per layer. The loss rate Lx,t is bounded from below. Therefore\nmin W Lx(X,Y,W,Q) = Lx(t = 0) + \u222b T 0 min W Lx,t(X,Y,W(t), Q(t))dt.\nMinimizing the loss rate guarantees the minimization of the total loss. We requireLx,t to be invariant under symmetry transformations. That is, if Q1(t), Q2(t) \u2208 G. Then\nLx,t(X,Y,W(t), Q1(t)) = Lx,t(X,Y,W(t), Q2(t)).\nHowever if Q1(t) and Q2(t) do not belong in the same symmetry group, the above equality does not necessarily hold. Now we define the loss functional for a deep neural network\nP[W, Q] = \u222b X\u00d7{0,T} p(X,Y)Lx,t(X,Y,W(t), Q(t))dXdYdt.", 
        "heading": "2.3 THE LOSS FUNCTIONAL"
      }, 
      {
        "text": "Having defined the loss functional, we can transition into Lagrangian dynamics to give a description of the feature map flow at each layer. Let the minimizer of the loss rate be\nW\u2217(X,Y, Q(t), t) = arg min W p(X,Y)Lx,t(X,Y,W(t), Q(t)).\nFrom now on, we combine z = (X,Y) as Y only appears in W\u2217 in this formalism, each Y determines a trajactory for the representation flow determined by Lagrangian mechanics. Now we define, for each i-th element of W(t), and a non-linear operator R(t) acting on W(t) such that the loss minimum is centered at the origin,\nwi(z, Q(t), t) = R(t)W i(z, Q(t), t)\u2212R(t)W \u2217i(z, Q(t), t). (2)\nWe now define the Lagrangian density,\nL = L(z,w, \u2202tw, \u2202zw, Q(t))\nand L = T \u2212V , where T is the kinetic energy and V is the potential energy. We define the potential energy to be V = p(z)Lx,t(z,W(t), Q(t)), The probability density p(z) and the loss rate Lx,t are invariant under symmetry transformations. Therefore V is an invariant as well.\nDefinition: Orthogonal Group The orthogonal group O(D) is the group of all D \u00d7 D matrices such that OTO = I .\nWe now set up the conditions to obtain a series expansion of V around the minimum wi(Qt) = 0. First, since V is an invariant. Each term in the series expansion must be an invariant such that f(wi(Qt), w i(Qt)) = f(wi, w i) for all Qt \u2208 G. Suppose G = O(D), the orthogonal group and that wT (Qt) = wTQT and w(Qt) = Qtw. So wiwi is an invariant. Then f = wiwi is invariant for all Qt where the Einstein summation convention was used\nwiw i = D\u2211 i=1 wiw i = wTw,\nNow we perform a Taylor series expansion about the minimum wi = 0 of the potential,\nV = C + wiHijwj + wiwj\u039bijmnwmwn +O((wiwi)6),\nwhere Hij = \u2202wi\u2202wjV is the Hessian matrix, and similarly for \u039bijmn. The overall constant C can be ignored without loss of generality. Because V is an even function in wi around the minimum, we must have\nwiH i jw j = D\u2211 i=1 wiH i iw i.\nThe O(D) symmetry enforces that all weight Hessian eigenvalues to be Hii = m 2/2 for some constant m2. This can be seen in the O(2) case, with constants a, b, a 6= b, Q \u2208 O(2) such that w1(Q) = w2 and w2(Q) = w1,\naw1(Q) 2 + bw2(Q) 2 = aw22 + bw 2 1,\nthis does not equal aw21 + bw 2 2 , so the O(2) symmetry implies a = b. This can be generalized to the O(D) case. For the quartic term, the requirement that V be even around the minimum gives\nwiwj\u039b ij mnw mwn = D\u2211 i,j=1 \u039bijijwjw jwiw i.\nSimilarly the O(D) symmetry implies \u039biiii = \u03bb/4 for some constant \u03bb and zero for any other elements, the potential is\nV = m 2\n2 wiw\ni + \u03bb\n4 (wiw\ni)2,\nwhere the numerical factors were added for convention. The power series is a good approximation in the decoupling limit which may be applicable for Residual Networks.1 For the kinetic term T , we expand in power series of the derivatives,\nT = 1 2 \u2202wi \u2202t\n\u2202wi\n\u2202t \u2212 c\n2\n2 \u2202wi \u2202z\n\u2202wi\n\u2202z +O((\u2202tw)\n4, (\u2202zw) 4),\n1The output of a residual unit is yt = xt + Ft(xt,W1t,W2t), with Ft xt and Ft(xt,W1t,W2t) = Rt2Wt2Rt1Wt1xt. After centering the loss minimum at the origin with Equation 2 and suitably normalizing, we can rewrite this as Ft = awTw, with a 1 in the decoupling limit. See Peskin & Schroeder (1995) for the normalization of a scalar field.\nwhere the coefficient for (\u2202tw)2 is fixed by the Hamiltonian kinetic energy 12 (\u2202tw) 2. Higher order terms in (\u2202tw)2 are negligible in the decoupling limit. If the model is robust, then higher order terms in (\u2202zw)2 can be neglected as well. 2 The Lagrangian density is 3\nL = 1 2 (\u2202tw) 2 \u2212 1 2 (\u2202zw) 2 \u2212 m 2 2 w2 \u2212 \u03bb 4 (w2)2,\nwhere we have set w2 = wiwi and absorbed c into z without loss of generality. This is precisely the Lagrangian for a scalar field in field theory. Standard results for a scalar field theory can be found in Appendix B. To account for the effect of the learning rate, we employ results from thermal field theory (Kapusta & Gale, 2006) and we identify the temperature with the learning rate \u03b7. So that now m2 = \u2212\u00b52 + 14\u03bb\u03b7 2, with \u00b52 > 0.", 
        "heading": "2.4 LAGRANGIAN MECHANICS AND FIELD THEORY"
      }, 
      {
        "text": "Spontaneous symmetry breaking describes a phase transition of a deep neural network. Consider the following scalar field potential invariant under O(D\u2032) transformations,\nV(wi, \u03b7) = m 2(\u03b7)\n2 wiw\ni + \u03bb\n4 (wiw\ni)2,\nwhere m2(\u03b7) = \u2212\u00b52 + 14\u03bb\u03b7 2, \u00b52 > 0 and learning rate \u03b7. There exists a value of \u03b7 = \u03b7c such that m2 = 0. In the first phase, \u03b7 > \u03b7c, the loss minimum is at w\u22170i = 0, where\nw\u22170i(\u03b7) = arg min wi V(wi, \u03b7).\nWhen the learning rate \u03b7 drops sufficiently low, the symmetry is spontaneously broken and the phase transition begins. The loss minimum bifurcates at \u03b7 = \u03b7c into\nw\u2217i (\u03b7 < \u03b7c) = \u00b1 \u221a \u2212m2(\u03b7)\n\u03bb .\nThis occurs when the Hessian eigenvalue becomes negative, m2(\u03b7) < 0, when \u03b7 < \u03b7c.\nThis phenomenon has profound implications. It is responsible for phase transition in neural networks and generates long range correlation between representations and the desired output. Details from field theory can be found in Appendix C. Figure 1 depicts the shape of the loss rate during spontaneous symmetry breaking with a single weight w, and the orthogonal group O(D\u2032) is reduced to a reflection symmetry O(1) = {1,\u22121} such that w(Q) = \u00b1w. At \u03b7 > \u03b7c, the loss rate has a loss minima at point A. When the learning rate decreases, such that \u03b7 < \u03b7c, the critical point at A becomes unstable and new minima with equal loss rate are generated. The weight must go through B to get to the new minimum C. If the learning rate is too small, the weight will be stuck near A. This explains why a cyclical learning rate can outperform a monotonic decreasing learning rate (Smith & Topin, 2017).\nBecause the loss rate is invariant still to the sponteneously broken symmetry, any new minima generated from spontaneous symmetry breaking must have the same loss rate. If there is a unbroken continuous symmetry remaining, there would be a connected loss rate surface corresponding to the new minima generated by the unbroken symmetry. Spontaneous symmetry breaking splits the weights into two sets, w \u2192 (\u03c0, \u03c3). The direction along this degenerate minima in weight space corresponds to \u03c0. And the direction in weight space orthogonal to \u03c0 is \u03c3. This has been shown experimentally by Goodfellow et al. (2014) in Figure 19. We show the case for the breaking of O(3) to O(2) in Figure 2.\n2The kinetic term T is not invariant under transformation Q(t). To obtain invariance \u2202twi is to be replaced by the covariant derivative Dtwi so that (Dtwi)2 is invariant under Q(t)(Peskin & Schroeder, 1995). The covariant derivative is Dtwi(z, t, Q(t)) = \u2202twi(z, t, Q(t)) + \u03b1B(z, t, Q(t))ijw\nj(z, t, Q(t)), with B(z, t, Qt) = Q(t)B(z, t)Q(t)\u22121. The new fields B introduced for invariance is not responsible for spontaneous symmetry breaking, the focus of this paper. So we will not consider them further.\n3Formally, the \u2202zw term should be part of the potential V , as T contains only \u2202tw terms. However we adhere to the field theory literature and put the \u2202zw term in T with a minus sign.", 
        "heading": "2.5 SPONTANEOUS SYMMETRY BREAKING"
      }, 
      {
        "text": "In this section we show that spontaneous symmetry breaking occurs in neural networks. First, we show that learning by deep neural networks can be considered solely as breaking the symmetries in the weights. Then we show that some non-linear layers can preserve symmetries across the nonlinear layers. Then we show that weight pairs in adjacent layers, but not within the same layer, is approximately an invariant under the remnant symmetry leftover by the non-linearities. We assume that the weights are scalar fields invariant under the affine Aff(D\u2032) group for some D\u2032 and find that experimental results show that deep neural networks undergo spontaneous symmetry breaking.\nTheorem 1: Deep feedforward networks learn by breaking symmetries Proof: Let Ai be an operator representing any sequence of layers, and let a network formed by applying Ai repeatedly such that xout = ( \u220fM i=1Ai)xin. Suppose that Ai \u2208 Aff(D), the symmetry group of all affine\ntransformations. We have L = \u220fD i=1Ai, where L \u2208 Aff(D). Then xout = Lxin for some L \u2208 Aff(D) and xout can be computed by a single affine transformation L. When Ai contains a nonlinearity for some i, this symmetry is explicitly broken by the nonlinearity and the layers learn a more generalized representation of the input.\nNow we show that ReLU preserves some continuous symmetries.\nTheorem 2: ReLU reduces the symmetry of an Aff(D) invariant to some subgroup Aff(D\u2032), where D\u2032 < D. Proof: Suppose R denotes the ReLU operator with output yt and Qt \u2208 Aff(D) acts on the input xt, where R(x) = max(0,x). Let xTx be an invariant under Aff(D) and let xT = (\u03b3, \u03bd), \u03bd < 0 and \u03b3 > 0. Let a = Rx = (\u03b3, 0). Then aTa = xTRRx = \u03b3T \u03b3. Then aTa is an invariant under Aff(D\u2032) where D\u2032 = dim \u03b3. Note that \u03b3i can be transformed into a negative value as it has passed the ReLU already.\nCorollary If there exists a group G that commutes with a nonlinear operator R, such that QR = RQ, for all Q \u2208 G, then R preserves the symmetry G.\nDefinition: Remnant Symmetry If Qt \u2208 G commutes with a non-linear operator Rt for all Qt, then G is a remnant symmetry at layer t.\nFor the loss function Li(Xi,Yi,W,Q) to be invariant, we need the predicted output yT to be covariant with xi. Similarly for an invariant loss rate Lx,t we require yt to be covariant with xt. The following theorem shows that a pair of weights in adjacent layers can be considered an invariant for power series expansion.\nTheorem 3: Neural network weights in adjacent layers form an approximate invariant Suppose a neural network consists of affine layers followed by a continuous non-linearity, Rt, and that the weights at layer t, Wt(Qt) = QtWtQ\u22121t , and that Qt \u2208 H is a remnant symmetry such that QtRt = RtQt. Then wtwt\u22121 can be considered as an invariant for the loss rate.\nProof: Consider x(Qt) = Qtxt, then\nyt(Qt) = RtWt(Qt)xt(Qt)\n= RtQtWtQ \u22121 t Qtxt\n= RtQtWtxt\n= QtRtWtxt,\nwhere in the last line QtRt = RtQt was used, so yt(Qt) = Qtyt is covariant with xt. Now, xt = Rt\u22121Wt\u22121xt\u22121, so that\nyt(Qt) = QtRtWtRt\u22121Wt\u22121xt\u22121.\nThe pair (RtWt)(Rt\u22121Wt\u22121) can be considered an invariant under the ramnant symmetry at layer t. Let wt = RtWt \u2212RtW\u2217t . Therefore wtwt\u22121 is an invariant. In the continuous layer limit, wtwt\u22121 tends to w(t)Tw(t) such that w(t) is the first layer and w(t)T corresponds to the one after. Therefore w(t) can be considered as D\u2032 scalar fields under the remnant symmetry. The remnant symmetry is not exact in general. For sigmoid functions it is only an approximation. The crucial feature for the remnant symmetry is that it is continuous so that strong correlation between inputs and outputs can be generated from spontaneous symmetry breaking. In the following we will only consider exact remnant symmetries. We will state the Goldstone Theorem from field theory without proof.\nTheorem (Goldstone) For every spontaneously broken continuous symmetry, there exist a weight \u03c0 with zero eigenvalue in the Hessian m2\u03c0 = 0.\nIn any case, we will adhere to the case where the remnant symmetry is an orthogonal group O(D\u2032). Note that W is a D \u00d7D matrix and D\u2032 < D. We choose a subset \u0393 \u2208 RD\u2032 of W such that \u0393T\u0393 is invariant under Aff(D\u2032). Now that we have an invariant, we can write down the Lagrangian for a deep feedforward network for the weights responsible for spontaneous symmetry breaking.\nThe Lagrangian for deep feedforward networks in the decoupling limit Let \u03b3i = R(\u0393i) \u2212 R(\u0393\u2217i),\nL = 1 2 (\u2202t\u03b3 i)2 \u2212 1 2 (\u2202z\u03b3 i)2 \u2212 m 2(\u03b7) 2 \u03b3i\u03b3i \u2212 \u03bb 4 (\u03b3i\u03b3i) 2. (3)\nNow we can use standard field theory results and apply it to deep neural networks. A review for field theory is given in Appendix B. The formalism for spontaneous symmetry breaking is given in Appendix C.", 
        "heading": "3 SYMMETRIES IN NEURAL NETWORKS"
      }, 
      {
        "text": "In this section we assume that the non-linear operator is a piecewise linear function such as ReLU and set R = I to be the identity and restrict our attention to the symmetry preserving part of R (see theorem 2). Our discussion also applies to other piecewise-linear activation functions. According to the Goldstone theorem, spontaneous symmetry breaking splits the set of weight deviations \u03b3 into two sets (\u03c3, \u03c0) with different behaviors. Weights \u03c0 with zero eigenvalues and a spectrum dominated\nby small frequencies k in its correlation function.4 The other weights \u03c3, have Hessian eigenvalues \u00b52 as the weights before the symmetry is broken. In Appendix C, a standard calculation in field theory shows that the correlation functions of the weights have the form\nP\u03c3,\u03c0(t,k) = i\n2\u03c90 exp\n( \u2212 i\u03c90t ) , (4)\nwhere \u03c90 = \u221a |k|2 +m2\u03c3,\u03c0 , m2\u03c3 = \u2212\u00b52\u03c3 + 14\u03bb\u03b7 2 and m2\u03c0 = 1 4\u03bb\u03b7\n2. The correlation function of \u03c0 approaches infinity as k \u2192 0, as m2\u03c0 \u2192 0. As the loss is minimized, this corresponds to large correlation between representations and the desired output over all sample space and layers t.\nSpontaneous symmetry breaking and the information bottleneck The neural network undergoes a phase transition out of the information bottleneck via spontaneous symmetry breaking described in Section 2.5. Before the phase transition, the weights \u03b3 have positive Hessian eigenvalues m2. After the phase transition, weights \u03c0 with zero Hessian eigenvalues are generated by spontaneous symmetry breaking. The correlation function for the \u03c0 weights is concentrated around small values of |k|, see Equation (4), with \u03c90 = |k| for any t. This corresponds to a highly correlated representations across the sample (input) space and layers. Because the loss is minimized, the feature maps across the network is highly correlated with the desired output. And a large correlation across the sample space means that the representations are independent of the input. This is shown in Figure 2 of Shwartz-Ziv & Tishby (2017). After phase transition, I(Y ;T ) ' 1 bit for all layers T , and I(X;T ) is small even for representations in early layers.\nGradient variance explosion It has been shown that the variance in weight gradients in the same layer grow by an order of magnitude during the end of training (Shwartz-Ziv & Tishby, 2017). We also connect this to spontaneous symmetry breaking. As two sets of weights, (\u03c3, \u03c0) are generated with different distributions. Considering them as the same object would result in a larger variance.\nRobustness of deep neural networks We find that neural networks are resilient to overfitting. Recall that the fluctuation in the weights can arise from sampling noise. Then (\u2202zwi)2 can be a measure of model robustness. A small value denotes the weights\u2019 resistance to sampling noise. If the network were to overfit, the weights would be very sensitive to sampling error. After spontaneous symmetry breaking, weights at the loss minimum with zero eigenvalues obey the Klein-Gordon equation with m2\u03c0 = 0,\n(\u2202z\u03c0) 2 = (\u2202z\u03c0 \u2217)(\u2202z\u03c0) = |k|2, \u03c0 = exp(i\u03c9t\u2212 ik \u00b7 z). The singularity in the correlation function suggests |k|2 ' 0. The zero eigenvalue weights provide robustness to the model. Zhang et al. (2017) referred to this phenomenon as implicit regularization.", 
        "heading": "4 MAIN RESULTS"
      }, 
      {
        "text": "In this work we solved one of the most puzzling mysteries of deep learning by showing that deep neural networks undergo spontaneous symmetry breaking. This is a first attempt to describe a neural network with a scalar quantum field theory. We have shed light on many unexplained phenomenon observed in experiments, summarized in Appendix A.\nOne may wonder why our theoretical model works so well explaining the experimental results with just two parameters. It is due to the decoupling limit such that a power series in the loss function is a good approximation to the network. In our case, the two expansion coefficients are the lowest number of possible parameters that is able to describe the phase transition observed near the end of training, where the performance of the deep network improves drastically. It is no coincidence that our model can explain the empirical observations after the phase transition. In fact, our model can describe, at least qualitatively, the behaviors of phase transition in networks that the decoupling limit may not apply to. This suggests that the interactions with nearby layers are responsible for the phase transition.\n4The correlation functions \u3008\u03c0i(z, t)\u03c0i(z\u2032, t\u2032)\u3009 for i \u2208 {1, . . . , D\u2032}, is a measure of similarity of the weight across at z and z\u2032. A singularity in frequency domain at |k| = 0 corresponds to a high correlation between the weights across all sample space z = (X,Y) and layers t. This can be interpreted as the correlation length.\nA VALIDATION OF PROPOSED FRAMEWORK FOR NEURAL NETWORKS IN THE LITERATURE\nIn this section we summarize other experimental findings that can be explained by the proposed field theory and the perspective of symmetry breaking. Here Q \u2208 G acts on the the input and hidden variables x,h, as Qx, Qh.\n\u2022 The shape of the loss function after spontaneous symmetry breaking has the same shape observed by Goodfellow et al. (2014) towards the end of training, see Figure 1.\n\u2022 The training error typically drops drastically when learning rate is decreased. This occurs when the learning rate drops below \u03b7c, forcing a phase transition so that new minima develop. See Figure 1.\n\u2022 A cyclical learning rate (Smith & Topin, 2017) helps to get to the new minimum faster, see Section 2.5.\n\u2022 Stochasticity in gradient descent juggles the loss function such that the weights are no longer at the local maximum of Figure 1. A gradient descent step is taken to further take the weights towards the local minimum. Stochasticity helps the network to generalize better.\n\u2022 When the learning rate is too small to move away from A in Figure 1. PReLU\u2019s (He et al., 2015b) could move the weight away from A through the training of the non-linearity. This corresponds to breaking the symmetry explicitly in Theorem 1.\n\u2022 Results from Shwartz-Ziv & Tishby (2017) are due to spontaneous symmetry breaking, see Section 4.\n\u2022 Deep neural networks can train on random labels with low training loss as feature maps are highly correlated with their respective desired output. Zhang et al. (2017) observed that a deep neural network can achieve zero training error on random labels. This shows that small Hessian eigenvalues is not the only condition that determines robustness.\n\u2022 Identity mapping outperforms other skip connections (He et al., 2016) is a result of the residual unit\u2019s output being small. Then the residual units can be decoupled leading to a small \u03bb and so it is easier for spontaneous symmetry breaking to occur, from m2 = \u2212\u00b52 + 14\u03bb\u03b7\n2. \u2022 Skip connection across residual units breaks additional symmetry. Suppose now an identity\nskip connection connects x1 and the output of F2. Now perform a symmetry transformation on x1 and x2, Q1 and Q2 \u2208 G , respectively. Then the output after two residual untis is Qx3 = Q1x1 + Q2x2 + Q2F2. Neither Q = Q1 nor Q = Q2 can satisfy the covariance under G. This is observed by Orhan & Pitkow (2017). \u2022 The shattered gradient problem (Balduzzi et al., 2017). It is observed that the gradient in\ndeep (non-residual) networks is very close to white noise. This is reflected in the exponential in Equation (7). This effect on ResNet is reduced because of the decoupling limit \u03bb \u2192 0. This leads to the weight eigenvalues m2 being larger in non-residual networks owing to m2 = \u2212\u00b52 + 14\u03bb\u03b7\n2. And so a higher oscillation frequency in the correlation function. \u2022 In recurrent neural networks, multiplicative gating (Yuhuai et al., 2016) combines the input\nx and the hidden state h by an element-wise product. Their method outperforms the method with an addition x+h because the multiplication gating breaks the covariance of the output. A transformation Qx \u2217Qh 6= Q(x \u2217 h), whereas for addition the output remains covariant Qx +Qh = Q(x + h).", 
        "heading": "5 CONCLUDING REMARKS"
      }, 
      {
        "text": "In this section we state the relevant results in field theory without proof. We use Lagrangian mechanics for fields w(x, t). Equations of motion for fields are the solution to the Euler-Lagrange equation, which is a result from the principle of least action. The action, S, is\nS[w] = \u222b L(t, w, \u2202tw)dt,\nwhere L is the Lagrangian. Define the Lagrangian density\nL(t) = \u222b L(z, t, w, \u2202z,tw)dz.\nThe action in term of the Lagrangian density is\nS[w] = \u222b L(z, t, w, \u2202z,tw)dzdt.\nThe Lagrangian can be written as a kinetic term T , and a potential term V (loss function), L = T \u2212 V\nFor a real scalar field w(x, t),\nT = 1 2\n( \u2202w\n\u2202t\n)2 \u2212 1\n2\n( \u2202w\n\u2202z\n)2 = 1\n2 (\u2202tw) 2 \u2212 1 2 (\u2202zw) 2\nwhere we have set the constant c2 = 1 without loss of generality. The potential for a scalar field that allows spontaneous symmetry breaking has the form\nV = m 2\n2 w2 +\n\u03bb 4 w4.\nIn the decoupling limit, \u03bb\u2192 0, the equation of motion for w is the Klein-Gordon Equation [(\u2202t) 2 \u2212 (\u2202z)2 \u2212m2]w = 0.\nIn the limit of m2 \u2192 0, the Klein-Gordon Equation reduces to the wave equation with solution\nw(z, t) = ei(\u03c9t\u2212k\u00b7z),\nwhere i = \u221a \u22121.\nOne can treatw as a random variable such that the probability distribution (a functional) of the scalar field w(z, t) is p[w] = exp(\u2212S[w])/Z , where Z is some normalizing factor. The distribution peaks at the solution of the Klein-Gordon equation since it minimizes the action S. Now we can define the correlation function between w(z1, t1) and w(z2, t2),\n\u3008w(z1, t1)w(z2, t2)\u3009 = 1\nZ\n\u222b w(z1, t1)w(z2, t2)e \u2212S[w]Dw,\nwhere \u222b Dw denotes the integral over all paths from (z1, t1) to (z2, t2). In the decoupling limit \u03bb\u2192 0, it can be shown that\nexp(\u2212S[w]) = exp ( \u2212 \u222b w(\u22022t \u2212 \u22022z +m2)w dzdt ) ,\nwhere Stokes theorem was used and the term on the boundary of (sample) space is set to zero. The above integral in the exponent is quadratic in w and the integral over Dw can be done in a similar manner to Gaussian integrals. The correlation function of the fields across two points in space and time is \u3008w(z1, t1)w(z2, t2)\u3009 = G(z1, t1, z2, t2), where G(z1, t1, z2, t2) is the Green\u2019s function to the Klein-Gordon equation, satisfying\n(\u22022t \u2212 \u22022z +m2)G(z1, t1, z2, t2) = \u03b4(z1 \u2212 z2)\u03b4(t1 \u2212 t2). The Fourier transformation of the correlation function is\nG(\u03c9,k) = 1\n\u03c92 \u2212 |k|2 \u2212m2 , m2 > 0.\nAn inverse transform over \u03c9 gives\nG(t,k) = i\n2\u03c90 e\u2212i\u03c90t,\nwith \u03c920 = |k|2 +m2.", 
        "heading": "B REVIEW OF FIELD THEORY"
      }, 
      {
        "text": "O(D\u2032)\nIn this section we show that weights \u03c0 with small, near zero, eigenvalues m2\u03c0 = 1 4\u03bb\u03b7 2 are generated by spontaneous symmetry breaking. Note that we can write the Lagrangian in Equation (3) as L = T \u2212 V . Consider weights \u03b3 that transforms under O(D\u2032), from Equation (3)\nT = 1 2 (\u2202t\u03b3 i)2 \u2212 1 2 (\u2202z\u03b3 i)2, V = m 2\n2 \u03b3i\u03b3i +\n\u03bb 4 (\u03b3i\u03b3i) 2. (5)\nWhen m2 = \u2212\u00b52 + 14\u03bb\u03b7 2 < 0, it can be shown that in this case the loss minimum is no longer at \u03b3i = 0, but it has a degenerate minima on the surface such that \u2211 i(\u03b3i) 2 = v, where v = \u221a \u2212m2/\u03bb. Now we pick a point on this loss minima and expand around it. Write \u03b3i = (\u03c0k, v + \u03c3), where k \u2208 {1, . . . , D\u2032 \u2212 1}. Intuitively, the \u03c0k fields are in the subspace of degenerate minima and \u03c3 is the field orthogonal to \u03c0. Then it can be shown that the Lagrangian can be written as\nL = T\u03c0 + T\u03c3 \u2212 V\u03c0 \u2212 V\u03c3 \u2212 V\u03c0\u03c3,\nwhere, in the weak coupling limit \u03bb\u2192 0,\nT\u03c0 = 1\n2 (\u2202t\u03c0 k)2 \u2212 1 2 (\u2202z\u03c0 k)2,\nT\u03c3 = 1\n2 (\u2202t\u03c3) 2 \u2212 1 2 (\u2202z\u03c3) 2,\nV\u03c0 = O(\u03bb),\nV\u03c3 = \u2212 1\n2 m2\u03c32,\nV\u03c0\u03c3 = O(\u03bb), (6)\nthe fields \u03c0 and \u03c3 decouple from each other and can be treated separately. The \u03c3 fields satisfy the Klein-Gordon Equation ( \u2212 m2)\u03c3 = 0, with = \u22022t \u2212 \u22022z . The \u03c0 fields satisfy the waveequation, \u03c0 = 0. The correlation functions of the weights across sample space and layers, P\u03c3 = \u3008\u03c3(z\u2032, t\u2032)\u03c3(z, t)\u3009 and P\u03c0 = \u3008\u03c0(z\u2032, t\u2032)\u03c0(z, t)\u3009 are the Green\u2019s functions of the respective equations of motion. Fourier transforming the correlation functions give\nP\u03c3,\u03c0(t,k) = i\n2\u03c90 exp\n( \u2212 i\u03c90t ) , (7)\nwhere \u03c90 = \u221a |k|2 + |m2\u03c3,\u03c0|, and m2\u03c0 = 14\u03bb\u03b7\n2 ' 0. The correlation function P\u03c0 is dominated by values of |k| ' 0. Therefore \u3008\u03c0\u03c0\u3009 \u2192 \u221e as \u03bb\u03b72 \u2192 0. On the other hand, it can be shown that \u3008\u03c3\u03c3\u3009 is damped by the weight eigenvalues |m2|. The singularity in the correlation function means that the value of the weights at the start of the layer is highly correlated with the ones in later layers.\nIn the language of group theory. The O(D) symmetry is broken down to O(D\u22121). Elements of O(D) are theD\u00d7D orthogonal matrices, which haveD(D\u22121)/2 independent continous symmetries (e.g. the Euler angles in D = 3). The number of continuous broken from O(D) to O(D \u2212 1) is D \u2212 1. In the above example we showed that this corresponds to the D \u2212 1 \u03c0k fields. Each of which have zero Hessian eigenvalue.\nEven though we formulated our field theory based on the decoupling limit of ResNets, the result of infinite correlation is very general and can be applied even if the decoupling limit is not valid. It is a direct result of spontaneous symmetry breaking. We state the Goldstone Theorem without proof.\nTheorem (Goldstone): For every continuous symmetry that is spontaneously broken, a weight \u03c0 with zero Hessian eigenvalue is generated at zero temperature (learning rate \u03b7).", 
        "heading": "C SPONTANEOUS SYMMETRY BREAKING IN THE ORTHOGONAL GROUP"
      }, 
      {
        "text": "In brief, the formalism for spontaneous symmetry breaking is mostly done in quantum field theory. In terms of statistics, quantum mechanics is the study of errors. We also believe that it is a good approximation to deep neural networks in the presence of the non-linear operators. The non-linear operators quantizes the input. Let R denotes the opertor corresponding to a sigmoid, say, then the output is R(W) ' {0,+1} for the most part. And the negative end of ReLU is zero. Let us take a step back and go through the logical steps to understand that a scalar quantum field theory is perhaps one of the simplest model one can consider to describe a neural network layer by layer, in the decoupling limit. We wish to formulate a dynamical model to describe the weights layer by layer,\n1. We know that the outputs of non-linearities are quantized. And they need to be quantized to break the affine symmetry (see Theorem 1). This leads to quantum mechanics.\n2. Quantum mechanics does not admit spontaneous symmetry breaking (Zee, 2010). 3. The decoupling limit allows spontaneous symmetry breaking in quantum mechanics. 4. The decoupling limit and non-linearity together is quantum field theory.\nTherefore, if one wishes to model the outputs of non-linearities in the decoupling limit. There is no choice but to employ quantum field theory.", 
        "heading": "D WHY QUANTUM FIELD THEORY?"
      }
    ], 
    "emails": []
  }
}