{
  "reviews": [
    {
      "recommendation": 9,
      "comments": "This paper extends the previous work on CycleGAN by coupling it with adversarial adaptation approaches. The extension includes a new feature and semantic loss in the overall objective of the CycleGAN. While this extension is straightforward, it is novel. The experimental validation is extensive and clearly shows the benefits of the proposed extension. \nThis paper proposes  a natural extension of the CycleGAN approach. This is achieved by leveraging the feature and semantic losses to achieve a more realistic image reconstruction. The experiments show that including these additional losses is critical for improving the models performance.  The paper is very well written and technical details are well described and motivated. It would be good to identify the cases where the model fails and comment on those. For instance, what if the source data cannot be well reconstructed from adapted target data? What are the bounds of the domain discrepancy in this case? ",
      "title": "R1"
    },
    {
      "recommendation": 5,
      "comments": "Novelty incremental, results encouraging, writing could be improved\nThis paper proposed a domain adaptation approach by extending the CycleGAN with 1) task specific loss functions and 2) loss imposed over both pixels and features. Experiments on digit recognition and semantic segmentation verify the effectiveness of the proposed method.\n\nStrengths:\n+ It is a natural and intuitive application of CycleGAN to domain adaptation. \n+ Some of the implementation techniques may be useful for the future use of CycleGAN or GAN in other applications, e.g., the regularization over both pixels and features, etc.\n+ The experimental results are superior over the past.\n+ The translated images in Figure 6 are amazing. Could the authors show more examples and include some failure cases (if any)?\n\nWeaknesses:\n- The presentation of the paper could be improved. I do not think I can reproduce the experimental results after reading the paper more than twice. Many details are missing and some parts are confusing or even misleading.  As below, I highlight a few points and the authors are referred to the comments by Cedric Nugteren for more suggestions.\n\n-- Equation (4) is incorrect.\n-- In the introduction and approach sections, it reads like a big deal to adapt on both the pixel and feature levels. However, the experiments fail to show that these two levels of adaptation are complementary to each other. Either the introduction is a little misleading or the experiments are insufficient. \n-- What does the \u201cimage-space adaptation\u201d mean?\n-- There are three fairly sophisticated training stages in Section 4.2. However, the description of the three stages are extremely short and ambiguous. \n-- What are exactly the network architectures used in the experiments?\n\n- The technical contribution seems like only marginal innovative. \n- The experiments adapting from MNIST to SVHN would be really interesting, given that the MNIST source domain is not as visually rich as the SVHN target. Have the authors conducted the corresponding experiments? How are the results? \n\nSummary:\nThe proposed method is a natural application of CycleGAN to domain adaptation. The technical contribution is only marginal. The results on semantic segmentation are encouraging and may motivate more research along this direction. It is unfortunate that the paper writing leaves many parts of the paper unclear. \n\n=========================================\nPost rebuttal:\n\nThe rebuttal addresses my first set of questions. The revised paper describes more experiment details, corrects equation (4), and clarifies some points about the results. \n\nThis paper applies the cycle consistent GAN to domain adaptation. I still think the technical contribution is only marginally innovative. Nonetheless, I do not weigh this point too much given that the experiments are very extensive. \n\nThe rebuttal does not answer my last question. It would be interesting to see what happens to adapt from MNIST to SVHN, the latter of which contains more complicated background than the former. \n",
      "title": "R2"
    },
    {
      "recommendation": 5,
      "comments": "Great problem and idea, but without adequate experiments that show that cycle-consistency is the cause of the improvement\nThis paper essentially uses CycleGANs for Domain Adaptation. My biggest concern is that it doesn't adequately compare to similar papers that perform adaptation at the pixel level (eg. Shrivastava et al-'Learning from Simulated and Unsupervised Images through Adversarial Training' and Bousmalis et al - 'Unsupervised Pixel-level Domain Adaptation with GANs', two similar papers published in CVPR 2017 -the first one was even a best paper- and available on arXiv since December 2016-before CycleGANs). I believe the authors should have at least done an ablation study to see if the cycle-consistency loss truly makes a difference on top of these works-that would be the biggest selling point of this paper. The experimental section had many experiments, which is great. However I think for semantic segmentation it would be very interesting to see whether using the adapted synthetic GTA5 samples would improve the SOTA on Cityscapes. It wouldn't be unsupervised domain adaptation, but it would be very impactful. Finally I'm not sure the oracle (train on target) mIoU on Table 2 is SOTA, and I believe the proposed model's performance is really far from SOTA.\n\nPros:\n* CycleGANs for domain adaptation! Great idea!\n* I really like the work on semantic segmentation, I think this is a very important direction\n\nCons:\n* I don't think Domain separation networks is a pixel-level transformation-that's a feature-level transformation, you probably mean to use Bousmalis et al. 2017. Also Shrivastava et al is missing from the image-level papers.\n* the authors claim that Bousmalis et al, Liu & Tuzel and Shrivastava et al ahve only been shown to work for small image sizes. There's a recent work by Bousmalis et al. (Using Simulation and Domain Adaptation to Improve Efficiency of Deep Robotic Grasping) that shows these methods working well (w/o cycle-consistency) for settings similar to semantic segmentation at a relatively high resolution. Also it was mentioned that these methods do not necessarily preserve content, when pixel-da explicitly accounts for that with a task loss (identical to the semantic loss used in this submission)\n* The authors talk about the content similarity loss on the foreground in Bousmalis et al. 2017, but they could compare to this method w/o using the content similarity or using a different content similarity tailored to the semantic segmentation tasks, which would be trivial.\n* Math seems wrong in (4) and (6). (4) should be probably have a minus instead of a plus. (6) has an argmin of a min, not sure what is being optimized here. In fact, I'm not sure if eg you use the gradients of f_T for training the generators?\n* The authors mention that the pixel-da approach cross validates with some labeled data. Although I agree that is not an ideal validation, I'm not sure if it's equivalent or not the authors' validation setting, as they don't describe what that is.\n* The authors present the semantic loss as novel, however this is the task loss proposed by the pixel-da paper.\n* I didn't understand what pixel-only and feat-only meant in tables 2, 3, 4. I couldn't find an explanation in captions or in text\n\n\n=====\nPost rebuttal comments:\nThanks for adding content in response to my comments. The cycle ablation is still a sticky point for me, and I'm still left not sure if cycle-consistency really offers an improvement. Although I applaud your offering examples of failures for when there's no cycle-consistency, these are circumstantial and not quantitative.  The reader is still left wondering why and when is the cycle-consistency loss is appropriate. As this is the main novelty, I believe this should be in the forefront of the experimental evaluation. ",
      "title": "R3"
    },
    {
      "comments": "",
      "title": "R4"
    }
  ],
  "abstract": "Domain adaptation is critical for success in new, unseen environments. Adversarial adaptation models applied in feature spaces discover domain invariant representations, but are difficult to visualize and sometimes fail to capture pixel-level and low-level domain shifts. Recent work has shown that generative adversarial networks combined with cycle-consistency constraints are surprisingly effective at mapping images between domains, even without the use of aligned image pairs. We propose a novel discriminatively-trained Cycle-Consistent Adversarial Domain Adaptation model. CyCADA adapts representations at both the pixel-level and feature-level, enforces cycle-consistency while leveraging a task loss, and does not require aligned pairs. Our model can be applied in a variety of visual recognition and prediction settings. We show new state-of-the-art results across multiple adaptation tasks, including digit classification and semantic segmentation of road scenes demonstrating transfer from synthetic to real world domains.",
  "score": -1,
  "verdict": "Reject",
  "year": 2018
}