{
  "name": "SkwAEQbAb.pdf", 
  "metadata": {
    "title": "A NOVEL METHOD TO DETERMINE THE NUMBER OF LATENT DIMENSIONS WITH SVD", 
    "year": 2017, 
    "referenceMentions": [
      {
        "referenceID": 1, 
        "startOffset": 30, 
        "context": "Non linear models such as LDA (Blei et al., 2003) and neural networks also face the issue of stating the number of topics and nodes to include in the model before running an analysis over a data set, a problem that is akin to finding the number of latent factors.", 
        "endOffset": 49
      }, 
      {
        "referenceID": 2, 
        "startOffset": 78, 
        "context": "It extends to a large array of fields including psychology and social science (Bollen, 2002), bioinformatics (Hira & Gillies, 2015), information retrieval (Venna et al.", 
        "endOffset": 92
      }, 
      {
        "referenceID": 25, 
        "startOffset": 155, 
        "context": "It extends to a large array of fields including psychology and social science (Bollen, 2002), bioinformatics (Hira & Gillies, 2015), information retrieval (Venna et al., 2010), and of course statistical learning (Hastie et al.", 
        "endOffset": 175
      }, 
      {
        "referenceID": 3, 
        "startOffset": 94, 
        "context": "The problem of finding the number of latent factors in a data set dates back to early work by Guttman (1954). It extends to a large array of fields including psychology and social science (Bollen, 2002), bioinformatics (Hira & Gillies, 2015), information retrieval (Venna et al.", 
        "endOffset": 109
      }, 
      {
        "referenceID": 2, 
        "startOffset": 79, 
        "context": "It extends to a large array of fields including psychology and social science (Bollen, 2002), bioinformatics (Hira & Gillies, 2015), information retrieval (Venna et al., 2010), and of course statistical learning (Hastie et al., 2009, chapter 14). A systematic review on latent variables and its applications can be found in Li & Chen (2016); Kelava et al.", 
        "endOffset": 341
      }, 
      {
        "referenceID": 2, 
        "startOffset": 79, 
        "context": "It extends to a large array of fields including psychology and social science (Bollen, 2002), bioinformatics (Hira & Gillies, 2015), information retrieval (Venna et al., 2010), and of course statistical learning (Hastie et al., 2009, chapter 14). A systematic review on latent variables and its applications can be found in Li & Chen (2016); Kelava et al. (2017); Skrondal & Rabe-Hesketh (2007).", 
        "endOffset": 363
      }, 
      {
        "referenceID": 2, 
        "startOffset": 79, 
        "context": "It extends to a large array of fields including psychology and social science (Bollen, 2002), bioinformatics (Hira & Gillies, 2015), information retrieval (Venna et al., 2010), and of course statistical learning (Hastie et al., 2009, chapter 14). A systematic review on latent variables and its applications can be found in Li & Chen (2016); Kelava et al. (2017); Skrondal & Rabe-Hesketh (2007). In the following, we briefly explain some of the best known techniques of factor analysis method to decide the number of factors to retain as mentioned in Ledesma & Valero-Mora (2007) such as Kaiser\u2019s eigenvalue-greater-than-one rule (K1), Parallel Analysis, Cattell\u2019s Scree test, Velicer\u2019s", 
        "endOffset": 395
      }, 
      {
        "referenceID": 2, 
        "startOffset": 79, 
        "context": "It extends to a large array of fields including psychology and social science (Bollen, 2002), bioinformatics (Hira & Gillies, 2015), information retrieval (Venna et al., 2010), and of course statistical learning (Hastie et al., 2009, chapter 14). A systematic review on latent variables and its applications can be found in Li & Chen (2016); Kelava et al. (2017); Skrondal & Rabe-Hesketh (2007). In the following, we briefly explain some of the best known techniques of factor analysis method to decide the number of factors to retain as mentioned in Ledesma & Valero-Mora (2007) such as Kaiser\u2019s eigenvalue-greater-than-one rule (K1), Parallel Analysis, Cattell\u2019s Scree test, Velicer\u2019s", 
        "endOffset": 580
      }, 
      {
        "referenceID": 17, 
        "startOffset": 63, 
        "context": "Despite its simplicity, some researches consider it unreliable (Ledesma & Valero-Mora, 2007; Mumford et al., 2003; Fabrigar et al., 1999).", 
        "endOffset": 137
      }, 
      {
        "referenceID": 3, 
        "startOffset": 63, 
        "context": "Despite its simplicity, some researches consider it unreliable (Ledesma & Valero-Mora, 2007; Mumford et al., 2003; Fabrigar et al., 1999).", 
        "endOffset": 137
      }, 
      {
        "referenceID": 3, 
        "startOffset": 45, 
        "context": "The K1-Kaiser method was first introduced by Guttman (1954) and later extended and popularized by Kaiser (1960).", 
        "endOffset": 60
      }, 
      {
        "referenceID": 3, 
        "startOffset": 45, 
        "context": "The K1-Kaiser method was first introduced by Guttman (1954) and later extended and popularized by Kaiser (1960). The method an early strategy used to detect the number of factors to retain by considering.", 
        "endOffset": 112
      }, 
      {
        "referenceID": 3, 
        "startOffset": 8, 
        "context": ", 2003; Fabrigar et al., 1999). We will nevertheless consider it in our comparison experiments, given that it is a classic method and the first that introduced the use of eigenvectors of the correlation matrix for determining the number of latent factors. Note that a variant of this method was introduced by Warne & Larsen (2014) that showed improvements but still lacked behind PA (\u00a72.", 
        "endOffset": 331
      }, 
      {
        "referenceID": 16, 
        "startOffset": 0, 
        "context": "Mumford et al. (2003); Ledesma & Valero-Mora (2007). This strategy was proposed by John Horn Horn (1965).", 
        "endOffset": 52
      }, 
      {
        "referenceID": 9, 
        "startOffset": 35, 
        "context": "This strategy was proposed by John Horn Horn (1965). Warne & Larsen (2014) showed that PA attempt improves over the Eigenvalue-greater-than-one rule.", 
        "endOffset": 52
      }, 
      {
        "referenceID": 9, 
        "startOffset": 35, 
        "context": "This strategy was proposed by John Horn Horn (1965). Warne & Larsen (2014) showed that PA attempt improves over the Eigenvalue-greater-than-one rule.", 
        "endOffset": 75
      }, 
      {
        "referenceID": 9, 
        "startOffset": 35, 
        "context": "This strategy was proposed by John Horn Horn (1965). Warne & Larsen (2014) showed that PA attempt improves over the Eigenvalue-greater-than-one rule. Several researchers found this method appropriate and more accurate in determining the number of factors to retain Montanelli & Humphreys (1976); Mumford et al.", 
        "endOffset": 295
      }, 
      {
        "referenceID": 9, 
        "startOffset": 35, 
        "context": "This strategy was proposed by John Horn Horn (1965). Warne & Larsen (2014) showed that PA attempt improves over the Eigenvalue-greater-than-one rule. Several researchers found this method appropriate and more accurate in determining the number of factors to retain Montanelli & Humphreys (1976); Mumford et al. (2003). We will see that it PA a close relationship with BSVD and this is corroborated by the closeness of the results.", 
        "endOffset": 318
      }, 
      {
        "referenceID": 22, 
        "startOffset": 61, 
        "context": "Despite, the various criticism to use this method by Zwick & Velicer (1986) and Hoyle & Duvall (2004), it is one of the most popular methods to find the number of important factors to retain Mumford et al.", 
        "endOffset": 76
      }, 
      {
        "referenceID": 22, 
        "startOffset": 61, 
        "context": "Despite, the various criticism to use this method by Zwick & Velicer (1986) and Hoyle & Duvall (2004), it is one of the most popular methods to find the number of important factors to retain Mumford et al.", 
        "endOffset": 102
      }, 
      {
        "referenceID": 17, 
        "startOffset": 191, 
        "context": "Despite, the various criticism to use this method by Zwick & Velicer (1986) and Hoyle & Duvall (2004), it is one of the most popular methods to find the number of important factors to retain Mumford et al. (2003); Ledesma & Valero-Mora (2007); Ra\u0131\u0302che et al.", 
        "endOffset": 213
      }, 
      {
        "referenceID": 17, 
        "startOffset": 191, 
        "context": "Despite, the various criticism to use this method by Zwick & Velicer (1986) and Hoyle & Duvall (2004), it is one of the most popular methods to find the number of important factors to retain Mumford et al. (2003); Ledesma & Valero-Mora (2007); Ra\u0131\u0302che et al.", 
        "endOffset": 243
      }, 
      {
        "referenceID": 17, 
        "startOffset": 191, 
        "context": "Despite, the various criticism to use this method by Zwick & Velicer (1986) and Hoyle & Duvall (2004), it is one of the most popular methods to find the number of important factors to retain Mumford et al. (2003); Ledesma & Valero-Mora (2007); Ra\u0131\u0302che et al. (2013).", 
        "endOffset": 266
      }, 
      {
        "referenceID": 17, 
        "startOffset": 140, 
        "context": "MAP approach is based on PCA and relies on the series of partial correlation matrices to define the number of significant factors to retain (Mumford et al., 2003; Ledesma & Valero-Mora, 2007; Zwick & Velicer, 1986; Oconnor, 2000).", 
        "endOffset": 229
      }, 
      {
        "referenceID": 18, 
        "startOffset": 140, 
        "context": "MAP approach is based on PCA and relies on the series of partial correlation matrices to define the number of significant factors to retain (Mumford et al., 2003; Ledesma & Valero-Mora, 2007; Zwick & Velicer, 1986; Oconnor, 2000).", 
        "endOffset": 229
      }, 
      {
        "referenceID": 17, 
        "startOffset": 141, 
        "context": "MAP approach is based on PCA and relies on the series of partial correlation matrices to define the number of significant factors to retain (Mumford et al., 2003; Ledesma & Valero-Mora, 2007; Zwick & Velicer, 1986; Oconnor, 2000). This approach is introduced by Velicer (1976). In general, statisticians agree that the MAP and PA are the two techniques which are reliable solution to extract the number of factors to retain with the reasonable result Ledesma & Valero-Mora (2007); Mumford et al.", 
        "endOffset": 277
      }, 
      {
        "referenceID": 17, 
        "startOffset": 141, 
        "context": "MAP approach is based on PCA and relies on the series of partial correlation matrices to define the number of significant factors to retain (Mumford et al., 2003; Ledesma & Valero-Mora, 2007; Zwick & Velicer, 1986; Oconnor, 2000). This approach is introduced by Velicer (1976). In general, statisticians agree that the MAP and PA are the two techniques which are reliable solution to extract the number of factors to retain with the reasonable result Ledesma & Valero-Mora (2007); Mumford et al.", 
        "endOffset": 480
      }, 
      {
        "referenceID": 17, 
        "startOffset": 141, 
        "context": "MAP approach is based on PCA and relies on the series of partial correlation matrices to define the number of significant factors to retain (Mumford et al., 2003; Ledesma & Valero-Mora, 2007; Zwick & Velicer, 1986; Oconnor, 2000). This approach is introduced by Velicer (1976). In general, statisticians agree that the MAP and PA are the two techniques which are reliable solution to extract the number of factors to retain with the reasonable result Ledesma & Valero-Mora (2007); Mumford et al. (2003); Oconnor (2000).", 
        "endOffset": 503
      }, 
      {
        "referenceID": 17, 
        "startOffset": 141, 
        "context": "MAP approach is based on PCA and relies on the series of partial correlation matrices to define the number of significant factors to retain (Mumford et al., 2003; Ledesma & Valero-Mora, 2007; Zwick & Velicer, 1986; Oconnor, 2000). This approach is introduced by Velicer (1976). In general, statisticians agree that the MAP and PA are the two techniques which are reliable solution to extract the number of factors to retain with the reasonable result Ledesma & Valero-Mora (2007); Mumford et al. (2003); Oconnor (2000).", 
        "endOffset": 519
      }, 
      {
        "referenceID": 7, 
        "startOffset": 74, 
        "context": "The BSVD algorithm is compared with Horn\u2019s PA and K1 implementations from Hayton et al. (2004). Moreover, we used of Very Simple Structure(VSS) and PAM packages of R to have the outcome of MAP and SW methods respectively.", 
        "endOffset": 95
      }
    ], 
    "source": "CRF", 
    "creator": "LaTeX with hyperref package", 
    "references": [
      {
        "shortCiteRegEx": "Baker.", 
        "author": [
          "Kirk Baker"
        ], 
        "citeRegEx": "Baker.,? \\Q2005\\E", 
        "venue": "The Ohio State University,", 
        "year": 2005, 
        "title": "Singular value decomposition tutorial"
      }, 
      {
        "shortCiteRegEx": "Blei et al\\.", 
        "author": [
          "David M Blei", 
          "Andrew Y Ng", 
          "Michael I Jordan"
        ], 
        "citeRegEx": "Blei et al\\.,? \\Q2003\\E", 
        "venue": "Journal of machine Learning research,", 
        "year": 2003, 
        "title": "Latent dirichlet allocation"
      }, 
      {
        "shortCiteRegEx": "Bollen.", 
        "author": [
          "Kenneth A Bollen"
        ], 
        "citeRegEx": "Bollen.,? \\Q2002\\E", 
        "venue": "Annual review of psychology,", 
        "year": 2002, 
        "title": "Latent variables in psychology and the social sciences"
      }, 
      {
        "shortCiteRegEx": "Fabrigar et al\\.", 
        "author": [
          "Leandre R Fabrigar", 
          "Duane T Wegener", 
          "Robert C MacCallum", 
          "Erin J Strahan"
        ], 
        "citeRegEx": "Fabrigar et al\\.,? \\Q1999\\E", 
        "venue": "Psychological methods,", 
        "year": 1999, 
        "title": "Evaluating the use of exploratory factor analysis in psychological research"
      }, 
      {
        "shortCiteRegEx": "Guttman.", 
        "author": [
          "Louis Guttman"
        ], 
        "citeRegEx": "Guttman.,? \\Q1954\\E", 
        "venue": null, 
        "year": 1954, 
        "title": "Some necessary conditions for common-factor analysis"
      }, 
      {
        "shortCiteRegEx": "Hambleton and Rovinelli.", 
        "author": [
          "Ronald K Hambleton", 
          "Richard J Rovinelli"
        ], 
        "citeRegEx": "Hambleton and Rovinelli.,? \\Q1986\\E", 
        "venue": "Applied psychological measurement,", 
        "year": 1986, 
        "title": "Assessing the dimensionality of a set of test items"
      }, 
      {
        "shortCiteRegEx": "Hastie et al\\.", 
        "author": [
          "Trevor Hastie", 
          "Robert Tibshirani", 
          "Jerome Friedman"
        ], 
        "citeRegEx": "Hastie et al\\.,? \\Q2009\\E", 
        "venue": "New York,", 
        "year": 2009, 
        "title": "The elements of statistical learning, second edition. Springer series in statistics"
      }, 
      {
        "shortCiteRegEx": "Hayton et al\\.", 
        "author": [
          "James C Hayton", 
          "David G Allen", 
          "Vida Scarpello"
        ], 
        "citeRegEx": "Hayton et al\\.,? \\Q2004\\E", 
        "venue": "Organizational research methods,", 
        "year": 2004, 
        "title": "Factor retention decisions in exploratory factor analysis: A tutorial on parallel analysis"
      }, 
      {
        "shortCiteRegEx": "Hira and Gillies.", 
        "author": [
          "Zena M Hira", 
          "Duncan F Gillies"
        ], 
        "citeRegEx": "Hira and Gillies.,? \\Q2015\\E", 
        "venue": "Advances in bioinformatics,", 
        "year": 2015, 
        "title": "A review of feature selection and feature extraction methods applied on microarray data"
      }, 
      {
        "shortCiteRegEx": "Horn.", 
        "author": [
          "John L Horn"
        ], 
        "citeRegEx": "Horn.,? \\Q1965\\E", 
        "venue": null, 
        "year": 1965, 
        "title": "A rationale and test for the number of factors in factor analysis"
      }, 
      {
        "shortCiteRegEx": "Hoyle and Duvall.", 
        "author": [
          "Rick H Hoyle", 
          "Jamieson L Duvall"
        ], 
        "citeRegEx": "Hoyle and Duvall.,? \\Q2004\\E", 
        "venue": null, 
        "year": 2004, 
        "title": "Determining the number of factors in exploratory and confirmatory factor analysis. Handbook of quantitative methodology for the social sciences"
      }, 
      {
        "shortCiteRegEx": "Kaiser.", 
        "author": [
          "Henry F Kaiser"
        ], 
        "citeRegEx": "Kaiser.,? \\Q1960\\E", 
        "venue": "Educational and psychological measurement,", 
        "year": 1960, 
        "title": "The application of electronic computers to factor analysis"
      }, 
      {
        "shortCiteRegEx": "Kelava et al\\.", 
        "author": [
          "Augustin Kelava", 
          "Michael Kohler", 
          "Adam Krzy\u017cak", 
          "Tim Fabian Schaffland"
        ], 
        "citeRegEx": "Kelava et al\\.,? \\Q2017\\E", 
        "venue": "Journal of Multivariate Analysis,", 
        "year": 2017, 
        "title": "Nonparametric estimation of a latent variable model"
      }, 
      {
        "shortCiteRegEx": "Kodinariya and Makwana.", 
        "author": [
          "Trupti M Kodinariya", 
          "Prashant R Makwana"
        ], 
        "citeRegEx": "Kodinariya and Makwana.,? \\Q2013\\E", 
        "venue": "International Journal,", 
        "year": 2013, 
        "title": "Review on determining number of cluster in kmeans clustering"
      }, 
      {
        "shortCiteRegEx": "Ledesma and Valero.Mora.", 
        "author": [
          "Rub\u00e9n Daniel Ledesma", 
          "Pedro Valero-Mora"
        ], 
        "citeRegEx": "Ledesma and Valero.Mora.,? \\Q2007\\E", 
        "venue": "Practical assessment, research & evaluation,", 
        "year": 2007, 
        "title": "Determining the number of factors to retain in efa: An easy-to-use computer program for carrying out parallel analysis"
      }, 
      {
        "shortCiteRegEx": "Li and Chen.", 
        "author": [
          "Ping Li", 
          "Songcan Chen"
        ], 
        "citeRegEx": "Li and Chen.,? \\Q2016\\E", 
        "venue": "CAAI Transactions on Intelligence Technology,", 
        "year": 2016, 
        "title": "A review on gaussian process latent variable models"
      }, 
      {
        "shortCiteRegEx": "Montanelli and Humphreys.", 
        "author": [
          "Richard G Montanelli", 
          "Lloyd G Humphreys"
        ], 
        "citeRegEx": "Montanelli and Humphreys.,? \\Q1976\\E", 
        "venue": null, 
        "year": 1976, 
        "title": "Latent roots of random data correlation matrices with squared multiple correlations on the diagonal: A monte carlo study"
      }, 
      {
        "shortCiteRegEx": "Mumford et al\\.", 
        "author": [
          "Karen R Mumford", 
          "John M Ferron", 
          "Constance V Hines", 
          "Kristine Y Hogarty", 
          "Jeffery D Kromrey"
        ], 
        "citeRegEx": "Mumford et al\\.,? \\Q2003\\E", 
        "venue": null, 
        "year": 2003, 
        "title": "Factor retention in exploratory factor analysis: A comparison of alternative methods"
      }, 
      {
        "shortCiteRegEx": "Oconnor.", 
        "author": [
          "Brian P Oconnor"
        ], 
        "citeRegEx": "Oconnor.,? \\Q2000\\E", 
        "venue": "Behavior Research Methods,", 
        "year": 2000, 
        "title": "Spss and sas programs for determining the number of components using parallel analysis and velicers map test"
      }, 
      {
        "shortCiteRegEx": "Ra\u0131\u0302che et al\\.", 
        "author": [
          "Gilles Ra\u0131\u0302che", 
          "Theodore A Walls", 
          "David Magis", 
          "Martin Riopel", 
          "Jean-Guy Blais"
        ], 
        "citeRegEx": "Ra\u0131\u0302che et al\\.,? \\Q2013\\E", 
        "venue": "Methodology: European Journal of Research Methods for the Behavioral and Social Sciences,", 
        "year": 2013, 
        "title": "Non-graphical solutions for cattells scree test"
      }, 
      {
        "shortCiteRegEx": "Sarwar et al\\.", 
        "author": [
          "Badrul Sarwar", 
          "George Karypis", 
          "Joseph Konstan", 
          "John Riedl"
        ], 
        "citeRegEx": "Sarwar et al\\.,? \\Q2000\\E", 
        "venue": "Technical report, Minnesota Univ Minneapolis Dept of Computer Science,", 
        "year": 2000, 
        "title": "Application of dimensionality reduction in recommender system-a case study"
      }, 
      {
        "shortCiteRegEx": "Skrondal and Rabe.Hesketh.", 
        "author": [
          "Anders Skrondal", 
          "Sophia Rabe-Hesketh"
        ], 
        "citeRegEx": "Skrondal and Rabe.Hesketh.,? \\Q2007\\E", 
        "venue": "Scandinavian Journal of Statistics,", 
        "year": 2007, 
        "title": "Latent variable modelling: a survey"
      }, 
      {
        "shortCiteRegEx": "Steinbach et al\\.", 
        "author": [
          "Michael Steinbach", 
          "Levent Ert\u00f6z", 
          "Vipin Kumar"
        ], 
        "citeRegEx": "Steinbach et al\\.,? \\Q2004\\E", 
        "venue": "In New directions in statistical physics,", 
        "year": 2004, 
        "title": "The challenges of clustering high dimensional data"
      }, 
      {
        "shortCiteRegEx": "Stellefson and Hanik.", 
        "author": [
          "Michael Stellefson", 
          "Bruce Hanik"
        ], 
        "citeRegEx": "Stellefson and Hanik.,? \\Q2008\\E", 
        "venue": "Online Submission,", 
        "year": 2008, 
        "title": "Strategies for determining the number of factors to retain in exploratory factor analysis"
      }, 
      {
        "shortCiteRegEx": "Velicer.", 
        "author": [
          "Wayne F Velicer"
        ], 
        "citeRegEx": "Velicer.,? \\Q1976\\E", 
        "venue": null, 
        "year": 1976, 
        "title": "Determining the number of components from the matrix of partial correlations"
      }, 
      {
        "shortCiteRegEx": "Venna et al\\.", 
        "author": [
          "Jarkko Venna", 
          "Jaakko Peltonen", 
          "Kristian Nybo", 
          "Helena Aidos", 
          "Samuel Kaski"
        ], 
        "citeRegEx": "Venna et al\\.,? \\Q2010\\E", 
        "venue": "Journal of Machine Learning Research,", 
        "year": 2010, 
        "title": "Information retrieval perspective to nonlinear dimensionality reduction for data visualization"
      }, 
      {
        "shortCiteRegEx": "Warne and Larsen.", 
        "author": [
          "Russell Warne", 
          "Ross Larsen"
        ], 
        "citeRegEx": "Warne and Larsen.,? \\Q2014\\E", 
        "venue": "SelectedWorks,", 
        "year": 2014, 
        "title": "Evaluating a proposed modification of the Guttman rule for determining the number of factors in an exploratory factor analysis"
      }, 
      {
        "shortCiteRegEx": "Zwick and Velicer.", 
        "author": [
          "William R Zwick", 
          "Wayne F Velicer"
        ], 
        "citeRegEx": "Zwick and Velicer.,? \\Q1986\\E", 
        "venue": "Psychological bulletin,", 
        "year": 1986, 
        "title": "Comparison of five rules for determining the number of components to retain"
      }
    ], 
    "authors": [], 
    "abstractText": "Determining the number of latent dimensions is a ubiquitous problem in machine learning. In this study, we introduce a novel method that relies on SVD to discover the number of latent dimensions. The general principle behind the method is to compare the curve of singular values of the SVD decomposition of a data set with the randomized data set curve. The inferred number of latent dimensions corresponds to the crossing point of the two curves. To evaluate our methodology, we compare it with competing methods such as Kaisers eigenvalue-greater-than-one rule (K1), Parallel Analysis (PA), Velicers MAP test (Minimum Average Partial). We also compare our method with the Silhouette Width (SW) technique which is used in different clustering methods to determine the optimal number of clusters. The result on synthetic data shows that the Parallel Analysis and our method have similar results and more accurate than the other methods, and that our methods is slightly better result than the Parallel Analysis method for the sparse data sets.", 
    "sections": [
      {
        "text": "The problem of determining the number of latent dimensions, or latent factors, is ubiquitous in a number of non supervised learning approaches. Matrix factorization techniques are good examples where we need to determine the number of latent dimensions prior to the learning phase. Non linear models such as LDA (Blei et al., 2003) and neural networks also face the issue of stating the number of topics and nodes to include in the model before running an analysis over a data set, a problem that is akin to finding the number of latent factors.\nWe propose a new method to estimate the number of latent dimensions that relies on the Singular Value Decomposition (SVD) and on a process of comparison of the singular values from the original matrix data with those from from bootstraped samples of the this matrix, whilst the name given to this method, Bootstrap SVD (BSVD). We compare the method to mainstream latent dimensions estimate techniques and over a space of dense vs. sparse matrices for Normal and non-Normal distributions.\nThis paper is organized as follow. First, we outline some of best known methods and the related works in the next section. Then we explain our algorithm BSVD in section 3. The experiments are presented in section 4 and the results and discussion are reported in section 5. And finally conclusion of the study is given in section 6.", 
        "heading": "1 INTRODUCTION"
      }, 
      {
        "text": "The problem of finding the number of latent factors in a data set dates back to early work by Guttman (1954). It extends to a large array of fields including psychology and social science (Bollen, 2002), bioinformatics (Hira & Gillies, 2015), information retrieval (Venna et al., 2010), and of course statistical learning (Hastie et al., 2009, chapter 14). A systematic review on latent variables and its applications can be found in Li & Chen (2016); Kelava et al. (2017); Skrondal & Rabe-Hesketh (2007).\nIn the following, we briefly explain some of the best known techniques of factor analysis method to decide the number of factors to retain as mentioned in Ledesma & Valero-Mora (2007) such as Kaiser\u2019s eigenvalue-greater-than-one rule (K1), Parallel Analysis, Cattell\u2019s Scree test, Velicer\u2019s\nMAP test ( Minimum Average Partial ). Moreover, we outline SW technique which is used in different clustering methods to determine the optimal number of clusters.", 
        "heading": "2 BACKGROUND"
      }, 
      {
        "text": "The K1-Kaiser method was first introduced by Guttman (1954) and later extended and popularized by Kaiser (1960). The method an early strategy used to detect the number of factors to retain by considering. It relies on the eigenvalues of the correlation matrix of the observed factors an stipulates that the number of eigenvalues greater than one corresponds to the number of latent factors to retain.\nDespite its simplicity, some researches consider it unreliable (Ledesma & Valero-Mora, 2007; Mumford et al., 2003; Fabrigar et al., 1999). We will nevertheless consider it in our comparison experiments, given that it is a classic method and the first that introduced the use of eigenvectors of the correlation matrix for determining the number of latent factors. Note that a variant of this method was introduced by Warne & Larsen (2014) that showed improvements but still lacked behind PA (\u00a72.2 and MAP (\u00a72.4) and will therefore not be included in the experiment.", 
        "heading": "2.1 K1 OR KAISER\u2019S EIGENVALUE-GREATER-THAN-ONE RULE"
      }, 
      {
        "text": "Parallel Analysis is also based on the correlation matrix between the observed factors. It uses bootstrapping on the correlation matrix and then averages the eigenvalues over the bootstrap runs. Eigenvalues greater than the average data set eigenvalue are kept. Mumford et al. (2003); Ledesma & Valero-Mora (2007). This strategy was proposed by John Horn Horn (1965). Warne & Larsen (2014) showed that PA attempt improves over the Eigenvalue-greater-than-one rule. Several researchers found this method appropriate and more accurate in determining the number of factors to retain Montanelli & Humphreys (1976); Mumford et al. (2003). We will see that it PA a close relationship with BSVD and this is corroborated by the closeness of the results.", 
        "heading": "2.2 PARALLEL ANALYSIS (PA)"
      }, 
      {
        "text": "Cattell\u2019s Scree test, also known as the \u201celbow\u201d approach, is a graphical representation method to display the number of components to retain. Scree test is a subjective method which sorts the eigenvalues in decreasing order and shows it on the vertical axis; and the number of components in horizontal axis Ledesma & Valero-Mora (2007). In this strategy, we need to find where the Scree happened and the components on the left side of the slope should be retained. Hambleton & Rovinelli (1986) used the Scree test plot and mention that the method fails when elbow cannot be found. Moreover, Stellefson & Hanik (2008) mentions the Scree test as one of the graphical tests to finding the number of latent variables, they specify that researchers should utilize of the ruler to plot a line across the elbow and then they could keep all the components above it. Despite, the various criticism to use this method by Zwick & Velicer (1986) and Hoyle & Duvall (2004), it is one of the most popular methods to find the number of important factors to retain Mumford et al. (2003); Ledesma & Valero-Mora (2007); Ra\u0131\u0302che et al. (2013).", 
        "heading": "2.3 CATTELL\u2019S SCREE TEST"
      }, 
      {
        "text": "MAP approach is based on PCA and relies on the series of partial correlation matrices to define the number of significant factors to retain (Mumford et al., 2003; Ledesma & Valero-Mora, 2007; Zwick & Velicer, 1986; Oconnor, 2000). This approach is introduced by Velicer (1976). In general, statisticians agree that the MAP and PA are the two techniques which are reliable solution to extract the number of factors to retain with the reasonable result Ledesma & Valero-Mora (2007); Mumford et al. (2003); Oconnor (2000).", 
        "heading": "2.4 MINIMUM AVERAGE PARTIAL METHOD (MAP)"
      }, 
      {
        "text": "Clustering is generally tought of as a means to reduce the number of data points, but it can be considered for dimensionality reduction technique, namely by using the cluster\u2019s centroid and each point\u2019s distance from them as a means to define a new space, which was shown to be more effective than SVD under certain conditions (?). Therefore, a method to determine the optimal number of clusters can provide another means to determine the dimensionality of a data set.\nPAM method is one of the popular technique to automatically determine the optimal number of clusters with the Silouhette (SW) technique Kodinariya & Makwana (2013). The number of clusters computed by SW is associated with the number of latent dimensions in the dataset.", 
        "heading": "2.5 SILHOUETTE WIDTH (SW)"
      }, 
      {
        "text": "SVD is a well known matrix factorization technique that decomposes the original matrix, R, into the product of two eigenvector matrices, the eigenvectors of the cross-product of the rows and columns, and a of the diagonal matrix of their common singular values.\nR = Um\u00d7m \u03a3m\u00d7n V T n\u00d7n\nwhere U and V are orthogonal, and \u03a3 is a diagonal matrix with positive real values.\nThe singular values represent the importance of the eigenvectors, ordered by decreasing values.\nThe BSVD method determines the number of dimensions as the point where the singular values of \u03a3 cross the singular values \u03a3B of a randomized (through bootstrap sampling) matrix RB . An interpretation of this crossing point where \u03a3 and \u03a3B meet is that the remaining singular values are no more due to influential factors, at least in a linear framework.\nAn example of this can be seen in figure 2 for a data set that was generated using 9 dimensions (vertical line) with uniform distributed values. In this case, it is also easy to tell the number from the elbow at dimensions= 9.\nThe bootstrapped samples RB are simply generated through random sampling with replacement of the values of R.\nIn the next section, we look at the details of generating data sets and the experiments.", 
        "heading": "3 BOOSTRAPPED SVD (BSVD)"
      }, 
      {
        "text": "We evaluate the ability of BSVD to identify the number of latent dimensions by using synthetic data. Although the use of synthetic data limits the generalizability of our conclusions to the real world by making strong assumptions on the data, it remains the best validation methodology given that we know the ground truth behind the synthetic data and we can control the sparsity and the underlying distributions of each of the observed variables in order to explore this space of conditions.", 
        "heading": "4 EXPERIMENTS"
      }, 
      {
        "text": "", 
        "heading": "4.1 DATA SETS"
      }, 
      {
        "text": "The synthetic data is generated by sampling from distributions to create two matrices, P and Q. Then, R is obtained by the product P \u00b7Q plus Gaussian noise. We use two types of distributions, the normal (Gaussian) with mean= 0 and standard deviation= 1, and the uniform distribution with mean= 2.5 to generate the columns of P and rows of Q. The choice of 2.5 is inspired from rating-type of data found in recommender systems.\nThe Gaussian noise added to P \u00b7Q corresponds to one standard deviation of R with mean= 0. All R matrices are of size 150\u00d7 240 and we explore the latent dimensions from 2 to 24. In figure 1, we illustrate an example of the generated non-normal data set with size of 5 \u00d7 6 and latent dimension 3.\nData sets of different density are generated, since sparsity is a constraint that we often have to deal with in fields such as recommender systems (rating matrices) and natural language processing (term-document matrices). Sparsity is created by randomly selecting the missing value cells.\nIn order to capture the behavior of our method when we face a sparse matrix, we employ the algorithm with different percentages of sparseness to the data set (see algorithm 1). Then, we compare the result with the existing mentioned approaches in Table 2. To do so, we follow the next steps for each iteration of latent dimension (j):\n1) We apply a different percentage of sparseness (j) from 10: 90 to our data set with random selection.\n2) We impute each missing value by the average of the mean of corresponding row and column.\n3) Apply BSVD. And for each latent dimension (j); record the result in each iteration of k.\n4) Compute the average accuracy of each method, when (j) terminate.\nFigure 5 displays the accuracy of all the methods in the non-normal sparse data set with latent dimension (j) equal to 2.", 
        "heading": "4.1.1 SYNTHETIC DATA"
      }, 
      {
        "text": "We repeat the previous experiments on the generated simulated random data set with a normal distribution.", 
        "heading": "4.2 SECOND EXPERIMENT ON THE NORMAL DATA SET"
      }, 
      {
        "text": "The BSVD algorithm is compared with Horn\u2019s PA and K1 implementations from Hayton et al. (2004). Moreover, we used of Very Simple Structure(VSS) and PAM packages of R to have the outcome of MAP and SW methods respectively.", 
        "heading": "4.3 ALGORITHMS"
      }, 
      {
        "text": "According to the results of provided experiments in the tables 1 and 2, we could show that our method has a better performance than those mentioned especially in the sparse data sets. Our empirical experiments demonstrate that on the dense data sets; the accuracy of BSVD and PA is equal and better than the other approaches. But when we apply a different percentage of sparseness to our data sets, our method is more precise.\nIn the figures 3 and 4, we display the behavior of each method in the dense and sparse data sets.\nFigure 3 depicts the average accuracy of all methods in the dense data sets with normal and nonnormal distribution. It shows that MAP method in the dense data set with normal or non-normal distribution has the same accuracy. Additionally, SW technique performs better result with the face of the dense data set with non-normal distribution, while K1 has an extreme behavior in the nonnormal data set. Moreover, BSVD, PA and K1 are more precise in the dense data set with normal distribution.\nFigure 4 shows the sparse data sets with normal and non-normal distribution. It demonstrates that BSVD, PA, and K1 have better accuracy in the sparse data set with normal distribution but MAP and SW are on the contrary. Figure 5 shows the average accuracy of all the methods in in different level of sparsity over the non normal sparse data set with latent dimensions (j) equal to 2. The error bars shows the variance of the observations after repeating the algorithm 25 times. Based on the results of these experiments we can conclude that our approach (BSVD) is better than the presented methods especially in the sparse data sets. To show if the outcome is statistically significant and is not by chance, we apply t-test between our method and PA. We considered the p values less than or equal to 0.05 as a significant result. To do so, we consider a sample of latent dimensions (j = {2, 3, 5, 8, 15}) and we repeat twenty-five times the mentioned experiments on the sparse data sets with normal and non-normal distribution, and record the result. Then we apply t-test between BSVD and PA. In this evaluation the null hypothesis (H0) state that\n\u00b5SV D = \u00b5PA\nand if the H0 is rejected, we could conclude that the obtained results are not by chance and our method is better than PA.\nTables 3 and 4 contain p values of the sparse and dense data sets with normal and non-normal distribution respectively. The first row of each table with 0% of sparsity indicate to the dense data sets.\nTable 3 shows more constant behavior, and implies that by increasing sparsity in the sparse data set with normal distribution, BSVD yeilds a significantly better result. But table 4 that shows the result of non-normal sparse data set is hard to interpret. Because the green cells are not affected by increasing sparsity. We can sum up with that the result seems to be significant with increasing the sparsity. In general, according to the tables 3 and 4, the difference between our method and PA seems to be statistically significant by increasing the percentage of sparsity.", 
        "heading": "5 DISCUSSION AND RESULTS"
      }, 
      {
        "text": "The objective of our study was to introduce a new method to find the number of latent dimensions using SVD which we inspired from PA. We employ our method on simulated data sets with normal and non-normal distribution whereas are dense or sparse and compared with the present methods such as PA, MAP, K1, and SW. According to the mentioned experiments and the reported results in the table 1, BSVD and PA have the same accuracy and better than the other presented methods in the dense data sets. But our method has a better result in the sparse data sets which is shown in the table 2. We applied t-test on the sample of latent dimensions (j) between BSVD and PA to demonstrate if the result is statistically significant or not. The results in the tables (3 and 4) demonstrate that in the sparse data sets with increasing the sparsity, our method seems to be significantly better than the other methods. Our method performance is limited to the presented experiments and data sets. If we want to generalize the method, We need to see the behavior of the algorithm when we have a more complex data set.", 
        "heading": "6 CONCLUSION"
      }
    ], 
    "emails": []
  }
}