{
  "name": "Sy21R9JAW.pdf", 
  "metadata": {
    "title": "TOWARDS BETTER UNDERSTANDING OF GRADIENT-BASED ATTRIBUTION METHODS FOR DEEP NEURAL NETWORKS", 
    "year": 2018, 
    "referenceMentions": [
      {
        "referenceID": 8, 
        "startOffset": 67, 
        "context": "While DNNs have had a large impact on a variety of different tasks (LeCun et al., 2015; Krizhevsky et al., 2012; Mnih et al., 2015; Silver et al., 2016; Wu et al., 2016), explaining their predictions is still challenging.", 
        "endOffset": 169
      }, 
      {
        "referenceID": 11, 
        "startOffset": 67, 
        "context": "While DNNs have had a large impact on a variety of different tasks (LeCun et al., 2015; Krizhevsky et al., 2012; Mnih et al., 2015; Silver et al., 2016; Wu et al., 2016), explaining their predictions is still challenging.", 
        "endOffset": 169
      }, 
      {
        "referenceID": 19, 
        "startOffset": 67, 
        "context": "While DNNs have had a large impact on a variety of different tasks (LeCun et al., 2015; Krizhevsky et al., 2012; Mnih et al., 2015; Silver et al., 2016; Wu et al., 2016), explaining their predictions is still challenging.", 
        "endOffset": 169
      }, 
      {
        "referenceID": 26, 
        "startOffset": 67, 
        "context": "While DNNs have had a large impact on a variety of different tasks (LeCun et al., 2015; Krizhevsky et al., 2012; Mnih et al., 2015; Silver et al., 2016; Wu et al., 2016), explaining their predictions is still challenging.", 
        "endOffset": 169
      }, 
      {
        "referenceID": 20, 
        "startOffset": 97, 
        "context": "The problem of finding attributions for deep networks has been tackled in several previous works (Simonyan et al., 2014; Zeiler & Fergus, 2014; Springenberg et al., 2014; Bach et al., 2015; Shrikumar et al., 2017; Sundararajan et al., 2017; Montavon et al., 2017; Zintgraf et al., 2017).", 
        "endOffset": 286
      }, 
      {
        "referenceID": 22, 
        "startOffset": 97, 
        "context": "The problem of finding attributions for deep networks has been tackled in several previous works (Simonyan et al., 2014; Zeiler & Fergus, 2014; Springenberg et al., 2014; Bach et al., 2015; Shrikumar et al., 2017; Sundararajan et al., 2017; Montavon et al., 2017; Zintgraf et al., 2017).", 
        "endOffset": 286
      }, 
      {
        "referenceID": 2, 
        "startOffset": 97, 
        "context": "The problem of finding attributions for deep networks has been tackled in several previous works (Simonyan et al., 2014; Zeiler & Fergus, 2014; Springenberg et al., 2014; Bach et al., 2015; Shrikumar et al., 2017; Sundararajan et al., 2017; Montavon et al., 2017; Zintgraf et al., 2017).", 
        "endOffset": 286
      }, 
      {
        "referenceID": 18, 
        "startOffset": 97, 
        "context": "The problem of finding attributions for deep networks has been tackled in several previous works (Simonyan et al., 2014; Zeiler & Fergus, 2014; Springenberg et al., 2014; Bach et al., 2015; Shrikumar et al., 2017; Sundararajan et al., 2017; Montavon et al., 2017; Zintgraf et al., 2017).", 
        "endOffset": 286
      }, 
      {
        "referenceID": 23, 
        "startOffset": 97, 
        "context": "The problem of finding attributions for deep networks has been tackled in several previous works (Simonyan et al., 2014; Zeiler & Fergus, 2014; Springenberg et al., 2014; Bach et al., 2015; Shrikumar et al., 2017; Sundararajan et al., 2017; Montavon et al., 2017; Zintgraf et al., 2017).", 
        "endOffset": 286
      }, 
      {
        "referenceID": 12, 
        "startOffset": 97, 
        "context": "The problem of finding attributions for deep networks has been tackled in several previous works (Simonyan et al., 2014; Zeiler & Fergus, 2014; Springenberg et al., 2014; Bach et al., 2015; Shrikumar et al., 2017; Sundararajan et al., 2017; Montavon et al., 2017; Zintgraf et al., 2017).", 
        "endOffset": 286
      }, 
      {
        "referenceID": 29, 
        "startOffset": 97, 
        "context": "The problem of finding attributions for deep networks has been tackled in several previous works (Simonyan et al., 2014; Zeiler & Fergus, 2014; Springenberg et al., 2014; Bach et al., 2015; Shrikumar et al., 2017; Sundararajan et al., 2017; Montavon et al., 2017; Zintgraf et al., 2017).", 
        "endOffset": 286
      }, 
      {
        "referenceID": 2, 
        "startOffset": 19, 
        "context": "We prove that -LRP (Bach et al., 2015) and DeepLIFT (Rescale) (Shrikumar et al.", 
        "endOffset": 38
      }, 
      {
        "referenceID": 18, 
        "startOffset": 31, 
        "context": ", 2015) and DeepLIFT (Rescale) (Shrikumar et al., 2017) can be reformulated as computing backpropagation for a modified gradient function (Section 3).", 
        "endOffset": 55
      }, 
      {
        "referenceID": 23, 
        "startOffset": 95, 
        "context": "We introduce the definition of Sensitivity-n, which generalizes the properties of Completeness (Sundararajan et al., 2017) and Summation to Delta (Shrikumar et al.", 
        "endOffset": 122
      }, 
      {
        "referenceID": 18, 
        "startOffset": 31, 
        "context": ", 2017) and Summation to Delta (Shrikumar et al., 2017) and we compare several methods against this metric on widely adopted datasets and architectures.", 
        "endOffset": 55
      }, 
      {
        "referenceID": 17, 
        "startOffset": 17, 
        "context": "Gradient * Input (Shrikumar et al., 2016) was at first proposed as a technique to improve the sharpness of the attribution maps.", 
        "endOffset": 41
      }, 
      {
        "referenceID": 23, 
        "startOffset": 21, 
        "context": "Integrated Gradients (Sundararajan et al., 2017), similarly to Gradient * Input, computes the partial derivatives of the output with respect to each input feature.", 
        "endOffset": 48
      }, 
      {
        "referenceID": 23, 
        "startOffset": 76, 
        "context": "In related literature, this property has been variously called Completeness (Sundararajan et al., 2017), Summation to Delta (Shrikumar et al.", 
        "endOffset": 103
      }, 
      {
        "referenceID": 18, 
        "startOffset": 28, 
        "context": ", 2017), Summation to Delta (Shrikumar et al., 2017) or Efficiency in the context of cooperative game theory (Roth, 1988), and often recognized as desirable for attribution methods.", 
        "endOffset": 52
      }, 
      {
        "referenceID": 14, 
        "startOffset": 64, 
        "context": ", 2017) or Efficiency in the context of cooperative game theory (Roth, 1988), and often recognized as desirable for attribution methods.", 
        "endOffset": 76
      }, 
      {
        "referenceID": 2, 
        "startOffset": 39, 
        "context": "Layer-wise Relevance Propagation (LRP) (Bach et al., 2015) is computed with a backward pass on the network.", 
        "endOffset": 58
      }, 
      {
        "referenceID": 18, 
        "startOffset": 9, 
        "context": "DeepLIFT (Shrikumar et al., 2017) proceeds in a backward fashion, similarly to LRP.", 
        "endOffset": 33
      }, 
      {
        "referenceID": 18, 
        "startOffset": 25, 
        "context": "The \"Reveal-Cancel\" rule (Shrikumar et al., 2017) is not considered here.", 
        "endOffset": 49
      }, 
      {
        "referenceID": 25, 
        "startOffset": 132, 
        "context": "Figure 2: Attribution generated by applying several attribution methods to an Inception V3 network for natural image classification (Szegedy et al., 2016).", 
        "endOffset": 154
      }, 
      {
        "referenceID": 20, 
        "startOffset": 14, 
        "context": "Saliency maps (Simonyan et al., 2014) constructs attributions by taking the absolute value of the partial derivative of the target output Sc with respect to the input features xi.", 
        "endOffset": 37
      }, 
      {
        "referenceID": 12, 
        "startOffset": 37, 
        "context": "Similarly, Deep Taylor Decomposition (Montavon et al., 2017), although showed to produce sparser explanations, assumes no negative evidence in the input and produces only positive attribution maps.", 
        "endOffset": 60
      }, 
      {
        "referenceID": 16, 
        "startOffset": 9, 
        "context": "Grad-CAM (Selvaraju et al., 2016) for CNNs) or activation functions (ie.", 
        "endOffset": 33
      }, 
      {
        "referenceID": 22, 
        "startOffset": 75, 
        "context": "Deconvolutional Network (Zeiler & Fergus, 2014) and Guided Backpropagation (Springenberg et al., 2014) for ReLU) are also out of the scope of this analysis, since our goal is to perform a comparison across multiple architectures and tasks.", 
        "endOffset": 102
      }, 
      {
        "referenceID": 9, 
        "startOffset": 60, 
        "context": "On the right, examples of attributions on the MNIST dataset (LeCun et al., 1998) with four CNNs using different activation functions.", 
        "endOffset": 80
      }, 
      {
        "referenceID": 21, 
        "startOffset": 113, 
        "context": "The reason justifying the multiplication with the input has been only partially discussed in previous literature (Smilkov et al., 2017; Sundararajan et al., 2017; Shrikumar et al., 2016).", 
        "endOffset": 186
      }, 
      {
        "referenceID": 23, 
        "startOffset": 113, 
        "context": "The reason justifying the multiplication with the input has been only partially discussed in previous literature (Smilkov et al., 2017; Sundararajan et al., 2017; Shrikumar et al., 2016).", 
        "endOffset": 186
      }, 
      {
        "referenceID": 17, 
        "startOffset": 113, 
        "context": "The reason justifying the multiplication with the input has been only partially discussed in previous literature (Smilkov et al., 2017; Sundararajan et al., 2017; Shrikumar et al., 2016).", 
        "endOffset": 186
      }, 
      {
        "referenceID": 20, 
        "startOffset": 96, 
        "context": "Although local attribution methods are not further discussed here, we can mention Saliency maps (Simonyan et al., 2014) as an example.", 
        "endOffset": 119
      }, 
      {
        "referenceID": 24, 
        "startOffset": 169, 
        "context": "One practical application is the generation of adversarial perturbations, where genuine input samples are minimally perturbed to cause a disruptive change in the output (Szegedy et al., 2014; Goodfellow et al., 2015).", 
        "endOffset": 216
      }, 
      {
        "referenceID": 3, 
        "startOffset": 169, 
        "context": "One practical application is the generation of adversarial perturbations, where genuine input samples are minimally perturbed to cause a disruptive change in the output (Szegedy et al., 2014; Goodfellow et al., 2015).", 
        "endOffset": 216
      }, 
      {
        "referenceID": 23, 
        "startOffset": 172, 
        "context": "Attributions methods are hard to evaluate empirically because it is difficult to distinguish errors of the model from errors of the attribution method explaining the model (Sundararajan et al., 2017).", 
        "endOffset": 199
      }, 
      {
        "referenceID": 15, 
        "startOffset": 92, 
        "context": "In order to evaluate the hypothesis, we apply a variation of the region perturbation method (Samek et al., 2016) removing pixels according to the ranking provided by the attribution maps (higher first (+) or lower first (-)).", 
        "endOffset": 112
      }, 
      {
        "referenceID": 9, 
        "startOffset": 36, 
        "context": "We use the well-known MNIST dataset (LeCun et al., 1998) to test how the methods behave with two different architectures (a Multilayer Perceptron (MLP) and a CNN) and four different activation functions.", 
        "endOffset": 56
      }, 
      {
        "referenceID": 25, 
        "startOffset": 137, 
        "context": "We also test a simple CNN for image classification on CIFAR10 (Krizhevsky & Hinton, 2009) and the more complex Inception V3 architecture (Szegedy et al., 2016) on ImageNet (Russakovsky et al.", 
        "endOffset": 159
      }, 
      {
        "referenceID": 10, 
        "startOffset": 33, 
        "context": "For this we use the IMDB dataset (Maas et al., 2011), applying both a MLP and an LSTM model.", 
        "endOffset": 52
      }, 
      {
        "referenceID": 1, 
        "startOffset": 202, 
        "context": "It has been shown, however, that adjusting the propagation rule for multiplicative interactions and avoiding critical nonlinearities, -LRP can be applied to LSTM networks, obtaining interesting results (Arras et al., 2017).", 
        "endOffset": 222
      }
    ], 
    "source": "CRF", 
    "creator": "LaTeX with hyperref package", 
    "references": [
      {
        "shortCiteRegEx": "Shapley et al\\.", 
        "author": [
          "Lloyd S. Shapley", 
          "author=Roth", 
          "Alvin E"
        ], 
        "citeRegEx": "Shapley et al\\.,? \\Q1988\\E", 
        "venue": "TensorFlow: Large-scale machine learning on heterogeneous systems,", 
        "year": 1988, 
        "title": "title=The Shapley value: essays in honor"
      }, 
      {
        "shortCiteRegEx": "Arras et al\\.", 
        "author": [
          "Leila Arras", 
          "Gr\u00e9goire Montavon", 
          "Klaus-Robert M\u00fcller", 
          "Wojciech Samek"
        ], 
        "citeRegEx": "Arras et al\\.,? \\Q2017\\E", 
        "venue": "Proceedings of the 8th Workshop on Computational Approaches to Subjectivity, Sentiment and Social Media Analysis,", 
        "year": 2017, 
        "title": "Explaining recurrent neural network predictions in sentiment analysis"
      }, 
      {
        "shortCiteRegEx": "Bach et al\\.", 
        "author": [
          "Sebastian Bach", 
          "Alexander Binder", 
          "Gr\u00e9goire Montavon", 
          "Frederick Klauschen", 
          "Klaus-Robert M\u00fcller", 
          "Wojciech Samek"
        ], 
        "citeRegEx": "Bach et al\\.,? \\Q2015\\E", 
        "venue": "PloS one,", 
        "year": 2015, 
        "title": "On pixel-wise explanations for non-linear classifier decisions by layer-wise relevance propagation"
      }, 
      {
        "shortCiteRegEx": "Goodfellow et al\\.", 
        "author": [
          "Ian J Goodfellow", 
          "Jonathon Shlens", 
          "Christian Szegedy"
        ], 
        "citeRegEx": "Goodfellow et al\\.,? \\Q2015\\E", 
        "venue": "e International Conference on Learning Representations (ICLR 2015)", 
        "year": 2015, 
        "title": "Explaining and harnessing adversarial examples"
      }, 
      {
        "shortCiteRegEx": "Hochreiter and Schmidhuber.", 
        "author": [
          "Sepp Hochreiter", 
          "J\u00fcrgen Schmidhuber"
        ], 
        "citeRegEx": "Hochreiter and Schmidhuber.,? \\Q1997\\E", 
        "venue": "Neural Computation,", 
        "year": 1997, 
        "title": "Long short-term memory"
      }, 
      {
        "shortCiteRegEx": "Kindermans et al\\.", 
        "author": [
          "Pieter-Jan Kindermans", 
          "Kristof Sch\u00fctt", 
          "Klaus-Robert M\u00fcller", 
          "Sven D\u00e4hne"
        ], 
        "citeRegEx": "Kindermans et al\\.,? \\Q2016\\E", 
        "venue": "CoRR, abs/1611.07270,", 
        "year": 2016, 
        "title": "Investigating the influence of noise and distractors on the interpretation of neural networks"
      }, 
      {
        "shortCiteRegEx": "Kingma and Ba.", 
        "author": [
          "Diederik Kingma", 
          "Jimmy Ba"
        ], 
        "citeRegEx": "Kingma and Ba.,? \\Q2014\\E", 
        "venue": "arXiv preprint arXiv:1412.6980,", 
        "year": 2014, 
        "title": "Adam: A method for stochastic optimization"
      }, 
      {
        "shortCiteRegEx": "Krizhevsky and Hinton.", 
        "author": [
          "Alex Krizhevsky", 
          "Geoffrey Hinton"
        ], 
        "citeRegEx": "Krizhevsky and Hinton.,? \\Q2009\\E", 
        "venue": null, 
        "year": 2009, 
        "title": "Learning multiple layers of features from tiny images"
      }, 
      {
        "shortCiteRegEx": "Krizhevsky et al\\.", 
        "author": [
          "Alex Krizhevsky", 
          "Ilya Sutskever", 
          "Geoffrey E Hinton"
        ], 
        "citeRegEx": "Krizhevsky et al\\.,? \\Q2012\\E", 
        "venue": "In Proc. of NIPS, pp", 
        "year": 2012, 
        "title": "Imagenet classification with deep convolutional neural networks"
      }, 
      {
        "shortCiteRegEx": "LeCun et al\\.", 
        "author": [
          "Yann LeCun", 
          "Corinna Cortes", 
          "Christopher JC Burges"
        ], 
        "citeRegEx": "LeCun et al\\.,? \\Q1998\\E", 
        "venue": null, 
        "year": 1998, 
        "title": "The mnist database of handwritten digits"
      }, 
      {
        "shortCiteRegEx": "Maas et al\\.", 
        "author": [
          "Andrew L Maas", 
          "Raymond E Daly", 
          "Peter T Pham", 
          "Dan Huang", 
          "Andrew Y Ng", 
          "Christopher Potts"
        ], 
        "citeRegEx": "Maas et al\\.,? \\Q2011\\E", 
        "venue": "In Proceedings of the 49th Annual Meeting of the Association for Computational Linguistics: Human Language Technologies-Volume", 
        "year": 2011, 
        "title": "Learning word vectors for sentiment analysis"
      }, 
      {
        "shortCiteRegEx": "Mnih et al\\.", 
        "author": [
          "Volodymyr Mnih", 
          "Koray Kavukcuoglu", 
          "David Silver", 
          "Andrei A Rusu", 
          "Joel Veness", 
          "Marc G Bellemare", 
          "Alex Graves", 
          "Martin Riedmiller", 
          "Andreas K Fidjeland", 
          "Georg Ostrovski"
        ], 
        "citeRegEx": "Mnih et al\\.,? \\Q2015\\E", 
        "venue": "Nature, 518(7540):529\u2013533,", 
        "year": 2015, 
        "title": "Human-level control through deep reinforcement learning"
      }, 
      {
        "shortCiteRegEx": "Montavon et al\\.", 
        "author": [
          "Gr\u00e9goire Montavon", 
          "Sebastian Lapuschkin", 
          "Alexander Binder", 
          "Wojciech Samek", 
          "Klaus-Robert M\u00fcller"
        ], 
        "citeRegEx": "Montavon et al\\.,? \\Q2017\\E", 
        "venue": "Pattern Recognition,", 
        "year": 2017, 
        "title": "Explaining nonlinear classification decisions with deep taylor decomposition"
      }, 
      {
        "shortCiteRegEx": "Montavon et al\\.", 
        "author": [
          "Gr\u00e9goire Montavon", 
          "Wojciech Samek", 
          "Klaus-Robert M\u00fcller"
        ], 
        "citeRegEx": "Montavon et al\\.,? \\Q2004\\E", 
        "venue": "Digital Signal Processing,", 
        "year": 2004, 
        "title": "Methods for interpreting and understanding deep neural networks"
      }, 
      {
        "shortCiteRegEx": "Roth.", 
        "author": [
          "Alvin E Roth"
        ], 
        "citeRegEx": "Roth.,? \\Q1988\\E", 
        "venue": null, 
        "year": 1988, 
        "title": "The Shapley value: essays in honor of Lloyd S"
      }, 
      {
        "shortCiteRegEx": "Samek et al\\.", 
        "author": [
          "Wojciech Samek", 
          "Alexander Binder", 
          "Gr\u00e9goire Montavon", 
          "Sebastian Lapuschkin", 
          "Klaus-Robert M\u00fcller"
        ], 
        "citeRegEx": "Samek et al\\.,? \\Q2016\\E", 
        "venue": "IEEE transactions on neural networks and learning systems,", 
        "year": 2016, 
        "title": "Evaluating the visualization of what a deep neural network has learned"
      }, 
      {
        "shortCiteRegEx": "Selvaraju et al\\.", 
        "author": [
          "Ramprasaath R. Selvaraju", 
          "Abhishek Das", 
          "Ramakrishna Vedantam", 
          "Michael Cogswell", 
          "Devi Parikh", 
          "Dhruv Batra"
        ], 
        "citeRegEx": "Selvaraju et al\\.,? \\Q2016\\E", 
        "venue": "CoRR, abs/1610.02391,", 
        "year": 2016, 
        "title": "Grad-cam: Why did you say that? visual explanations from deep networks via gradient-based localization"
      }, 
      {
        "shortCiteRegEx": "Shrikumar et al\\.", 
        "author": [
          "Avanti Shrikumar", 
          "Peyton Greenside", 
          "Anna Shcherbina", 
          "Anshul Kundaje"
        ], 
        "citeRegEx": "Shrikumar et al\\.,? \\Q2016\\E", 
        "venue": "arXiv preprint arXiv:1605.01713,", 
        "year": 2016, 
        "title": "Not just a black box: Learning important features through propagating activation differences"
      }, 
      {
        "shortCiteRegEx": "Shrikumar et al\\.", 
        "author": [
          "Avanti Shrikumar", 
          "Peyton Greenside", 
          "Anshul Kundaje"
        ], 
        "citeRegEx": "Shrikumar et al\\.,? \\Q2017\\E", 
        "venue": "In Doina Precup and Yee Whye Teh (eds.), Proceedings of the 34th International Conference on Machine Learning,", 
        "year": 2017, 
        "title": "Learning important features through propagating activation differences"
      }, 
      {
        "shortCiteRegEx": "Silver et al\\.", 
        "author": [
          "David Silver", 
          "Aja Huang", 
          "Chris J Maddison", 
          "Arthur Guez", 
          "Laurent Sifre", 
          "George Van Den Driessche", 
          "Julian Schrittwieser", 
          "Ioannis Antonoglou", 
          "Veda Panneershelvam", 
          "Marc Lanctot"
        ], 
        "citeRegEx": "Silver et al\\.,? \\Q2016\\E", 
        "venue": "search. Nature,", 
        "year": 2016, 
        "title": "Mastering the game of go with deep neural networks and tree"
      }, 
      {
        "shortCiteRegEx": "Simonyan et al\\.", 
        "author": [
          "Karen Simonyan", 
          "Andrea Vedaldi", 
          "Andrew Zisserman"
        ], 
        "citeRegEx": "Simonyan et al\\.,? \\Q2014\\E", 
        "venue": "ICLR Workshop,", 
        "year": 2014, 
        "title": "Deep inside convolutional networks: Visualising image classification models and saliency maps"
      }, 
      {
        "shortCiteRegEx": "Smilkov et al\\.", 
        "author": [
          "Daniel Smilkov", 
          "Nikhil Thorat", 
          "Been Kim", 
          "Fernanda Vi\u00e9gas", 
          "Martin Wattenberg"
        ], 
        "citeRegEx": "Smilkov et al\\.,? \\Q2017\\E", 
        "venue": "arXiv preprint arXiv:1706.03825,", 
        "year": 2017, 
        "title": "Smoothgrad: removing noise by adding noise"
      }, 
      {
        "shortCiteRegEx": "Springenberg et al\\.", 
        "author": [
          "Jost Tobias Springenberg", 
          "Alexey Dosovitskiy", 
          "Thomas Brox", 
          "Martin Riedmiller"
        ], 
        "citeRegEx": "Springenberg et al\\.,? \\Q2014\\E", 
        "venue": "ICLR 2015 Workshop,", 
        "year": 2014, 
        "title": "Striving for simplicity: The all convolutional net"
      }, 
      {
        "shortCiteRegEx": "Sundararajan et al\\.", 
        "author": [
          "Mukund Sundararajan", 
          "Ankur Taly", 
          "Qiqi Yan"
        ], 
        "citeRegEx": "Sundararajan et al\\.,? \\Q2017\\E", 
        "venue": "Doina Precup and Yee Whye Teh (eds.), Proceedings of the 34th International Conference on Machine Learning,", 
        "year": 2017, 
        "title": "Axiomatic attribution for deep networks"
      }, 
      {
        "shortCiteRegEx": "Szegedy et al\\.", 
        "author": [
          "Christian Szegedy", 
          "Wojciech Zaremba", 
          "Ilya Sutskever", 
          "Joan Bruna", 
          "Dumitru Erhan", 
          "Ian Goodfellow", 
          "Rob Fergus"
        ], 
        "citeRegEx": "Szegedy et al\\.,? \\Q2014\\E", 
        "venue": "In International Conference on Learning Representations,", 
        "year": 2014, 
        "title": "Intriguing properties of neural networks"
      }, 
      {
        "shortCiteRegEx": "Szegedy et al\\.", 
        "author": [
          "Christian Szegedy", 
          "Vincent Vanhoucke", 
          "Sergey Ioffe", 
          "Jon Shlens", 
          "Zbigniew Wojna"
        ], 
        "citeRegEx": "Szegedy et al\\.,? \\Q2016\\E", 
        "venue": "In Proceedings of the IEEE Conference on Computer Vision and Pattern Recognition,", 
        "year": 2016, 
        "title": "Rethinking the inception architecture for computer vision"
      }, 
      {
        "shortCiteRegEx": "Wu et al\\.", 
        "author": [
          "Yonghui Wu", 
          "Mike Schuster", 
          "Zhifeng Chen", 
          "Quoc V Le", 
          "Mohammad Norouzi", 
          "Wolfgang Macherey", 
          "Maxim Krikun", 
          "Yuan Cao", 
          "Qin Gao", 
          "Klaus Macherey"
        ], 
        "citeRegEx": "Wu et al\\.,? \\Q2016\\E", 
        "venue": "arXiv preprint arXiv:1609.08144,", 
        "year": 2016, 
        "title": "Google\u2019s neural machine translation system: Bridging the gap between human and machine translation"
      }, 
      {
        "shortCiteRegEx": "Zeiler.", 
        "author": [
          "Matthew D Zeiler"
        ], 
        "citeRegEx": "Zeiler.,? \\Q2012\\E", 
        "venue": "arXiv preprint arXiv:1212.5701,", 
        "year": 2012, 
        "title": "Adadelta: an adaptive learning rate method"
      }, 
      {
        "shortCiteRegEx": "Zeiler and Fergus.", 
        "author": [
          "Matthew D Zeiler", 
          "Rob Fergus"
        ], 
        "citeRegEx": "Zeiler and Fergus.,? \\Q2014\\E", 
        "venue": "In European conference on computer vision,", 
        "year": 2014, 
        "title": "Visualizing and understanding convolutional networks"
      }, 
      {
        "shortCiteRegEx": "Zintgraf et al\\.", 
        "author": [
          "Luisa M Zintgraf", 
          "Taco S Cohen", 
          "Tameem Adel", 
          "Max Welling"
        ], 
        "citeRegEx": "Zintgraf et al\\.,? \\Q2017\\E", 
        "venue": null, 
        "year": 2017, 
        "title": "Visualizing deep neural network decisions: Prediction difference analysis"
      }
    ], 
    "authors": [
      "Marco Ancona", 
      "Enea Ceolini"
    ], 
    "abstractText": "Understanding the flow of information in Deep Neural Networks (DNNs) is a challenging problem that has gain increasing attention over the last few years. While several methods have been proposed to explain network predictions, there have been only a few attempts to compare them from a theoretical perspective. What is more, no exhaustive empirical comparison has been performed in the past. In this work, we analyze four gradient-based attribution methods and formally prove conditions of equivalence and approximation between them. By reformulating two of these methods, we construct a unified framework which enables a direct comparison, as well as an easier implementation. Finally, we propose a novel evaluation metric, called Sensitivity-n and test the gradient-based attribution methods alongside with a simple perturbation-based attribution method on several datasets in the domains of image and text classification, using various network architectures.", 
    "sections": [
      {
        "text": "While DNNs have had a large impact on a variety of different tasks (LeCun et al., 2015; Krizhevsky et al., 2012; Mnih et al., 2015; Silver et al., 2016; Wu et al., 2016), explaining their predictions is still challenging. The lack of tools to inspect the behavior of these black-box models makes DNNs less trustable for those domains where interpretability and reliability are crucial, like autonomous driving, medical applications and finance.\nIn this work, we study the problem of assigning an attribution value, sometimes also called \"relevance\" or \"contribution\", to each input feature of a network. More formally, consider a DNN that takes an input x = [x1, ..., xN ] \u2208 RN and produces an output S(x) = [S1(x), ..., SC(x)], where C is the total number of output neurons. Given a specific target neuron c, the goal of an attribution method is to determine the contribution Rc = [Rc1, ..., R c N ] \u2208 RN of each input feature xi to the output Sc. For a classification task, the target neuron of interest is usually the output neuron associated with the correct class for a given sample. When the attributions of all input features are arranged together to have the same shape of the input sample we talk about attribution maps (Figures 1-2), which are usually displayed as heatmaps where red color indicates features that contribute positively to the activation of the target output, and blue color indicates features that have a suppressing effect on it.\nThe problem of finding attributions for deep networks has been tackled in several previous works (Simonyan et al., 2014; Zeiler & Fergus, 2014; Springenberg et al., 2014; Bach et al., 2015; Shrikumar et al., 2017; Sundararajan et al., 2017; Montavon et al., 2017; Zintgraf et al., 2017). Unfortunately, due to slightly different problem formulations, lack of compatibility with the variety of existing DNN architectures and no common benchmark, a comprehensive comparison is not available. Various\nnew attribution methods have been published in the last few years but we believe a better theoretical understanding of their properties is fundamental. The contribution of this work is twofold:\n1. We prove that -LRP (Bach et al., 2015) and DeepLIFT (Rescale) (Shrikumar et al., 2017) can be reformulated as computing backpropagation for a modified gradient function (Section 3). This allows the construction of a unified framework that comprises several gradient-based attribution methods, which reveals how these methods are strongly related, if not equivalent under certain conditions. We also show how this formulation enables a more convenient implementation with modern graph computational libraries.\n2. We introduce the definition of Sensitivity-n, which generalizes the properties of Completeness (Sundararajan et al., 2017) and Summation to Delta (Shrikumar et al., 2017) and we compare several methods against this metric on widely adopted datasets and architectures. We show how empirical results support our theoretical findings and propose directions for the usage of the attribution methods analyzed (Section 4).", 
        "heading": "1 INTRODUCTION AND MOTIVATION"
      }, 
      {
        "text": "", 
        "heading": "2 OVERVIEW OVER EXISTING ATTRIBUTION METHODS"
      }, 
      {
        "text": "Perturbation-based methods directly compute the attribution of an input feature (or set of features) by removing, masking or altering them, and running a forward pass on the new input, measuring the difference with the original output. This technique has been applied to Convolutional Neural Networks (CNNs) in the domain of image classification (Zeiler & Fergus, 2014), visualizing the probability of the correct class as a function of the position of a grey patch occluding part of the image. While perturbation-based methods allow a direct estimation of the marginal effect of a feature, they tend to be very slow as the number of features to test grows (ie. up to hours for a single image (Zintgraf et al., 2017)). What is more, given the nonlinear nature of DNNs, the result is strongly influenced by the number of features that are removed altogether at each iteration (Figure 1).\nIn the remainder of the paper, we will consider the occluding method by Zeiler & Fergus (2014) as a comparison benchmark for perturbation-based methods. We will use this method, referred to as Occlusion-1, replacing one feature xi at the time with a zero baseline and measuring the effect of this perturbation on the target output, ie. Sc(x) \u2212 Sc(x[xi=0]) where we use x[xi=v] to indicate a sample x \u2208 RN whose i-th component has been replaced with v. The choice of zero as a baseline is consistent with the related literature and further discussed in Appendix B.", 
        "heading": "2.1 PERTURBATION-BASED METHODS"
      }, 
      {
        "text": "Backpropagation-based methods compute the attributions for all input features in a single forward and backward pass through the network 1. While these methods are generally faster then perturbationbased methods, their outcome can hardly be directly related to a variation of the output.\n1Sometimes several of these steps are necessary, but the number does not depend on the number of input feature and generally much smaller than for perturbation-based methods\nGradient * Input (Shrikumar et al., 2016) was at first proposed as a technique to improve the sharpness of the attribution maps. The attribution is computed taking the (signed) partial derivatives of the output with respect to the input and multiplying them with the input itself. Refer to Table 1 for the mathematical definition.\nIntegrated Gradients (Sundararajan et al., 2017), similarly to Gradient * Input, computes the partial derivatives of the output with respect to each input feature. However, while Gradient * Input computes a single derivative, evaluated at the provided input x, Integrated Gradients computes the average gradient while the input varies along a linear path from a baseline x\u0304 to x. The baseline is defined by the user and often chosen to be zero. We report the mathematical definition in Table 1.\nIntegrated Gradients satisfies a notable property: the attributions sum up to the target output minus the target output evaluated at the baseline. Mathematically, \u2211N i=1R c i (x) = Sc(x) \u2212 Sc(x\u0304). In related literature, this property has been variously called Completeness (Sundararajan et al., 2017), Summation to Delta (Shrikumar et al., 2017) or Efficiency in the context of cooperative game theory (Roth, 1988), and often recognized as desirable for attribution methods.\nLayer-wise Relevance Propagation (LRP) (Bach et al., 2015) is computed with a backward pass on the network. Let us consider a quantity r(l)i , called \"relevance\" of unit i of layer l. The algorithm starts at the output layer L and assigns the relevance of the target neuron c equal to the output of the neuron itself and the relevance of all other neurons to zero (Eq. 1).\nThe algorithm proceeds layer by layer, redistributing the prediction score Si until the input layer is reached. One recursive rule for the redistribution of a layer\u2019s relevance to the following layer is the -rule described in Eq. 2, where we defined zji = w (l+1,l) ji x (l) i to be the weighted activation of a neuron i onto neuron j in the next layer and bj the additive bias of unit j. A small quantity is added to the denominator of Equation 2 to avoid numerical instabilities. Once reached the input layer, the final attributions are defined as Rci (x) = r (1) i .\nr (L) i = { Si(x) if unit i is the target unit of interest 0 otherwise\n(1)\nr (l) i = \u2211 j zji\u2211 i\u2032(zji\u2032 + bj) + \u00b7 sign( \u2211 i\u2032(zji\u2032 + bj)) r (l+1) j (2)\nLRP together with the propagation rule described in Eq. 2 is called -LRP, analyzed in the remainder of this paper. There exist alternative stabilizing methods described in Bach et al. (2015) and Montavon et al. (2017) which we do not consider here.\nDeepLIFT (Shrikumar et al., 2017) proceeds in a backward fashion, similarly to LRP. Each unit i is assigned an attribution that represents the relative effect of the unit activated at the original network input x compared to the activation at some reference input x\u0304 (Eq. 3). Reference values z\u0304ji for all hidden units are determined running a forward pass through the network, using the baseline x\u0304 as input, and recording the activation of each unit. As in LRP, the baseline is often chosen to be zero. The relevance propagation is described in Eq. 4. The attributions at the input layer are defined as Rci (x) = r (1) i as for LRP.\nr (L) i = { Si(x)\u2212 Si(x\u0304) if unit i is the target unit of interest 0 otherwise\n(3)\nr (l) i = \u2211 j zji \u2212 z\u0304ji\u2211 i\u2032 zji \u2212 \u2211 i\u2032 z\u0304ji r (l+1) j (4)\nIn Equation 4, z\u0304ji = w (l+1,l) ji x\u0304 (l) i is the weighted activation of a neuron i onto neuron j when the baseline x\u0304 is fed into the network. As for Integrated Gradients, DeepLIFT was designed to satisfy Completeness. The rule described in Eq. 4 (\"Rescale rule\") is used in the original formulation of the method and it is the one we will analyze in the remainder of the paper. The \"Reveal-Cancel\" rule (Shrikumar et al., 2017) is not considered here.\nOther back-propagation methods exist. Saliency maps (Simonyan et al., 2014) constructs attributions by taking the absolute value of the partial derivative of the target output Sc with respect to the input features xi. Intuitively, the absolute value of the gradient indicates those input features (pixels, for image classification) that can be perturbed the least in order for the target output to change the most. However, the absolute value prevents the detection of positive and negative evidence that might be present in the input, reason for which this method will not be used for comparison in the remainder of the paper. Similarly, Deep Taylor Decomposition (Montavon et al., 2017), although showed to produce sparser explanations, assumes no negative evidence in the input and produces only positive attribution maps. We show in Section 4 that this assumption does not hold for our tasks. Other methods that are designed only for specific architectures (ie. Grad-CAM (Selvaraju et al., 2016) for CNNs) or activation functions (ie. Deconvolutional Network (Zeiler & Fergus, 2014) and Guided Backpropagation (Springenberg et al., 2014) for ReLU) are also out of the scope of this analysis, since our goal is to perform a comparison across multiple architectures and tasks.", 
        "heading": "2.2 BACKPROPAGATION-BASED METHODS"
      }, 
      {
        "text": "Gradient * Input and Integrated Gradients are, by definition, computed as a function of the partial derivatives of the target output with respect to each input feature. In this section, we will show that -LRP and DeepLIFT can also be computed by applying the chain rule for gradients, if the instant gradient at each nonlinearity is replaced with a function that depends on the method.\nIn a DNN where each layer performs a linear transformation zj = \u2211 i wjixi + bj followed by a nonlinear mapping xj = f(zj), a path connecting any two units consists of a sequence of such operations. The chain rule along a single path is therefore the product of the partial derivatives of all linear and nonlinear transformations along the path. For two units i and j in subsequent layers we have \u2202xj/\u2202xi = wji \u00b7 f \u2032(zj), whereas for any two generic units i and c connected by a set of paths Pic the partial derivative is sum of the product of all weights wp and all derivatives of the nonlinearities f \u2032(z)p along each path p \u2208 Pic. We introduce a notation to indicate a modified chain-rule, where the derivative of the nonlinearities f \u2032() is replaced by a generic function g():\n\u2202gxc \u2202xi = \u2211 p\u2208Pic (\u220f wp \u220f g(z)p ) (5)\nWhen g() = f \u2032() this is the definition of partial derivative of the output of unit c with respect to unit i, computed as the sum of contributions over all paths connecting the two units. Given that a zero weight can be used for non-existing or blocked paths, this is valid for any architecture that involves fully-connected, convolutional or recurrent layers without multiplicative units, as well as for pooling operations. Proposition 1. -LRP is equivalent the feature-wise product of the input and the modified partial derivative \u2202gSc(x)/\u2202xi, with g = gLRP = fi(zi)/zi, i.e. the ratio between the output and the input at each nonlinearity. Proposition 2. DeepLIFT (Rescale) is equivalent to the feature-wise product of the x\u2212 x\u0304 and the modified partial derivative \u2202gSc(x)/\u2202xi, with g = gDL = (fi(zi) \u2212 fi(z\u0304i))/(zi \u2212 z\u0304i), i.e. the\nratio between the difference in output and the difference in input at each nonlinearity, for a network provided with some input x and some baseline input x\u0304 defined by the user.\nThe proof for Proposition 1 and 2 are provided in Appendix A.1 and Appendix A.2 respectively. Given these results, we can write all methods with a consistent notation. Table 1 summaries the four methods considered and shows examples of attribution maps generated by these methods on MNIST.\nAs pointed out by Sundararajan et al. (2017) a desirable property for attribution methods is their immediate applicability to existing models. Our formulation makes this possible for -LRP and DeepLIFT. Since all modern frameworks for graph computation, like the popular TensorFlow (Abadi et al., 2015), implement backpropagation for efficient computation of the chain rule, it is possible to implement all methods above by the gradient of the graph nonlinearities, with no need to implement custom layers or operations. Listing 1 shows an example of how to achieve this on Tensorflow.\n1 @ops.RegisterGradient(\"GradLRP\") 2 def _GradLRP(op, grad): 3 op_out = op.outputs[0] 4 op_in = op.inputs[0] 5 return grad * op_out / (op_in + eps)\nListing 1: Example of gradient override for a Tensorflow operation. After registering this function as the gradient for nonlinear activation functions, a call to tf.gradients() and the multiplication with the input will produce the -LRP attributions.", 
        "heading": "3 A UNIFIED FRAMEWORK"
      }, 
      {
        "text": "The formulation of Table 1 facilitates the comparison between these methods. Motivated by the fact that attribution maps for different gradient-based methods look surprisingly similar on several tasks, we investigate some conditions of equivalence or approximation. Proposition 3. -LRP is equivalent to i) Gradient * Input if only Rectified Linear Units (ReLUs) are used as nonlinearities; ii) DeepLIFT (computed with a zero baseline) if applied to a network with no additive biases and with nonlinearities f such that f(0) = 0 (eg. ReLU or Tanh).\nThe first part of Proposition 3 comes directly as a corollary of Proposition 1 by noticing that for ReLUs the gradient at the nonlinearity f \u2032 is equal to gLRP for all inputs. This relation has been previously proven by Shrikumar et al. (2016) and Kindermans et al. (2016). Similarly, we notice that, in a network with no additive biases and nonlinearities that cross the origin, the propagation of the baseline produces a zero reference value for all hidden units (ie. \u2200i : z\u0304i = f(z\u0304i) = 0). Then gLRP = gDL, which proves the second part of the proposition.\nNotice that gLRP (z) = (f(z) \u2212 0)/(z \u2212 0) which, in the case of ReLU and Tanh, is the average gradient of the nonlinearity in [0, z]. It also easy to see that limz\u21920 gLRP (z) = f \u2032(0), which explain why g can not assume arbitrarily large values as z \u2192 0, even without stabilizers. On the contrary, if the discussed condition on the nonlinearity is not satisfied, for example with Sigmoid or Softplus, we found empirically that -LRP fails to produce meaningful attributions as shown in the empirical comparison of Section 4. We speculate this is due to the fact gLRP (z) can become extremely large for small values of z, being its upper-bound only limited by the stabilizer. This causes attribution values to concentrate on a few features as shown in Table 1. Notice also that the interpretation of gLRP as average gradient of the nonlinearity does not hold in this case, which explains why -LRP diverges from other methods 2.\nDeepLIFT and Integrated Gradients are related as well. While Integrated Gradients computes the average partial derivative of each feature as the input varies from a baseline to its final value, DeepLIFT approximates this quantity in a single step by replacing the gradient at each nonlinearity with its average gradient. Although the chain rule does not hold in general for average gradients, we show empirically in Section 4 that DeepLIFT is most often a good approximation of Integrated Gradients. This holds for various tasks, especially when employing simple models (see Figure 4). However, we found that DeepLIFT diverges from Integrated Gradients and fails to produce meaningful results when applied to Recurrent Neural Networks (RNNs) with multiplicative interactions (eg. gates in LSTM units (Hochreiter & Schmidhuber, 1997)). With multiplicative interactions, DeepLIFT does not satisfy Completeness, which can be illustrated with a simple example. Take two variables x1 and x2 and a the function h(x1, x2) = ReLU(x1 \u2212 1) \u00b7ReLU(x2). It can be easily shown that, by applying the methods as described by Table 1, DeepLIFT does not satisfy Completeness, one of its fundamental design properties, while Integrated gradients does.", 
        "heading": "3.1 INVESTIGATING FURTHER CONNECTIONS"
      }, 
      {
        "text": "The formulation in Table 1 highlights how all the gradient-based methods considered are computed from a quantity that depends on the weights and the architecture of the model, multiplied by the input itself. Similarly, Occlusion-1 can also be interpreted as the input multiplied by the average value of the partial derivatives, computed varying one feature at the time between zero and their final value:\nRci (x) = Sc(x)\u2212 Sc(x[xi=0]) = xi \u00b7 \u222b 1 \u03b1=0 \u2202Sc(x\u0303) \u2202(x\u0303i) \u2223\u2223\u2223\u2223 x\u0303=x[xi=\u03b1\u00b7xi] d\u03b1\nThe reason justifying the multiplication with the input has been only partially discussed in previous literature (Smilkov et al., 2017; Sundararajan et al., 2017; Shrikumar et al., 2016). In many cases, it contributes to making attribution maps sharper although it remains unclear how much of this can be attributed to the sharpness of the original image itself. We argue the multiplication with the input has a more fundamental justification, which allows to distinguish attribution methods in two broad categories: global attribution methods, that describe the marginal effect of a feature on the output with respect to a baseline and; local attribution methods, that describe how the output of the network changes for infinitesimally small perturbations around the original input.\nFor a concrete example, we will consider the linear case. Imagine a linear model to predict the total capital in ten years C, based on two investments x1 and x2: C = 1.05 \u00b7 x1 + 10 \u00b7 x2. Given this\n2We are not claiming any general superiority of gradient-based methods but rather observing that -LRP can only be considered gradient-based for precise choices of the nonlinearities. In fact, there are backpropagationbased attribution methods, not directly interpretable as gradient methods, that exhibit other desirable properties. For a discussion about advantages and drawbacks of gradient-based methods we refer the reader to Shrikumar et al. (2017); Montavon et al. (2018); Sundararajan et al. (2017).\nsimple model, R1 = \u2202C/\u2202x1 = 1.05, R2 = \u2202C/\u2202x2 = 10 represents a possible local attribution. With no information about the actual value of x1 and x2 we can still answer the question \"Where should one invest in order to generate more capital?. The local attributions reveal, in fact, that by investing x2 we will get about ten times more return than investing in x1. Notice, however, that this does not tell anything about the contribution to the total capital for a specific scenario. Assume x1 = 100\n\u2032000$ and x2 = 1\u2032000$. In this scenario C = 115000$. We might ask ourselves \"How the initial investments contributed to the final capital?\". In this case, we are looking for a global attribution. The most natural solution would be R1 = 1.05x1 = 105\u2032000$, R2 = 10x2 = 1\u2032000$, assuming a zero baseline. In this case the attribution for x1 is larger than that for x2, an opposite rank with respect to the results of the local model. Notice that we used nothing but Gradient * Input as global attribution method which, in the linear case, is equivalent to all other methods analyzed above.\nThe methods listed in Table 1 are examples of global attribution methods. Although local attribution methods are not further discussed here, we can mention Saliency maps (Simonyan et al., 2014) as an example. In fact, Montavon et al. (2017) showed that Saliency maps can be seen as the first-order term of a Taylor decomposition of the function implemented by the network, computed at a point infinitesimally close to the actual input.\nFinally, we notice that global and local attributions accomplish two different tasks, that only converge when the model is linear. Local attributions aim to explain how the input should be changed in order to obtain a desired variation on the output. One practical application is the generation of adversarial perturbations, where genuine input samples are minimally perturbed to cause a disruptive change in the output (Szegedy et al., 2014; Goodfellow et al., 2015). On the contrary, global attributions should be used to identify the marginal effect that the presence of a feature has on the output, which is usually desirable from an explanation method.", 
        "heading": "3.2 LOCAL AND GLOBAL ATTRIBUTION METHODS"
      }, 
      {
        "text": "Attributions methods are hard to evaluate empirically because it is difficult to distinguish errors of the model from errors of the attribution method explaining the model (Sundararajan et al., 2017). For this reason the final evaluation is often qualitative, based on the inspection of the produced attribution maps. We argue, however, that this introduces a strong bias in the evaluation: as humans, one would judge more favorably methods that produce explanations closer to his own expectations, at the cost of penalizing those methods that might more closely reflect the network behavior. In order to develop better quantitative tools for the evaluation of attribution methods, we first need to define the goal that an ideal attribution method should achieve, as different methods might be suitable for different tasks (Subsection 3.2).\nConsider the attribution maps on MNIST produced by a CNN that uses Sigmoid nonlinearities (Figure 3a-b). Integrated Gradients assigns high attributions to the background space in the middle of the image, while Occlusion-1 does not. One might be tempted to declare Integrated Gradients a better attribution method, given that the heatmap is less scattered and that the absence of strokes in the middle of the image might be considered a good clue in favor of a zero digit. In order to evaluate the hypothesis, we apply a variation of the region perturbation method (Samek et al., 2016) removing pixels according to the ranking provided by the attribution maps (higher first (+) or lower first (-)). We perform this operation replacing one pixel at the time with a zero value and measuring the variation in the target activation. The results in Figure 3c show that pixels highlighted by Occlusion-1 initially have a higher impact on the target output, causing a faster variation from the initial value. After removing about 20 pixels or more, Integrated Gradients seems to detect more relevant features, given that the variation in the target output is stronger than for Occlusion-1.\nThis is an example of attribution methods solving two different goals: we argue that while Occlusion-1 is better explaining the role of each feature considered in isolation, Integrated Gradients is better in capturing the effect of multiple features together. It is possible, in fact, that given the presence of several white pixels in the central area, the role of each one alone is not prominent, while the deletion of several of them together causes a drop in the output score. In order to test this assumption systematically, we propose a property called Sensitivity-n.\nSensitivity-n. An attribution method satisfies Sensitivity-n when the sum of the attributions for any subset of features of cardinality n is equal to the variation of the output Sc caused removing the\nfeatures in the subset. Mathematically when, for all subsets of features xS = [x1, ...xn] \u2286 x, it holds\u2211n i=1R c i (x) = Sc(x)\u2212 Sc(x[xS=0]).\nWhen n = N , with N being the total number of input features, we have \u2211N i=0R c i (x) = Sc(x) \u2212 Sc(x\u0304), where x\u0304 is an input baseline representing an input from which all features have been removed. This is nothing but the definition of Completeness or Summation to Delta, for which Sensitivity-n is a generalization. Notice that Occlusion-1 satisfy Sensitivity-1 by construction, like Integrated Gradients and DeepLIFT satisfy Sensitivity-N (the latter only without multiplicative units for the reasons discussed in Section 3.1). -LRP satisfies Sensitivity-N if the conditions of Proposition 3-(ii) are met. However no methods in Table 1 can satisfy Sensitivity-n for all n:\nProposition 4. All attribution methods defined in Table 1 satisfy Sensitivity-n for all values of n if and only if applied to a linear model or a model that behaves linearly for a selected task. In this case, all methods of Table 1 are equivalent.\nThe proof of Proposition 4 is provided in Appendix A.3. Intuitively, if we can only assign a scalar attribution to each feature, there are not enough degrees of freedom to capture nonlinear interactions. Besides degenerate cases when DNNs behave as linear systems on a particular dataset, the attribution methods we consider can only provide a partial explanation, sometimes focusing on different aspects, as discussed above for Occlusion-1 and Integrated Gradients.", 
        "heading": "4 EVALUATING ATTRIBUTIONS"
      }, 
      {
        "text": "Although no attribution method satisfies Sensitivity-n for all values of n, we can measure how well the sum of the attributions \u2211N i=1R c i (x) and the variation in the target output Sc(x)\u2212 Sc(x[xS=0]) correlate on a specific task for different methods and values of n. This can be used to compare the behavior of different attribution methods.\nWhile it is intractable to test all possible subsets of features of cardinality n, we estimate the correlation by randomly sampling one hundred subsets of features from a given input x for different values of n. Figure 4 reports the Pearson correlation coefficient (PCC) computed between the sum of the attributions and the variation in the target output varying n from one to about 80% of the total number of features. The PCC is averaged across a thousand of samples from each dataset. The sampling is performed using a uniform probability distribution over the features, given that we assume no prior knowledge on the correlation between them. This allows to apply this evaluation not only to images but to any kind of input.\nWe test all methods in Table 1 on several tasks and different architectures. We use the well-known MNIST dataset (LeCun et al., 1998) to test how the methods behave with two different architectures (a Multilayer Perceptron (MLP) and a CNN) and four different activation functions. We also test a simple CNN for image classification on CIFAR10 (Krizhevsky & Hinton, 2009) and the more complex Inception V3 architecture (Szegedy et al., 2016) on ImageNet (Russakovsky et al., 2015) samples. Finally, we test a model for sentiment classification from text data. For this we use the IMDB dataset (Maas et al., 2011), applying both a MLP and an LSTM model. Details about the architectures can be found in Appendix C. Notice that it was not our goal, nor a requirement, to reach\nthe state-of-the-art in these tasks since attribution methods should be applicable to any model. On the contrary, the simple model architecture used for sentiment analysis enables us to show a case where a DNN degenerates into a nearly-linear behavior, showing in practice the effects of Proposition 4. From these results we can formulate some considerations:\n1. Input might contain negative evidence. Since all methods considered produce signed attributions and the correlation is close to one for at least some value of n, we conclude that the input samples can contain negative evidence and that it can be correctly reported. This conclusion is further supported by the results in Figure 3c where the occlusion of negative evidence produces an increase in the target output. On the other hand, on complex models like Inception V3, all gradient-based methods show low accuracy in predicting the attribution sign, leading to heatmaps affected by high-frequency noise (Figure 2).\n2. Occlusion-1 better identifies the few most important features. This is supported by the fact that Occlusion-1 satisfies Sensitivity-1, as expected, while the correlation decreases monotonically as n increases in all our experiments. For simple models, the correlation remains rather high even for medium-size sets of pixels but Integrated Gradients, DeepLIFT and LRP should be preferred when interested in capturing global nonlinear effects and cross-interactions between different features. Notice also that Occlusion-1 is much slower than gradient-based methods.\n3. In some cases, like in MNIST-MLP w/ Tanh, Gradient * Input approximates the behavior of Occlusion-1 better than other gradient-based methods. This suggests that the instant gradient computed by Gradient * Input is feature-wise very close to the average gradient for these models.\n4. Integrated Gradients and DeepLIFT have very high correlation, suggesting that the latter is a good (and faster) approximation of the former in practice. This does not hold in presence of multiplicative interactions between features (eg. IMDB-LSTM). In these cases the analyzed formulation of DeepLIFT should be avoided for the reasons discussed in Section 3.1.\n5. -LRP is equivalent to Gradient * Input when all nonlinearities are ReLUs, while it fails when these are Sigmoid or Softplus. When the nonlinearities are such that f(0) 6= 0, -LRP diverges from other methods, cannot be seen as a discrete gradient approximator and may lead to numerical instabilities for small values of the stabilizer (Section 3.1). It has been shown, however, that adjusting the propagation rule for multiplicative interactions and avoiding critical nonlinearities, -LRP can be applied to LSTM networks, obtaining interesting results (Arras et al., 2017).\nUnfortunately, these changes obstacle the formulation as modified chain-rule and make ad-hoc implementation necessary.\n6. All methods are equivalent when the model behaves linearly. On IMDB (MLP), where we used a very shallow network, all methods are equivalent and the correlation is maximum for almost all values of n. From Proposition 4 we can say that the model approximates a linear behavior (each word contributes to the output independently from the context).", 
        "heading": "4.1 MEASURING SENSITIVITY"
      }, 
      {
        "text": "In this work, we have analyzed Gradient * Input, -LRP, Integrated Gradients and DeepLIFT (Rescale) from theoretical and practical perspectives. We have shown that these four methods, despite their apparently different formulation, are strongly related, proving conditions of equivalence or approximation between them. Secondly, by reformulating -LRP and DeepLIFT (Rescale), we have shown how these can be implemented as easy as other gradient-based methods. Finally, we have proposed a metric called Sensitivity-n which helps to uncover properties of existing attribution methods but also traces research directions for more general ones.", 
        "heading": "5 CONCLUSIONS"
      }, 
      {
        "text": "This work was partially funded by the Swiss Commission for Technology and Innovation (CTI Grant No. 19005.1 PFES-ES). We would like to thank Brian McWilliams and David Tedaldi for their helpful feedback.", 
        "heading": "ACKNOWLEDGEMENTS"
      }, 
      {
        "text": "A.1 PROOF OF PROPOSITION 1\nFor the following proof we refer to the propagation rule defined as in Equation 56 of Bach et al. (2015). According to this definition the bias terms can be assigned part of the relevance. We also assume the stabilizer term \u00b7 sign( \u2211 i\u2032(zi\u2032j + bj)) at the denominator of Equation 2 is small enough to be neglected, which is anyway necessary for the property of relevance conservation to hold.\nProof. We proceed by induction. By definition, the -LRP relevance of the target neuron c on the top layer L is defined to be equal to the output of the neuron itself, Sc:\nr(L)c = Sc(x) = f \u2211 j w (L,L\u22121) cj x (L\u22121) j + bc  (6) The relevance of the parent layer is:\nr (L\u22121) j = r L c\nw (L,L\u22121) cj x (L\u22121) j\u2211\nj\u2032 w (L,L\u22121) cj\u2032 x (L\u22121) j\u2032 + bc\nI LRP prop. rule (Eq. 2)\n= f \u2211 j\u2032 w (L,L\u22121) cj\u2032 x (L\u22121) j\u2032 + bc  w(L,L\u22121)cj x(L\u22121)j\u2211 j\u2032 w (L,L\u22121) cj\u2032 x (L\u22121) j\u2032 + bc I replacing Eq. 6\n= gLRP \u2211 j\u2032 w (L,L\u22121) cj\u2032 x (L\u22121) j\u2032 + bc w(L,L\u22121)cj x(L\u22121)j I by definition of gLRP = \u2202g LRP Sc(x)\n\u2202x (L\u22121) j\nx (L\u22121) j I by definition of \u2202 g (Eq. 5)\nFor the inductive step we start from the hypothesis that on a generic layer l the LRP explanation is:\nr (l) i =\n\u2202g LRP\nSc(x)\n\u2202x (l) i\nx (l) i (7)\nthen for layer l \u2212 1 it holds:\nr (l\u22121) j = \u2211 i r (l) i\nw (l,l\u22121) ij x (l\u22121) j\u2211\nj\u2032 w (l,l\u22121) ij\u2032 x (l\u22121) j\u2032 + bi\nI LRP propagation rule (Eq. 2)\n= \u2211 i \u2202g LRP Sc(x) \u2202x (l) i x (l) i\u2211 j\u2032 w (l,l\u22121) ij\u2032 x\n(l\u22121) j\u2032 + bi\ufe38 \ufe37\ufe37 \ufe38\ngLRP\nw (l,l\u22121) ij x (l\u22121) j I replacing Eq. 7\n= \u2202g\nLRP\nSc(x)\n\u2202x (l\u22121) j\nx (l\u22121) j I chain-rule for \u2202 g\nIn the last step, we used the chain-rule for \u2202g, defined in Equation 5. This only differs from the gradient chain-rule by the fact that the gradient of the nonlinearity f \u2032 between layers l \u2212 1 and l is replaced with the value of gLRP , ie. the ratio between the output and the input at the nonlinearity.\nA.2 PROOF OF PROPOSITION 2\nSimilarly to how a chain rule for gradients is constructed, DeepLIFT computes a multiplicative term, called \"multiplier\", for each operation in the network. These terms are chained to compute a global multiplier between two given units by summing up all possible paths connecting them. The chaining rule, called by the authors \"chain rule for multipliers\" (Eq. 3 in (Shrikumar et al., 2017)) is identical to the chain rule for gradients, therefore we only need to prove that the multipliers are equivalent to the terms used in the computation of our modified backpropagation.\nLinear operations. For Linear and Convolutional layers implementing operations of the form zj = \u2211 i(wji \u00b7 xi) + bj , the DeepLIFT multiplier is defined to be m = wji (Sec. 3.5.1 in (Shrikumar et al., 2017)). In our formulation the gradient of linear operations is not modified, hence it is \u2202zi/\u2202xi = wji, equal to the original DeepLIFT multiplier.\nNonlinear operations. For a nonlinear operation with a single input of the form xi = f(zi) (i.e. any nonlinear activation function), the DeepLIFT multiplier (Sec. 3.5.2 in Shrikumar et al. (Shrikumar et al., 2017)) is:\nm = \u2206x \u2206z = f(zi)\u2212 f(z\u0304i) zi \u2212 z\u0304i = gDL (8)\nNonlinear operations with multiple inputs (eg. 2D pooling) are not addressed in (Shrikumar et al., 2017). For these, we keep the original operations\u2019 gradient unmodified as in the DeepLIFT public implementation. 3\nA.3 PROOF OF PROPOSITION 4 By linear model we refer to a model whose target output can be written as Sc(x) = \u2211 i hi(xi), where all hi are compositions of linear functions. As such, we can write\nSc(x) = \u2211 i aixi + bi (9)\nfor some some ai and bi. If the model is linear only in the restricted domain of a task inputs, the following considerations hold in the domain. We start the proof by showing that, on a linear model, all methods of Table 1 are equivalent.\nProof. In the case of Gradient * Input, on a linear model it holds Rci (x) = xi \u00b7 \u2202Sc(x) \u2202xi = xih \u2032 i(x) = aixi, being all other derivatives in the summation zero. Since we are considering a linear model, all nonlinearities f are replaced with the identity function and therefore \u2200z : gDL(z) = gLRP (z) = f \u2032(z) = 1 and the modified chain-rules for LRP and DeepLIFT reduce to the gradient chain-rule. This proves that -LRP and DeepLIFT with a zero baseline are equivalent to Gradient * Input in the linear case. For Integrated Gradients the gradient term is constant and can be taken out of the integral: Rci (x) = xi \u00b7 \u222b 1 \u03b1=0 \u2202Sc(x\u0303) \u2202(x\u0303i) \u2223\u2223 x\u0303=x\u0304+\u03b1(x\u2212x\u0304)d\u03b1 = xi \u00b7 \u222b 1 \u03b1=0 h\u2032i(\u03b1xi)d\u03b1 = ai \u00b7 \u222b 1 \u03b1=0\nd\u03b1 = aixi. Finally, for Occlusion-1, by the definition we get Rci (x) = Sc(x)\u2212Sc(x[xi=0]) = \u2211 j(ajxj + bj)\u2212\u2211\nj 6=i(ajxj + bj)\u2212 bi = aixi, which completes the proof the proof of equivalence for the methods in Table 1 in the linear case.\nIf we now consider any subset of n features xS \u2286 x, we have for Occlusion-1:\nn\u2211 i=1 Rci (x) = n\u2211 i=1 (aixi) = Sc(x)\u2212 Sc(x[xS=0]) (10)\nwhere the last equality holds because of the definition of linear model (Equation 9). This shows that Occlusion-1, and therefore all other equivalent methods, satisfy Sensitivity-n for all n if the model is linear. If, on the contrary, the model is not linear, there must exists two features xi and xj such that Sc(x)\u2212 Sc(x[xi=0;xj=0]) 6= 2 \u00b7 Sc(x)\u2212 Sc(x[xi=0])\u2212 Sc(x[xj=0]). In this case, either Sensitivity-1 or Sensitivity-2 must be violated since all methods assign a single attribution value to xi and xj .", 
        "heading": "A PROOF OF PROPOSITIONS"
      }, 
      {
        "text": "In general, a non-zero attribution for a feature implies the feature is expected to play a role in the output of the model. As pointed out by Sundararajan et al. (2017), humans also assign blame to a cause by comparing the outcomes of a process including or not such cause. However, this requires\n3DeepLIFT public repository: https://github.com/kundajelab/deeplift. Retrieved on 25 Sept. 2017\nthe ability to test a process with and without a specific feature, which is problematic with current neural network architectures that do not allow to explicitly remove a feature without retraining. The usual approach to simulate the absence of a feature consists of defining a baseline x\u2032, for example the black image or the zero input, that will represent absence of information. Notice, however, that the baseline must necessarily be chosen in the domain of the input space and this creates inherently an ambiguity between a valid input that incidentally assumes the baseline value and the placeholder for a missing feature. On some domains, it is also possible to marginalize over the features to be removed in order to simulate their absence. Zintgraf et al. (2017) showed how local coherence of images can be exploited to marginalize over image patches. Unfortunately, this approach is extremely slow and only provide marginal improvements over a pre-defined baseline. What is more, it can only be applied to images, where contiguous features have a strong correlation, hence our decision to use the method by Zeiler & Fergus (2014) as our benchmark instead.\nWhen a baseline value has to be defined, zero is the canonical choice (Sundararajan et al., 2017; Zeiler & Fergus, 2014; Shrikumar et al., 2017). Notice that Gradient * Input and LRP can also be interpreted as using a zero baseline implicitly. One possible justification relies on the observation that in network that implements a chain of operations of the form zj = f( \u2211 i(wji \u00b7 zi) + bj), the all-zero input is somehow neutral to the output (ie. \u2200c \u2208 C : Sc(0) \u2248 0). In fact, if all additive biases bj in the network are zero and we only allow nonlinearities that cross the origin, the output for a zero input is exactly zero for all classes. Empirically, the output is often near zero even when biases have different values, which makes the choice of zero for the baseline reasonable, although arbitrary.", 
        "heading": "B ABOUT THE NEED FOR A BASELINE"
      }, 
      {
        "text": "C.1 MNIST\nThe MNIST dataset (LeCun et al., 1998) was pre-processed to normalize the input images between -1 (background) and 1 (digit stroke). We trained both a DNN and a CNN, using four activation functions in order to test how attribution methods generalize to different architectures. The lists of layers for the two architectures are listed below. The activations functions are defined as ReLU(x) = max(0, x), Tanh(x) = sinh(x)/cosh(x), Sigmoid(x) = 1/(1 + e\u2212x) and Softplus(x) = ln(1 + ex) and have been applied to the output of the layers marked with \u2020 in the tables below. The networks were trained using Adadelta (Zeiler, 2012) and early stopping. We also report the final test accuracy.\nMNIST MLP Dense\u2020 (512) Dense\u2020 (512) Dense (10)\nMNIST CNN Conv 2D\u2020 (3x3, 32 kernels) Conv 2D\u2020 (3x3, 64 kernels)\nMax-pooling (2x2) Dense\u2020 (128) Dense (10)\nTest set accuracy (%) MLP CNN ReLU 97.9 99.1 Tanh 98.1 98.8\nSigmoid 98.1 98.6 Softplus 98.1 98.8\nC.2 CIFAR-10\nThe CIFAR-10 dataset (Krizhevsky & Hinton, 2009) was pre-processed to normalized the input images in range [-1; 1]. As for MNIST, we trained a CNN architecture using Adadelta and early stopping. For this dataset we only used the ReLU nonlinearity, reaching a final test accuracy of 80.5%. For gradient-based methods, the attribution of each pixel was computed summing up the attribution of the 3 color channels. Similarly, Occlusion-1 was performed setting all color channels at zero at the same time for each pixel being tested.\nCIFAR-10 CNN Conv 2D\u2020 (3x3, 32 kernels) Conv 2D\u2020 (3x3, 32 kernels)\nMax-pooling (2x2) Dropout (0.25)\nConv 2D\u2020 (3x3, 64 kernels) Conv 2D\u2020 (3x3, 64 kernels)\nMax-pooling (2x2) Dropout (0.25) Dense\u2020 (256) Dropout (0.5)\nDense (10)\nC.3 INCEPTION V3\nWe used a pre-trained Inception V3 network. The details of this architecture can be found in Szegedy et al. (2016). We used a test dataset of 1000 ImageNet-compatible images, normalized in [-1; 1] that was classified with 95.9% accuracy. When computing attributions, the color channels were handled as for CIFAR-10.\nC.4 IMDB\nWe trained both a shallow MLP and an LSTM network on the IMDB dataset (Maas et al., 2011) for sentiment analysis. For both architectures, we trained a small embedding layer considering only the 5000 most frequent words in the dataset. We also limited the maximum length of each review to 500 words, padding shorter ones when necessary. We used ReLU nonlinearities for the hidden layers and trained using Adam (Kingma & Ba, 2014) and early stopping. The final test accuracy is 87.3% on both architectures. For gradient-based methods, the attribution of each word was computed summing up the attributions over the embedding vector components corresponding to the word. Similarly, Occlusion-1 was performed setting all components of the embedding vector at zero for each word to be tested.\nIMDB MLP Embedding (5000x32)\nDense (250) Dense (1)\nIMDB LSTM Embedding (5000x32)\nLSTM (64) Dense (1)", 
        "heading": "C EXPERIMENTS SETUP"
      }
    ], 
    "emails": [
      "marco.ancona@inf.ethz.ch", 
      "enea.ceolini@ini.uzh.ch", 
      "cengizo@inf.ethz.ch", 
      "grossm@inf.ethz.ch"
    ]
  }
}