{
  "reviews": [
    {
      "recommendation": 4,
      "comments": "Not innovative enough, unconvincing results and the writing needs improvement\nThe author present Autostacker, a new algorithm for combining the strength of different learning algorithms during hyper parameter search. During the first step, the hyperparameter search is done in a conventional way. At the second step, the output of each primitives is added to the features of the original dataset and the training and hyperparameter search starts again. This process is repeated for some number of steps. The experiments are performed on 15 small scale dataset and show that Autostacker is performing better  than random forest almost systematically and better than TPOT, the external baseline, 13 times out of 15. Also the speed comparison favor Autostacker vs TPOT.\n\nThis algorithm is not highly innovative. Using the output of some algorithms as the input of another one for learning was seen numerous time in the literature. The novelty here is how exactly it is performed, which is a bit ad hoc. \n\nWhile testing on numerous dataset is important to verify the strength of a learning algorithm, final statistical significance test should be provided e.g. Sign Test, Wilcoxon Signed Rank Test.\n\nThe experiment compares with a weak baseline and a baseline that is unknown to me. Also, the datasets are all small scale which is not representative of modern machine learning. This leaves me very uncertain about the actual quality of the proposed algorithm. \n\nThe strength of the Random Forest baseline could easily be augmented by simply considering the best learning algorithm over validation across the hyper parameter search (i.e. the choice of the learning algorithm is also a hyperparameter). Also a very simple and fast ensemble could be considered by using Agnostic Bayesian Learning of Ensembles (Lacoste et. al.). It is also common to simply consider a linear combination of the output of the different estimator obtained during cross validation and very simple to implement. This would provide other interesting baselines.\n\nFinally the writing of the paper could be highly improved. Many typos, including several badly formatted citations (consider using \\citet and \\citep for a proper usage of parenthesis).\n",
      "title": "R1"
    },
    {
      "recommendation": 4,
      "comments": "Reinvents cascading, optimizes it with hill climbing\nThe authors introduce a simple hill climbing approach to (very roughly) search in the space of cascades of classifiers.\nThey first reinvent the concept of cascades of classifiers as an extension of stacking (https://en.wikipedia.org/wiki/Cascading_classifiers). Cascading is like stacking but carries over all original model inputs to the next classifier.\nThe authors cast this nicely into a network view with nodes that are classifiers and layers that use the outputs from previous layers. However, other than relating this line of work to the ICLR community, this interpretation of cascading is not put to any use. \nThe paper incorrectly claims that existing AutoML frameworks only allow using a specific single model. In fact, Auto-sklearn (Feurer et al, 2015) automatically constructs ensembles of up to 50 models, helping it to achieve more robust performance.\n\nI have some questions about the hillclimbing approach: \n- How is the \"one change\" implemented in the hill climber? Does this evaluate results for each of several single changes and pick the best one? Or does it simply change one classifier and continue? Or does it evaluate all possible individual changes and pick the best one? I note that the term \"HillClimber\" would suggest that some sort of improvement has to be made in each step, but the algorithm description does not show any evaluation step at this point. The hill climbing described in the text seems to make sense, but the pseudocode appears broken.\n\nSection 4.2: I am surprised that there is only a comparison to TPOT, not one to Auto-sklearn. Especially since Auto-sklearn constructs ensembles posthoc this would be an interesting comparison.\nAs the maximum range of number of layers is 5, I assume that scaling is actually an issue in practice after all, and the use of hundreds of primitive models alluded to in the introduction are not a reality at this point.\n\nThe paper mentions guarantees twice:\n- \"This kind of guarantee of not being worse on average comes from the the characteristic of AutoStacked\"\n- \"can be guaranteed to do better on average\"\nI am confident that this is a mistake / an error in choosing the right expression in English. I cannot see why there should be a guarantee of any sort.\n\nEmpirically, Autostacker appears better than RandomForest, but that is not a big feat. The improvements vs. TPOT are more relevant. One question: the data sets used in Olson et al are very small. Does TPOT overfit on these? Since AutoStacker does not search as exhaustively, could this explain part of the performance difference? How many models are evaluated in total by each of the methods?\n\nI am unsure about the domain for the HillClimber. Does it also a search over which classifiers are used where in the pipeline, or only about their hyperparameters?\n\nMinor issues:\n- The authors systematically use citations wrongly, apparently never using citep but only having inline citations.\n- Some parts of the paper feel unscientific, such as using phrases like \"giant possible search space\". \n- There are also several English grammar mistakes (e.g., see the paragraph containing \"for the discover\") and typos.\n- Why exactly would a small amount of data be more likely to be unbalanced?\n- The data \"cleaning\" method of throwing out data with missing values is very unclean. I hope this has only been applied to the training set and that no test set data points have been dropped?\n- Line 27 of Algorithm 1: sel_pip has not been defined here\n\nOverall, this is an interesting line of work, but it does not seem quite ready for publication.\n\nPros: \n- AutoML is a topic of high importance to both academia and industry\n- Good empirical results \n\nCons: \n- Cascading is not new\n- Unclear algorithm: what exactly does the Hillclimber function do?\n- Missing baseline comparison to Auto-sklearn\n- Incorrect statements about guarantees",
      "title": "R2"
    },
    {
      "recommendation": 3,
      "comments": "Very similar existing work, questionable fit to ICLR\nIn this work, the authors propose to apply parallel hill climbing to learn a stacked machine learning model architecture for a particular machine learning problem. Modest experimental results suggests it compares favorably to another evoluation-inspired AutoML algorithm.\n\nWhile the idea of Autostacker is presented clearly, the paper has two severe limitations (detailed comments below). First, the contribution itself is fairly minimal; second, even if the contribution were more substantial, the current presentation does not relate to \u201clearning representations\u201d in any meaningful way.\n\n=== Major comments\n\nFirst, as mentioned above, this paper leans heavily on existing work. Stacking and ensemble methods have become standard approaches in practical machine learning settings (for example, in Kaggle challenges). Likewise, parallel hill climbing (and the closely-related beam search) are common local search strategies for difficult optimization problems. However, it is unclear that combining these yields any unexpected synergies. \n\nIndeed, very similar approaches have been proposed in the literature already. For example, [Welchowski, T. & Schmidt, M. A framework for parameter estimation and model selection in kernel deep stacking networks. Artificial Intelligence in Medicine, 2016, 70, 31-40], propose a very similar model, including search with hill climbing and using the original data at each layer. While they do restrict the considered primitive model type, neither paper offers any compelling theoretical results, so this is largely an implementation detail in terms of novelty.\n\nAdditionally, the paper lacks any discussion about how the architectures may change during search, as well as what sorts of architectures are learned. For example, the given number of layers and nodes are maximums; however, the text just above Algorithm 1 points out that the first step in the algorithm is to \u201cgenerate N completed pipelines.\u201d What exactly does this mean? If PHC randomly changes one of the architecture hyperparameters, what happens? e.g., which layer is removed? Ultimately, what types of architectures are selected?\n\nFinally, ICLR does not seem like a good venue for this work. As presented, the work does not discuss learning representations in any way; likewise, none of the primitive models in Table 1 are typically considered \u201crepresentation learning models.\u201d Thus, it is not obvious that Autostacker would be especially effective at optimizing the hyperparameters of those models. Experimental results including these types of models could, in principle, demonstrate that Autostacker is applicable, but the current work does not show this.\n\n=== Minor comments\n\nSection 3.3 seems to advocate training on the testing data. Even if the described approach is common practice (e.g., looking at 10-fold CV results, updating the model, and running CV again), selecting among the models using inner- and outer-validation sets would avoid explicitly using information about the testing set for improving the model.\n\nHow sensitive is the approach to the choice of the number of layers and nodes, both in terms of accuracy and resource usage?\n\nIt would be helpful to include basic characteristics of the datasets used in this study, perhaps as a table in the appendix.\n\n=== Typos, etc.\n\nThe paper has numerous typos and needs thorough editing. The references in the text are not formatted correctly. I do not believe this affects understanding the paper, but it definitely disrupts reading.\n\nThe references are inconsistently and incorrectly formatted (e.g., \u201cBayesian\u201d should be capitalized).\n",
      "title": "R3"
    },
    {
      "comments": "",
      "title": "R4"
    }
  ],
  "abstract": "This work provides an automatic machine learning (AutoML) modelling architecture called Autostacker. Autostacker improves the prediction accuracy of machine learning baselines by utilizing an innovative hierarchical stacking architecture and an efficient parameter search algorithm. Neither prior domain knowledge about the data nor feature preprocessing is needed. We significantly reduce the time of AutoML with a naturally inspired algorithm Parallel Hill Climbing (PHC). By parallelizing PHC, Autostacker can provide candidate pipelines with sufficient prediction accuracy within a short amount of time. These pipelines can be used as is or as a starting point for human experts to build on. By focusing on the modelling process, Autostacker breaks the tradition of following fixed order pipelines by exploring not only single model pipeline but also innovative combinations and structures. As we will show in the experiment section, Autostacker achieves significantly better performance both in terms of test accuracy and time cost comparing with human initial trials and recent popular AutoML system.",
  "score": -1,
  "verdict": "Reject",
  "year": 2018
}