{
  "year": 2017,
  "abstract": "In this work, we investigate a novel training procedure to learn a generative model as the transition operator of a Markov chain, such that, when applied repeatedly on an unstructured random noise sample, it will denoise it into a sample that matches the target distribution from the training set. The novel training procedure to learn this progressive denoising operation involves sampling from a slightly different chain than the model chain used for generation in the absence of a denoising target. In the training chain we infuse information from the training target example that we would like the chains to reach with a high probability. The thus learned transition operator is able to produce quality and varied samples in a small number of steps. Experiments show competitive results compared to the samples generated with a basic Generative Adversarial Net.",
  "score": 6,
  "verdict": "Accept",
  "reviews": [
    {
      "title": "R1",
      "comments": "\ninteresting idea\nThis paper trains a generative model which transforms noise into model samples by a gradual denoising process. It is similar to a generative model based on diffusion. Unlike the diffusion approach:\n- It uses only a small number of denoising steps, and is thus far more computationally efficient.\n- Rather than consisting of a reverse trajectory, the conditional chain for the approximate posterior jumps to q(z(0) | x), and then runs in the same direction as the generative model. This allows the inference chain to behave like a perturbation around the generative model, that pulls it towards the data. (This also seems somewhat related to ladder networks.)\n- There is no tractable variational bound on the log likelihood.\n\nI liked the idea, and found the visual sample quality given a short chain impressive. The inpainting results were particularly nice, since one shot inpainting is not possible under most generative modeling frameworks. It would be much more convincing to have a log likelihood comparison that doesn't depend on Parzen likelihoods.\n\nDetailed comments follow:\n\nSec. 2:\n\"theta(0) the\" -> \"theta(0) be the\"\n\"theta(t) the\" -> \"theta(t) be the\"\n\"what we will be using\" -> \"which we will be doing\"\nI like that you infer q(z^0|x), and then run inference in the same order as the generative chain. This reminds me slightly of ladder networks.\n\"q*. Having learned\" -> \"q*. [paragraph break] Having learned\"\nSec 3.3:\n\"learn to inverse\" -> \"learn to reverse\"\nSec. 4:\n\"For each experiments\" -> \"For each experiment\"\nHow sensitive are your results to infusion rate?\nSec. 5: \"appears to provide more accurate models\" I don't think you showed this -- there's no direct comparison to the Sohl-Dickstein paper.\nFig 4. -- neat!\n",
      "recommendation": 8
    },
    {
      "title": "R2",
      "comments": ""
    },
    {
      "title": "R3",
      "comments": "\nInteresting idea with lacking theoretical motivation and limited empirical evaluation\nSummary:\nThis paper introduces a heuristic approach for training a deep directed generative model, where similar to the transition operator of a Markov chain each layer samples from the same conditional distribution. Similar to optimizing a variational lower bound, the approach is to approximate the gradient by replacing the posterior over latents with an alternative distribution. However, the approximating distribution is not updated to improve the lower bound but heuristically constructed in each step. A further difference to variational optimization is that the conditional distributions are optimized greedily rather than following the gradient of the joint log-likelihood.\n\nReview:\nThe proposed approach is interesting and to me seems worth exploring more. Given that there are approaches for training the same class of models which are 1) theoretically more sound, 2) of similar computational complexity, and 3) work well in practice (e.g. Rezende & Mohamed, 2015), I am nevertheless not sure of its potential to generate impact. My bigger concern, however, is that the empirical evaluation is still quite limited.\n\nI appreciate the authors included proper estimates of the log-likelihood. This will enable and encourage future comparisons with this method on continuous MNIST. However, the authors should point out that the numbers taken from Wu et al. (2016) are not representative of the performance of a VAE. (From the paper: \u201cTherefore, the log-likelihood values we report should not be compared directly against networks which have a more flexible observation model.\u201d \u201cSuch observation models can easily achieve much higher log-likelihood scores, [\u2026].\u201d)\n\nComparisons with inpainting results using other methods would have been nice. How practical is the proposed approach compared to other approaches? Similar to the diffusion approach by Sohl-Dickstein et al. (2015), the proposed approach seems to be both efficient and effective for inpainting. Not making this a bigger point and performing the proper evaluations seems like a missed opportunity.\n\nMinor:\n\u2013\u00a0I am missing citations for \u201cordered visible dimension sampling\u201d\n\u2013\u00a0Typos and frequent incorrect use of \\citet and \\citep",
      "recommendation": 6
    },
    {
      "title": "R4",
      "comments": "\nClearly written paper pursuing an interesting idea. Some shortcomings with respect to the evaluation and comparison to prior work\nThe paper presents a method for training a generative model via an iterative denoising procedure. The denoising process is initialized with a random sample from a crude approximation to the data distribution and produces a high quality sample via multiple denoising steps. Training is performed by setting-up a Markov chain that slowly blends propositions from the current denoising model with a real example from the data distribution; using this chain the current denoising model is updated towards reproducing the changed, \"better\", samples from the blending process.\n\nThis is a clearly written paper that considers an interesting approach for training generative models. I was intrigued by the simplicity of the presented approach and really enjoyed reading the paper.\nThe proposed method is novel although it has clear ties to other recent work aiming to use denoising models for sampling from distributions such as the work by Sohl-Dickstein and the recent work on using DAEs as generative models.\nI think this general direction of research is important. The proposed procedure takes inspiration from the perspective of generating samples by minimizing an energy function via transitions along a Markov chain and, if successful, it can potentially sidestep many problems of current procedures for training directed generative models such as:\n- convergence and mode coverage problems as in generative adversarial networks\n- problems with modeling multi-modal distributions which can arise when a too restrictive approximate inference model is paired with a powerful generative model\n\nThat being said, another method that seems promising for addressing these issues that also has some superficially similarity to the presented work is the idea of combining Hamiltonian Monte Carlo inference with variational inference as in [1]. As such I am not entirely convinced that the method presented here will be able to perform better than the mentioned paper; although it might be simpler to train. Similarly, although I agree that using a MCMC chain to generate samples via a MC-EM like procedure is likely very costly I am not convinced such a procedure won't at least also work reasonably well for the simple MNIST example. In general a more direct comparison between different inference methods using an MCMC chain like procedure would be nice to have but I understand that this is perhaps out of the scope of this paper. One thing that I would have expected, however, is a direct comparison to the procedure from Sohl-Dickstein in terms of sampling steps and generation quality as it is so directly related.\n\nOther major points (good and bad):\n- Although in general the method is explained well some training details are missing. Most importantly it is never mentioned how alpha or omega are set (I am assuming omega is 0.01 as that is the increase mentioned in the experimental setup). It is also unclear how alpha affects the capabilities of the generator. While it intuitively seems reasonable to use a small alpha over many steps to ensure slow blending of the two distributions it is not clear how necessary this is or at what point the procedure would break (I assume alpha = 1 won't work as the generator then would have to magically denoise a sample from the relatively uninformative draw from p0 ?). The authors do mention in one of the figure captions that the denoising model does not produce good samples in only 1-2 steps but that might also be an artifact of training the model with small alpha (at least I see no a priori reason for this). More experiments should be carried out here.\n- No infusion chains or generating chains are shown for any of the more complicated data distributions, this is unfortunate as I feel these would be interesting to look at.\n- The paper does a good job at evaluating the model with respect to several different metrics. The bound on the log-likelihood is nice to have as well!\n- Unfortunately the current approach does not come with any theoretical guarantees. It is unclear for what choices of alpha the procedure will work and whether there is some deeper connection to MCMC sampling or energy based models. In my eyes this does not subtract from the value of the paper but would perhaps be worth a short sentence in the conclusion.\n\nMinor points:\n- The second reference seems broken\n- Figure 3 starts at 100 epochs and, as a result, contains little information. Perhaps it would be more useful to show the complete training procedure and put the x-axis on a log-scale ?\n- The explanation regarding the convolutional networks you use makes no sense to me. You write that you use the same structure as in the \"Improved GANs\" paper which, unlike your model, generates samples from a fixed length random input. I thus suppose you don't really use a generator with 1 fully connected network followed by up-convolutions but rather have several stages of convolutions followed by a fully connected layer and then up-convolutions ?\n- The choice of parametrizing the variance via a sigmoid output unit is somewhat unusual, was there a specific reason for this choice ?\n- footnote 1 contains errors: \"This allow to\" -> \"allows to\",  \"few informations\" -> \"little information\". \"This force the network\" -> \"forces\"\n- Page 1 error: etc...\n- Page 4 error: \"operator should to learn\"\n\n[1] Markov Chain Monte Carlo and Variational Inference: Bridging the Gap, Tim Salimans and Diedrik P. Kingma and Max Welling, ICML 2015\n\n\n>>> Update <<<<\nCopied here from my response below: \n\nI believe the response of the authors clarifies all open issues. I strongly believe the paper should be accepted to the conference. The only remaining issue I have with the paper is that, as the authors acknowledge the architecture of the generator is likely highly sub-optimal and might hamper the performance of the method in the evaluation. This however does not at all subtract from any of the main points of the paper.\n\nI am thus keeping my score as a clear accept. I want to emphasize that I believe the paper should be published (just in case the review process results in some form of cut-off threshold that is high due to overall \"inflated\" review scores).\n",
      "recommendation": 7
    }
  ]
}