{
  "year": 2017,
  "abstract": "It has long been recognized that the invariance and equivariance properties of a representation are critically important for success in many vision tasks. In this paper we present Steerable Convolutional Neural Networks, an efficient and flexible class of equivariant convolutional networks. We show that steerable CNNs achieve state of the art results on the CIFAR image classification benchmark. The mathematical theory of steerable representations reveals a type system in which any steerable representation is a composition of elementary feature types, each one associated with a particular kind of symmetry. We show how the parameter cost of a steerable filter bank depends on the types of the input and output features, and show how to use this knowledge to construct CNNs that utilize parameters effectively.",
  "score": 8,
  "verdict": "Accept",
  "reviews": [
    {
      "title": "R1",
      "comments": "\nNo Title\nThe authors propose a parameterization of CNNs that guarantees equivariance wrt a large family of geometric transformations.\n\nThe mathematical analysis is rigorous and the material is very interesting and novel. The paper overall reads well; there is a real effort to explain the math accessibly, though some small improvements could be made.\n\nThe theory is general enough to include continuous transformations, although the experiments are restricted to discrete ones. While this could be seen as a negative point, it is justified by the experiments, which show that this set of transformations is powerful enough to yield very good results on CIFAR.\n\nAnother form of intertwiner has been studied recently by Lenc & Vedaldi [1]; they have studied equivariance empirically in CNNs, which offers an orthogonal view.\n\nIn addition to the recent references on scale/rotation deep networks suggested below, geometric equivariance has been studied extensively in the 2000's; mentioning at least one work would be appropriate. The one that probably comes closest to the proposed method is the work by Reisert [2], who studied steerable filters for invariance and equivariance, using Lie group theory. The difference, of course, is that the focus at the time was on kernel machines rather than CNNs, but many of the tools and theorems are relatable.\n\n\nSome of the notation could be simplified, to make the formulas easier to grasp on a first read:\n\nWorking over a lattice Z^d is unnecessarily abstract -- since the inputs are always images, Z^2 would make much of the later math easier to parse. Generalization is straightforward, so I don't think the results lose anything by it; and the authors go back to 2D latices later anyway.\n\nIt could be more natural to do away with the layer index l which appears throughout the paper, and have notation for current/next layer instead (e.g. pi and pi'; K and D instead of K_{l+1} and K_l).\n\nIn any case I leave it up to the authors to decide whether to include these suggestions on notation, but I urge them to consider them (or other ways to unburden notation).\n\n\nA few minor issues: Some statements would be better supported with an accompanying reference (e.g. \"Explicit formulas exist\" on page 5, the introduction of intertwiners on page 3). Finally, there is a tiny mistake in the Balduzzi & Ghifary reference (some extra information was included as an author name).\n\n[1] Lenc & Vedaldi, \"Understanding image representations by measuring their equivariance and equivalence\", 2015\n[2] Reisert, \"Group integration techniques in pattern analysis: a kernel view\", 2008\n\n",
      "recommendation": 7
    },
    {
      "title": "R2",
      "comments": ""
    },
    {
      "title": "R3",
      "comments": "\nA good step towards understanding good inductive bias in neural networks\nThis paper essentially presents a new inductive bias in the architecture of (convolutional) neural networks (CNN). The mathematical motivations/derivations of the proposed architecture are detailed and rigorous. The proposed architecture promises to produce equivariant representations with steerable features using fewer parameters than traditional CNNs, which is particularly useful in small data regimes. Interesting and novel connections are presented between steerable filters and so called \u201csteerable fibers\u201d. The architecture is strongly inspired by the author\u2019s previous work, as well as that of \u201ccapsules\u201d (Hinton, 2011). The proposed architecture is compared on CIFAR10 against state-of-the-art inspired architectures (ResNets), and is shown to be superior particularly in the small data regime. The lack of empirical comparison on large scale dataset, such as ImageNet or COCO makes this largely a theoretical contribution. I would have also liked to see more empirical evaluation of the equivariance properties. It is not intuitively clear exactly why this architecture performs better on CIFAR10 as it is not clear that capturing equivariances helps to classify different instances of object categories. Wouldn\u2019t action-recognition in videos, for example, not be a better illustrative dataset? \n",
      "recommendation": 8
    },
    {
      "title": "R4",
      "comments": "\nReview of \"steerable cnns\"\nThis paper presents a theoretical treatment of transformation groups applied to convnets, and presents some empirical results showing more efficient usage of network parameters.\n\nThe basic idea of steerability makes huge sense and seems like a very important idea to develop.  It is also a very old idea in image processing and goes back to Simoncelli, Freeman, Adelson, as well as Perona/Greenspan and others in the early 1990s.  This paper approaches it through a formal treatment of group theory.  But at the end of the day the idea seems pretty simple - the feature representation of a transformed image should be equivalent to a transformed feature representation of the original image.  Given that the authors are limiting their analysis to discrete groups - for example rotations of 0, 90, 180, and 270 deg. - the formalities brought in from the group theoretic analysis seem a bit overkill.  I'm not sure what this buys us in the end.  it seems the real challenge lies in implementing continuous transformations, so if the theory could guide us in that direction it would be immensely helpful.\n\nAlso the description of the experiments is fairly opaque.  I would have a hard time replicating what exactly the authors did here in terms of implementing capsules or transformation groups.  \n\n",
      "recommendation": 6
    }
  ]
}