{
  "year": 2017,
  "abstract": "Ensembles of neural networks are known to be much more robust and accurate than individual networks. However, training multiple deep networks for model averaging is computationally expensive. In this paper, we propose a method to obtain the seemingly contradictory goal of ensembling multiple neural networks at no additional training cost. We achieve this goal by training a single neural network, converging to several local minima along its optimization path and saving the model parameters.  To obtain repeated rapid convergence, we leverage recent work on cyclic learning rate schedules. The resulting technique, which we refer to as Snapshot Ensembling, is simple, yet surprisingly effective.  We show in a series of experiments that our approach is compatible with diverse network architectures and learning tasks. It consistently yields  lower error rates than state-of-the-art single models at no additional training cost, and compares favorably with traditional network ensembles. On CIFAR-10 and CIFAR-100 our DenseNet Snapshot Ensembles obtain error rates of 3.4% and 17.4% respectively.",
  "score": 8,
  "verdict": "Accept",
  "reviews": [
    {
      "title": "R1",
      "comments": "\nReview\nThe work presented in this paper proposes a method to get an ensemble of neural networks at no extra training cost (i.e., at the cost of training a single network), by saving snapshots of the network during training. Network is trained using a cyclic (cosine) learning rate schedule; the snapshots are obtained when the learning rate is at the lowest points of the cycles. Using these snapshot ensembles, they show gains in performance over a single network on the image classification task on a variety of datasets.\n\n\nPositives:\n\n1. The work should be easy to adopt and re-produce, given the simple techinque and the experimental details in the paper.\n2. Well written paper, with clear description of the method and thorough experiments.\n\n\nSuggestions for improvement / other comments:\n\n1. While it is fair to compare against other techniques assuming a fixed computational budget, for a clear perspective, thorough comaprisons with \"true ensembles\" (i.e., ensembles of networks trained independently) should be provided.\nSpecificially, Table 4 should be augmented with results from \"true ensembles\".\n\n2. Comparison with true ensembles is only provided for DenseNet-40 on CIFAR100 in Figure 4. The proposed snapshot ensemble achieves approximately 66% of the improvement of \"true ensemble\" over the single baseline model. This is not reflected accurately in the authors' claim in the abstract: \"[snapshot ensembles] **almost match[es]** the results of far more expensive independently trained [true ensembles].\"\n\n3. As mentioned before: to understand the diversity of snapshot ensembles, it would help to the diversity against different ensembling technique, e.g. (1) \"true ensembles\", (2) ensembles from dropout as described by Gal et. al, 2016 (Dropout as a Bayesian Approximation).",
      "recommendation": 8
    },
    {
      "title": "R2",
      "comments": "\nA good paper.\nI don't have much to add to my pre-review questions. The main thing I'd like to see that would strengthen my review further is a larger scale evaluation, more discussion of the hyperparameters, etc. Where test error are reported for snapshot ensembles it would be useful to report statistics about the performance of individual ensemble members for comparison (mean and standard deviation, maybe best single member's error rate).",
      "recommendation": 7
    },
    {
      "title": "R3",
      "comments": "\nReview\nThis work develops a method to quickly produce an ensemble of deep networks that outperform a single network trained for an equivalent amount of time. The basis of this approach is to use a cyclic learning rate to quickly settle the model into a local minima and saving a model snapshot at this time before quickly raising the learning rate to escape towards a different minima's well of attraction. The resulting snapshots can be collected throughout a single training run and achieve reasonable performance compared to baselines and have some of the gains of traditional ensembles (at a much lower cost). \n\nThis paper is well written, has clear and informative figures/tables, and provides convincing results across a broad range of models and datasets. I especially liked the analysis in Section 4.4.  The publicly available code to ensure reproducibility is also greatly appreciated.\n\nI would like to see more discussion of the accuracy and variability of each snapshot and further comparison with true ensembles.\n\nPreliminary rating:\nThis is an interesting work with convincing experiments and clear writing. \n\nMinor note:\nWhy is the axis for lambda from -1 to 2 in Figure 5 where lambda is naturally between 0 and 1.",
      "recommendation": 9
    },
    {
      "title": "R4",
      "comments": ""
    }
  ]
}