{
  "year": 2017,
  "abstract": "Many NLP tasks including machine comprehension, answer selection and text entailment require the comparison between sequences. Matching the important units between sequences is a key to solve these problems. In this paper, we present a general \"compare-aggregate\" framework that performs word-level matching followed by aggregation using Convolutional Neural Networks. We particularly focus on the different comparison functions we can use to match two vectors. We use four different datasets to evaluate the model. We find that some simple comparison functions based on element-wise operations can work better than standard neural network and neural tensor network.",
  "score": 8,
  "verdict": "Accept",
  "reviews": [
    {
      "title": "R1",
      "comments": "\nA solid empirical study\nThis paper proposes a compare-aggregate framework that performs word-level matching followed by aggregation with convolutional neural networks. It compares six different comparison functions and evaluates them on four datasets. Extensive experimental results have been reported and compared against various published baselines.\n\nThe paper is well written overall.\n\nA few detailed comments:\n* page 4, line5: including a some -> including some\n* What's the benefit of the preprocessing and attention step? Can you provide the results without it?\n* Figure 2 is hard to read, esp. when on printed hard copy. Please enhance the quality.\n",
      "recommendation": 7
    },
    {
      "title": "R2",
      "comments": "\nEffective model design, great evaluation\nThe paper presents a general approach to modeling for natural language understanding problems with two distinct textual inputs (such as a question and a source text) that can be aligned in some way. In the approach, soft attention is first used to derive alignments between the tokens of the two texts, then a comparison function uses the resulting alignments (represented as pairs of attention queries and attention results) to derive a representations that are aggregated by CNN into a single vector from which an output can be computed. The paper both presents this as an overall modeling strategy that can be made to work quite well, and offers a detailed empirical analysis of the comparison component of the model.\n\nThis work is timely. Language understanding problems of this kind are a major open issue in NLP, and are just at the threshold of being addressable with representation learning methods. The work presents a general approach which is straightforward and reasonable, and shows that it can yield good results. The work borders on incremental (relative to their earlier work or that of Parikh et al.), but it contributes in enough substantial ways that I'd strongly recommend acceptance.\n\nDetail: \n- The model, at least as implemented for the problems with longer sequences (everything but SNLI), is not sensitive to word order. It is empirically competitive, but this insensitivity places a strong upper bound on its performance. The paper does make this clear, but it seems salient enough to warrant a brief mention in the introduction or discussion sections.\n- If I understand correctly, your attention strategy is based more closely on the general/bilinear strategy of Luong et al. '15 than it is on the earlier Bahdanau work. You should probably cite the former (or some other more directly relevant reference for that strategy).\n- Since the NTN risks overfitting because of its large number of parameters, did you try using a version with input dimension l and a smaller output dimension m (so an l*l*m tensor)?\n- You should probably note that SubMultNN looks a lot like the strategy for *sentence*-level matching in the Lili Mou paper you cite.\n- Is there a reason you use the same parameters for preprocessing the question and answer in (1)? These could require different things to be weighted highly.\n",
      "recommendation": 8
    },
    {
      "title": "R3",
      "comments": "\nOfficial Review\nThis paper proposed a compare-aggregate model for the NLP tasks that require semantically comparing the text sequences, such as question answering and textual entailment.\nThe basic framework of this model is to apply a convolutional neural network (aggregation) after a element-wise operation (comparison) over the attentive outputs of the LSTMs. \nThe highlighted part is the comparison, where this paper compares several different methods for matching text sequences, and the element-wise subtraction/multiplication operations are demonstrated to achieve generally better performance on four different datasets.\nWhile the weak point is that this is an incremental work and a bit lack of innovation. A qualitative evaluation about how subtraction, multiplication and other comparison functions perform on varied kinds of sentences would be more interesting.   \n\n",
      "recommendation": 6
    },
    {
      "title": "R4",
      "comments": ""
    }
  ]
}