{
  "name": "373.pdf",
  "metadata": {
    "source": "CRF",
    "title": null,
    "authors": [
      "Zhilin Yang",
      "Ruslan Salakhutdinov",
      "William W. Cohen"
    ],
    "emails": [
      "zhiliny@cs.cmu.edu",
      "rsalakhu@cs.cmu.edu",
      "wcohen@cs.cmu.edu"
    ],
    "sections": [
      {
        "heading": "1 INTRODUCTION",
        "text": "Sequence tagging is an important problem in natural language processing, which has wide applications including part-of-speech (POS) tagging, text chunking, and named entity recognition (NER). Given a sequence of words, sequence tagging aims to predict a linguistic tag for each word such as the POS tag.\nAn important challenge for sequence tagging is how to transfer knowledge from one task to another, which is often referred to as transfer learning (Pan & Yang, 2010). Transfer learning can be used in several settings, notably for low-resource languages (Zirikly & Hagiwara, 2015; Wang & Manning, 2014) and low-resource domains such as biomedical corpora (Kim et al., 2003) and Twitter corpora (Ritter et al., 2011)). In these cases, transfer learning can improve performance by taking advantage of more plentiful labels from related tasks. Even on datasets with relatively abundant labels, multi-task transfer can sometimes achieve improvement over state-of-the-art results (Collobert et al., 2011).\nRecently, a number of approaches based on deep neural networks have addressed the problem of sequence tagging in an end-to-end manner (Collobert et al., 2011; Lample et al., 2016; Ling et al., 2015; Ma & Hovy, 2016). These neural networks consist of multiple layers of neurons organized in a hierarchy and can transform the input tokens to the output labels without explicit hand-engineered feature extraction. The aforementioned neural networks require minimal assumptions about the task at hand and thus demonstrate significant generality\u2014one single model can be applied to multiple applications in multiple languages without changing the architecture. A natural question is whether the representation learned from one task can be useful for another task. In other words, is there a way we can exploit the generality of neural networks to improve task performance by sharing model parameters and feature representations with another task?\nTo address the above question, we study the transfer learning setting, which aims to improve the performance on a target task by joint training with a source task. We present a transfer learning approach based on a deep hierarchical recurrent neural network, which shares the hidden feature repre-\n1Code is available at https://github.com/kimiyoung/transfer\nsentation and part of the model parameters between the source task and the target task. Our approach combines the objectives of the two tasks and uses gradient-based methods for efficient training. We study cross-domain, cross-application, and cross-lingual transfer, and present a parameter-sharing architecture for each case. Experimental results show that our approach can significantly improve the performance of the target task when the the target task has few labels and is more related to the source task. Furthermore, we show that transfer learning can improve performance over state-ofthe-art results even if the amount of labels is relatively abundant.\nWe have novel contributions in two folds. First, our work is, to the best of our knowledge, the first that focuses on studying the transferability of different layers of representations for hierarchical RNNs. Second, different from previous transfer learning methods that usually focus on one specific transfer setting, our framework exploits different levels of representation sharing and provides a unified framework to handle cross-application, cross-lingual, and cross-domain transfer."
      },
      {
        "heading": "2 RELATED WORK",
        "text": "There are two common paradigms for transfer learning for natural language processing (NLP) tasks, resource-based transfer and model-based transfer. Resource-based transfer utilizes additional linguistic annotations as weak supervision for transfer learning, such as cross-lingual dictionaries (Zirikly & Hagiwara, 2015), corpora (Wang & Manning, 2014), and word alignments (Yarowsky et al., 2001). Resource-based methods demonstrate considerable success in cross-lingual transfer, but are quite sensitive to the scale and quality of the additional resources. Resource-based transfer is mostly limited to cross-lingual transfer in previous works, and there is not extensive research on extending resource-based methods to cross-domain and cross-application settings.\nModel-based transfer, on the other hand, does not require additional resources. Model-based transfer exploits the similarity and relatedness between the source task and the target task by adaptively modifying the model architectures, training algorithms, or feature representation. For example, Ando & Zhang (2005) proposed a transfer learning framework that shares structural parameters across multiple tasks, and improve the performance on various tasks including NER; Collobert et al. (2011) presented a task-independent convolutional neural network and employed joint training to transfer knowledge from NER and POS tagging to chunking; Peng & Dredze (2016) studied transfer learning between named entity recognition and word segmentation in Chinese based on recurrent neural networks. Cross-domain transfer, or domain adaptation, is also a well-studied branch of model-based transfer in NLP. Techniques in cross-domain transfer include the design of robust feature representations (Schnabel & Schu\u0308tze, 2014), co-training (Chen et al., 2011), hierarchical Bayesian prior (Finkel & Manning, 2009), and canonical component analysis (Kim et al., 2015).\nWhile our approach falls into the paradigm of model-based transfer, in contrast to the above methods, our method focuses on exploiting the generality of deep recurrent neural networks and is applicable to transfer between domains, applications, and languages.\nOur work builds on previous work on sequence tagging based on deep neural networks. Collobert et al. (2011) develop end-to-end neural networks for sequence tagging without hand-engineered features. Later architectures based on different combinations of convolutional networks and recurrent networks have achieved state-of-the-art results on many tasks (Collobert et al., 2011; Huang et al., 2015; Chiu & Nichols, 2015; Lample et al., 2016; Ma & Hovy, 2016). These models demonstrate significant generality since they can be applied to multiple applications in multiple languages with a unified network architecture and without task-specific feature extraction."
      },
      {
        "heading": "3 APPROACH",
        "text": "In this section, we introduce our transfer learning approach. We first introduce an abstract framework for neural sequence tagging, summarizing previous work, and then discuss three different transfer learning architectures."
      },
      {
        "heading": "3.1 BASE MODEL",
        "text": "Though many different variants of neural networks have been proposed for the problem of sequence tagging, we find that most of the models can be described with the hierarchical framework illustrated in Figure 1(a). A character-level layer takes a sequence of characters (represented as embeddings) as input, and outputs a representation that encodes the morphological information at the character level. A word-level layer subsequently combines the character-level feature representation and a word embedding, and further incorporates the contextual information to output a new feature representation. After two levels of feature extraction (encoding), the feature representation output by the word-level layer is fed to a conditional random field (CRF) layer that outputs the label sequence.\nBoth of the word-level layer and the character-level layer can be implemented as convolutional neural networks (CNNs) or recurrent neural networks (RNNs) (Collobert et al., 2011; Chiu & Nichols, 2015; Lample et al., 2016; Ma & Hovy, 2016). We discuss the details of the model we use in this work in Section 3.4."
      },
      {
        "heading": "3.2 TRANSFER LEARNING ARCHITECTURES",
        "text": "We develop three architectures for transfer learning, T-A, T-B, and T-C, are illustrated in Figures 1(b), 1(c), and 1(d) respectively. The three architectures are all extensions of the base model discussed in the previous section with different parameter sharing schemes. We now discuss the use cases for the different architectures."
      },
      {
        "heading": "3.2.1 CROSS-DOMAIN TRANSFER",
        "text": "Since different domains are \u201csub-languages\u201d that have domain-specific regularities, sequence taggers trained on one domain might not have optimal performance on another domain. The goal of cross-domain transfer is to learn a sequence tagger that transfers knowledge from a source domain to a target domain. We assume that few labels are available in the target domain.\nThere are two cases of cross-domain transfer. The two domains can have label sets that can be mapped to each other, or disparate label sets. For example, POS tags in the Genia biomedical corpus can be mapped to Penn Treebank tags (Barrett & Weber-Jahnke, 2014), while some POS tags in Twitter (e.g., \u201cURL\u201d) cannot be mapped to Penn Treebank tags (Ritter et al., 2011).\nIf the two domains have mappable label sets, we share all the model parameters and feature representation in the neural networks, including the word and character embedding, the word-level layer, the character-level layer, and the CRF layer. We perform a label mapping step on top of the CRF layer. This becomes the model T-A as shown in Figure 1(b).\nIf the two domains have disparate label sets, we untie the parameter sharing in the CRF layer\u2014i.e., each task learns a separate CRF layer. This parameter sharing scheme reduces to model T-B as shown in Figure 1(c)."
      },
      {
        "heading": "3.2.2 CROSS-APPLICATION TRANSFER",
        "text": "Sequence tagging has a couple of applications including POS tagging, chunking, and named entity recognition. Similar to the motivation in (Collobert et al., 2011), it is usually desirable to exploit the underlying similarities and regularities of different applications, and improve the performance of one application via joint training with another. Moreover, transfer between multiple applications can be helpful when the labels are limited.\nIn the cross-application setting, we assume that multiple applications are in the same language. Since different applications share the same alphabet, the case is similar to cross-domain transfer with disparate label sets. We adopt the architecture of model T-B for cross-application transfer learning where only the CRF layers are disjoint for different applications."
      },
      {
        "heading": "3.2.3 CROSS-LINGUAL TRANSFER",
        "text": "Though cross-lingual transfer is usually accomplished with additional multi-lingual resources, these methods are sensitive to the size and quality of the additional resources (Yarowsky et al., 2001; Wang & Manning, 2014). In this work, instead, we explore a complementary method that exploits the cross-lingual regularities purely on the model level.\nOur approach focuses on transfer learning between languages with similar alphabets, such as English and Spanish, since it is very difficult for transfer learning between languages with disparate alphabets (e.g., English and Chinese) to work without additional resources (Zirikly & Hagiwara, 2015).\nModel-level transfer learning is achieved through exploiting the morphologies shared by the two languages. For example, \u201cCanada\u201d in English and \u201cCanada\u0301\u201d in Spanish refer to the same named entity, and the morphological similarities can be leveraged for NER and also POS tagging with nouns. Thus we share the character embeddings and the character-level layer between different languages for transfer learning, which is illustrated as the model T-C in Figure 1(d)."
      },
      {
        "heading": "3.3 TRAINING",
        "text": "In the above sections, we introduced three neural architectures with different parameter sharing schemes, designed for different transfer learning settings. Now we describe how we train the neural networks jointly for two tasks.\nSuppose we are transferring from a source task s to a target task t, with the training instances being Xs and Xt. Let Ws and Wt denote the set of model parameters for the source and target tasks respectively. The model parameters are divided into two sets, task specific parameters and shared parameters, i.e.,\nWs =Ws,spec \u222aWshared,Wt =Wt,spec \u222aWshared,\nwhere shared parameters Wshared are jointly optimized by the two tasks, while task specific parameters Ws,spec and Wt,spec are trained for each task separately.\nThe training procedure is as follows. At each iteration, we sample a task (i.e., either s or t) from {s, t} based on a binomial distribution (the binomial probability is set as a hyperparameter). Given the sampled task, we sample a batch of training instances from the given task, and then perform a gradient update according to the loss function of the given task. We update both the shared parameters and the task specific parameters. We repeat the above iterations until stopping. We adopt AdaGrad (Duchi et al., 2011) to dynamically compute the learning rates for each iteration. Since the source and target tasks might have different convergence rates, we do early stopping on the target task performance."
      },
      {
        "heading": "3.4 MODEL IMPLEMENTATION",
        "text": "In this section, we describe our implementation of the base model. Both the character-level and word-level neural networks are implemented as RNNs. More specifically, we employ gated recurrent units (GRUs) (Cho et al., 2014). Let (x1,x2, \u00b7 \u00b7 \u00b7 ,xT ) be a sequence of inputs that can be embeddings or hidden states of other layers. Let ht be the GRU hidden state at time step t. Formally, a GRU unit at time step t can be expressed as\nrt = \u03c3(Wrxxt +Wrhht\u22121)\nzt = \u03c3(Wzxxt +Wzhht\u22121)\nh\u0303t = tanh(Whxxt +Whh(rt ht\u22121)) ht = zt ht\u22121 + (1\u2212 zt) h\u0303t,\nwhere W \u2019s are model parameters of each unit, h\u0303t is a candidate hidden state that is used to compute ht, \u03c3 is an element-wise sigmoid logistic function defined as \u03c3(x) = 1/(1 + e\u2212x), and denotes element-wise multiplication of two vectors. Intuitively, the update gate zt controls how much the unit updates its hidden state, and the reset gate rt determines how much information from the previous hidden state needs to be reset. The input to the character-level GRUs is character embeddings, while the input to the word-level GRUs is the concatenation of character-level GRU hidden states and word embeddings. Both GRUs are bi-directional and have two layers.\nGiven an input sequence of words, the word-level GRUs and the character-level GRUs together learn a feature representation ht for the t-th word in the sequence, which forms a sequence h = (h1,h2, \u00b7 \u00b7 \u00b7 ,hT ). Let y = (y1, y2, \u00b7 \u00b7 \u00b7 , yT ) denote the tag sequence. Given the feature representation h and the tag sequence y for each training instance, the CRF layer defines the objective function to maximize based on a max-margin principle (Gimpel & Smith, 2010) as:\nf(h,y)\u2212 log \u2211\ny\u2032\u2208Y(h)\nexp(f(h,y\u2032) + cost(y,y\u2032)),\nwhere f is a function that assigns a score for each pair of h and y, and Y(h) denotes the space of tag sequences for h. The cost function cost(y,y\u2032) is added based on the max-margin principle (Gimpel & Smith, 2010) that high-cost tags y\u2032 should be penalized more heavily.\nOur base model is similar to Lample et al. (2016), but in contrast to their model, we employ GRUs for the character-level and word-level networks instead of Long Short-Term Memory (LSTM) units, and define the objective function based on the max-margin principle. We note that our transfer learning framework does not make assumptions about specific model implementation, and could be applied to other neural architectures (Collobert et al., 2011; Chiu & Nichols, 2015; Lample et al., 2016; Ma & Hovy, 2016) as well."
      },
      {
        "heading": "4 EXPERIMENTS",
        "text": ""
      },
      {
        "heading": "4.1 DATASETS",
        "text": "We use the following benchmark datasets in our experiments: Penn Treebank (PTB) POS tagging, CoNLL 2000 chunking, CoNLL 2003 English NER, CoNLL 2002 Dutch NER, CoNLL 2002 Spanish NER, the Genia biomedical corpus (Kim et al., 2003), and a Twitter corpus (Ritter et al., 2011).\nThe statistics of the datasets are described in Table 1. We construct the POS tagging dataset with the instructions described in Toutanova et al. (2003). Note that as a standard practice, the POS tags are extracted from the parsed trees. For the CoNLL 2003 English NER dataset, we follow previous works (Collobert et al., 2011) to append one-hot gazetteer features to the input of the CRF layer for fair comparison. Since there is no standard training/dev/test data split for the Genia and Twitter corpora, we randomly sample 10% for test, 10% for development, and 80% for training. We follow previous work (Barrett & Weber-Jahnke, 2014) to map Genia POS tags to PTB POS tags."
      },
      {
        "heading": "4.2 TRANSFER LEARNING PERFORMANCE",
        "text": "We evaluate our transfer learning approach on the above datasets. We fix the hyperparameters for all the results reported in this section: we set the character embedding dimension at 25, the word embedding dimension at 50 for English and 64 for Spanish, the dimension of hidden states of the character-level GRUs at 80, the dimension of hidden states of the word-level GRUs at 300, and the initial learning rate at 0.01. Except for the Twitter datasets, these datasets are fairly large. To simulate a low-resource setting, we also use random subsets of the data. We vary the labeling rate of the target task at 0.001, 0.01, 0.1 and 1.0. Given a labeling rate r, we randomly sample a ratio r of the sentences from the training set and discard the rest of the training data\u2014e.g., a labeling rate of 0.001 results in around 900 training tokens on PTB POS tagging (Cf. Table 1).\nThe results on transfer learning are plotted in Figure 2, where we compare the results with and without transfer learning under various labeling rates. The numbers in the y-axes are accuracies for POS tagging, and chunk-level F1 scores for chunking and NER. The numbers are shown in Table 2. We can see that our transfer learning approach consistently improved over the non-transfer results. We also observe that the improvement by transfer learning is more substantial when the labeling rate is lower. For cross-domain transfer, we obtained substantial improvement on the Genia and Twitter corpora by transferring the knowledge from PTB POS tagging and CoNLL 2003 NER. For example, as shown in Figure 2(a), we can obtain an tagging accuracy of 83%+ with zero labels and 92% with only 0.001 labels when transferring from PTB to Genia. As shown in Figures 2(d) and 2(e), our transfer learning approach can improve the performance on Twitter POS tagging and NER for all labeling rates, and the improvements with 0.1 labels are more than 8% for both datasets. Cross-application transfer also leads to substantial improvement under low-resource conditions. For\nexample, as shown in Figures 2(g) and 2(h), the improvements with 0.1 labels are 6% and 3% on CoNLL 2000 chunking and CoNLL 2003 NER respectively when transferring from PTB POS tagging. Figures 2(j) and 2(i) show that cross-lingual transfer can improve the performance when few labels are available.\nFigure 2 further shows that the improvements by different architectures are in the following order: T-A > T-B > T-C. This phenomenon can be explained by the fact that T-A shares the most model parameters while T-C shares the least. Transfer settings like cross-lingual transfer can only use T-C because the underlying similarities between the source task and the target task are less prominent (i.e., less transferable), and in those cases the improvement by transfer learning is less substantial.\nAnother interesting comparison is among Figures 2(a), 2(b), and 2(c). Figure 2(a) is cross-domain transfer, Figure 2(b) is transfer across domains and applications at the same time, and Figure 2(c) combines all the three transfer settings (i.e., from Spanish NER in the general domain to English POS tagging in the biomedical domain). The results show that the improvement by transfer learning diminishes when the transfer becomes \u201cindirect\u201d (i.e., the source task and the target task are more loosely related).\nWe also study using different transfer learning models for the same task. We study the effects of using T-A, T-B, and T-C when transferring from PTB to Genia, and the results are included in the lower part of Table 2. We observe that the performance gain decreases when less parameters are shared (i.e., T-A > T-B > T-C)."
      },
      {
        "heading": "4.3 COMPARISON WITH STATE-OF-THE-ART RESULTS",
        "text": "In the above section, we examine the effects of different transfer learning architectures. Now we compare our approach with state-of-the-art systems on these datasets.\nWe use publicly available pretrained word embeddings as initialization. On the English datasets, following previous works that are based on neural networks (Collobert et al., 2011; Huang et al., 2015; Chiu & Nichols, 2015; Ma & Hovy, 2016), we experiment with both the 50-dimensional SENNA embeddings (Collobert et al., 2011) and the 100-dimensional GloVe embeddings (Pennington et al., 2014) and use the development set to choose the embeddings for different tasks and settings. For Spanish and Dutch, we use the 64-dimensional Polyglot embeddings (Al-Rfou et al., 2013). We set the hidden state dimensions to be 300 for the word-level GRU. The initial learning rate for AdaGrad is fixed at 0.01. We use the development set to tune the other hyperparameters of our model.\nOur results are reported in Table 3. Since there are no standard data splits on the Genia and Twitter corpora, we do not include these datasets into our comparison. The results for CoNLL 2000 chunking, CoNLL 2003 NER, and PTB POS tagging are obtained by transfer learning between the three tasks, i.e., transferring from two tasks to the other. The results for Spanish and Dutch NER are obtained with transfer learning between the NER datasets in three languages (English, Spanish, and Dutch). From Table 3, we can draw two conclusions. First, our transfer learning approach achieves new state-of-the-art results on all the considered benchmark datasets except PTB POS tagging, which indicates that transfer learning can still improve the performance even on datasets with\nrelatively abundant labels. Second, our base model (w/o transfer) performs competitively compared to the state-of-the-art systems, which means that the improvements shown in Section 4.2 are obtained over a strong baseline."
      },
      {
        "heading": "5 CONCLUSION",
        "text": "In this paper we develop a transfer learning approach for sequence tagging, which exploits the generality demonstrated by deep neural networks in previous work. We design three neural network architectures for the settings of cross-domain, cross-application, and cross-lingual transfer. Our transfer learning approach achieves significant improvement on various datasets under low-resource conditions, as well as new state-of-the-art results on some of the benchmarks. With thorough experiments, we observe that the following factors are crucial for the performance of our transfer learning approach: a) label abundance for the target task, b) relatedness between the source and target tasks, and c) the number of parameters that can be shared. In the future, it will be interesting to combine model-based transfer (as in this work) with resource-based transfer for cross-lingual transfer learning."
      },
      {
        "heading": "ACKNOWLEDGMENTS",
        "text": "This work was funded by NVIDIA, the Office of Naval Research grant N000141512791, the ADeLAIDE grant FA8750-16C-0130-001, the NSF grant IIS1250956, and Google Research."
      }
    ],
    "references": [
      {
        "title": "Polyglot: Distributed word representations for multilingual nlp",
        "author": [
          "Rami Al-Rfou",
          "Bryan Perozzi",
          "Steven Skiena"
        ],
        "venue": "In ACL,",
        "citeRegEx": "Al.Rfou et al\\.,? \\Q2013\\E",
        "shortCiteRegEx": "Al.Rfou et al\\.",
        "year": 2013
      },
      {
        "title": "A framework for learning predictive structures from multiple tasks and unlabeled data",
        "author": [
          "Rie Kubota Ando",
          "Tong Zhang"
        ],
        "venue": "JMLR, 6:1817\u20131853,",
        "citeRegEx": "Ando and Zhang.,? \\Q2005\\E",
        "shortCiteRegEx": "Ando and Zhang.",
        "year": 2005
      },
      {
        "title": "A token centric part-of-speech tagger for biomedical text",
        "author": [
          "Neil Barrett",
          "Jens Weber-Jahnke"
        ],
        "venue": "Artificial intelligence in medicine,",
        "citeRegEx": "Barrett and Weber.Jahnke.,? \\Q2014\\E",
        "shortCiteRegEx": "Barrett and Weber.Jahnke.",
        "year": 2014
      },
      {
        "title": "Co-training for domain adaptation",
        "author": [
          "Minmin Chen",
          "Kilian Q Weinberger",
          "John Blitzer"
        ],
        "venue": "In NIPS,",
        "citeRegEx": "Chen et al\\.,? \\Q2011\\E",
        "shortCiteRegEx": "Chen et al\\.",
        "year": 2011
      },
      {
        "title": "Named entity recognition with bidirectional lstm-cnns",
        "author": [
          "Jason PC Chiu",
          "Eric Nichols"
        ],
        "venue": "arXiv preprint arXiv:1511.08308,",
        "citeRegEx": "Chiu and Nichols.,? \\Q2015\\E",
        "shortCiteRegEx": "Chiu and Nichols.",
        "year": 2015
      },
      {
        "title": "On the properties of neural machine translation: Encoder-decoder approaches",
        "author": [
          "Kyunghyun Cho",
          "Bart van Merri\u00ebnboer",
          "Dzmitry Bahdanau",
          "Yoshua Bengio"
        ],
        "venue": "In ACL,",
        "citeRegEx": "Cho et al\\.,? \\Q2014\\E",
        "shortCiteRegEx": "Cho et al\\.",
        "year": 2014
      },
      {
        "title": "Natural language processing (almost) from scratch",
        "author": [
          "Ronan Collobert",
          "Jason Weston",
          "L\u00e9on Bottou",
          "Michael Karlen",
          "Koray Kavukcuoglu",
          "Pavel Kuksa"
        ],
        "venue": null,
        "citeRegEx": "Collobert et al\\.,? \\Q2011\\E",
        "shortCiteRegEx": "Collobert et al\\.",
        "year": 2011
      },
      {
        "title": "Adaptive subgradient methods for online learning and stochastic optimization",
        "author": [
          "John Duchi",
          "Elad Hazan",
          "Yoram Singer"
        ],
        "venue": "JMLR, 12:2121\u20132159,",
        "citeRegEx": "Duchi et al\\.,? \\Q2011\\E",
        "shortCiteRegEx": "Duchi et al\\.",
        "year": 2011
      },
      {
        "title": "Hierarchical bayesian domain adaptation",
        "author": [
          "Jenny Rose Finkel",
          "Christopher D Manning"
        ],
        "venue": "In HLT,",
        "citeRegEx": "Finkel and Manning.,? \\Q2009\\E",
        "shortCiteRegEx": "Finkel and Manning.",
        "year": 2009
      },
      {
        "title": "Multilingual language processing from bytes",
        "author": [
          "Dan Gillick",
          "Cliff Brunk",
          "Oriol Vinyals",
          "Amarnag Subramanya"
        ],
        "venue": "arXiv preprint arXiv:1512.00103,",
        "citeRegEx": "Gillick et al\\.,? \\Q2015\\E",
        "shortCiteRegEx": "Gillick et al\\.",
        "year": 2015
      },
      {
        "title": "Softmax-margin crfs: Training log-linear models with cost functions",
        "author": [
          "Kevin Gimpel",
          "Noah A Smith"
        ],
        "venue": "In NAACL, pp",
        "citeRegEx": "Gimpel and Smith.,? \\Q2010\\E",
        "shortCiteRegEx": "Gimpel and Smith.",
        "year": 2010
      },
      {
        "title": "Bidirectional lstm-crf models for sequence tagging",
        "author": [
          "Zhiheng Huang",
          "Wei Xu",
          "Kai Yu"
        ],
        "venue": "arXiv preprint arXiv:1508.01991,",
        "citeRegEx": "Huang et al\\.,? \\Q2015\\E",
        "shortCiteRegEx": "Huang et al\\.",
        "year": 2015
      },
      {
        "title": "Genia corpusa semantically annotated corpus for bio-textmining",
        "author": [
          "J-D Kim",
          "Tomoko Ohta",
          "Yuka Tateisi",
          "Junichi Tsujii"
        ],
        "venue": "Bioinformatics, 19(suppl 1):i180\u2013i182,",
        "citeRegEx": "Kim et al\\.,? \\Q2003\\E",
        "shortCiteRegEx": "Kim et al\\.",
        "year": 2003
      },
      {
        "title": "New transfer learning techniques for disparate label sets",
        "author": [
          "Young-Bum Kim",
          "Karl Stratos",
          "Ruhi Sarikaya",
          "Minwoo Jeong"
        ],
        "venue": "In ACL,",
        "citeRegEx": "Kim et al\\.,? \\Q2015\\E",
        "shortCiteRegEx": "Kim et al\\.",
        "year": 2015
      },
      {
        "title": "Neural architectures for named entity recognition",
        "author": [
          "Guillaume Lample",
          "Miguel Ballesteros",
          "Sandeep Subramanian",
          "Kazuya Kawakami",
          "Chris Dyer"
        ],
        "venue": "In NAACL,",
        "citeRegEx": "Lample et al\\.,? \\Q2016\\E",
        "shortCiteRegEx": "Lample et al\\.",
        "year": 2016
      },
      {
        "title": "Finding function in form: Compositional character models for open vocabulary word representation",
        "author": [
          "Wang Ling",
          "Tiago Lu\u0131\u0301s",
          "Lu\u0131\u0301s Marujo",
          "Ram\u00f3n Fernandez Astudillo",
          "Silvio Amir",
          "Chris Dyer",
          "Alan W Black",
          "Isabel Trancoso"
        ],
        "venue": "In EMNLP,",
        "citeRegEx": "Ling et al\\.,? \\Q2015\\E",
        "shortCiteRegEx": "Ling et al\\.",
        "year": 2015
      },
      {
        "title": "Joint named entity recognition and disambiguation",
        "author": [
          "Gang Luo",
          "Xiaojiang Huang",
          "Chin-Yew Lin",
          "Zaiqing Nie"
        ],
        "venue": "In ACL,",
        "citeRegEx": "Luo et al\\.,? \\Q2015\\E",
        "shortCiteRegEx": "Luo et al\\.",
        "year": 2015
      },
      {
        "title": "End-to-end sequence labeling via bi-directional lstm-cnns-crf",
        "author": [
          "Xuezhe Ma",
          "Eduard Hovy"
        ],
        "venue": "In ACL,",
        "citeRegEx": "Ma and Hovy.,? \\Q2016\\E",
        "shortCiteRegEx": "Ma and Hovy.",
        "year": 2016
      },
      {
        "title": "A survey on transfer learning",
        "author": [
          "Sinno Jialin Pan",
          "Qiang Yang"
        ],
        "venue": "Knowledge and Data Engineering, IEEE Transactions on,",
        "citeRegEx": "Pan and Yang.,? \\Q2010\\E",
        "shortCiteRegEx": "Pan and Yang.",
        "year": 2010
      },
      {
        "title": "Lexicon infused phrase embeddings for named entity resolution",
        "author": [
          "Alexandre Passos",
          "Vineet Kumar",
          "Andrew McCallum"
        ],
        "venue": "In HLT,",
        "citeRegEx": "Passos et al\\.,? \\Q2014\\E",
        "shortCiteRegEx": "Passos et al\\.",
        "year": 2014
      },
      {
        "title": "Improving named entity recognition for chinese social media with word segmentation representation learning",
        "author": [
          "Nanyun Peng",
          "Mark Dredze"
        ],
        "venue": "In ACL,",
        "citeRegEx": "Peng and Dredze.,? \\Q2016\\E",
        "shortCiteRegEx": "Peng and Dredze.",
        "year": 2016
      },
      {
        "title": "Glove: Global vectors for word representation",
        "author": [
          "Jeffrey Pennington",
          "Richard Socher",
          "Christopher D Manning"
        ],
        "venue": "In EMNLP,",
        "citeRegEx": "Pennington et al\\.,? \\Q2014\\E",
        "shortCiteRegEx": "Pennington et al\\.",
        "year": 2014
      },
      {
        "title": "Design challenges and misconceptions in named entity recognition",
        "author": [
          "Lev Ratinov",
          "Dan Roth"
        ],
        "venue": "In CoNLL, pp",
        "citeRegEx": "Ratinov and Roth.,? \\Q2009\\E",
        "shortCiteRegEx": "Ratinov and Roth.",
        "year": 2009
      },
      {
        "title": "Named entity recognition in tweets: an experimental study",
        "author": [
          "Alan Ritter",
          "Sam Clark",
          "Oren Etzioni"
        ],
        "venue": "In EMNLP, pp",
        "citeRegEx": "Ritter et al\\.,? \\Q2011\\E",
        "shortCiteRegEx": "Ritter et al\\.",
        "year": 2011
      },
      {
        "title": "Flors: Fast and simple domain adaptation for part-of-speech tagging",
        "author": [
          "Tobias Schnabel",
          "Hinrich Sch\u00fctze"
        ],
        "venue": "TACL, 2:15\u201326,",
        "citeRegEx": "Schnabel and Sch\u00fctze.,? \\Q2014\\E",
        "shortCiteRegEx": "Schnabel and Sch\u00fctze.",
        "year": 2014
      },
      {
        "title": "Feature-rich part-of-speech tagging with a cyclic dependency network",
        "author": [
          "Kristina Toutanova",
          "Dan Klein",
          "Christopher D Manning",
          "Yoram Singer"
        ],
        "venue": "In NAACL, pp",
        "citeRegEx": "Toutanova et al\\.,? \\Q2003\\E",
        "shortCiteRegEx": "Toutanova et al\\.",
        "year": 2003
      },
      {
        "title": "Cross-lingual pseudo-projected expectation regularization for weakly supervised learning",
        "author": [
          "Mengqiu Wang",
          "Christopher D Manning"
        ],
        "venue": "TACL,",
        "citeRegEx": "Wang and Manning.,? \\Q2014\\E",
        "shortCiteRegEx": "Wang and Manning.",
        "year": 2014
      },
      {
        "title": "Inducing multilingual text analysis tools via robust projection across aligned corpora",
        "author": [
          "David Yarowsky",
          "Grace Ngai",
          "Richard Wicentowski"
        ],
        "venue": "In HLT, pp",
        "citeRegEx": "Yarowsky et al\\.,? \\Q2001\\E",
        "shortCiteRegEx": "Yarowsky et al\\.",
        "year": 2001
      },
      {
        "title": "Cross-lingual transfer of named entity recognizers without parallel corpora",
        "author": [
          "Ayah Zirikly",
          "Masato Hagiwara"
        ],
        "venue": "In ACL,",
        "citeRegEx": "Zirikly and Hagiwara.,? \\Q2015\\E",
        "shortCiteRegEx": "Zirikly and Hagiwara.",
        "year": 2015
      }
    ],
    "referenceMentions": [
      {
        "referenceID": 12,
        "context": "Transfer learning can be used in several settings, notably for low-resource languages (Zirikly & Hagiwara, 2015; Wang & Manning, 2014) and low-resource domains such as biomedical corpora (Kim et al., 2003) and Twitter corpora (Ritter et al.",
        "startOffset": 187,
        "endOffset": 205
      },
      {
        "referenceID": 23,
        "context": ", 2003) and Twitter corpora (Ritter et al., 2011)).",
        "startOffset": 28,
        "endOffset": 49
      },
      {
        "referenceID": 6,
        "context": "Even on datasets with relatively abundant labels, multi-task transfer can sometimes achieve improvement over state-of-the-art results (Collobert et al., 2011).",
        "startOffset": 134,
        "endOffset": 158
      },
      {
        "referenceID": 6,
        "context": "Recently, a number of approaches based on deep neural networks have addressed the problem of sequence tagging in an end-to-end manner (Collobert et al., 2011; Lample et al., 2016; Ling et al., 2015; Ma & Hovy, 2016).",
        "startOffset": 134,
        "endOffset": 215
      },
      {
        "referenceID": 14,
        "context": "Recently, a number of approaches based on deep neural networks have addressed the problem of sequence tagging in an end-to-end manner (Collobert et al., 2011; Lample et al., 2016; Ling et al., 2015; Ma & Hovy, 2016).",
        "startOffset": 134,
        "endOffset": 215
      },
      {
        "referenceID": 15,
        "context": "Recently, a number of approaches based on deep neural networks have addressed the problem of sequence tagging in an end-to-end manner (Collobert et al., 2011; Lample et al., 2016; Ling et al., 2015; Ma & Hovy, 2016).",
        "startOffset": 134,
        "endOffset": 215
      },
      {
        "referenceID": 27,
        "context": "Resource-based transfer utilizes additional linguistic annotations as weak supervision for transfer learning, such as cross-lingual dictionaries (Zirikly & Hagiwara, 2015), corpora (Wang & Manning, 2014), and word alignments (Yarowsky et al., 2001).",
        "startOffset": 225,
        "endOffset": 248
      },
      {
        "referenceID": 3,
        "context": "Techniques in cross-domain transfer include the design of robust feature representations (Schnabel & Sch\u00fctze, 2014), co-training (Chen et al., 2011), hierarchical Bayesian prior (Finkel & Manning, 2009), and canonical component analysis (Kim et al.",
        "startOffset": 129,
        "endOffset": 148
      },
      {
        "referenceID": 13,
        "context": ", 2011), hierarchical Bayesian prior (Finkel & Manning, 2009), and canonical component analysis (Kim et al., 2015).",
        "startOffset": 96,
        "endOffset": 114
      },
      {
        "referenceID": 6,
        "context": "Later architectures based on different combinations of convolutional networks and recurrent networks have achieved state-of-the-art results on many tasks (Collobert et al., 2011; Huang et al., 2015; Chiu & Nichols, 2015; Lample et al., 2016; Ma & Hovy, 2016).",
        "startOffset": 154,
        "endOffset": 258
      },
      {
        "referenceID": 11,
        "context": "Later architectures based on different combinations of convolutional networks and recurrent networks have achieved state-of-the-art results on many tasks (Collobert et al., 2011; Huang et al., 2015; Chiu & Nichols, 2015; Lample et al., 2016; Ma & Hovy, 2016).",
        "startOffset": 154,
        "endOffset": 258
      },
      {
        "referenceID": 14,
        "context": "Later architectures based on different combinations of convolutional networks and recurrent networks have achieved state-of-the-art results on many tasks (Collobert et al., 2011; Huang et al., 2015; Chiu & Nichols, 2015; Lample et al., 2016; Ma & Hovy, 2016).",
        "startOffset": 154,
        "endOffset": 258
      },
      {
        "referenceID": 21,
        "context": "Resource-based transfer utilizes additional linguistic annotations as weak supervision for transfer learning, such as cross-lingual dictionaries (Zirikly & Hagiwara, 2015), corpora (Wang & Manning, 2014), and word alignments (Yarowsky et al., 2001). Resource-based methods demonstrate considerable success in cross-lingual transfer, but are quite sensitive to the scale and quality of the additional resources. Resource-based transfer is mostly limited to cross-lingual transfer in previous works, and there is not extensive research on extending resource-based methods to cross-domain and cross-application settings. Model-based transfer, on the other hand, does not require additional resources. Model-based transfer exploits the similarity and relatedness between the source task and the target task by adaptively modifying the model architectures, training algorithms, or feature representation. For example, Ando & Zhang (2005) proposed a transfer learning framework that shares structural parameters across multiple tasks, and improve the performance on various tasks including NER; Collobert et al.",
        "startOffset": 226,
        "endOffset": 933
      },
      {
        "referenceID": 5,
        "context": "For example, Ando & Zhang (2005) proposed a transfer learning framework that shares structural parameters across multiple tasks, and improve the performance on various tasks including NER; Collobert et al. (2011) presented a task-independent convolutional neural network and employed joint training to transfer knowledge from NER and POS tagging to chunking; Peng & Dredze (2016) studied transfer learning between named entity recognition and word segmentation in Chinese based on recurrent neural networks.",
        "startOffset": 189,
        "endOffset": 213
      },
      {
        "referenceID": 5,
        "context": "For example, Ando & Zhang (2005) proposed a transfer learning framework that shares structural parameters across multiple tasks, and improve the performance on various tasks including NER; Collobert et al. (2011) presented a task-independent convolutional neural network and employed joint training to transfer knowledge from NER and POS tagging to chunking; Peng & Dredze (2016) studied transfer learning between named entity recognition and word segmentation in Chinese based on recurrent neural networks.",
        "startOffset": 189,
        "endOffset": 380
      },
      {
        "referenceID": 3,
        "context": "Techniques in cross-domain transfer include the design of robust feature representations (Schnabel & Sch\u00fctze, 2014), co-training (Chen et al., 2011), hierarchical Bayesian prior (Finkel & Manning, 2009), and canonical component analysis (Kim et al., 2015). While our approach falls into the paradigm of model-based transfer, in contrast to the above methods, our method focuses on exploiting the generality of deep recurrent neural networks and is applicable to transfer between domains, applications, and languages. Our work builds on previous work on sequence tagging based on deep neural networks. Collobert et al. (2011) develop end-to-end neural networks for sequence tagging without hand-engineered features.",
        "startOffset": 130,
        "endOffset": 625
      },
      {
        "referenceID": 6,
        "context": "Both of the word-level layer and the character-level layer can be implemented as convolutional neural networks (CNNs) or recurrent neural networks (RNNs) (Collobert et al., 2011; Chiu & Nichols, 2015; Lample et al., 2016; Ma & Hovy, 2016).",
        "startOffset": 154,
        "endOffset": 238
      },
      {
        "referenceID": 14,
        "context": "Both of the word-level layer and the character-level layer can be implemented as convolutional neural networks (CNNs) or recurrent neural networks (RNNs) (Collobert et al., 2011; Chiu & Nichols, 2015; Lample et al., 2016; Ma & Hovy, 2016).",
        "startOffset": 154,
        "endOffset": 238
      },
      {
        "referenceID": 23,
        "context": ", \u201cURL\u201d) cannot be mapped to Penn Treebank tags (Ritter et al., 2011).",
        "startOffset": 48,
        "endOffset": 69
      },
      {
        "referenceID": 6,
        "context": "Similar to the motivation in (Collobert et al., 2011), it is usually desirable to exploit the underlying similarities and regularities of different applications, and improve the performance of one application via joint training with another.",
        "startOffset": 29,
        "endOffset": 53
      },
      {
        "referenceID": 27,
        "context": "Though cross-lingual transfer is usually accomplished with additional multi-lingual resources, these methods are sensitive to the size and quality of the additional resources (Yarowsky et al., 2001; Wang & Manning, 2014).",
        "startOffset": 175,
        "endOffset": 220
      },
      {
        "referenceID": 7,
        "context": "We adopt AdaGrad (Duchi et al., 2011) to dynamically compute the learning rates for each iteration.",
        "startOffset": 17,
        "endOffset": 37
      },
      {
        "referenceID": 5,
        "context": "More specifically, we employ gated recurrent units (GRUs) (Cho et al., 2014).",
        "startOffset": 58,
        "endOffset": 76
      },
      {
        "referenceID": 6,
        "context": "We note that our transfer learning framework does not make assumptions about specific model implementation, and could be applied to other neural architectures (Collobert et al., 2011; Chiu & Nichols, 2015; Lample et al., 2016; Ma & Hovy, 2016) as well.",
        "startOffset": 159,
        "endOffset": 243
      },
      {
        "referenceID": 14,
        "context": "We note that our transfer learning framework does not make assumptions about specific model implementation, and could be applied to other neural architectures (Collobert et al., 2011; Chiu & Nichols, 2015; Lample et al., 2016; Ma & Hovy, 2016) as well.",
        "startOffset": 159,
        "endOffset": 243
      },
      {
        "referenceID": 13,
        "context": "Our base model is similar to Lample et al. (2016), but in contrast to their model, we employ GRUs for the character-level and word-level networks instead of Long Short-Term Memory (LSTM) units, and define the objective function based on the max-margin principle.",
        "startOffset": 29,
        "endOffset": 50
      },
      {
        "referenceID": 12,
        "context": "We use the following benchmark datasets in our experiments: Penn Treebank (PTB) POS tagging, CoNLL 2000 chunking, CoNLL 2003 English NER, CoNLL 2002 Dutch NER, CoNLL 2002 Spanish NER, the Genia biomedical corpus (Kim et al., 2003), and a Twitter corpus (Ritter et al.",
        "startOffset": 212,
        "endOffset": 230
      },
      {
        "referenceID": 23,
        "context": ", 2003), and a Twitter corpus (Ritter et al., 2011).",
        "startOffset": 30,
        "endOffset": 51
      },
      {
        "referenceID": 6,
        "context": "For the CoNLL 2003 English NER dataset, we follow previous works (Collobert et al., 2011) to append one-hot gazetteer features to the input of the CRF layer for fair comparison.",
        "startOffset": 65,
        "endOffset": 89
      },
      {
        "referenceID": 24,
        "context": "We construct the POS tagging dataset with the instructions described in Toutanova et al. (2003). Note that as a standard practice, the POS tags are extracted from the parsed trees.",
        "startOffset": 72,
        "endOffset": 96
      },
      {
        "referenceID": 6,
        "context": "On the English datasets, following previous works that are based on neural networks (Collobert et al., 2011; Huang et al., 2015; Chiu & Nichols, 2015; Ma & Hovy, 2016), we experiment with both the 50-dimensional SENNA embeddings (Collobert et al.",
        "startOffset": 84,
        "endOffset": 167
      },
      {
        "referenceID": 11,
        "context": "On the English datasets, following previous works that are based on neural networks (Collobert et al., 2011; Huang et al., 2015; Chiu & Nichols, 2015; Ma & Hovy, 2016), we experiment with both the 50-dimensional SENNA embeddings (Collobert et al.",
        "startOffset": 84,
        "endOffset": 167
      },
      {
        "referenceID": 6,
        "context": ", 2015; Chiu & Nichols, 2015; Ma & Hovy, 2016), we experiment with both the 50-dimensional SENNA embeddings (Collobert et al., 2011) and the 100-dimensional GloVe embeddings (Pennington et al.",
        "startOffset": 108,
        "endOffset": 132
      },
      {
        "referenceID": 21,
        "context": ", 2011) and the 100-dimensional GloVe embeddings (Pennington et al., 2014) and use the development set to choose the embeddings for different tasks and settings.",
        "startOffset": 49,
        "endOffset": 74
      },
      {
        "referenceID": 0,
        "context": "For Spanish and Dutch, we use the 64-dimensional Polyglot embeddings (Al-Rfou et al., 2013).",
        "startOffset": 69,
        "endOffset": 91
      }
    ],
    "year": 2017,
    "abstractText": "Recent papers have shown that neural networks obtain state-of-the-art performance on several different sequence tagging tasks. One appealing property of such systems is their generality, as excellent performance can be achieved with a unified architecture and without task-specific feature engineering. However, it is unclear if such systems can be used for tasks without large amounts of training data. In this paper we explore the problem of transfer learning for neural sequence taggers, where a source task with plentiful annotations (e.g., POS tagging on Penn Treebank) is used to improve performance on a target task with fewer available annotations (e.g., POS tagging for microblogs). We examine the effects of transfer learning for deep hierarchical recurrent networks across domains, applications, and languages, and show that significant improvement can often be obtained. These improvements lead to improvements over the current state-ofthe-art on several well-studied tasks.1",
    "creator": "LaTeX with hyperref package"
  }
}