{
  "name": "387.pdf",
  "metadata": {
    "source": "CRF",
    "title": null,
    "authors": [
      "Roland Memisevic"
    ],
    "emails": [
      "guillaume.berger@umontreal.ca,",
      "memisevr@iro.umontreal.ca"
    ],
    "sections": [
      {
        "heading": "1 INTRODUCTION",
        "text": "There are currently two dominant approaches to texture synthesis: non-parametric techniques, which synthesize a texture by extracting pixels (or patches) from a reference image that are resampled for rendering (Efros & Leung, 1999; Kwatra et al., 2003), and parametric statistical models, which optimize reconstructions to match certain statistics computed on filter responses (Heeger & Bergen, 1995; Portilla & Simoncelli, 2000). Recently, the second approach has seen a significant advancement, after Gatys et al. (2015a) showed that a CNN pre-trained on an object classification task, such as ImageNet (Russakovsky et al., 2015), can be very effective at generating textures. Gatys et al. (2015a) propose to minimize with respect to the input image a loss function, that measures how well certain high-level features of a reference image are preserved. The reference image constitutes an example of the texture to be generated. The high-level features to be preserved are pair-wise products of feature responses, averaged over the whole image, referred to as the \u201cGramian\u201d in that work. In Gatys et al. (2015b), the same authors show that by adding a second term to the cost, which matches the content of another image, one can render that other image in the \u201cstyle\u201d (texture) of the first. Numerous follow-up works have since then analysed and extended this approach (Ulyanov et al., 2016; Johnson et al., 2016; Ustyuzhaninov et al., 2016).\nAs shown in Figure 1, this method produces impressive results. However, it fails to take into account non-local structure, and consequently cannot generate results that exhibit long-range correlations in images. An example of the importance of long-range structure is the regular brick wall texture in the middle of the figure. Another example is the task of inpainting, where the goal is to fill in a missing part of an image, such that it is faithful to the non-missing pixels. Our main contribution is to introduce a way to deal with long-range structure using a simple modification to the product-based texture features. Our approach is based on imposing a \u201cMarkov-structure\u201d on high-level features, allowing us to establish feature constraints that range across sites instead of being local. Unlike classical approaches to preserving spatial structure in image generation, such as Markov Random Fields and learning-based extensions (Roth & Black, 2005), our approach does not impose any explicit local constraints on pixels themselves. Rather, inspired by Gatys et al. (2015a), it encourages consistency to be satisfied on high-level features and on average across the whole image. We present applications to texture generation, inpainting and season transfer."
      },
      {
        "heading": "2 THE ARTISTIC STYLE ALGORITHM",
        "text": ""
      },
      {
        "heading": "2.1 SYNTHESIS PROCEDURE",
        "text": "Given a reference texture, x, the algorithm described in Gatys et al. (2015a) permits to synthesize by optimization a new texture x\u0302 similar to x. To achieve this, the algorithm exploits an ImageNet\npre-trained model to define metrics suitable for describing textures: \u201cGram\u201d matrices of feature maps, computed on top of L selected layers. Formally, let N l be the number of maps in layer l of a pre-trained CNN. The corresponding Gram matrix Gl is a N l \u00d7N l matrix defined as:\nGlij = 1\nM l M l\u2211 k=1 F likF l jk = 1 M l \u3008F li:, F lj:\u3009 (1)\nwhere F li: is the i th vectorized feature map of layer l, M l is the number of elements in each map of this layer, and where \u3008 \u00b7, \u00b7\u3009 denotes the inner product. Equation 1 makes it clear that Gl captures how feature maps from layer l are correlated to each other. Diagonal terms, Glii are the squared Frobenius norm of the ith map\n\u2225\u2225F li:\u2225\u22252F , so they represent its spatially averaged energy. We will discuss the Gramians in more detail in the next paragraph. Once the Gram matrices {Gl}l\u2208[1,L] of the reference texture are computed, the synthesis procedure by Gatys et al. (2015a) amounts to constructing an image that produces Gram matrices {G\u0302l}l\u2208[1,L] that match the ones of the reference texture. More precisely, the following loss function is minimized with respect to the image being constructed:\nLstyle = L\u2211 l=1 wl \u2225\u2225\u2225G\u0302l \u2212Gl\u2225\u2225\u22252 F = L\u2211 l=1 wlLlstyle (2)\nwhere wl is a normalizing constant similar to Gatys et al. (2015a).\nThe overall process is summarized in Figure 2. While the procedure can be computationally expensive, there have been successful attempts reported recently which reduce the generation time (Ulyanov et al., 2016; Johnson et al., 2016)."
      },
      {
        "heading": "2.2 WHY GRAM MATRICES WORK",
        "text": "Feature Gram matrices are effective at representing texture, because they capture global statistics across the image due to spatial averaging. Since textures are static, averaging over positions is required and makes Gram matrices fully blind to the global arrangement of objects inside the reference image. This property permits to generate very diverse textures by just changing the starting point of the optimization. Despite averaging over positions, coherence across multiple features needs to be preserved (locally) to model visually sensible textures. This requirement is taken care of by the off-diagonal terms in the Gram matrix, which capture the co-occurence of different features at\na single spatial location. Indeed, Figure 3 shows that restricting the texture representation to the squared Frobenius norm of feature maps (i.e. diagonal terms) makes distinct object-parts from the reference texture encroach on each other in the reconstruction, as local coherence is not captured by the model. Exploiting off-diagonal terms improves the quality of the reconstruction as consistency across feature maps is enforced (on average across the image).\nThe importance of local coherence can be intuitively understood in the case of linear features (or in the lowest layer of a convolutional network): when decomposing an image using Gabor-like features, local structure can be expressed as the relative offsets in the Fourier phase angles between multiple different filter responses. A sharp step-edge, for example, requires the phases of local Fourier components at different frequencies to align in a different way than a blurry edge or a ridge (Morrone & Burr, 1988; Kovesi, 1999). Also, natural images exhibit very specific phaserelationships across frequency components in general, and destroying these makes the image look unnatural (Wang & Simoncelli, 2003). The same is not true of Fourier amplitudes (represented on the diagonals of the Gramian), which play a much less important role in the visual appearance (Oppenheim & Lim, 1981). In the case of deeper representations, the situation is more complex, but it is still local co-occurrence averaged over the whole image that captures texture.\nUnfortunately, average local coherence falls short of capturing long-range structure in images. Spatial consistency is hard to capture within a single filter bank, because of combinatorial effects. Indeed, since Gram matrices capture coherence at a single spatial location, every feature would have to be matched to multiple transformed versions of itself. A corollary is that every feature would have to appear in the form of multiple transformed copies of itself in order to capture spatial consistency. However, this requirement clashes with the limited number of features available in each CNN layer. One way to address this is to use higher-layer features, whose receptive fields are larger. Unfortunately, as illustrated in Figure 3, even if using layers up to pool5 whose input receptive field covers the whole image1 (first row, last column), the reconstruction remains mainly unstructured and the method fails to produce spatial regularities."
      },
      {
        "heading": "3 MODELING SPATIAL CO-OCCURENCES",
        "text": "To account for spatial structure in images, we propose encoding this structure in the feature selfsimilarity matrices themselves. To this end, we suggest that, instead of computing co-occurences between multiple features within a map, we compute co-occurences between feature maps F l and spatially transformed feature maps T (F l), where T denotes a spatial transformation. In the simplest case, T represents local translation, which amounts to measuring similarities between local features and other neighbouring features. We denote by Tx,+\u03b4 the operation consisting in horizontally translating feature maps by \u03b4 pixels and define the transformed Gramian:\nGlx,\u03b4,ij = 1\nM l \u3008Tx,+\u03b4\n( F li: ) , Tx,\u2212\u03b4 ( F lj: ) \u3009 (3)\n1For this experiment, the image size is 264\u00d7 264, which is also the size of the pool5 receptive field.\nwhere Tx,\u2212\u03b4 performs a translation in the opposite direction. As illustrated in Figure 4, the transformation in practice simply amounts to removing the \u03b4 first or last columns from the raw feature maps. Therefore, the inner product now captures how features at position (i, j) are correlated with features located at position (i, j + \u03b4) in average. While Figure 4 illustrates the case where feature maps are horizontally shifted, one would typically use translations along both the x-axis and the y-axis. Our transformed Gramians are related to Gray-Level Co-occurrence Matrices (GLCM) (Haralick et al., 1973) which compute the unnormalized frequencies of pixel values for a given offset in an image. While GLCMs have been mainly used for analysis, some work tried to use these features for texture synthesis (Lohmann, 1995). Usually, GLCMs are defined along 4 directions: 0\u25e6 and 90\u25e6 (i.e. horizontal and vertical offsets), as well as 45\u25e6 and 135\u25e6 (i.e. diagonal offsets). In comparison, our method does not consider diagonal offsets and captures spatial coherence on high-level features, making use of a pre-trained CNN, instead of working directly in the pixel domain.\nWith this definition for transformed Gram matrices, we propose defining the loss as: L = Lstyle + Lcc, where cc stands for cross-correlation. Like Lstyle, Lcc is a weighted sum of multiple losses Llcc,\u03b4 defined for several selected layers as the mean squared error between transformed Gram matrices of the reference texture and the one being constructed:\nLlcc,\u03b4 = 1\n2\n( Llcc,x,\u03b4 + Llcc,y,\u03b4 ) = 1\n2 (\u2225\u2225\u2225G\u0302lx,\u03b4 \u2212Glx,\u03b4\u2225\u2225\u22252 F + \u2225\u2225\u2225G\u0302ly,\u03b4 \u2212Gly,\u03b4\u2225\u2225\u22252 F ) (4)\nAlthough this amounts to adding more terms to a representation that was already high-dimensional and overparametrized, we found that these additional terms do not hurt the diversity of generated textures. Indeed, the new loss remains blind to the global arrangement of objects. In fact, there exists a specific situation where our approach is strictly equivalent to computing Gram matrices of deeper layers: with linear activations and \u201cone-hot\u201d convolution kernels2, deeper layers would simply contain translated versions of lower feature maps. In that case, computing Gram matrices of deeper layers would permit to directly capture cross-correlation statistics in lower ones. Nevertheless, this situation is very unlikely when using a pretrained CNN, as the network probably learned operations more useful than simple translations during its supervised training.\nWhile we focus on translation for most of our results, we shall discuss other types of transformation in the experiments Section."
      },
      {
        "heading": "4 EXPERIMENTS",
        "text": "In our experiments, we exploit the same normalized version of the VGG-19 network3 (Simonyan & Zisserman, 2014) as in Gatys et al. (2015a;b) and layers conv1 1, pool1, pool2, pool3, and pool4 are always used to define the standard Gram matrices. In our method, we did not use conv1 1 to define cross-correlation terms, as the large number of neurons at this stage makes the computation of Gram matrices costly. Corresponding \u03b4 values for each layer are discussed in the next paragraph.\n2To match our translated Gramians, the only non-zero component would be \u03b4 or \u2212\u03b4 shifted from the center. 3available at http://bethgelab.org/media/uploads/deeptextures/vgg normalised.caffemodel.\nFinally, our implementation4 uses Lasagne (Dieleman et al., 2015). Each image is of size 384\u00d7384. Most textures used as references in this paper were taken from textures.com and pixabay.com."
      },
      {
        "heading": "4.1 EXPERIMENTS WITH TRANSLATION-GRAMIANS",
        "text": "The \u03b4 parameter is of central importance as it dictates the range of the spatial constraints. We observed that the optimal value depends on both the considered layer in the pre-trained CNN and the reference texture, making it difficult to choose a value automatically.\nFor instance, Figure 5 shows generated images from the brick wall texture using only the pool2 layer with different \u03b4 configurations. The first row depicts the results when considering single values of \u03b4 only. While \u03b4 = 4 or \u03b4 = 8 are good choices, considering extreme long-range correlations does not help for this particular texture: a brick depends mostly on its neighbouring bricks and not the far-away ones. More precisely, a translation of more than 16 pixels in the pool2 layer makes the input receptive field move more than 64 pixels. Therefore \u03b4 = 16 or \u03b4 = 32 do not capture any information about neighbouring bricks. Unfortunately, this is not true for all textures, and \u03b4 = 16 or \u03b4 = 32 might be good choices for another image that exhibits longer structures.\nSearching systematically for a \u03b4 configuration that works well with the reference texture being considered would be a tedious task: even for a very regular texture with a periodic horizontal (or vertical) pattern, it is hard to guess the optimal \u03b4 values for each layer (for deeper ones in particular). Instead, we propose to use a fixed but wide set of \u03b4 values per layer, by defining the cost to be: Llcc = \u2211 k Llcc,\u03b4k . A potential concern is that combining many loss terms can hurt the reconstruction or the diversity of generated textures. Figure 5 (second row) shows contrarily that there is no visual effect from using \u03b4 values that are not specifically useful for the reference texture being considered: the rendering benefits from using \u03b4 \u2208 {2, 4, 8} while considering bigger values (\u03b4 \u2208 {2, 4, 8, 16, 32}, e.g.) does not help, but does not hurt the reconstruction either. We found the same to be true for other textures as well, and our results (shown in the next Section) show that combining the loss terms is able to generate very diverse textures. A drawback from using multiple cross-correlation terms per layers, however, is computational. We found that in our experimental setups, adding cross-correlation terms increases the generation time by roughly 80%.\nAs a guide-line, for image sizes of roughly 384 \u00d7 384 pixels, we recommend the following \u03b4 values per layer (which we used in all our following experiments): {2, 4, 8, 16, 32, 64} for pool1, {2, 4, 8, 16, 32} for pool2, {2, 4, 8, 16} for pool3, and {2, 4, 8} for pool4. The number and the range of \u03b4 values decrease with depth because feature maps are getting smaller due to 2\u00d7 2 pooling layers. This configuration should be sufficient to account for spatial structure in any 384 \u00d7 384 image.\n4available at https://github.com/guillaumebrg/texture generation"
      },
      {
        "heading": "4.2 SYNTHESIS OF STRUCTURED TEXTURE EXAMPLES",
        "text": "Figure 6 shows the result of our approach applied to various structured and unstructured textures. It demonstrates that the method is effective at capturing long-range correlations without simply copying the content of the original texture. For instance, note how our model captures the depth aspect of the reference image in the third and fourth rows.\nThe problem of synthesizing near-regular structures is challenging because stochasticity and regularity are adversarial properties (Lin et al., 2006). Non-parametric patch-based techniques, such as Efros & Freeman (2001), are better suited for this task because they can tile5 the reference image. On the other hand, regular structures are usually more problematic for parametric statistical models. Nevertheless, the two first rows of Figure 6 demonstrate that our approach can produce good visual results and can reduce the gap to patch-based methods on these kinds of texture.\nEven if the reference image is not a texture, the generated images in the last row (Leonardo Dicaprio\u2019s face) provide a good visual illustration of the effect of translation terms. In contrast to Gatys et al., our approach preserves longer-range structure, such as the alignment and similar appearance of the eyes, hair on top of the forehead, the chin below the mouth, etc. Finally, when the reference texture is unstructured (fifth row), our solution does not necessarily provide a benefit, but it also does not hurt the visual quality or the diversity of the generated textures."
      },
      {
        "heading": "4.3 INPAINTING APPLICATION",
        "text": "Modelling long-range correlations can make it possible to apply texture generation to inpainting, because it allows us to impose consistency constraints between the newly rendered region and the unmodified parts of the original image.\nTo apply our approach to texture inpainting, we extracted two patches from the original image: one that covers the whole area to inpaint, and another one that serves as the reference texture. Then, approximately the same process as for texture generation is used, with the following two\n5Copy and paste patches side by side.\nmodifications: First, instead of random noise, the optimization starts from the masked content patch (the one to inpaint) showing a grey area and its non-missing surrounding. Second, we encourage the borders of the output to not change much with respect to the original image using an L2 penalty. We apply the penalty both in the Gatys et al. rendering and in ours. Some inpainted images are shown in Figure 7. As seen in the figure, our solution significantly outperforms Gatys et al. in terms of visual quality. Further results are shown in the supplementary material."
      },
      {
        "heading": "4.4 SEASON TRANSFER",
        "text": "Figure 8 shows the result of applying our approach to a style transfer task, as in Gatys et al. (2015b): transferring the \u201cseason\u201d of a landscape image to another one. On this task, the results from our approach are similar to those from Gatys et al. (2015b). Nevertheless, in contrast to the Gatys et al. results, our approach seems to better capture global information, such as sky color and leaves (bottom row), or the appearance of branches in the winter image (top row)."
      },
      {
        "heading": "4.5 INCORPORATING OTHER TYPES OF STRUCTURE",
        "text": "While we focused on feature map translations in most of our experiments, other transformations can be applied as well. To illustrate this point, we explored a way to generate symmetric textures using another simple transformation. To this end, we propose flipping one of the two feature maps before computing the Gram matrices: Gllr,ij = \u3008F li:, Tlr ( F lj: ) \u3009. Here Tlr corresponds to the left-right flipping operation, but we also considered up-down flipping of feature maps: Ll = Llstyle + Lllr + Llud. As can be seen in Figure 9, in contrast to Gatys et al., the additional loss terms capture which objects are symmetric in the reference texture, and enforce these same objects to be symmetric in the reconstruction as well. Other kinds of transformation could be used, depending on the type of property in the source texture one desires to preserve."
      },
      {
        "heading": "5 CONCLUSION",
        "text": "We presented an approach to satisfying long-range consistency constraints in the generation of images. It is based on a variation of the method by Gatys et al., and considers spatial co-occurences of local features (instead of only co-occurences across features). We showed that the approach permits to generate textures with various global symmetry properties and that it makes it possible to apply texture generation to in-painting. Since it preserves correlations across sites, the approach is reminiscent of an MRF, but in contrast to an MRF or other graphical models, it defines correlationconstraints on high-level features of a (pre-trained) CNN rather than on pixels."
      }
    ],
    "references": [
      {
        "title": "Image Quilting for Texture Synthesis and Transfer",
        "author": [
          "Alexei A. Efros",
          "William T. Freeman"
        ],
        "venue": "Proceedings of SIGGRAPH",
        "citeRegEx": "Efros and Freeman.,? \\Q2001\\E",
        "shortCiteRegEx": "Efros and Freeman.",
        "year": 2001
      },
      {
        "title": "Texture synthesis using convolutional neural networks",
        "author": [
          "L.A. Gatys",
          "A.S. Ecker",
          "M. Bethge"
        ],
        "venue": "In Advances in Neural Information Processing Systems",
        "citeRegEx": "Gatys et al\\.,? \\Q2015\\E",
        "shortCiteRegEx": "Gatys et al\\.",
        "year": 2015
      },
      {
        "title": "A neural algorithm of artistic",
        "author": [
          "L.A. Gatys",
          "A.S. Ecker",
          "M. Bethge"
        ],
        "venue": "style. CoRR,",
        "citeRegEx": "Gatys et al\\.,? \\Q2015\\E",
        "shortCiteRegEx": "Gatys et al\\.",
        "year": 2015
      },
      {
        "title": "Texture features for image classification",
        "author": [
          "R. Haralick",
          "K. Shanmugam",
          "I. Dinstein"
        ],
        "venue": "IEEE Transactions on Systems, Man, and Cybernetics",
        "citeRegEx": "Haralick et al\\.,? \\Q1973\\E",
        "shortCiteRegEx": "Haralick et al\\.",
        "year": 1973
      },
      {
        "title": "Pyramid-based texture analysis/synthesis",
        "author": [
          "David J. Heeger",
          "James R. Bergen"
        ],
        "venue": "In Proceedings of the 22nd Conference on Computer Graphics and Interactive Techniques,",
        "citeRegEx": "Heeger and Bergen.,? \\Q1995\\E",
        "shortCiteRegEx": "Heeger and Bergen.",
        "year": 1995
      },
      {
        "title": "Perceptual losses for real-time style transfer and super-resolution",
        "author": [
          "J. Johnson",
          "A. Alahi",
          "L. Fei-Fei"
        ],
        "venue": "CoRR, abs/1603.08155,",
        "citeRegEx": "Johnson et al\\.,? \\Q2016\\E",
        "shortCiteRegEx": "Johnson et al\\.",
        "year": 2016
      },
      {
        "title": "Image features from phase congruency",
        "author": [
          "P. Kovesi"
        ],
        "venue": "Videre,",
        "citeRegEx": "Kovesi.,? \\Q1999\\E",
        "shortCiteRegEx": "Kovesi.",
        "year": 1999
      },
      {
        "title": "Graphcut textures: Image and video synthesis using graph cuts",
        "author": [
          "V. Kwatra",
          "A. Schdl",
          "I. Essa",
          "G. Turk",
          "A. Bobick"
        ],
        "venue": "ACM Transactions on Graphics,",
        "citeRegEx": "Kwatra et al\\.,? \\Q2003\\E",
        "shortCiteRegEx": "Kwatra et al\\.",
        "year": 2003
      },
      {
        "title": "Quantitative evaluation on near regular texture synthesis",
        "author": [
          "Wen-Chieh Lin",
          "James Hays",
          "Chenyu Wu",
          "V. Kwatra",
          "Yanxi Liu"
        ],
        "venue": "In CVPR \u201906,",
        "citeRegEx": "Lin et al\\.,? \\Q2006\\E",
        "shortCiteRegEx": "Lin et al\\.",
        "year": 2006
      },
      {
        "title": "Analysis and synthesis of textures: A co-occurrence-based approach",
        "author": [
          "G. Lohmann"
        ],
        "venue": "Computers and Graphics,",
        "citeRegEx": "Lohmann.,? \\Q1995\\E",
        "shortCiteRegEx": "Lohmann.",
        "year": 1995
      },
      {
        "title": "Feature detection in human vision: A phase-dependent energy model",
        "author": [
          "M.C. Morrone",
          "D.C. Burr"
        ],
        "venue": "Proceedings of the Royal Society of London B: Biological Sciences,",
        "citeRegEx": "Morrone and Burr.,? \\Q1988\\E",
        "shortCiteRegEx": "Morrone and Burr.",
        "year": 1988
      },
      {
        "title": "The importance of phase in signals",
        "author": [
          "A.V. Oppenheim",
          "J.S. Lim"
        ],
        "venue": "Proceedings of the IEEE,",
        "citeRegEx": "Oppenheim and Lim.,? \\Q1981\\E",
        "shortCiteRegEx": "Oppenheim and Lim.",
        "year": 1981
      },
      {
        "title": "A parametric texture model based on joint statistics of complex wavelet coefficients",
        "author": [
          "J. Portilla",
          "E.P. Simoncelli"
        ],
        "venue": "Int. J. Comput. Vision,",
        "citeRegEx": "Portilla and Simoncelli.,? \\Q2000\\E",
        "shortCiteRegEx": "Portilla and Simoncelli.",
        "year": 2000
      },
      {
        "title": "Fields of experts: A framework for learning image priors",
        "author": [
          "S. Roth",
          "M.J. Black"
        ],
        "venue": "In IEEE Conf. on Computer Vision and Pattern Recognition,",
        "citeRegEx": "Roth and Black.,? \\Q2005\\E",
        "shortCiteRegEx": "Roth and Black.",
        "year": 2005
      },
      {
        "title": "ImageNet Large Scale Visual Recognition Challenge",
        "author": [
          "O. Russakovsky",
          "J. Deng",
          "H. Su",
          "J. Krause",
          "S. Satheesh",
          "S. Ma",
          "Z. Huang",
          "A. Karpathy",
          "A. Khosla",
          "M. Bernstein",
          "A.C. Berg",
          "L. Fei-Fei"
        ],
        "venue": "International Journal of Computer Vision (IJCV),",
        "citeRegEx": "Russakovsky et al\\.,? \\Q2015\\E",
        "shortCiteRegEx": "Russakovsky et al\\.",
        "year": 2015
      },
      {
        "title": "Very deep convolutional networks for large-scale image recognition",
        "author": [
          "K. Simonyan",
          "A. Zisserman"
        ],
        "venue": "CoRR, abs/1409.1556,",
        "citeRegEx": "Simonyan and Zisserman.,? \\Q2014\\E",
        "shortCiteRegEx": "Simonyan and Zisserman.",
        "year": 2014
      },
      {
        "title": "Texture networks: Feed-forward synthesis of textures and stylized images",
        "author": [
          "D. Ulyanov",
          "V. Lebedev",
          "A. Vedaldi",
          "V. Lempitsky"
        ],
        "venue": "In International Conference on Machine Learning (ICML),",
        "citeRegEx": "Ulyanov et al\\.,? \\Q2016\\E",
        "shortCiteRegEx": "Ulyanov et al\\.",
        "year": 2016
      },
      {
        "title": "Texture synthesis using shallow convolutional networks with random filters",
        "author": [
          "I. Ustyuzhaninov",
          "W. Brendel",
          "L.A. Gatys",
          "M. Bethge"
        ],
        "venue": "CoRR, abs/1606.00021,",
        "citeRegEx": "Ustyuzhaninov et al\\.,? \\Q2016\\E",
        "shortCiteRegEx": "Ustyuzhaninov et al\\.",
        "year": 2016
      },
      {
        "title": "Local phase coherence and the perception of blur",
        "author": [
          "Z. Wang",
          "E.P. Simoncelli"
        ],
        "venue": "In Advances in Neural Information Processing Systems",
        "citeRegEx": "Wang and Simoncelli.,? \\Q2003\\E",
        "shortCiteRegEx": "Wang and Simoncelli.",
        "year": 2003
      },
      {
        "title": "L-bfgs-b - fortran subroutines for large-scale bound constrained optimization",
        "author": [
          "Ciyou Zhu",
          "Richard H. Byrd",
          "Peihuang Lu",
          "Jorge Nocedal"
        ],
        "venue": "Technical report, ACM Trans. Math. Software,",
        "citeRegEx": "Zhu et al\\.,? \\Q1994\\E",
        "shortCiteRegEx": "Zhu et al\\.",
        "year": 1994
      }
    ],
    "referenceMentions": [
      {
        "referenceID": 7,
        "context": "There are currently two dominant approaches to texture synthesis: non-parametric techniques, which synthesize a texture by extracting pixels (or patches) from a reference image that are resampled for rendering (Efros & Leung, 1999; Kwatra et al., 2003), and parametric statistical models, which optimize reconstructions to match certain statistics computed on filter responses (Heeger & Bergen, 1995; Portilla & Simoncelli, 2000).",
        "startOffset": 210,
        "endOffset": 252
      },
      {
        "referenceID": 14,
        "context": "(2015a) showed that a CNN pre-trained on an object classification task, such as ImageNet (Russakovsky et al., 2015), can be very effective at generating textures.",
        "startOffset": 89,
        "endOffset": 115
      },
      {
        "referenceID": 16,
        "context": "Numerous follow-up works have since then analysed and extended this approach (Ulyanov et al., 2016; Johnson et al., 2016; Ustyuzhaninov et al., 2016).",
        "startOffset": 77,
        "endOffset": 149
      },
      {
        "referenceID": 5,
        "context": "Numerous follow-up works have since then analysed and extended this approach (Ulyanov et al., 2016; Johnson et al., 2016; Ustyuzhaninov et al., 2016).",
        "startOffset": 77,
        "endOffset": 149
      },
      {
        "referenceID": 17,
        "context": "Numerous follow-up works have since then analysed and extended this approach (Ulyanov et al., 2016; Johnson et al., 2016; Ustyuzhaninov et al., 2016).",
        "startOffset": 77,
        "endOffset": 149
      },
      {
        "referenceID": 1,
        "context": "Recently, the second approach has seen a significant advancement, after Gatys et al. (2015a) showed that a CNN pre-trained on an object classification task, such as ImageNet (Russakovsky et al.",
        "startOffset": 72,
        "endOffset": 93
      },
      {
        "referenceID": 1,
        "context": "Recently, the second approach has seen a significant advancement, after Gatys et al. (2015a) showed that a CNN pre-trained on an object classification task, such as ImageNet (Russakovsky et al., 2015), can be very effective at generating textures. Gatys et al. (2015a) propose to minimize with respect to the input image a loss function, that measures how well certain high-level features of a reference image are preserved.",
        "startOffset": 72,
        "endOffset": 269
      },
      {
        "referenceID": 1,
        "context": "Recently, the second approach has seen a significant advancement, after Gatys et al. (2015a) showed that a CNN pre-trained on an object classification task, such as ImageNet (Russakovsky et al., 2015), can be very effective at generating textures. Gatys et al. (2015a) propose to minimize with respect to the input image a loss function, that measures how well certain high-level features of a reference image are preserved. The reference image constitutes an example of the texture to be generated. The high-level features to be preserved are pair-wise products of feature responses, averaged over the whole image, referred to as the \u201cGramian\u201d in that work. In Gatys et al. (2015b), the same authors show that by adding a second term to the cost, which matches the content of another image, one can render that other image in the \u201cstyle\u201d (texture) of the first.",
        "startOffset": 72,
        "endOffset": 683
      },
      {
        "referenceID": 1,
        "context": "Recently, the second approach has seen a significant advancement, after Gatys et al. (2015a) showed that a CNN pre-trained on an object classification task, such as ImageNet (Russakovsky et al., 2015), can be very effective at generating textures. Gatys et al. (2015a) propose to minimize with respect to the input image a loss function, that measures how well certain high-level features of a reference image are preserved. The reference image constitutes an example of the texture to be generated. The high-level features to be preserved are pair-wise products of feature responses, averaged over the whole image, referred to as the \u201cGramian\u201d in that work. In Gatys et al. (2015b), the same authors show that by adding a second term to the cost, which matches the content of another image, one can render that other image in the \u201cstyle\u201d (texture) of the first. Numerous follow-up works have since then analysed and extended this approach (Ulyanov et al., 2016; Johnson et al., 2016; Ustyuzhaninov et al., 2016). As shown in Figure 1, this method produces impressive results. However, it fails to take into account non-local structure, and consequently cannot generate results that exhibit long-range correlations in images. An example of the importance of long-range structure is the regular brick wall texture in the middle of the figure. Another example is the task of inpainting, where the goal is to fill in a missing part of an image, such that it is faithful to the non-missing pixels. Our main contribution is to introduce a way to deal with long-range structure using a simple modification to the product-based texture features. Our approach is based on imposing a \u201cMarkov-structure\u201d on high-level features, allowing us to establish feature constraints that range across sites instead of being local. Unlike classical approaches to preserving spatial structure in image generation, such as Markov Random Fields and learning-based extensions (Roth & Black, 2005), our approach does not impose any explicit local constraints on pixels themselves. Rather, inspired by Gatys et al. (2015a), it encourages consistency to be satisfied on high-level features and on average across the whole image.",
        "startOffset": 72,
        "endOffset": 2096
      },
      {
        "referenceID": 1,
        "context": "1 SYNTHESIS PROCEDURE Given a reference texture, x, the algorithm described in Gatys et al. (2015a) permits to synthesize by optimization a new texture x\u0302 similar to x.",
        "startOffset": 79,
        "endOffset": 100
      },
      {
        "referenceID": 1,
        "context": "Figure 1: Reference image (left) and generated texture (right) using the procedure described in Gatys et al. (2015a).",
        "startOffset": 96,
        "endOffset": 117
      },
      {
        "referenceID": 1,
        "context": "Figure 2: Summary of the texture synthesis procedure described in Gatys et al. (2015a). We use a VGG-19 network Simonyan & Zisserman (2014) as the pre-trained CNN.",
        "startOffset": 66,
        "endOffset": 87
      },
      {
        "referenceID": 1,
        "context": "Figure 2: Summary of the texture synthesis procedure described in Gatys et al. (2015a). We use a VGG-19 network Simonyan & Zisserman (2014) as the pre-trained CNN.",
        "startOffset": 66,
        "endOffset": 140
      },
      {
        "referenceID": 1,
        "context": "Once the Gram matrices {G}l\u2208[1,L] of the reference texture are computed, the synthesis procedure by Gatys et al. (2015a) amounts to constructing an image that produces Gram matrices {\u011c}l\u2208[1,L] that match the ones of the reference texture.",
        "startOffset": 100,
        "endOffset": 121
      },
      {
        "referenceID": 16,
        "context": "While the procedure can be computationally expensive, there have been successful attempts reported recently which reduce the generation time (Ulyanov et al., 2016; Johnson et al., 2016).",
        "startOffset": 141,
        "endOffset": 185
      },
      {
        "referenceID": 5,
        "context": "While the procedure can be computationally expensive, there have been successful attempts reported recently which reduce the generation time (Ulyanov et al., 2016; Johnson et al., 2016).",
        "startOffset": 141,
        "endOffset": 185
      },
      {
        "referenceID": 1,
        "context": "where wl is a normalizing constant similar to Gatys et al. (2015a). The overall process is summarized in Figure 2.",
        "startOffset": 46,
        "endOffset": 67
      },
      {
        "referenceID": 1,
        "context": "Figure 3: Exploiting Gram matrices of feature maps as in Gatys et al. (2015a) (1 row) or only the squared Frobenius norm of feature maps (2 row) for increasingly deep layers (from left to right).",
        "startOffset": 57,
        "endOffset": 78
      },
      {
        "referenceID": 6,
        "context": "A sharp step-edge, for example, requires the phases of local Fourier components at different frequencies to align in a different way than a blurry edge or a ridge (Morrone & Burr, 1988; Kovesi, 1999).",
        "startOffset": 163,
        "endOffset": 199
      },
      {
        "referenceID": 3,
        "context": "Our transformed Gramians are related to Gray-Level Co-occurrence Matrices (GLCM) (Haralick et al., 1973) which compute the unnormalized frequencies of pixel values for a given offset in an image.",
        "startOffset": 81,
        "endOffset": 104
      },
      {
        "referenceID": 9,
        "context": "While GLCMs have been mainly used for analysis, some work tried to use these features for texture synthesis (Lohmann, 1995).",
        "startOffset": 108,
        "endOffset": 123
      },
      {
        "referenceID": 1,
        "context": "Figure 6: Some results of our approach compared with Gatys et al. (2015a). Only the initialization differs in the last two columns.",
        "startOffset": 53,
        "endOffset": 74
      },
      {
        "referenceID": 8,
        "context": "The problem of synthesizing near-regular structures is challenging because stochasticity and regularity are adversarial properties (Lin et al., 2006).",
        "startOffset": 131,
        "endOffset": 149
      },
      {
        "referenceID": 6,
        "context": "The problem of synthesizing near-regular structures is challenging because stochasticity and regularity are adversarial properties (Lin et al., 2006). Non-parametric patch-based techniques, such as Efros & Freeman (2001), are better suited for this task because they can tile5 the reference image.",
        "startOffset": 132,
        "endOffset": 221
      },
      {
        "referenceID": 1,
        "context": "Figure 8 shows the result of applying our approach to a style transfer task, as in Gatys et al. (2015b): transferring the \u201cseason\u201d of a landscape image to another one.",
        "startOffset": 83,
        "endOffset": 104
      },
      {
        "referenceID": 1,
        "context": "Figure 8 shows the result of applying our approach to a style transfer task, as in Gatys et al. (2015b): transferring the \u201cseason\u201d of a landscape image to another one. On this task, the results from our approach are similar to those from Gatys et al. (2015b). Nevertheless, in contrast to the Gatys et al.",
        "startOffset": 83,
        "endOffset": 259
      }
    ],
    "year": 2017,
    "abstractText": "Gatys et al. (2015a) showed that pair-wise products of features in a convolutional network are a very effective representation of image textures. We propose a simple modification to that representation which makes it possible to incorporate longrange structure into image generation, and to render images that satisfy various symmetry constraints. We show how this can greatly improve rendering of regular textures and of images that contain other kinds of symmetric structure. We also present applications to inpainting and season transfer.",
    "creator": "LaTeX with hyperref package"
  }
}