{
  "year": 2017,
  "abstract": "We propose a new approach to the problem of optimizing autoencoders for lossy image compression. New media formats, changing hardware technology, as well as diverse requirements and content types create a need for compression algorithms which are more flexible than existing codecs. Autoencoders have the potential to address this need, but are difficult to optimize directly due to the inherent non-differentiabilty of the compression loss. We here show that minimal changes to the loss are sufficient to train deep autoencoders competitive with JPEG 2000 and outperforming recently proposed approaches based on RNNs. Our network is furthermore computationally efficient thanks to a sub-pixel architecture, which makes it suitable for high-resolution images. This is in contrast to previous work on autoencoders for compression using coarser approximations, shallower architectures, computationally expensive methods, or focusing on small images.",
  "score": 5,
  "verdict": "Accept",
  "reviews": [
    {
      "title": "R1",
      "comments": "\nOfficial Review\nThe paper proposes a neural approach to learning an image compression-decompression scheme as an auto-encoder. While the idea is certainly interesting and well-motivated, in practice, it turns out to achieve effectively identical rates to JPEG-2000.\n\nNow, as the authors argue, there is some value to the fact that this scheme was learned automatically rather than by expert design---which means it has benefits beyond the compression of natural images (e.g., it could be used to automatically learning a compression scheme for signals for which we don't have as much domain knowledge). However, I still believe that this makes the paper unsuitable for publication in its current form because of the following reasons---\n\n1. Firstly, the fact that the learned encoder is competitive---and not clearly better---than JPEG 2000 means that the focus of the paper should more be about the aspects in which the encoder is similar to, and the aspects in which it differs, from JPEG 2000. Is it learning similar filters or completely different ones ? For what kinds of textures does it do better and for what kinds does it do worse (the paper could show the best and worst 10 patches at different bit-rates) ?\n\n2. Secondly, I think it's crucial that the paper demonstrate that the benefits come from a better coding scheme (as opposed to just a better decoder), as suggested in my initial pre-review question. How would a decoder trained on JPEG-2000 codes (and perhaps also on encoded random projections) do worse or better ?\n\n3. Finally, I think the fact that it does as well/worse than JPEG-2000 significantly diminishes the case for using a 'deep' auto-encoder. JPEG-2000 essentially uses a wavelet transform, which is a basis that past studies have shown could be recovered using a simple sparse dictionary algorithm like K-SVD. This is why I feel that the method needs to clearly outperform JPEG-2000, or show comparisons to (or atleast discuss) a well-crafted traditional/generative model-based baseline.",
      "recommendation": 5
    },
    {
      "title": "R2",
      "comments": "\nFinal Review\nThis work proposes a new approach for image compression using auto encoders. The results are impressive, besting the state of the art in this field.\n\nPros:\n+ Very clear paper. It should be possible to replicate these results should one be inclined to do so.\n+ The results, when compared to other work in this field are very promising. I need to emphasize, and I think the authors should have emphasized this fact as well: this is very new technology and it should not be surprising it's not better than the state of the art in image compression. It's definitely better than other neural network approaches to compression, though.\n\nCons:\n- The training procedure seems clunky. It requires multiple training stages, freezing weights, etc.\n- The motivation behind Figure 1 is a bit strange, as it's not clear what it's trying to illustrate, and may confuse readers (it talks about effects on JPEG, but the paper discusses a neural network architecture, not DCT quantization)",
      "recommendation": 8
    },
    {
      "title": "R3",
      "comments": "\nReview\nThis paper proposes an autoencoder approach to lossy image compression by minimizing the weighted sum of reconstruction error and code length. The architecture consists of a convolutional encoder and a sub-pixel convolutional decoder. Experiments compare PSNR, SSIM, and MS-SSIM performance against JPEG, JPEG-2000, and a recent RNN-based compression approach. A mean opinion score test was also conducted.\n\nPros:\n+ The paper is clear and well-written.\n+ The decoder architecture takes advantage of recent advances in convolutional approaches to image super-resolution.\n+ The proposed approaches to quantization and rate estimation are sensible and well-justified.\n\nCons:\n- The experimental baselines do not appear to be entirely complete.\n\nThe task of using autoencoders to perform compression is important and has a large practical impact. Though directly optimizing the rate-distortion tradeoff is not an entirely novel enterprise, there are enough differences (e.g. the quantization approach and sub-pixel convolutional decoder) to sufficiently distinguish this from earlier work. I am not an image compression expert but the approach and results both seem compelling. The main shortcoming is that the implementation of Toderici et al. 2016b appears to be incomplete, and there is no comparison to Balle et al. 2016. Overall, I feel that the fact that this architecture achieves competitive performance with JPEG-2000 while simultaneously setting the stage for future work that varies the encoder/decoder size and data domain means the community will find this work to be of significant interest.\n\nI have no further specific comments at this time as they were answered sufficiently in the pre-review questions.",
      "recommendation": 7
    },
    {
      "title": "R4",
      "comments": ""
    }
  ]
}