{
  "year": 2017,
  "abstract": "The capacity of a neural network to absorb information is limited by its number of parameters.  Conditional computation, where parts of the network are active on a per-example basis, has been proposed in theory as a way of dramatically increasing model capacity without a proportional increase in computation.  In practice, however, there are significant algorithmic and performance challenges.  In this work, we address these challenges and finally realize the promise of conditional computation, achieving greater than 1000x improvements in model capacity with only minor losses in computational efficiency on modern GPU clusters.  We introduce a Sparsely-Gated Mixture-of-Experts layer (MoE), consisting of up to thousands of feed-forward sub-networks.  A trainable gating network determines a sparse combination of these experts to use for each example.  We apply the MoE to the tasks of language modeling and machine translation, where model capacity is critical for absorbing the vast quantities of knowledge available in the training corpora.  We present model architectures in which a MoE with up to 137 billion parameters is applied convolutionally between stacked LSTM layers.  On large language modeling and machine translation benchmarks, these models achieve significantly better results than state-of-the-art at lower computational cost.",
  "score": 6,
  "verdict": "Accept",
  "reviews": [
    {
      "title": "R1",
      "comments": "\nNo Title\nThis paper proposes a method for significantly increasing the number of parameters in a single layer while keeping computation in par with (or even less than) current SOTA models. The idea is based on using a large mixture of experts (MoE) (i.e. small networks), where only a few of them are adaptively activated via a gating network. While the idea seems intuitive, the main novelty in the paper is in designing the gating network which is encouraged to achieve two objectives: utilizing all available experts (aka importance), and distributing computation fairly across them (aka load). \nAdditionally, the paper introduces two techniques for increasing the batch-size passed to each expert, and hence maximizing parallelization in GPUs.\nExperiments applying the proposed approach on RNNs in language modelling task show that it can beat SOTA results with significantly less computation, which is a result of selectively using much more parameters. Results on machine translation show that a model with more than 30x number of parameters can beat SOTA while incurring half of the effective computation.\n\nI have the several comments on the paper:\n- I believe that the authors can do a better job in their presentation. The paper currently is at 11 pages (which is too long in my opinion), but I find that Section 3.2 (the crux of the paper) needs better motivation and intuitive explanation. For example, equation 8 deserves more description than currently devoted to it. Additional space can be easily regained by moving details in the experiments section (e.g. architecture and training details) to the appendix for the curious readers. Experiment section can be better organized by finishing on experiment completely before moving to the other one. There are also some glitches in the writing, e.g. the end of Section 3.1. \n- The paper is missing some important references in conditional computation (e.g. ",
      "recommendation": 7
    },
    {
      "title": "R2",
      "comments": "\nNice use of MoE with good results\nThis paper describes a method for greatly expanding network model size (in terms of number of stored parameters) in the context of a recurrent net, by applying a Mixture of Experts between recurrent net layers that is shared between all time steps.  By process features from all timesteps at the same time, the effective batch size to the MoE is increased by a factor of the number of steps in the model; thus even for sparsely assigned experts, each expert can be used on a large enough sub-batch of inputs to remain computationally efficient.  Another second technique that redistributes elements within a distributed model is also described, further increasing per-expert batch sizes.\n\nExperiments are performed on language modeling and machine translation tasks, showing significant gains by increasing the number of experts, compared to both SoA as well as explicitly computationally-matched baseline systems.\n\nAn area that falls a bit short is in presenting plots or statistics on the real computational load and system behavior.  While two loss terms were employed to balance the use of experts, these are not explored in the experiments section.  It would have been nice to see the effects of these more, along with the effects of increasing effective batch sizes, e.g. measurements of the losses over the course of training, compared to the counts/histogram distributions of per-expert batch sizes.\n\nOverall I think this is a well-described system that achieves good results, using a nifty placement for the MoE that can overcome what otherwise might be a disadvantage for sparse computation.\n\n\n\nSmall comment:\nI like Fig 3, but it's not entirely clear whether datapoints coincide between left and right plots.  The H-H line has 3 points on left but 5 on the right?  Also would be nice if the colors matched between corresponding lines.",
      "recommendation": 7
    },
    {
      "title": "R3",
      "comments": "\nElegant use of MoE for expanding model capacity, but it would be very nice to discuss MoE alternatives in terms of computational efficiency and other factors.\nPaper Strengths: \n-- Elegant use of MoE for expanding model capacity and enabling training large models necessary for exploiting  very large datasets in a computationally feasible manner\n\n-- The effective batch size for training the MoE drastically increased also\n\n-- Interesting experimental results on the effects of increasing the number of MoEs, which is expected.\n\n\nPaper Weaknesses:\n\n--- there are many different ways of increasing model capacity to enable the exploitation of very large datasets; it would be very nice to discuss  the use of MoE and other alternatives in terms of computational efficiency and other factors.\n",
      "recommendation": 6
    },
    {
      "title": "R4",
      "comments": ""
    }
  ]
}