{
  "year": 2017,
  "abstract": "Sample complexity and safety are major challenges when learning policies with reinforcement learning for real-world tasks, especially when the policies are represented using rich function approximators like deep neural networks. Model-based methods where the real-world target domain is approximated using a simulated source domain provide an avenue to tackle the above challenges by augmenting real data with simulated data. However, discrepancies between the simulated source domain and the target domain pose a challenge for simulated training. We introduce the EPOpt algorithm, which uses an ensemble of simulated source domains and a form of adversarial training to learn policies that are robust and generalize to a broad range of possible target domains, including to unmodeled effects. Further, the probability distribution over source domains in the ensemble can be adapted using data from the target domain and approximate Bayesian methods, to progressively make it a better approximation. Thus, learning on a model ensemble, along with source domain adaptation, provides the benefit of both robustness and learning.",
  "score": 7,
  "verdict": "Accept",
  "reviews": [
    {
      "title": "R1",
      "comments": "\nReview\nThe paper looks at the problem of transferring a policy learned in a simulator to  a target real-world system.  The proposed approach considers using an ensemble of simulated source domains, along with adversarial training, to learn a robust policy that is able to generalize to several target domains.\n\nOverall, the paper tackles an interesting problem, and provides a reasonable solution.  The notion of adversarial training used here does not seem the same as other recent literature (e.g. on GANs).  It would be useful to add more details on a few components, as discussed in the question/response round.  I also encourage including the results with alternative policy gradient subroutines, even if they don\u2019t perform well (e.g. Reinforce), as well as results with and without the baseline on the value function. Such results are very useful to other researchers.\n",
      "recommendation": 7
    },
    {
      "title": "R2",
      "comments": "\nICLR 2017 conference review\nPaper addresses systematic discrepancies between simulated and real-world policy control domains. Proposed method contains two ideas: 1) training on an ensemble of models in an adversarial fashion to learn policies that are robust to errors and 2) adaptation of the source domain ensemble using data from a (real-world) target domain. \n\n> Significance\n\nPaper addresses and important and significant problem. The approach taken in addressing it is also interesting \n\n> Clarity\n\nPaper is well written, but does require domain knowledge to understand. \n\nMy main concerns were well addressed by the rebuttal and corresponding revisions to the paper. ",
      "recommendation": 7
    },
    {
      "title": "R3",
      "comments": "\nEnsemble training and transfer, a good submission\nThis paper explores ensemble optimisation in the context of policy-gradient training. Ensemble training has been a low-hanging fruit for many years in the this space and this paper finally touches on this interesting subject. The paper is well written and accessible. In particular the questions posed in section 4 are well posed and interesting.\n\nThat said the paper does have some very weak points, most obviously that all of its results are for a very particular choice of domain+parameters. I eagerly look forward to the journal version where these experiments are repeated for all sorts of source domain/target domain/parameter combinations.\n\n",
      "recommendation": 8
    },
    {
      "title": "R4",
      "comments": ""
    }
  ]
}