{
  "year": 2017,
  "abstract": "We propose a reparameterization of LSTM that brings the benefits of batch normalization to recurrent neural networks. Whereas previous works only apply batch normalization to the input-to-hidden transformation of RNNs, we demonstrate that it is both possible and beneficial to batch-normalize the hidden-to-hidden transition, thereby reducing internal covariate shift between time steps.  We evaluate our proposal on various sequential problems such as sequence classification, language modeling and question answering. Our empirical results show that our batch-normalized LSTM consistently leads to faster convergence and improved generalization.",
  "score": 7,
  "verdict": "Accept",
  "reviews": [
    {
      "title": "R1",
      "comments": "\nBatch normalisation brought to LSTM\nThe paper shows that BN, which does not work out of the box for RNNs, can be used with LSTM when the operator is applied to the hidden-to-hidden and the input-to-hidden contribution separately. Experiments are conducted to show that it leads to improved generalisation error and faster convergence.\n\nThe paper is well written and the idea well presented. \n\ni) The data sets and consequently the statistical assumptions used are limited (e.g. no continuous data, only autoregressive generative modelling).\nii) The hyper parameters are nearly constant over the experiments. It is ruled out that they have not been picked in favor of one of the methods. E.g. just judging from the text, a different learning rate could have lead to equally fast convergence for vanilla LSTM. \n\nConcluding, the experiments are flawed and do not sufficiently support the claim. An exhaustive search of the hyper parameter space could rule that out. ",
      "recommendation": 7
    },
    {
      "title": "R2",
      "comments": "\nReview: Recurrent Batch Normalization\nContributions\nThe paper presents an adaptation of batch normalization for RNNs in the case of LSTMs, along the horizontal depth. Contrary to previous work from (Laurent 2015; Amodei 2016), the work demonstrates that batch-normalizing the hidden states of RNNs can improve optimization, and argues with quantitative experiments that the key factor to making this work is proper initialization of parameters, in particular gamma. Experiments show some gain in performance over vanilla LSTMs on Sequential MNIST, PTB, Text8 and CNN Question-Answering.\n\nNovelty+Significance\nBatch normalization has been key for training deeper and deeper networks (e.g. ResNets) and it seems natural that we would want to extend it to RNNs.  The paper shows that it is possible to do so with proper initialization of parameters, contrary to previous work from (Laurent 2015; Amodei 2016). Novelty comes from where to batch norm (i.e. not in the cell update) and in the per-time step statistics. \n\nAdding batch normalization to LSTMs incurs additional computational cost and bookkeeping; for training speed comparisons (e.g. Figure 2) the paper only compares LSTM and BN-LSTM by iteration count; given the additional complexity of the BN-LSTM I would have also liked to see a wall-clock comparison.\n\nAs RNNs are used across many tasks, this work is of interest to many.  However, the results gains are generally minor and require several tricks to work in practice. Also, this work doesn\u2019t address a question about batch normalization that it seems natural that it helps with faster training, but why would it also improve generalization? \n\nClarity\nThe paper is overall very clear and well-motivated. The model is well described and easy to understand, and the plots illustrate the points clearly.\n\nSummary\nInteresting though relatively incremental adaptation, but shows batch normalization to work for RNNs where previous works have not succeeded. Comprehensive set of experiments though it is questionable if the empirical gains are significant enough to justify the increased model complexity as well as computational overhead.\n\nPros\n- Shows batch normalization to work for RNNs where previous works have not succeeded\n- Good empirical analysis of hyper-parameter choices and of the activations\n- Experiments on multiple tasks\n- Clarity\n\nCons\n- Relatively incremental\n- Several \u2018hacks\u2019 for the method (per-time step statistics, adding noise for exploding variance, sequence-wise normalization)\n- No mention of computational overhead\n- Only character or pixel-level tasks, what about word-level?",
      "recommendation": 7
    },
    {
      "title": "R3",
      "comments": "\nReview\nThis paper extends batch normalization successfully to RNNs where batch normalization has previously failed or done poorly. The experiments and datasets tackled show definitively the improvement that batch norm LSTMs provide over standard LSTMs. They also cover a variety of examples, including character level (PTB and Text8), word level (CNN question-answering task), and pixel level (MNIST and pMNIST). The supplied training curves also quite clearly show the potential improvements in training time which is an important metric for consideration.\n\nThe experiment on pMNIST also solidly shows the advantage of batch norm in the recurrent setting for establishing long term dependencies. I additionally also appreciated the gradient flow insight, specifically the impact of unit variance on tanh derivatives. Showing it not just for batch normalization but additionally the \"toy task\" (Figure 1b) was hugely useful.\n\nOverall I find this paper a useful additional contribution to the usage of batch normalization and would be necessary information for successfully employing it in a recurrent setting.",
      "recommendation": 8
    },
    {
      "title": "R4",
      "comments": ""
    }
  ]
}