{
  "name": "437.pdf",
  "metadata": {
    "source": "CRF",
    "title": null,
    "authors": [
      "Mohammad Babaeizadeh",
      "Iuri Frosio",
      "Stephen Tyree",
      "Jason Clemons",
      "Jan Kautz"
    ],
    "emails": [
      "mb2@uiuc.edu",
      "ifrosio@nvidia.com",
      "styree@nvidia.com",
      "jclemons@nvidia.com",
      "jkautz@nvidia.com"
    ],
    "sections": [
      {
        "heading": "1 INTRODUCTION",
        "text": "In the past, the need for task-specific, or even hand-crafted, features limited the application of Reinforcement Learning (RL) in real world problems (Sutton & Barto, 1998). However, the introduction of Deep Q-Learning Networks (DQN) (Mnih et al., 2015) revived the use of Deep Neural Networks (DNNs) as function approximators for value and policy functions, unleashing a rapid series of advancements. Remarkable results include learning to play video games from raw pixels (Bellemare et al., 2016; Lample & Singh Chaplot, 2016) and demonstrating super-human performance on the ancient board game Go (Silver et al., 2016). Research has yielded a variety of effective training formulations and DNN architectures (van Hasselt et al., 2015; Wang et al., 2015), as well as methods to increase parallelism while decreasing the computational cost and memory footprint (Nair et al., 2015; Mnih et al., 2016). In particular, Mnih et al. (2016) achieve state-of-the-art results on many gaming tasks through a novel lightweight, parallel method called Asynchronous Advantage ActorCritic (A3C). When the proper learning rate is used, A3C learns to play an Atari game (Brockman et al., 2016) from raw screen inputs more quickly and efficiently than previous methods: on a 16- core CPU, A3C achieves higher scores than previously published methods run for the same amount of time on a GPU.\nOur study sets aside many of the learning aspects of recent work and instead delves into the computational issues of deep RL. Computational complexities are numerous, largely centering on a common factor: RL has an inherently sequential aspect, since the training data are generated while learning. The DNN model is constantly queried to guide the actions of agents whose gameplay in turn feeds DNN training. Training batches are commonly small and must be efficiently shepherded from the agents and simulator to the DNN trainer. When using a GPU, the mix of small DNN architectures, small training batch sizes, and contention for the GPU for both inference and training can lead to a severe under-utilization of the computational resources.\nTo systematically investigate these issues, we implement both CPU and GPU versions of A3C in TensorFlow (TF) (Abadi et al., 2015), optimizing each for efficient system utilization and to approximately replicate published scores in the Atari 2600 environment (Brockman et al., 2016). We\nanalyze a variety of \u201cknobs\u201d in the system and demonstrate effective automatic tuning of those during training. Our hybrid CPU/GPU implementation of A3C, named GA3C, generates and consumes training data substantially faster than its CPU counterpart, up to \u223c 6\u00d7 faster for small DNNs and \u223c 45\u00d7 for larger DNNs. While we focus on the A3C architecture, this analysis can be helpful for researchers and framework developers designing the next generation of deep RL methods."
      },
      {
        "heading": "2 RELATED WORK",
        "text": "Recent advances in deep RL have derived from both novel algorithmic approaches and related systems optimizations. Investigation of the algorithmic space seems to be the most common approach among researchers. Deep Q-Learning Networks (DQN) demonstrate a general approach to the learning problem (Mnih et al., 2015), relying heavily on the introduction of an experience replay memory to stabilize the learning procedure. This improves reliability but also increases the computational cost and memory footprint of the algorithm. Inspired by DQN, researchers have proposed more effective learning procedures, achieving faster and more stable convergence: Prioritized DQN (Schaul et al., 2015) makes better use of the replay memory by more frequently selecting frames associated with significant experiences. Double-DQN (van Hasselt et al., 2015) separates the estimate of the value function from the choice of actions (policy), thus reducing the tendency in DQN to be overly optimistic when evaluating its choices. Dueling Double DQN (Wang et al., 2015) goes a step further by explicitly splitting the computation of the value and advantage functions within the network. The presence of the replay memory makes the DQN approaches more suitable for a GPU implementation when compared to other LR methods, but state-of-the-art results are achieved by A3C (Mnih et al., 2016), which does not make use of it.\nAmong systems approaches, AlphaGo (Silver et al., 2016) recently achieved astonishing results through combined algorithmic and hardware specialization. The computational effort is impressive: 40 search threads, 1202 CPUs, and 176 GPUs are used in the distributed version for inference only. Supervised training took around three weeks for the policy network, using 50 GPUs, and another day using the RL approach for refinement. A similar amount of time was required to train the value network. Gorilla DQN (Nair et al., 2015) is a similarly impressive implementation of distributed RL system, achieving a significant improvement over DQN. The system requires 100 concurrent actors on 31 machines, 100 learners and a central parameter server with the network model. This work demonstrates the potential scalability of deep RL algorithms, achieving better results in less time, but with a significantly increased computational load, memory footprint, and cost."
      },
      {
        "heading": "3 ASYNCHRONOUS ADVANTAGE ACTOR CRITIC (A3C)",
        "text": ""
      },
      {
        "heading": "3.1 REINFORCEMENT LEARNING BACKGROUND",
        "text": "In standard RL, an agent interacts with an environment over a number of discrete time steps. At each time step t, the agent observes a state st and, in the discrete case, selects an action at from the set of valid actions. An agent is guided by policy \u03c0, a function mapping from states st to actions at. After each action, the agent observes the next state st+1 and receives feedback in the form of a reward rt. This process continues until the agent reaches a terminal state or time limit, after which the environment is reset and a new episode is played.\nThe goal of learning is to find a policy \u03c0 that maximizes the expected reward. In policy-based modelfree methods, a function approximator such as a neural network computes the policy \u03c0(at|st; \u03b8), where \u03b8 is the set of parameters of the function. There are many methods for updating \u03b8 based on the rewards received from the environment. REINFORCE methods (Williams, 1992) use gradient ascent on E[Rt], where Rt = \u2211\u221e i=0 \u03b3\nirt+i is the accumulated reward starting from time step t and increasingly discounted at each subsequent step by factor \u03b3 \u2208 (0, 1]. The standard REINFORCE method updates \u03b8 using the gradient \u2207\u03b8 log \u03c0(at|st; \u03b8)Rt, which is an unbiased estimator of \u2207\u03b8 E[Rt]. The variance of the estimator is reduced by subtracting a learned baseline (a function of the state bt(st)) and using the gradient \u2207\u03b8 log \u03c0(at|st; \u03b8) ( Rt \u2212 bt(st)\n) instead. One common baseline is the value function defined as V \u03c0(st) = E[Rt|st] which is the expected return for following the policy \u03c0 in state st. In this approach the policy \u03c0 and the baseline bt can be viewed as actor and critic in an actor-critic architecture (Sutton & Barto, 1998)."
      },
      {
        "heading": "3.2 ASYNCHRONOUS ADVANTAGE ACTOR CRITIC (A3C)",
        "text": "A3C (Mnih et al., 2016), which achieves state-of-the-art results on many gaming tasks including Atari 2600, uses a single DNN to approximate both the policy and value function. The DNN has two convolutional layers with 16\u00d78\u00d78 filters with a stride of 4, and 32\u00d74\u00d74 filters with a stride of 2, followed by a fully connected layer with 256 units; each hidden layer is followed by a rectifier nonlinearity. The two outputs are a softmax layer which approximates the policy function \u03c0 (at|st; \u03b8), and a linear layer to output an estimate of V (st; \u03b8). Multiple agents play concurrently and optimize the DNN through asynchronous gradient descent. Similar to other asynchronous methods, the network weights are stored in a central parameter server (Figure 1a). Agents calculate gradients and send updates to the server after every tmax = 5 actions, or when a terminal state is reached. After each update, the central server propagates new weights to the agents to guarantee they share a common policy.\nTwo cost functions are associated with the two DNN outputs. For the policy function, this is:\nf\u03c0 (\u03b8) = log \u03c0 (at|st; \u03b8) (Rt \u2212 V (st; \u03b8t)) + \u03b2H (\u03c0 (st; \u03b8)) , (1) where \u03b8t are the values of the parameters \u03b8 at time t, Rt = \u2211k\u22121 i=0 \u03b3 irt+i + \u03b3 kV (st+k; \u03b8t) is the estimated discounted reward in the time interval from t to t + k and k is upper-bounded by tmax, while H (\u03c0 (st; \u03b8)) is an entropy term, used to favor exploration during the training process. The factor \u03b2 controls the strength of the entropy regularization term. The cost function for the estimated value function is:\nfv (\u03b8) = (Rt \u2212 V (st; \u03b8))2 . (2)\nTraining is performed by collecting the gradients \u2207\u03b8 from both of the cost functions and using the standard non-centered RMSProp algorithm (Tieleman & Hinton, 2012) as optimization:\ng = \u03b1g + (1\u2212 \u03b1)\u2206\u03b82 \u03b8 \u2190 \u03b8 \u2212 \u03b7\u2206\u03b8/ \u221a g + .\n(3)\nThe gradients g can be either shared or separated between agent threads but the shared implementation is known to be more robust (Mnih et al., 2016).\nThe original implementation of A3C (Mnih et al., 2016) uses 16 agents on a 16 core CPU and it takes about four days to learn how to play an Atari game (Brockman et al., 2016). The main reason for using CPU other than GPU, is the inherently sequential nature of RL in general, and A3C in particular. In RL, the training data are generated while learning, which means the training and inference batches are small and GPU is mostly idle during the training, waiting for new data to arrive. Since A3C does not utilize any replay memory, it is completely sequential and therefore a CPU implementation is as fast as a naive GPU implementation."
      },
      {
        "heading": "4 HYBRID CPU/GPU A3C (GA3C)",
        "text": "We propose GA3C, an alternative architecture of A3C, with emphasize on an efficient GPU utilization to increase the number of training data generated and processed per second. We demonstrate that our implementation of GA3C effectively converges significantly faster than our CPU implementation of A3C, achieving the state-of-the-art performance in a shorter time."
      },
      {
        "heading": "4.1 GA3C ARCHITECTURE",
        "text": "The primary components of GA3C (Figure 1b) are a DNN with training and prediction on a GPU, as well as a multi-process, multi-thread CPU architecture with the following components:\n\u2022 Agent is a process interacting with the simulation environment: choosing actions according to the learned policy and gathering experiences for further training. Similar to A3C, multiple concurrent agents run independent instances of the environment. Unlike the original, each agent does not have its own copy of the model. Instead it queues policy requests in a Prediction Queue before each action, and periodically submits a batch of input/reward experiences to a Training Queue; the size of each training batch is typically equal to tmax experiences, though it is sometimes smaller for experiences collected at the end of an episode.\n\u2022 Predictor is a thread which dequeues as many prediction requests as are immediately available and batches them into a single inference query to the DNN model on the GPU. When predictions are completed, the predictor returns the requested policy to each respective waiting agent. To hide latency, one or more predictors can act concurrently.\n\u2022 Trainer is a thread which dequeues training batches submitted by agents and submits them to the GPU for model updates. GPU utilization can be increased by grouping training batches among several agents; we found that this generally leads to a more stable convergence, but the convergence speed is reduced when the merged training batches are too large; a compromise is explored in Section 5.3. Multiple trainers may run in parallel to hide latency.\nUnlike A3C, GA3C maintains only one copy of the DNN model (Fig. 1a and 1b), centralizing predictions and training updates and removing the need for synchronization. Also, in comparison with A3C, agents in GA3C do not compute the gradients themselves. Instead, they send experiences to trainers that update the network on the GPU accordingly. This introduces a potential lag between the generation and consumption of experiences, which we analyze in detail in Sections 4.4 and 5.3."
      },
      {
        "heading": "4.2 PERFORMANCE METRICS AND TRADE-OFFS",
        "text": "The GA3C architecture exposes numerous tradeoffs for tuning its computational efficiency. In general, it is most efficient to transfer data to a GPU in large enough blocks to maximize the usage of the bandwidth between the GPU and CPU. Application performance on the GPU is optimized when the application has large amounts of parallel computations that can hide the latency of fetching data from memory. Thus, we want to maximize the parallel computations the GPU is performing, maximize the size of data transfer to the GPU, and minimize the number of transfers to the GPU. Increasing the number of predictors, NP , allows faster fetching prediction queries, but leads to smaller prediction batches, resulting in multiple data transfers and overall lower GPU utilization. A larger number of trainers, NT , potentially leads to more frequent updates to the model, but an overhead is paid when too many trainers occupy the GPU while predictors cannot access it. Lastly, increasing the number of agents, NA, ideally generates more training experiences while hiding prediction latency. However, we would expect diminishing returns from unnecessary context switching overheads after exceeding some threshold depending on the number of CPU cores.\nThese aspects are well captured by a metric like the Trainings Per Second (TPS), which is the rate at which we remove batches from the training queue. It corresponds to the rate of model updates and it is approximately proportional to the overall learning speed, given a fixed learning rate and training batch size. Another metric is the Predictions Per Second (PPS), the rate of issuing prediction queries from prediction queue, which maps to the combined rate of gameplay among all agents. Notice that in A3C a model update occurs every time an agent plays tmax = 5 actions (Mnih et al., 2016).\nHence, in a balanced configuration, PPS\u2248TPS\u00d7tmax. Since each action is repeated four times as in (Mnih et al., 2016), the number of frames per second is 4\u00d7PPS. Computational aspects are not disconnected from the convergence of the learning algorithm. For instance, employing too many agents will tend to fill the training queue, introducing a significant time delay between agent experiences (at, st and Rt in Eq. (1)) and the corresponding model updates, possibly threatening model convergence (see Section 4.4). Another example is batching of training data: larger batches improves GPU occupancy by increasing the parallelism. They also decrease the TPS (i.e., the number of model updates per second), increasing the chance that the DNN model used in prediction and to compute the gradient in Eq. (4) are indeed the same model. The consequence (experimentally observed, see Section 5.3) is an increased stability of the learning process but, beyond a certain training batch size, this leads to a reduction in the convergence speed. In short, NT , NP , and NA encapsulate many complex dynamics relating both computational and convergence aspects of the learning procedure. Their effect on the convergence of the learning process has to be measured by analyzing not only TPS but also the learning curves."
      },
      {
        "heading": "4.3 DYNAMIC ADJUSTMENT OF TRADE-OFFS",
        "text": "The setting of NP , NT and NA that maximizes the TPS depends on many aspects such as the computational load of the simulation environment, the size of the DNN, and the available hardware. As a rule of thumb, we found that the number of agents NA should at least match the available CPU cores, with two predictors and two trainers NP = NT = 2. However, this rule hardly generalizes to a large variety of different situations and only occasionally corresponds to the computationally most efficient configuration. Therefore, we propose an annealing process to configure the system dynamically. Every minute, we randomly change NP , NT , or NA by \u00b11, monitoring alterations in TPS to accept or reject the new setting. The optimal configuration is then automatically identified in a reasonable time, for different environments or systems. Figure 2 shows the automatic adjustment procedure finding two different optimal settings for two different games, on the same real system."
      },
      {
        "heading": "4.4 POLICY LAG IN GA3C",
        "text": "At a first sight, GA3C and A3C are different implementations of the same algorithm, but GA3C has a subtle difference which affects the stability of the algorithm. This problem is caused by the latency between the time t \u2212 k, when a training example has been generated, and when it is consumed for training, t, essentially changing the gradients to:\n\u2207\u03b8 [ log \u03c0 (at\u2212k|st\u2212k; \u03b8) (Rt\u2212k \u2212 V (st\u2212k; \u03b8t)) + \u03b2H (\u03c0 (st\u2212k; \u03b8)) ] . (4)\nSince the Training Queue is not blocking, the states it contains can be old. The value of the delay k is bounded by the maximum size of the queue and influenced by how the system configuration balances training and prediction rates. In other words, the DNN controller selects the action at\u2212k at time t\u2212 k; the corresponding experience lies in a training queue until time t, when a trainer thread pops the element out of the queue to compute the gradient as in Eq. (4). The DNN controller at time t generally differs from the one at time t \u2212 k, since trainers can modify the DNN weights at any time. Therefore, the policy and value function \u03c0 and V used to compute the gradient at time t will\ndiffer from those used at time t \u2212 k to collect the experience, whereas the action used to compute the gradient in Eq. (4) remains at\u2212k.\nThis delay can lead to instabilities for two reasons. The first one is the possible generation of very large values in log \u03c0 (at\u2212k|st\u2212k; \u03b8t). In fact, \u03c0 (at\u2212k|st\u2212k; \u03b8t\u2212k) is generally large, since it is the probability of sampled action at\u2212k, but over the course of lag k new parameters \u03b8t can make \u03c0 (at\u2212k|st\u2212k; \u03b8t) very small. In the worst case, the updated probability is zero, generating infinite values in the log and causing optimization to fail. To avoid this, we add a small term > 0:\n\u2207\u03b8 [ log ( \u03c0 (at\u2212k|st\u2212k; \u03b8) + ) (Rt\u2212k \u2212 V (st\u2212k; \u03b8t)) + \u03b2H (\u03c0 (st\u2212k; \u03b8) + ) ] . (5)\nBeyond fixing the error in the case \u03c0 = 0, this fix also improves the stability of the algorithm and removes the necessity of gradient clipping. In fact, as \u2202 log(\u03c0 + )/\u2202\u03b8 = (\u2202\u03c0/\u2202\u03b8)/(\u03c0 + ), establishes an upper bound for the multiplicative factor in front of \u2202\u03c0/\u2202\u03b8. A similar term is also added in the entropy computation to avoid a similar explosion. It is important to remember that even A3C suffers from a similar issue. In fact, as the action at in Eq. (1) is selected by sampling the output softmax, there is a chance that \u03c0(at) is very small and therefore \u2202 log(\u03c0)/\u2202\u03b8 is large. However, gradient clipping prevents the usage of a gradient with large magnitude in A3C.\nThe second reason for introducing instabilities in GA3C is a generalization of the first one. Since training and predictions are computed with potentially different DNN parameters, the resulting gradient is noisy, and can therefore lead to unreliable updates of the DNN weights. This is different from A3C, where every agent has its own copy of the model and uses it to compute both \u03c0 and \u2202 log(\u03c0)/\u2202\u03b8, before synchronizing the DNN model with the other agents."
      },
      {
        "heading": "5 ANALYSIS",
        "text": "We profile the performance of GA3C and in the process seek to better understand the system dynamics of deep RL training on hybrid CPU/GPU systems. Experiments are conducted on the GPUenabled systems described in Table 1 and monitored with CUDA profilers and custom profiling code based on performance counter timing within Python. We present profiling and convergence experiments both with and without automatic adjustment of the number of agents NA, trainers NT , and predictors NP , and without constraints on the size of the prediction and training queues."
      },
      {
        "heading": "5.1 EFFECT OF RESOURCE UTILIZATION ON TPS",
        "text": "Maximizing training speed. To begin, consider raw training speed as expressed in model update frequency, or trainings per second (TPS). Figure 3 shows TPS on System I in Table 1 for the first 16 minutes of training on PONG. We consider numbers of agents NA \u2208 {16, 32, 64, 128} and plot the top 3 combinations of NP , NT \u2208{1, 2, 4, 8, 16}. On this system, increasing NA yields a higher TPS\nup to NA= 128 where diminishing returns are observed, likely due to additional process overhead. The highest consistent TPS on this system is observed with NA = 128 and NP = NT = 2 with a speed-up of \u223c 4\u00d7 relative to the CPU-only implementation (see Table 2).\nGPU utilization and DNN size. The fastest configuration (NA = 128, NP =NT =2) for System I in Table 1 has an average GPU utilization time of only 56%, with average and peak occupancy of 76% and 98%, respectively.1 This suggests there is computational capacity for a larger network model. Therefore we profile GA3C on a series of deeper DNN architectures2 to evaluate this hypothesis. Figure 3 shows that TPS drops by only 7% with a one-layer deeper DNN controller; at the same time, the\naverage GPU utilization and occupancy increase by approximately 12% and 0.5%, respectively. The 7% drop in TPS is the consequence of the increased depth which forces an additional serial computational on the GPU (and therefore a 12% increase in its utilization). The negligible 0.5% increase in occupancy is likely explained by an efficient management of the computational resources by cuDNN; there is still room available to run additional parallel tasks (or, in other words, a wider DNN) at minimal cost.\n1Occupancy reflects the parallelism of the computation by capturing the proportion of GPU threads which are active while the GPU is in use. For example, occupancy of 76% with utilization of 56% implies roughly 43% overall thread utilization.\n2We increase the number of filters in the first layer of the DNN from 16 to 32, and add a third convolutional layer with 64 4 \u00d7 4 filters and stride 2. To generate four large DNNs with varying computational cost, we reduce the stride on the first layer from 4 pixels to 1 pixel, with a step of 1 pixel. Note the DNN with stride 1 in the first layer also has 4\u00d7 larger fully-connected layer.\nBy reducing the stride of the first layer of the DNN (in addition to adding a convolutional layer), we scale DNN size with finer granularity, and we compare FPS between GA3C and our CPU implementation of A3C. Table 2 shows the speed up provided by GA3C increases as the DNN grows. This is mainly due to increasing GPU utilization, as reported in Table 2. With the largest DNN, our CPU implementation achieves TPS \u2248 11, which is approximately 45\u00d7 slower than GA3C. This behavior is consistent across different systems, as shown in Table 2, where the CPU implementation of A3C using the largest DNN with stride 1 is 7\u00d7 (System III) to 32\u00d7 (System I) slower than the small network. Scaling with DNN size is more favorable on a GPU, with a slow down factor of 4.9\u00d7 in the worst case (System III) and 2.2\u00d7 in the best case (System II). Further, more recent GPUs (Maxwell architecture) scale better (2.2\u00d7 and 2.7\u00d7 slow down for Systems I and II) than older GPUs (4.8\u00d7 slow down for the Kepler architecture, System III).\nGenerally speaking, for large DNNs, maximum TPS and FPS are achieved by intensively using the GPU for prediction and training, while the CPU runs the simulation environment and remains mostly idle. In practice, this allows experimenting with larger architectures, which may be particularly important for real world problems, e.g. robotics or autonomous driving (Lillicrap et al., 2015). Moreover, the idle CPU represents an additional computational resource, but such investigation is beyond the scope of this paper.\nSignificant latency. Profiling on System I in Table 1 reveals that the average time spent by an agent waiting for a prediction call to be completed is 108ms, only 10% of which is taken by the GPU inference. The remaining 90% is overhead spent accumulating the batch and calling the prediction function in Python. Similarly, for training we find that of the average 11.1ms spent performing a DNN update, 59% is overhead. This seems to suggest that a more optimized implementation (possibly based on a low level language like C++) may reduce these overheads, but this investigation remains for future work.\nManually balancing components. Agents, predictors, and trainers all share the GPU as a resource; thus balance is important. Figure 3 shows the top three performing configurations of NP and NT for different numbers of agents, NA, with System I in Table 1. A 14% drop in TPS is exhibited between the best and worst depicted configuration, despite the exclusion of all but the top three performers for each number of agents. The best results have 4 or fewer predictor threads, seemingly preventing batches from becoming too small. The NP : NT ratios for top performers tend to be 1 : 2, 1 : 1, or 2 : 1, whereas higher ratios such as 1 : 8 and 1 : 4 are rarely successful, likely due to the implicit dependence of training on prediction speed. However, if the training queue is too full, training calls take more GPU time, thereby throttling prediction speed. This is further confirmed by our experimental finding that TPS and PPS plots track closely. Figure 4 shows training queue size and prediction batch size for the top configurations. In all cases, the training queue stabilizes well below its maximum capacity. Additionally, the fastest configuration has one of the largest average prediction batch sizes, yielding higher GPU utilization."
      },
      {
        "heading": "5.2 EFFECT OF TPS ON LEARNING SPEED",
        "text": "The beneficial effect of an efficient configuration on the training speed is shown in Figure 5. Training with a suboptimal configuration (e.g. NP = NT = NA = 1 or NP = NT = 1, NA = 16) leads to a severe underutilization of the GPU, a low TPS, and a slow training process. Using the optimal configuration achieves a much higher score in a shorter period of time, mainly driven by playing more frames, i.e. collecting more experiences, in the same amount of time.\nMnih et al. (2016) note that asynchronous methods generally achieve significant speedups from using a greater number of agents, and even report superlinear speedups for asynchronous one-step Q-learning. It is worth noting that optimal configurations for GA3C generally employ a much higher number of agents compared to the CPU counterpart, e.g. the optimal configuration for System I in Table 1 uses 128 agents. This suggests that GPU implementations of asynchronous learning methods may benefit from both a higher TPS and from collecting experiences from a wider number of agents.\nThe learning curve for GA3C with dynamic configuration (Figure 5) tracks closely with the learning curve of the optimal configuration. The total number of frames played is generally slightly lower over the same time due to the search procedure overhead: the configuration is changed once every minute, tending to oscillate around the optimal configuration. Notice also that, in Figure 5, the starting point of the dynamic configuration is NT = NP = NA = 1, which is much slower than the optimal configuration. But scoring performance is nearly identical, indicating that the dynamic method may ease the burden of configuring GA3C on a new system.\nTable 3 compares scores achieved by A3C on the CPU (as reported in (Mnih et al., 2016)) with the best agent trained by our TensorFlow implementation of GA3C. Unfortunately, a direct speed comparison is infeasible without either the original source code or the average number of frames or training updates per second. However, results in this table do show that after one day of training our open-source implementation can achieve similar scores to A3C after four days of training.\nFigure 6 shows typical training curves for GA3C on several Atari games as a function of wallclock time. When compared to the training curves reported in Mnih et al. (2016), GA3C shows faster convergence toward the maximum score in a shorter time for certain games such as PONG, convergence towards a better score in a larger amount of time (e.g. QBERT) or, for other games, a slower convergence rate (e.g. BREAKOUT). It has to be noted, however, that data reported by Mnih et al. (2016) are the average learning curves of the top five learners in a set of fifty learners, each with a different learning rate. On the other hand, in Figure 6, we are reporting three different runs for two (not essentially optimal) learning rates, fixed for all the games. This demonstrates some robustness of GA3C with respect to the choice of the learning rate, whereas it is also likely that better learning curves can be obtained using optimized learning rates. A deeper investigation on a large amount of data, potentially facilitated by our release of the GA3C code, may also reveal how peculiarities of each game differently affect the convergence of A3C and GA3C, but this goes beyond the scope of this paper."
      },
      {
        "heading": "5.3 POLICY LAG, LEARNING STABILITY AND CONVERGENCE SPEED",
        "text": "One of the main differences between GA3C and A3C is the asynchronous computation of the forward step (policy \u03c0) and the gradients (Eq. (4)) used to update the DNN. Delays between these\ntwo operations may introduce noise in the gradients, making the learning process unstable. We experimentally investigated the impact of this asynchrony on the learning process to determine if a synchronization mechanism, which may negatively impact both PPS and TPS, can increase the stability of the algorithm.\nIn GA3C, each agent generally pushes tmax experiences in the training queue. By default, trainers collect a batch of experiences from a single agent from the training queue and send the batch to the GPU to compute gradients, as in Eq. (5). Each time a trainer updates the DNN weights, the remaining experiences in the training queue are no longer in sync with the DNN model. This situation becomes worse when the average length of the training queue is large.\nBy allowing larger training batch sizes, we reduce the number of DNN updates per second (TPS), and consequently diminish the effect of the delay k in Eq. (5). In this way we increase the chance that the collected experiences and the computed gradients are in sync, which improves the stability. Notice that, even if the TPS is lower, the average magnitude of the updates is indeed larger, since we sum the gradients computed over the training batch.\nIn this setting, the optimal training batch size compromises among TPS, the average gradient step magnitude and the training stability. Another factor to be considered is that batching training data potentially leverages the GPU computational capability better by reducing the time devoted to compute the DNN updates while increasing the GPU occupancy during this phase. This gives more GPU time to the predictors, potentially increasing the PPS. However, this advantage tends to disappear when the training batch size is too large and predictors stay idle while the DNN update is computed.\nFigure 7 compares convergence curves when no minimum size for training batch is compulsory (the default GA3C implementation where gradient updates are computed on a single agent\u2019s batch) and when a minimum training batch size is enforced (combining multiple agent batches into a single gradient update). In the latter case, trainers collect experiences from multiple agents at the same time from the training queue and send them to the GPU for computation of gradients as in Eq. (5). Up to a certain batch size (between 20 and 40, in our experiments), increasing the training batch size stabilizes the learning procedure and generally leads to faster convergence. Some games such as PONG indeed do not suffer from this instability, and the effect of the minimum batch size is less evident in this case. We speculate that a careful selection of the learning rate combined with the proper minimum training batch size may lead to even faster convergence."
      },
      {
        "heading": "6 CONCLUSION",
        "text": "By investigating the computational aspects of our hybrid CPU/GPU implementation of GA3C, we achieve a significant speed up with respect to its CPU counter part. This comes as a result of a flexible system capable of finding a reasonable allocation of the available computational resources. Our approach allows producing and consuming training data at the maximum pace on different systems, or to adapt to temporal changes of the computational load on one system. Despite the fact that we analyze A3C only, most of our findings can be applied to similar RL asynchronous algorithms.\nWe believe that the analysis of the computational aspects of RL algorithms may be a consistent theme in RL in the future, motivating further studies such as this one. The potential benefits of such investigation goes well beyond the computational aspects. For instance, we demonstrate that GA3C scales with the size of the DNN much more efficiently than our CPU implementation of A3C, thus opening the possibility to explore the use of large DNN controllers to solve real world RL problems.\nBy open sourcing GA3C (see https://github.com/NVlabs/GA3C), we allow other researchers to further explore this space, investigate in detail the computational aspects of deep RL algorithms, and test new algorithmic solutions, including strategies for the combined utilization of the CPU and GPU computational resources."
      },
      {
        "heading": "ACKNOWLEDGMENTS",
        "text": "We thank Prof. Roy H. Campbell for partially supporting this work."
      }
    ],
    "references": [
      {
        "title": "TensorFlow: Large-scale machine learning on heterogeneous systems",
        "author": [
          "cent Vanhoucke",
          "Vijay Vasudevan",
          "Fernanda Vi\u00e9gas",
          "Oriol Vinyals",
          "Pete Warden",
          "Martin Wattenberg",
          "Martin Wicke",
          "Yuan Yu",
          "Xiaoqiang Zheng"
        ],
        "venue": null,
        "citeRegEx": "Vanhoucke et al\\.,? \\Q2015\\E",
        "shortCiteRegEx": "Vanhoucke et al\\.",
        "year": 2015
      },
      {
        "title": "Unifying CountBased Exploration and Intrinsic Motivation",
        "author": [
          "M.G. Bellemare",
          "S. Srinivasan",
          "G. Ostrovski",
          "T. Schaul",
          "D. Saxton",
          "R. Munos"
        ],
        "venue": null,
        "citeRegEx": "Bellemare et al\\.,? \\Q2016\\E",
        "shortCiteRegEx": "Bellemare et al\\.",
        "year": 2016
      },
      {
        "title": "Playing FPS Games with Deep Reinforcement Learning",
        "author": [
          "G. Lample",
          "D. Singh Chaplot"
        ],
        "venue": "ArXiv e-prints,",
        "citeRegEx": "Lample and Chaplot.,? \\Q2016\\E",
        "shortCiteRegEx": "Lample and Chaplot.",
        "year": 2016
      },
      {
        "title": "Continuous control with deep reinforcement learning",
        "author": [
          "Timothy P. Lillicrap",
          "Jonathan J. Hunt",
          "Alexander Pritzel",
          "Nicolas Heess",
          "Tom Erez",
          "Yuval Tassa",
          "David Silver",
          "Daan Wierstra"
        ],
        "venue": "CoRR, abs/1509.02971,",
        "citeRegEx": "Lillicrap et al\\.,? \\Q2015\\E",
        "shortCiteRegEx": "Lillicrap et al\\.",
        "year": 2015
      },
      {
        "title": "Asynchronous Methods for Deep Reinforcement Learning",
        "author": [
          "V. Mnih",
          "A. Puigdomenech Badia",
          "M. Mirza",
          "A. Graves",
          "T.P. Lillicrap",
          "T. Harley",
          "D. Silver",
          "K. Kavukcuoglu"
        ],
        "venue": "ArXiv preprint arXiv:1602.01783,",
        "citeRegEx": "Mnih et al\\.,? \\Q2016\\E",
        "shortCiteRegEx": "Mnih et al\\.",
        "year": 2016
      },
      {
        "title": "Human-level control through deep reinforcement learning",
        "author": [
          "Volodymyr Mnih",
          "Koray Kavukcuoglu",
          "David Silver",
          "Andrei A. Rusu",
          "Joel Veness",
          "Marc G. Bellemare",
          "Alex Graves",
          "Martin Riedmiller",
          "Andreas K. Fidjeland",
          "Georg Ostrovski",
          "Stig Petersen",
          "Charles Beattie",
          "Amir Sadik",
          "Ioannis Antonoglou",
          "Helen King",
          "Dharshan Kumaran",
          "Daan Wierstra",
          "Shane Legg",
          "Demis Hassabis"
        ],
        "venue": "Nature, 518(7540):529\u2013533,",
        "citeRegEx": "Mnih et al\\.,? \\Q2015\\E",
        "shortCiteRegEx": "Mnih et al\\.",
        "year": 2015
      },
      {
        "title": "Massively parallel methods for deep reinforcement learning",
        "author": [
          "Arun Nair",
          "Praveen Srinivasan",
          "Sam Blackwell",
          "Cagdas Alcicek",
          "Rory Fearon",
          "Alessandro De Maria",
          "Vedavyas Panneershelvam",
          "Mustafa Suleyman",
          "Charles Beattie",
          "Stig Petersen",
          "Shane Legg",
          "Volodymyr Mnih",
          "Koray Kavukcuoglu",
          "David Silver"
        ],
        "venue": "CoRR, abs/1507.04296,",
        "citeRegEx": "Nair et al\\.,? \\Q2015\\E",
        "shortCiteRegEx": "Nair et al\\.",
        "year": 2015
      },
      {
        "title": "Prioritized experience replay",
        "author": [
          "Tom Schaul",
          "John Quan",
          "Ioannis Antonoglou",
          "David Silver"
        ],
        "venue": "CoRR, abs/1511.05952,",
        "citeRegEx": "Schaul et al\\.,? \\Q2015\\E",
        "shortCiteRegEx": "Schaul et al\\.",
        "year": 2015
      },
      {
        "title": "Mastering the game of go with deep neural networks and tree",
        "author": [
          "David Silver",
          "Aja Huang",
          "Christopher J. Maddison",
          "Arthur Guez",
          "Laurent Sifre",
          "George van den Driessche",
          "Julian Schrittwieser",
          "Ioannis Antonoglou",
          "Veda Panneershelvam",
          "Marc Lanctot",
          "Sander Dieleman",
          "Dominik Grewe",
          "John Nham",
          "Nal Kalchbrenner",
          "Ilya Sutskever",
          "Timothy Lillicrap",
          "Madeleine Leach",
          "Koray Kavukcuoglu",
          "Thore Graepel",
          "Demis Hassabis"
        ],
        "venue": "search. Nature,",
        "citeRegEx": "Silver et al\\.,? \\Q2016\\E",
        "shortCiteRegEx": "Silver et al\\.",
        "year": 2016
      },
      {
        "title": "Introduction to Reinforcement Learning",
        "author": [
          "Richard S. Sutton",
          "Andrew G. Barto"
        ],
        "venue": null,
        "citeRegEx": "Sutton and Barto.,? \\Q1998\\E",
        "shortCiteRegEx": "Sutton and Barto.",
        "year": 1998
      },
      {
        "title": "Lecture 6.5-rmsprop: Divide the gradient by a running average of its recent magnitude",
        "author": [
          "Tijmen Tieleman",
          "Geoffrey Hinton"
        ],
        "venue": "COURSERA: Neural Networks for Machine Learning,",
        "citeRegEx": "Tieleman and Hinton.,? \\Q2012\\E",
        "shortCiteRegEx": "Tieleman and Hinton.",
        "year": 2012
      },
      {
        "title": "Deep reinforcement learning with double qlearning",
        "author": [
          "Hado van Hasselt",
          "Arthur Guez",
          "David Silver"
        ],
        "venue": "CoRR, abs/1509.06461,",
        "citeRegEx": "Hasselt et al\\.,? \\Q2015\\E",
        "shortCiteRegEx": "Hasselt et al\\.",
        "year": 2015
      },
      {
        "title": "Dueling network architectures for deep reinforcement learning",
        "author": [
          "Ziyu Wang",
          "Nando de Freitas",
          "Marc Lanctot"
        ],
        "venue": "CoRR, abs/1511.06581,",
        "citeRegEx": "Wang et al\\.,? \\Q2015\\E",
        "shortCiteRegEx": "Wang et al\\.",
        "year": 2015
      },
      {
        "title": "Simple statistical gradient-following algorithms for connectionist reinforcement learning",
        "author": [
          "Ronald J Williams"
        ],
        "venue": "Machine learning,",
        "citeRegEx": "Williams.,? \\Q1992\\E",
        "shortCiteRegEx": "Williams.",
        "year": 1992
      }
    ],
    "referenceMentions": [
      {
        "referenceID": 5,
        "context": "However, the introduction of Deep Q-Learning Networks (DQN) (Mnih et al., 2015) revived the use of Deep Neural Networks (DNNs) as function approximators for value and policy functions, unleashing a rapid series of advancements.",
        "startOffset": 60,
        "endOffset": 79
      },
      {
        "referenceID": 1,
        "context": "Remarkable results include learning to play video games from raw pixels (Bellemare et al., 2016; Lample & Singh Chaplot, 2016) and demonstrating super-human performance on the ancient board game Go (Silver et al.",
        "startOffset": 72,
        "endOffset": 126
      },
      {
        "referenceID": 8,
        "context": ", 2016; Lample & Singh Chaplot, 2016) and demonstrating super-human performance on the ancient board game Go (Silver et al., 2016).",
        "startOffset": 109,
        "endOffset": 130
      },
      {
        "referenceID": 12,
        "context": "Research has yielded a variety of effective training formulations and DNN architectures (van Hasselt et al., 2015; Wang et al., 2015), as well as methods to increase parallelism while decreasing the computational cost and memory footprint (Nair et al.",
        "startOffset": 88,
        "endOffset": 133
      },
      {
        "referenceID": 6,
        "context": ", 2015), as well as methods to increase parallelism while decreasing the computational cost and memory footprint (Nair et al., 2015; Mnih et al., 2016).",
        "startOffset": 113,
        "endOffset": 151
      },
      {
        "referenceID": 4,
        "context": ", 2015), as well as methods to increase parallelism while decreasing the computational cost and memory footprint (Nair et al., 2015; Mnih et al., 2016).",
        "startOffset": 113,
        "endOffset": 151
      },
      {
        "referenceID": 1,
        "context": "Remarkable results include learning to play video games from raw pixels (Bellemare et al., 2016; Lample & Singh Chaplot, 2016) and demonstrating super-human performance on the ancient board game Go (Silver et al., 2016). Research has yielded a variety of effective training formulations and DNN architectures (van Hasselt et al., 2015; Wang et al., 2015), as well as methods to increase parallelism while decreasing the computational cost and memory footprint (Nair et al., 2015; Mnih et al., 2016). In particular, Mnih et al. (2016) achieve state-of-the-art results on many gaming tasks through a novel lightweight, parallel method called Asynchronous Advantage ActorCritic (A3C).",
        "startOffset": 73,
        "endOffset": 534
      },
      {
        "referenceID": 5,
        "context": "Deep Q-Learning Networks (DQN) demonstrate a general approach to the learning problem (Mnih et al., 2015), relying heavily on the introduction of an experience replay memory to stabilize the learning procedure.",
        "startOffset": 86,
        "endOffset": 105
      },
      {
        "referenceID": 7,
        "context": "Inspired by DQN, researchers have proposed more effective learning procedures, achieving faster and more stable convergence: Prioritized DQN (Schaul et al., 2015) makes better use of the replay memory by more frequently selecting frames associated with significant experiences.",
        "startOffset": 141,
        "endOffset": 162
      },
      {
        "referenceID": 12,
        "context": "Dueling Double DQN (Wang et al., 2015) goes a step further by explicitly splitting the computation of the value and advantage functions within the network.",
        "startOffset": 19,
        "endOffset": 38
      },
      {
        "referenceID": 4,
        "context": "The presence of the replay memory makes the DQN approaches more suitable for a GPU implementation when compared to other LR methods, but state-of-the-art results are achieved by A3C (Mnih et al., 2016), which does not make use of it.",
        "startOffset": 182,
        "endOffset": 201
      },
      {
        "referenceID": 8,
        "context": "Among systems approaches, AlphaGo (Silver et al., 2016) recently achieved astonishing results through combined algorithmic and hardware specialization.",
        "startOffset": 34,
        "endOffset": 55
      },
      {
        "referenceID": 6,
        "context": "Gorilla DQN (Nair et al., 2015) is a similarly impressive implementation of distributed RL system, achieving a significant improvement over DQN.",
        "startOffset": 12,
        "endOffset": 31
      },
      {
        "referenceID": 13,
        "context": "REINFORCE methods (Williams, 1992) use gradient ascent on E[Rt], where Rt = \u2211\u221e i=0 \u03b3 rt+i is the accumulated reward starting from time step t and increasingly discounted at each subsequent step by factor \u03b3 \u2208 (0, 1].",
        "startOffset": 18,
        "endOffset": 34
      },
      {
        "referenceID": 4,
        "context": "A3C (Mnih et al., 2016), which achieves state-of-the-art results on many gaming tasks including Atari 2600, uses a single DNN to approximate both the policy and value function.",
        "startOffset": 4,
        "endOffset": 23
      },
      {
        "referenceID": 4,
        "context": "The gradients g can be either shared or separated between agent threads but the shared implementation is known to be more robust (Mnih et al., 2016).",
        "startOffset": 129,
        "endOffset": 148
      },
      {
        "referenceID": 4,
        "context": "The original implementation of A3C (Mnih et al., 2016) uses 16 agents on a 16 core CPU and it takes about four days to learn how to play an Atari game (Brockman et al.",
        "startOffset": 35,
        "endOffset": 54
      },
      {
        "referenceID": 4,
        "context": "Notice that in A3C a model update occurs every time an agent plays tmax = 5 actions (Mnih et al., 2016).",
        "startOffset": 84,
        "endOffset": 103
      },
      {
        "referenceID": 4,
        "context": "Since each action is repeated four times as in (Mnih et al., 2016), the number of frames per second is 4\u00d7PPS.",
        "startOffset": 47,
        "endOffset": 66
      },
      {
        "referenceID": 3,
        "context": "robotics or autonomous driving (Lillicrap et al., 2015).",
        "startOffset": 31,
        "endOffset": 55
      },
      {
        "referenceID": 5,
        "context": "Table 3: Average scores on a subset of Atari games achieved by: a random player (Mnih et al., 2015); a human player (Mnih et al.",
        "startOffset": 80,
        "endOffset": 99
      },
      {
        "referenceID": 5,
        "context": ", 2015); a human player (Mnih et al., 2015); A3C after four days of training on a CPU (Mnih et al.",
        "startOffset": 24,
        "endOffset": 43
      },
      {
        "referenceID": 4,
        "context": ", 2015); A3C after four days of training on a CPU (Mnih et al., 2016); and GA3C after one day of training.",
        "startOffset": 50,
        "endOffset": 69
      },
      {
        "referenceID": 4,
        "context": "Table 3 compares scores achieved by A3C on the CPU (as reported in (Mnih et al., 2016)) with the best agent trained by our TensorFlow implementation of GA3C.",
        "startOffset": 67,
        "endOffset": 86
      },
      {
        "referenceID": 4,
        "context": "Mnih et al. (2016) note that asynchronous methods generally achieve significant speedups from using a greater number of agents, and even report superlinear speedups for asynchronous one-step Q-learning.",
        "startOffset": 0,
        "endOffset": 19
      },
      {
        "referenceID": 4,
        "context": "Mnih et al. (2016) note that asynchronous methods generally achieve significant speedups from using a greater number of agents, and even report superlinear speedups for asynchronous one-step Q-learning. It is worth noting that optimal configurations for GA3C generally employ a much higher number of agents compared to the CPU counterpart, e.g. the optimal configuration for System I in Table 1 uses 128 agents. This suggests that GPU implementations of asynchronous learning methods may benefit from both a higher TPS and from collecting experiences from a wider number of agents. The learning curve for GA3C with dynamic configuration (Figure 5) tracks closely with the learning curve of the optimal configuration. The total number of frames played is generally slightly lower over the same time due to the search procedure overhead: the configuration is changed once every minute, tending to oscillate around the optimal configuration. Notice also that, in Figure 5, the starting point of the dynamic configuration is NT = NP = NA = 1, which is much slower than the optimal configuration. But scoring performance is nearly identical, indicating that the dynamic method may ease the burden of configuring GA3C on a new system. Table 3 compares scores achieved by A3C on the CPU (as reported in (Mnih et al., 2016)) with the best agent trained by our TensorFlow implementation of GA3C. Unfortunately, a direct speed comparison is infeasible without either the original source code or the average number of frames or training updates per second. However, results in this table do show that after one day of training our open-source implementation can achieve similar scores to A3C after four days of training. Figure 6 shows typical training curves for GA3C on several Atari games as a function of wallclock time. When compared to the training curves reported in Mnih et al. (2016), GA3C shows faster convergence toward the maximum score in a shorter time for certain games such as PONG, convergence towards a better score in a larger amount of time (e.",
        "startOffset": 0,
        "endOffset": 1882
      },
      {
        "referenceID": 4,
        "context": "Mnih et al. (2016) note that asynchronous methods generally achieve significant speedups from using a greater number of agents, and even report superlinear speedups for asynchronous one-step Q-learning. It is worth noting that optimal configurations for GA3C generally employ a much higher number of agents compared to the CPU counterpart, e.g. the optimal configuration for System I in Table 1 uses 128 agents. This suggests that GPU implementations of asynchronous learning methods may benefit from both a higher TPS and from collecting experiences from a wider number of agents. The learning curve for GA3C with dynamic configuration (Figure 5) tracks closely with the learning curve of the optimal configuration. The total number of frames played is generally slightly lower over the same time due to the search procedure overhead: the configuration is changed once every minute, tending to oscillate around the optimal configuration. Notice also that, in Figure 5, the starting point of the dynamic configuration is NT = NP = NA = 1, which is much slower than the optimal configuration. But scoring performance is nearly identical, indicating that the dynamic method may ease the burden of configuring GA3C on a new system. Table 3 compares scores achieved by A3C on the CPU (as reported in (Mnih et al., 2016)) with the best agent trained by our TensorFlow implementation of GA3C. Unfortunately, a direct speed comparison is infeasible without either the original source code or the average number of frames or training updates per second. However, results in this table do show that after one day of training our open-source implementation can achieve similar scores to A3C after four days of training. Figure 6 shows typical training curves for GA3C on several Atari games as a function of wallclock time. When compared to the training curves reported in Mnih et al. (2016), GA3C shows faster convergence toward the maximum score in a shorter time for certain games such as PONG, convergence towards a better score in a larger amount of time (e.g. QBERT) or, for other games, a slower convergence rate (e.g. BREAKOUT). It has to be noted, however, that data reported by Mnih et al. (2016) are the average learning curves of the top five learners in a set of fifty learners, each with a different learning rate.",
        "startOffset": 0,
        "endOffset": 2197
      }
    ],
    "year": 2017,
    "abstractText": "We introduce a hybrid CPU/GPU version of the Asynchronous Advantage ActorCritic (A3C) algorithm, currently the state-of-the-art method in reinforcement learning for various gaming tasks. We analyze its computational traits and concentrate on aspects critical to leveraging the GPU\u2019s computational power. We introduce a system of queues and a dynamic scheduling strategy, potentially helpful for other asynchronous algorithms as well. Our hybrid CPU/GPU version of A3C, based on TensorFlow, achieves a significant speed up compared to a CPU implementation; we make it publicly available to other researchers at https://github.com/NVlabs/GA3C.",
    "creator": "LaTeX with hyperref package"
  }
}