{
  "year": 2017,
  "abstract": "Learning to navigate in complex environments with dynamic elements is an important milestone in developing AI agents. In this work we formulate the navigation question as a reinforcement learning problem and show that data efficiency and task performance can be dramatically improved by relying on additional auxiliary tasks to bootstrap learning. In particular we consider jointly learning the goal-driven reinforcement learning problem with an unsupervised depth prediction task and a self-supervised loop closure classification task. Using this approach we can learn to navigate from raw sensory input in complicated 3D mazes, approaching human-level performance even under conditions where the goal location changes frequently. We provide detailed analysis of the agent behaviour, its ability to localise, and its network activity dynamics, that show that the agent implicitly learns key navigation abilities, with only sparse rewards and without direct supervision.",
  "score": 7,
  "verdict": "Accept",
  "reviews": [
    {
      "title": "R1",
      "comments": "\nwell presented, convincing, but of limited novelty\nThis paper shows that a deep RL approach augmented with auxiliary tasks improves performance on navigation in complex environments. Specifically, A3C is used for the RL problem, and the agent is simultaneously trained on an unsupervised depth prediction task and a self-supervised loop closure classification task. While the use of auxiliary tasks to improve training of models including RL agents is not new, the main contribution here is the use of tasks that encourage learning an intrinsic representation of space and movement that enables significant improvements on maze navigation tasks.\n\nThe paper is well written, experiments are convincing, and the value of the auxiliary tasks for the problem are clear. However, the contribution is relatively incremental given previous work on RL for navigation and on auxiliary tasks. The work could become of greater interest provided broader analysis and insights on either optimal combinations of tasks for visual navigation (e.g. the value of other visual / geometry-based tasks), or on auxiliary tasks with RL in general.  As it is, it is a useful demonstration of the benefit of geometry-based auxiliary tasks for navigation, but of relatively narrow interest.",
      "recommendation": 7
    },
    {
      "title": "R2",
      "comments": ""
    },
    {
      "title": "R3",
      "comments": "\nDepth is supervise learning\nI do like the demonstration that including learning of auxiliary tasks does not interfere with the RL tasks but even helps. This is also not so surprising with deep networks. The deep structure of the model allows the model to learn first a good representation of the world on which it can base its solutions for specific goals. While even early representations do of course depend on the task performance itself, it is clear that there are common first stages in sensory representations like the need for edge detection etc. Thus, training by additional tasks will at least increase the effective training size. It is of course unclear how to adjust for this to make a fair comparison, but the paper could have included some more insights such as the change in representation with and without auxiliary training. \n\nI still strongly disagree with the implied definition of supervised or even self-supervised learning. The definition of unsupervised is learning without external labels. It does not matter if this comes from a human or for example from an expensive machine that is used to train a network so that a task can be solved later without this expensive machine. I would call EM a self-supervised method where labels are predicted from the model itself and used to bootstrap parameter learning. In this case you are using externally supplied labels, which is clearly a supervised learning task!\n",
      "recommendation": 5
    },
    {
      "title": "R4",
      "comments": "\nReview\nThis relatively novel work proposes to augment current RL models by adding self-supervised tasks encouraging better internal representations. \nThe proposed tasks are depth prediction and loop closure detection. While these tasks assume a 3D environment as well some position information, such priors are well suited to a large variety of tasks pertaining to navigation and robotics.\n\nExtensive experiments suggest to incorporating such auxiliary tasks increase performance and to a large extent learning speed.\nAdditional analysis of value functions and internal representations suggest that some structure is being discovered by the model, which would not be without the auxiliary tasks.\n\n\nWhile specific to 3D-environment tasks, this work provides additional proof that using input data in addition to sparse external reward signals helps to boost learning speed as well as learning better internal representation. It is original, clearly presented, and strongly supported by empirical evidence.\n\nOne small downside of the experimental method (or maybe just the results shown) is that by picking top-5 runs, it is hard to judge whether such a model is better suited to the particular hyperparameter range that was chosen, or is simply more robust to these hyperparameter settings. Maybe an analysis of performance as a function of hyperparameters would help confirm the superiority of the approach to the baselines. My own suspicion is that adding auxiliary tasks would make the model robust to bad hyperparameters.\n\nAnother downside is that the authors dismiss navigation literature as \"not RL\". I sympathize with the limit on the number of things that can fit in a paper, but some experimental comparison with such literature may have proven insightful, if just in measuring the quality of the learned representations.\n",
      "recommendation": 7
    }
  ]
}