{
  "name": "439.pdf",
  "metadata": {
    "source": "CRF",
    "title": "DEEPCODER: LEARNING TO WRITE PROGRAMS",
    "authors": [
      "Matej Balog",
      "Alexander L. Gaunt",
      "Marc Brockschmidt",
      "Sebastian Nowozin",
      "Daniel Tarlow"
    ],
    "emails": [],
    "sections": [
      {
        "heading": "1 INTRODUCTION",
        "text": "A dream of artificial intelligence is to build systems that can write computer programs. Recently, there has been much interest in program-like neural network models (Graves et al., 2014; Weston et al., 2015; Kurach et al., 2015; Joulin & Mikolov, 2015; Grefenstette et al., 2015; Sukhbaatar et al., 2015; Neelakantan et al., 2016; Kaiser & Sutskever, 2016; Reed & de Freitas, 2016; Zaremba et al., 2016; Graves et al., 2016), but none of these can write programs; that is, they do not generate human-readable source code. Only very recently, Riedel et al. (2016); Bunel et al. (2016); Gaunt et al. (2016) explored the use of gradient descent to induce source code from input-output examples via differentiable interpreters, and Ling et al. (2016) explored the generation of source code from unstructured text descriptions. However, Gaunt et al. (2016) showed that differentiable interpreterbased program induction is inferior to discrete search-based techniques used by the programming languages community. We are then left with the question of how to make progress on program induction using machine learning techniques.\nIn this work, we propose two main ideas: (1) learn to induce programs; that is, use a corpus of program induction problems to learn strategies that generalize across problems, and (2) integrate neural network architectures with search-based techniques rather than replace them.\nIn more detail, we can contrast our approach to existing work on differentiable interpreters. In differentiable interpreters, the idea is to define a differentiable mapping from source code and inputs to outputs. After observing inputs and outputs, gradient descent can be used to search for a program that matches the input-output examples. This approach leverages gradient-based optimization, which has proven powerful for training neural networks, but each synthesis problem is still solved independently\u2014solving many synthesis problems does not help to solve the next problem.\nWe argue that machine learning can provide significant value towards solving Inductive Program Synthesis (IPS) by re-casting the problem as a big data problem. We show that training a neural network on a large number of generated IPS problems to predict cues from the problem description can help a search-based technique. In this work, we focus on predicting an order on the program space and show how to use it to guide search-based techniques that are common in the programming languages community. This approach has three desirable properties: first, we transform a difficult search problem into a supervised learning problem; second, we soften the effect of failures of the neural network by searching over program space rather than relying on a single prediction; and third, the neural network\u2019s predictions are used to guide existing program synthesis systems, allowing us to use and improve on the best solvers from the programming languages community. Empirically, we\n\u2217Also affiliated with Max-Planck Institute for Intelligent Systems, Tu\u0308bingen, Germany. Work done while author was an intern at Microsoft Research.\nshow orders-of-magnitude improvements over optimized standard search techniques and a Recurrent Neural Network-based approach to the problem.\nIn summary, we define and instantiate a framework for using deep learning for program synthesis problems like ones appearing on programming competition websites. Our concrete contributions are:\n1. defining a programming language that is expressive enough to include real-world programming problems while being high-level enough to be predictable from input-output examples;\n2. models for mapping sets of input-output examples to program properties; and 3. experiments that show an order of magnitude speedup over standard program synthesis\ntechniques, which makes this approach feasible for solving problems of similar difficulty as the simplest problems that appear on programming competition websites."
      },
      {
        "heading": "2 BACKGROUND ON INDUCTIVE PROGRAM SYNTHESIS",
        "text": "We begin by providing background on Inductive Program Synthesis, including a brief overview of how it is typically formulated and solved in the programming languages community.\nThe Inductive Program Synthesis (IPS) problem is the following: given input-output examples, produce a program that has behavior consistent with the examples.\nBuilding an IPS system requires solving two problems. First, the search problem: to find consistent programs we need to search over a suitable set of possible programs. We need to define the set (i.e., the program space) and search procedure. Second, the ranking problem: if there are multiple programs consistent with the input-output examples, which one do we return? Both of these problems are dependent on the specifics of the problem formulation. Thus, the first important decision in formulating an approach to program synthesis is the choice of a Domain Specific Language.\nDomain Specific Languages (DSLs). DSLs are programming languages that are suitable for a specialized domain but are more restrictive than full-featured programming languages. For example, one might disallow loops or other control flow, and only allow string data types and a small number of primitive operations like concatenation. Most of program synthesis research focuses on synthesizing programs in DSLs, because full-featured languages like C++ enlarge the search space and complicate synthesis. Restricted DSLs can also enable more efficient special-purpose search algorithms. For example, if a DSL only allows concatenations of substrings of an input string, a dynamic programming algorithm can efficiently search over all possible programs (Polozov & Gulwani, 2015). The choice of DSL also affects the difficulty of the ranking problem. For example, in a DSL without if statements, the same algorithm is applied to all inputs, reducing the number of programs consistent with any set of input-output examples, and thus the ranking problem becomes easier. Of course, the restrictiveness of the chosen DSL also determines which problems the system can solve at all.\nSearch Techniques. There are many techniques for searching for programs consistent with inputoutput examples. Perhaps the simplest approach is to define a grammar and then enumerate all derivations of the grammar, checking each one for consistency with the examples. This approach can be combined with pruning based on types and other logical reasoning (Feser et al., 2015). While simple, these approaches can be implemented efficiently, and they can be surprisingly effective.\nIn restricted domains such as the concatenation example discussed above, special-purpose algorithms can be used. FlashMeta (Polozov & Gulwani, 2015) describes a framework for DSLs which allow decomposition of the search problem, e.g., where the production of an output string from an input string can be reduced to finding a program for producing the first part of the output and concatenating it with a program for producing the latter part of the output string.\nAnother class of systems is based on Satisfiability Modulo Theories (SMT) solving. SMT combines SAT-style search with theories like arithmetic and inequalities, with the benefit that theory-dependent subproblems can be handled by special-purpose solvers. For example, a special-purpose solver can easily find integers x, y such that x < y and y < \u2212100 hold, whereas an enumeration strategy may need to consider many values before satisfying the constraints. Many program synthesis engines based on SMT solvers exist, e.g., Sketch (Solar-Lezama, 2008) and Brahma (Gulwani et al., 2011). They convert the semantics of a DSL into a set of constraints between variables representing the\nprogram and the input-output values, and then call an SMT solver to find a satisfying setting of the program variables. This approach shines when special-purpose reasoning can be leveraged, but complex DSLs can lead to very large constraint problems where constructing and manipulating the constraints can be a lot slower than an enumerative approach.\nFinally, stochastic local search can be employed to search over program space, and there is a long history of applying genetic algorithms to this problem. One of the most successful recent examples is the STOKE super-optimization system (Schkufza et al., 2016), which uses stochastic local search to find assembly programs that have the same semantics as an input program but execute faster.\nRanking. While we focus on the search problem in this work, we briefly mention the ranking problem here. A popular choice for ranking is to choose the shortest program consistent with inputoutput examples (Gulwani, 2016). A more sophisticated approach is employed by FlashFill (Singh & Gulwani, 2015). It works in a manner similar to max-margin structured prediction, where known ground truth programs are given, and the learning task is to assign scores to programs such that the ground truth programs score higher than other programs that satisfy the input-output specification."
      },
      {
        "heading": "3 LEARNING INDUCTIVE PROGRAM SYNTHESIS (LIPS)",
        "text": "In this section we outline the general approach that we follow in this work, which we call Learning Inductive Program Synthesis (LIPS). The details of our instantiation of LIPS appear in Sect. 4. The components of LIPS are (1) a DSL specification, (2) a data-generation procedure, (3) a machine learning model that maps from input-output examples to program attributes, and (4) a search procedure that searches program space in an order guided by the model from (3). The framework is related to the formulation of Menon et al. (2013); the relationship and key differences are discussed in Sect. 6.\n(1) DSL and Attributes. The choice of DSL is important in LIPS, just as it is in any program synthesis system. It should be expressive enough to capture the problems that we wish to solve, but restricted as much as possible to limit the difficulty of the search. In LIPS we additionally specify an attribute function A that maps programs P of the DSL to finite attribute vectors a = A(P ). (Attribute vectors of different programs need not have equal length.) Attributes serve as the link between the machine learning and the search component of LIPS: the machine learning model predicts a distribution q(a | E), where E is the set of input-output examples, and the search procedure aims to search over programs P as ordered by q(A(P ) | E). Thus an attribute is useful if it is both predictable from input-output examples, and if conditioning on its value significantly reduces the effective size of the search space.\nPossible attributes are the (perhaps position-dependent) presence or absence of high-level functions (e.g., does the program contain or end in a call to SORT). Other possible attributes include control flow templates (e.g., the number of loops and conditionals). In the extreme case, one may set A to the identity function, in which case the attribute is equivalent to the program; however, in our experiments we find that performance is improved by choosing a more abstract attribute function.\n(2) Data Generation. Step 2 is to generate a dataset ((P (n),a(n), E(n)))Nn=1 of programs P (n) in the chosen DSL, their attributes a(n), and accompanying input-output examples E(n). Different approaches are possible, ranging from enumerating valid programs in the DSL and pruning, to training a more sophisticated generative model of programs in the DSL. The key in the LIPS formulation is to ensure that it is feasible to generate a large dataset (ideally millions of programs).\n(3) Machine Learning Model. The machine learning problem is to learn a distribution of attributes given input-output examples, q(a | E). There is freedom to explore a large space of models, so long as the input component can encode E , and the output is a proper distribution over attributes (e.g., if attributes are a fixed-size binary vector, then a neural network with independent sigmoid outputs is appropriate; if attributes are variable size, then a recurrent neural network output could be used). Attributes are observed at training time, so training can use a maximum likelihood objective.\n(4) Search. The aim of the search component is to interface with an existing solver, using the predicted q(a | E) to guide the search. We describe specific approaches in the next section."
      },
      {
        "heading": "4 DEEPCODER",
        "text": "Here we describe DeepCoder, our instantiation of LIPS including a choice of DSL, a data generation strategy, models for encoding input-output sets, and algorithms for searching over program space."
      },
      {
        "heading": "4.1 DOMAIN SPECIFIC LANGUAGE AND ATTRIBUTES",
        "text": "We consider binary attributes indicating the presence or absence of high-level functions in the target program. To make this effective, the chosen DSL needs to contain constructs that are not so low-level that they all appear in the vast majority of programs, but at the same time should be common enough so that predicting their occurrence from input-output examples can be learned successfully.\nFollowing this observation, our DSL is loosely inspired by query languages such as SQL or LINQ, where high-level functions are used in sequence to manipulate data. A program in our DSL is a sequence of function calls, where the result of each call initializes a fresh variable that is either a singleton integer or an integer array. Functions can be applied to any of the inputs or previously computed (intermediate) variables. The output of the program is the return value of the last function call, i.e., the last variable. See Fig. 1 for an example program of length T = 4 in our DSL.\nOverall, our DSL contains the first-order functions HEAD, LAST, TAKE, DROP, ACCESS, MINIMUM, MAXIMUM, REVERSE, SORT, SUM, and the higher-order functions MAP, FILTER, COUNT, ZIPWITH, SCANL1. Higher-order functions require suitable lambda functions for their behavior to be fully specified: for MAP our DSL provides lambdas (+1), (-1), (*2), (/2), (*(-1)), (**2), (*3), (/3), (*4), (/4); for FILTER and COUNT there are predicates (>0), (<0), (%2==0), (%2==1) and for ZIPWITH and SCANL1 the DSL provides lambdas (+), (-), (*), MIN, MAX. A description of the semantics of all functions is provided in Appendix F.\nNote that while the language only allows linear control flow, many of its functions do perform branching and looping internally (e.g., SORT, COUNT, ...). Examples of more sophisticated programs expressible in our DSL, which were inspired by the simplest problems appearing on programming competition websites, are shown in Appendix A."
      },
      {
        "heading": "4.2 DATA GENERATION",
        "text": "To generate a dataset, we enumerate programs in the DSL, heuristically pruning away those with easily detectable issues such as a redundant variable whose value does not affect the program output, or, more generally, existence of a shorter equivalent program (equivalence can be overapproximated by identical behavior on randomly or carefully chosen inputs). To generate valid inputs for a program, we enforce a constraint on the output value bounding integers to some predetermined range, and then propagate these constraints backward through the program to obtain a range of valid values for each input. If one of these ranges is empty, we discard the program. Otherwise, input-output pairs can be generated by picking inputs from the pre-computed valid ranges and executing the program to obtain the output values. The binary attribute vectors are easily computed from the program source codes."
      },
      {
        "heading": "4.3 MACHINE LEARNING MODEL",
        "text": "Observe how the input-output data in Fig. 1 is informative of the functions appearing in the program: the values in the output are all negative, divisible by 4, they are sorted in decreasing order, and they happen to be multiples of numbers appearing in the input. Our aim is to learn to recognize such patterns in the input-output examples, and to leverage them to predict the presence or absence of\nindividual functions. We employ neural networks to model and learn the mapping from input-output examples to attributes. We can think of these networks as consisting of two parts:\n1. an encoder: a differentiable mapping from a set of M input-output examples generated by a single program to a latent real-valued vector, and\n2. a decoder: a differentiable mapping from the latent vector representing a set of M inputoutput examples to predictions of the ground truth program\u2019s attributes.\nFor the encoder we use a simple feed-forward architecture. First, we represent the input and output types (singleton or array) by a one-hot-encoding, and we pad the inputs and outputs to a maximum length L with a special NULL value. Second, each integer in the inputs and in the output is mapped to a learned embedding vector of size E = 20. (The range of integers is restricted to a finite range and each embedding is parametrized individually.) Third, for each input-output example separately, we concatenate the embeddings of the input types, the inputs, the output type, and the output into a single (fixed-length) vector, and pass this vector through H = 3 hidden layers containing K = 256 sigmoid units each. The third hidden layer thus provides an encoding of each individual input-output example. Finally, for input-output examples in a set generated from the same program, we pool these representations together by simple arithmetic averaging. See Appendix C for more details.\nThe advantage of this encoder lies in its simplicity, and we found it reasonably easy to train. A disadvantage is that it requires an upper bound L on the length of arrays appearing in the input and output. We confirmed that the chosen encoder architecture is sensible in that it performs empirically at least as well as an RNN encoder, a natural baseline, which may however be more difficult to train.\nDeepCoder learns to predict presence or absence of individual functions of the DSL. We shall see this can already be exploited by various search techniques to large computational gains. We use a decoder that pre-multiplies the encoding of input-output examples by a learned C\u00d7K matrix, where C = 34 is the number of functions in our DSL (higher-order functions and lambdas are predicted independently), and treats the resulting C numbers as log-unnormalized probabilities (logits) of each function appearing in the source code. Fig. 2 shows the predictions a trained neural network made from 5 input-output examples for the program shown in Fig. 1."
      },
      {
        "heading": "4.4 SEARCH",
        "text": "One of the central ideas of this work is to use a neural network to guide the search for a program consistent with a set of input-output examples instead of directly predicting the entire source code. This section briefly describes the search techniques and how they integrate the predicted attributes.\nDepth-first search (DFS). We use an optimized version of DFS to search over programs with a given maximum length T (see Appendix D for details). When the search procedure extends a partial program by a new function, it has to try the functions in the DSL in some order. At this point DFS can opt to consider the functions as ordered by their predicted probabilities from the neural network.\n\u201cSort and add\u201d enumeration. A stronger way of utilizing the predicted probabilities of functions in an enumerative search procedure is to use a Sort and add scheme, which maintains a set of active functions and performs DFS with the active function set only. Whenever the search fails, the next most probable function (or several) are added to the active set and the search restarts with this larger active set. Note that this scheme has the deficiency of potentially re-exploring some parts of the search space several times, which could be avoided by a more sophisticated search procedure.\nSketch. Sketch (Solar-Lezama, 2008) is a successful SMT-based program synthesis tool from the programming languages research community. While its main use case is to synthesize programs\nby filling in \u201choles\u201d in incomplete source code so as to match specified requirements, it is flexible enough for our use case as well. The function in each step and its arguments can be treated as the \u201choles\u201d, and the requirement to be satisfied is consistency with the provided set of input-output examples. Sketch can utilize the neural network predictions in a Sort and add scheme as described above, as the possibilities for each function hole can be restricted to the current active set.\n\u03bb2. \u03bb2 (Feser et al., 2015) is a program synthesis tool from the programming languages community that combines enumerative search with deduction to prune the search space. It is designed to infer small functional programs for data structure manipulation from input-output examples, by combining functions from a provided library. \u03bb2 can be used in our framework using a Sort and add scheme as described above by choosing the library of functions according to the neural network predictions."
      },
      {
        "heading": "4.5 TRAINING LOSS FUNCTION",
        "text": "We use the negative cross entropy loss to train the neural network described in Sect. 4.3, so that its predictions about each function can be interpreted as marginal probabilities. The LIPS framework dictates learning q(a | E), the joint distribution of all attributes a given the input-output examples, and it is not clear a priori how much DeepCoder loses by ignoring correlations between functions. However, under the simplifying assumption that the runtime of searching for a program of length T with C functions made available to a search routine is proportional to CT , the following result for Sort and add procedures shows that their runtime can be optimized using marginal probabilities. Lemma 1. For any fixed program length T , the expected total runtime of a Sort and add search scheme can be upper bounded by a quantity that is minimized by adding the functions in the order of decreasing true marginal probabilities.\nProof. Predicting source code functions from input-output examples can be seen as a multi-label classification problem, where each set of input-output examples is associated with a set of relevant labels (functions appearing in the ground truth source code). Dembczynski et al. (2010) showed that in multi-label classification under a so-called Rank loss, it is Bayes optimal to rank the labels according to their marginal probabilities. If the runtime of search with C functions is proportional to CT , the total runtime of a Sort and add procedure can be monotonically transformed so that it is upper bounded by this Rank loss. See Appendix E for more details."
      },
      {
        "heading": "5 EXPERIMENTS",
        "text": "In this section we report results from two categories of experiments. Our main experiments (Sect. 5.1) show that the LIPS framework can lead to significant performance gains in solving IPS by demonstrating such gains with DeepCoder. In Sect. 5.2 we illustrate the robustness of the method by demonstrating a strong kind of generalization ability across programs of different lengths."
      },
      {
        "heading": "5.1 DEEPCODER COMPARED TO BASELINES",
        "text": "We trained a neural network as described in Sect. 4.3 to predict used functions from input-output examples and constructed a test set of P = 500 programs, guaranteed to be semantically disjoint from all programs on which the neural network was trained (similarly to the equivalence check described in Sect. 4.2, we have ensured that all test programs behave differently from all programs used during training on at least one input). For each test program we generated M = 5 input-output examples involving integers of magnitudes up to 256, passed the examples to the trained neural network, and fed the obtained predictions to the search procedures from Sect. 4.4. We also considered a RNN-based decoder generating programs using beam search (see Sect. 5.3 for details). To evaluate DeepCoder, we then recorded the time the search procedures needed to find a program consistent with the M input-output examples. As a baseline, we also ran all search procedures using a simple prior as function probabilities, computed from their global incidence in the program corpus.\nIn the first, smaller-scale experiment (program search space size \u223c 2 \u00d7 106) we trained the neural network on programs of length T = 3, and the test programs were of the same length. Table 1 shows the per-task timeout required such that a solution could be found for given proportions of the test tasks (in time less than or equal to the timeout). For example, in a hypothetical test set with 4 tasks\nand runtimes of 3s, 2s, 1s, 4s, the timeout required to solve 50% of tasks would be 2s. More detailed experimental results are discussed in Appendix B.\nIn the main experiment, we tackled a large-scale problem of searching for programs consistent with input-output examples generated from programs of length T = 5 (search space size on the order of 1010), supported by a neural network trained with programs of shorter length T = 4. Here, we only consider P = 100 programs for reasons of computational efficiency, after having verified that this does not significantly affect the results in Table 1. The table in Fig. 3a shows significant speedups for DFS, Sort and add enumeration, and \u03bb2 with Sort and add enumeration, the search techniques capable of solving the search problem in reasonable time frames. Note that Sort and add enumeration without the neural network (using prior probabilities of functions) exceeded the 104 second timeout in two cases, so the relative speedups shown are crude lower bounds.\nWe hypothesize that the substantially larger performance gains on Sort and add schemes as compared to gains on DFS can be explained by the fact that the choice of attribute function (predicting presence of functions anywhere in the program) and learning objective of the neural network are better matched to the Sort and add schemes. Indeed, a more appropriate attribute function for DFS would be one that is more informative of the functions appearing early in the program, since exploring an incorrect first function is costly with DFS. On the other hand, the discussion in Sect. 4.5 provides theoretical indication that ignoring the correlations between functions is not cataclysmic for Sort and add enumeration, since a Rank loss that upper bounds the Sort and add runtime can still be minimized.\nIn Appendix G we analyse the performance of the neural networks used in these experiments, by investigating which attributes (program instructions) tend to be difficult to distinguish from each other."
      },
      {
        "heading": "5.2 GENERALIZATION ACROSS PROGRAM LENGTHS",
        "text": "To investigate the encoder\u2019s generalization ability across programs of different lengths, we trained a network to predict used functions from input-output examples that were generated from programs of length Ttrain \u2208 {1, . . . , 4}. We then used each of these networks to predict functions on 5 test sets containing input-output examples generated from programs of lengths Ttest \u2208 {1, . . . , 5}, respectively. The test programs of a given length T were semantically disjoint from all training programs of the same length T and also from all training and test programs of shorter lengths T \u2032 < T .\nFor each of the combinations of Ttrain and Ttest, Sort and add enumerative search was run both with and without using the neural network\u2019s predictions (in the latter case using prior probabilities) until it solved 20% of the test set tasks. Fig. 3b shows the relative speedup of the solver having access to predictions from the trained neural networks. These results indicate that the neural networks are able to generalize beyond programs of the same length that they were trained on. This is partly due to the\nsearch procedure on top of their predictions, which has the opportunity to correct for the presence of functions that the neural network failed to predict. Note that a sequence-to-sequence model trained on programs of a fixed length could not be expected to exhibit this kind of generalization ability."
      },
      {
        "heading": "5.3 ALTERNATIVE MODELS",
        "text": "Encoder We evaluated replacing the feed-forward architecture encoder (Sect. 4.3) with an RNN, a natural baseline. Using a GRU-based RNN we were able to achieve results almost as good as using the feed-forward architecture, but found the RNN encoder more difficult to train.\nDecoder We also considered a purely neural network-based approach, where an RNN decoder is trained to predict the entire program token-by-token. We combined this with our feed-forward encoder by initializing the RNN using the pooled final layer of the encoder. We found it substantially more difficult to train an RNN decoder as compared to the independent binary classifiers employed above. Beam search was used to explore likely programs predicted by the RNN, but it only lead to a solution comparable with the other techniques when searching for programs of lengths T \u2264 2, where the search space size is very small (on the order of 103). Note that using an RNN for both the encoder and decoder corresponds to a standard sequence-to-sequence model. However, we do do not rule out that a more sophisticated RNN decoder or training procedure could be possibly more successful."
      },
      {
        "heading": "6 RELATED WORK",
        "text": "Machine Learning for Inductive Program Synthesis. There is relatively little work on using machine learning for programming by example. The most closely related work is that of Menon et al. (2013), in which a hand-coded set of features of input-output examples are used as \u201cclues.\u201d When a clue appears in the input-output examples (e.g., the output is a permutation of the input), it reweights the probabilities of productions in a probabilistic context free grammar by a learned amount. This work shares the idea of learning to guide the search over program space conditional on input-output examples. One difference is in the domains. Menon et al. (2013) operate on short string manipulation programs, where it is arguably easier to hand-code features to recognize patterns in the input-output examples (e.g., if the outputs are always permutations or substrings of the input). Our work shows that there are strong cues in patterns in input-output examples in the domain of numbers and lists. However, the main difference is the scale. Menon et al. (2013) learns from a small (280 examples), manually-constructed dataset, which limits the capacity of the machine learning model that can be trained. Thus, it forces the machine learning component to be relatively simple. Indeed, Menon et al. (2013) use a log-linear model and rely on hand-constructed features. LIPS automatically generates training data, which yields datasets with millions of programs and enables high-capacity deep learning models to be brought to bear on the problem.\nLearning Representations of Program State. Piech et al. (2015) propose to learn joint embeddings of program states and programs to automatically extend teacher feedback to many similar programs in the MOOC setting. This work is similar in that it considers embedding program states, but the domain is different, and it otherwise specifically focuses on syntactic differences between semantically equivalent programs to provide stylistic feedback. Li et al. (2016) use graph neural networks (GNNs) to predict logical descriptions from program states, focusing on data structure shapes instead of numerical and list data. Such GNNs may be a suitable architecture to encode states appearing when extending our DSL to handle more complex data structures.\nLearning to Infer. Very recently, Alemi et al. (2016) used neural sequence models in tandem with an automated theorem prover. Similar to our Sort and Add strategy, a neural network component is trained to select premises that the theorem prover can use to prove a theorem. A recent extension (Loos et al., 2017) is similar to our DFS enumeration strategy and uses a neural network to guide the proof search at intermediate steps. The main differences are in the domains, and that they train on an existing corpus of theorems. More broadly, if we view a DSL as defining a model and search as a form of inference algorithm, then there is a large body of work on using discriminatively-trained models to aid inference in generative models. Examples include Dayan et al. (1995); Kingma & Welling (2014); Shotton et al. (2013); Stuhlmu\u0308ller et al. (2013); Heess et al. (2013); Jampani et al. (2015)."
      },
      {
        "heading": "7 DISCUSSION AND FUTURE WORK",
        "text": "We have presented a framework for improving IPS systems by using neural networks to translate cues in input-output examples to guidance over where to search in program space. Our empirical results show that for many programs, this technique improves the runtime of a wide range of IPS baselines by 1-3 orders. We have found several problems in real online programming challenges that can be solved with a program in our language, which validates the relevance of the class of problems that we have studied in this work. In sum, this suggests that we have made significant progress towards being able to solve programming competition problems, and the machine learning component plays an important role in making it tractable.\nThere remain some limitations, however. First, the programs we can synthesize are only the simplest problems on programming competition websites and are simpler than most competition problems. Many problems require more complex algorithmic solutions like dynamic programming and search, which are currently beyond our reach. Our chosen DSL currently cannot express solutions to many problems. To do so, it would need to be extended by adding more primitives and allow for more flexibility in program constructs (such as allowing loops). Second, we currently use five input-output examples with relatively large integer values (up to 256 in magnitude), which are probably more informative than typical (smaller) examples. While we remain optimistic about LIPS\u2019s applicability as the DSL becomes more complex and the input-output examples become less informative, it remains to be seen what the magnitude of these effects are as we move towards solving large subsets of programming competition problems.\nWe foresee many extensions of DeepCoder. We are most interested in better data generation procedures by using generative models of source code, and to incorporate natural language problem descriptions to lessen the information burden required from input-output examples. In sum, DeepCoder represents a promising direction forward, and we are optimistic about the future prospects of using machine learning to synthesize programs."
      },
      {
        "heading": "ACKNOWLEDGMENTS",
        "text": "The authors would like to express their gratitude to Rishabh Singh and Jack Feser for their valuable guidance and help on using the Sketch and \u03bb2 program synthesis systems."
      },
      {
        "heading": "A EXAMPLE PROGRAMS",
        "text": "This section shows example programs in our Domain Specific Language (DSL), together with inputoutput examples and short descriptions. These programs have been inspired by simple tasks appearing on real programming competition websites, and are meant to illustrate the expressive power of our DSL.\nProgram 0: k\u2190 int b\u2190 [int] c\u2190 SORT b d\u2190 TAKE k c e\u2190 SUM d\nInput-output example: Input: 2, [3 5 4 7 5] Output: [7] Description: A new shop near you is selling n paintings. You have k < n friends and you would like to buy each of your friends a painting from the shop. Return the minimal amount of money you will need to spend.\nProgram 1: w\u2190 [int] t\u2190 [int] c\u2190 MAP (*3) w d\u2190 ZIPWITH (+) c t e\u2190 MAXIMUM d Input-output example: Input: [6 2 4 7 9], [5 3 6 1 0] Output: 27 Description: In soccer leagues, match winners are awarded 3 points, losers 0 points, and both teams get 1 point in the case of a tie. Compute the number of points awarded to the winner of a league given two arrays w, t of the same length, where w[i] (resp. t[i]) is the number of times team i won (resp. tied).\nProgram 2: a\u2190 [int] b\u2190 [int] c\u2190 ZIPWITH (-) b a d\u2190 COUNT (>0) c Input-output example: Input: [6 2 4 7 9], [5 3 2 1 0] Output: 4 Description: Alice and Bob are comparing their results in a recent exam. Given their marks per question as two arrays a and b, count on how many questions Alice got more points than Bob.\nProgram 3: h\u2190 [int] b\u2190 SCANL1 MIN h c\u2190 ZIPWITH (-) h b d\u2190 FILTER (>0) c e\u2190 SUM d Input-output example: Input: [8 5 7 2 5] Output: 5 Description: Perditia is very peculiar about her garden and wants that the trees standing in a row are all of non-increasing heights. Given the tree heights in centimeters in order of the row as an array h, compute how many centimeters she needs to trim the trees in total.\nProgram 4: x\u2190 [int] y\u2190 [int] c\u2190 SORT x d\u2190 SORT y e\u2190 REVERSE d f\u2190 ZIPWITH (*) d e g\u2190 SUM f Input-output example: Input: [7 3 8 2 5], [2 8 9 1 3] Output: 79 Description: Xavier and Yasmine are laying sticks to form non-overlapping rectangles on the ground. They both have fixed sets of pairs of sticks of certain lengths (represented as arrays x and y of numbers). Xavier only lays sticks parallel to the x axis, and Yasmine lays sticks only parallel to y axis. Compute the area their rectangles will cover at least.\nProgram 5: a\u2190 [int] b\u2190 REVERSE a c\u2190 ZIPWITH MIN a b Input-output example: Input: [3 7 5 2 8] Output: [3 2 5 2 3] Description: A sequence called Billy is looking into the mirror, wondering how much weight it could lose by replacing any of its elements by their mirror images. Given a description of Billy as an array b of length n, return an array c of minimal sum where each element c[i] is either b[i] or its mirror image b[n\u2212 i\u2212 1].\nProgram 6: t\u2190 [int] p\u2190 [int] c\u2190 MAP (-1) t d\u2190 MAP (-1) p e\u2190 ZIPWITH (+) c d f\u2190 MINIMUM e IO example: Input: [4 8 11 2], [2 3 4 1] Output: 1 Description: Umberto has a large collection of ties and matching pocket squares\u2014too large, his wife says\u2014and he needs to sell one pair. Given their values as arrays t and p, assuming that he sells the cheapest pair, and selling costs 2, how much will he lose from the sale?\nProgram 7: s\u2190 [int] p\u2190 [int] c\u2190 SCANL1 (+) p d\u2190 ZIPWITH (*) s c e\u2190 SUM d IO example: Input: [4 7 2 3], [2 1 3 1] Output: 62 Description: Zack always promised his n friends to buy them candy, but never did. Now he won the lottery and counts how often and how much candy he promised to his friends, obtaining arrays p (number of promises) and s (number of promised sweets). He announces that to repay them, he will buy s[1]+s[2]+...+s[n] pieces of candy for the first p[1] days, then s[2]+s[3]+...+s[n] for p[2] days, and so on, until he has fulfilled all promises. How much candy will he buy in total?\nProgram 8: s\u2190 [int] b\u2190 REVERSE s c\u2190 ZIPWITH (-) b s d\u2190 FILTER (>0) c e\u2190 SUM d IO example: Input: [1 2 4 5 7] Output: 9 Description: Vivian loves rearranging things. Most of all, when she sees a row of heaps, she wants to make sure that each heap has more items than the one to its left. She is also obsessed with efficiency, so always moves the least possible number of items. Her dad really dislikes if she changes the size of heaps, so she only moves single items between them, making sure that the set of sizes of the heaps is the same as at the start; they are only in a different order. When you come in, you see heaps of sizes (of course, sizes strictly monotonically increasing) s[0], s[1], ... s[n]. What is the maximal number of items that Vivian could have moved?\nFig. 4 shows the predictions made by a neural network trained on programs of length T = 4 that were ensured to be semantically disjoint from all 9 example programs shown in this section. For each task, the neural network was provided with 5 input-output examples."
      },
      {
        "heading": "B EXPERIMENTAL RESULTS",
        "text": "Results presented in Sect. 5.1 showcased the computational speedups obtained from the LIPS framework (using DeepCoder), as opposed to solving each program synthesis problem with only the\ninformation about global incidence of functions in source code available. For completeness, here we show plots of raw computation times of each search procedure to solve a given number of problems.\nFig. 5 shows the computation times of DFS, of Enumerative search with a Sort and add scheme, of the \u03bb2 and Sketch solvers with a Sort and add scheme, and of Beam search, when searching for a program consistent with input-output examples generated from P = 500 different test programs of length T = 3. As discussed in Sect. 5.1, these test programs were ensured to be semantically disjoint from all programs used to train the neural networks, as well as from all programs of shorter length (as discussed in Sect. 4.2).\nThe \u201csteps\u201d in the results for Beam search are due to our search strategy, which doubles the size of the considered beam until reaching the timeout (of 1000 seconds) and thus steps occur whenever the search for a beam of size 2k is finished. For \u03bb2, we observed that no solution for a given set of allowed functions was ever found after about 5 seconds (on the benchmark machines), but that \u03bb2 continued to search. Hence, we introduced a hard timeout after 6 seconds for all but the last iterations of our Sort and add scheme.\nFig. 6 shows the computation times of DFS, Enumerative search with a Sort and add scheme, and \u03bb2 with a Sort and add scheme when searching for programs consistent with input-output examples generated from P = 100 different test programs of length T = 5. The neural network was trained on programs of length T = 4."
      },
      {
        "heading": "C THE NEURAL NETWORK",
        "text": "As briefly described in Sect. 4.3, we used the following simple feed-forward architecture encoder:\n\u2022 For each input-output example in the set generated from a single ground truth program: \u2013 Pad arrays appearing in the inputs and in the output to a maximum length L = 20 with\na special NULL value. \u2013 Represent the type (singleton integer or integer array) of each input and of the output\nusing a one-hot-encoding vector. Embed each integer in the valid integer range (\u2212256 to 255) using a learned embedding into E = 20 dimensional space. Also learn an embedding for the padding NULL value.\n\u2013 Concatenate the representations of the input types, the embeddings of integers in the inputs, the representation of the output type, and the embeddings of integers in the output into a single (fixed-length) vector.\n\u2013 Pass this vector through H = 3 hidden layers containing K = 256 sigmoid units each. \u2022 Pool the last hidden layer encodings of each input-output example together by simple arith-\nmetic averaging.\nFig. 7 shows a schematic drawing of this encoder architecture, together with the decoder that performs independent binary classification for each function in the DSL, indicating whether or not it appears in the ground truth source code.\nWhile DeepCoder learns to embed integers into a E = 20 dimensional space, we built the system up gradually, starting with a E = 2 dimensional space and only training on programs of length T = 1. Such a small scale setting allowed easier investigation of the workings of the neural network, and indeed Fig. 8 below shows a learned embedding of integers in R2. The figure demonstrates that the network has learnt the concepts of number magnitude, sign (positive or negative) and evenness, presumably due to FILTER (>0), FILTER (<0), FILTER (%2==0) and FILTER (%2==1) all being among the programs on which the network was trained."
      },
      {
        "heading": "D DEPTH-FIRST SEARCH",
        "text": "We use an optimized C++ implementation of depth-first search (DFS) to search over programs with a given maximum length T . In depth-first search, we start by choosing the first function (and its arguments) of a potential solution program, and then recursively consider all ways of filling in the rest of the program (up to length T ), before moving on to a next choice of first instruction (if a solution has not yet been found).\nA program is considered a solution if it is consistent with all M = 5 provided input-output examples. Note that this requires evaluating all candidate programs on theM inputs and checking the results for equality with the provided M respective outputs. Our implementation of DFS exploits the sequential structure of programs in our DSL by caching the results of evaluating all prefixes of the currently considered program on the example inputs, thus allowing efficient reuse of computation between candidate programs with common prefixes.\nThis allows us to explore the search space at roughly the speed of \u223c 3\u00d7 106 programs per second.\nWhen the search procedure extends a partial program by a new function, it has to try the functions in the DSL in some order. At this point DFS can opt to consider the functions as ordered by their predicted probabilities from the neural network. The probability of a function consisting of a higherorder function and a lambda is taken to be the minimum of the probabilities of the two constituent functions."
      },
      {
        "heading": "E TRAINING LOSS FUNCTION",
        "text": "In Sect. 4.5 we outlined a justification for using marginal probabilities of individual functions as a sensible intermediate representation to provide a solver employing a Sort and add scheme (we considered Enumerative search and the Sketch solver with this scheme). Here we provide a more detailed discussion.\nPredicting program components from input-output examples can be cast as a multilabel classification problem, where each instance (set of input-output examples) is associated with a set of relevant labels (functions appearing in the code that generated the examples). We denote the number of labels (functions) by C, and note that throughout this work C = 34.\nWhen the task is to predict a subset of labels y \u2208 {0, 1}C , different loss functions can be employed to measure the prediction error of a classifier h(x) or ranking function f(x). Dembczynski et al. (2010) discuss the following three loss functions:\n\u2022 Hamming loss counts the number of labels that are predicted incorrectly by a classifier h:\nLH(y,h(x)) = C\u2211 c=1 1{yc 6=hc(x)}\n\u2022 Rank loss counts the number of label pairs violating the condition that relevant labels are ranked higher than irrelevant ones by a scoring function f :\nLr(y, f(x)) = C\u2211 (i,j):yi=1,yj=0 1{fi<fj}\n\u2022 Subset Zero-One loss indicates whether all labels have been correctly predicted by h:\nLs(y,h(x)) = 1{y 6=h(x)}\nDembczynski et al. (2010) proved that Bayes optimal decisions under the Hamming and Rank loss functions, i.e., decisions minimizing the expected loss under these loss functions, can be computed from marginal probabilities pc(yc|x). This suggests that:\n\u2022 Multilabel classification under these two loss functions may not benefit from considering dependencies between the labels. \u2022 \u201dInstead of minimizing the Rank loss directly, one can simply use any approach for single\nlabel prediction that properly estimates the marginal probabilities.\u201d (Dembczyn\u0301ski et al., 2012)\nTraining the neural network with the negative cross entropy loss function as the training objective is precisely a method for properly estimating the marginal probabilities of labels (functions appearing in source code). It is thus a sensible step in preparation for making predictions under a Rank loss.\nIt remains to discuss the relationship between the Rank loss and the actual quantity we care about, which is the total runtime of a Sort and add search procedure. Recall the simplifying assumption that the runtime of searching for a program of length T with C functions made available to the search is proportional to CT , and consider a Sort and add search for a program of length T , where the size of the active set is increased by 1 whenever the search fails. Starting with an active set of size 1, the total time until a solution is found can be upper bounded by\n1T + 2T + \u00b7 \u00b7 \u00b7+ CTA \u2264 CT+1A \u2264 CC T A\nwhere CA is the size of the active set when the search finally succeeds (i.e., when the active set finally contains all necessary functions for a solution to exist). Hence the total runtime of a Sort and add search can be upper bounded by a quantity that is proportional to CTA .\nNow fix a valid program solution P that requires CP functions, and let yP \u2208 {0, 1}C be the indicator vector of functions used by P . Let D := CA \u2212 CP be the number of redundant operations added into the active set until all operations from P have been added. Example 1. Suppose the labels, as sorted by decreasing predicted marginal probabilities f(x), are as follows: 1 1 1 1 0 0 1 0 0 0 1 0 0 0 0 0 0 0 0 0 0 0 0 0 0 0 0 0 0 0 0 0 0 0 Then the solution P contains CP = 6 functions, but the active set needs to grow to size CA = 11 to include all of them, adding D = 5 redundant functions along the way. Note that the rank loss of the predictions f(x) is Lr(yP , f(x)) = 2 + 5 = 7, as it double counts the two redundant functions which are scored higher than two relevant labels.\nNoting that in general Lr(yP , f(x)) \u2265 D, the previous upper bound on the runtime of Sort and add can be further upper bounded as follows:\nCTA = (CP +D) T \u2264 const + const\u00d7DT \u2264 const + const\u00d7 Lr(yP , f(x))T\nHence we see that for a constant value of T , this upper bound can be minimized by optimizing the Rank loss of the predictions f(x). Note also that Lr(yP , f(x)) = 0 would imply D = 0, in which case CA = CP ."
      },
      {
        "heading": "F DOMAIN SPECIFIC LANGUAGE OF DEEPCODER",
        "text": "Here we provide a description of the semantics of our DSL from Sect. 4.1, both in English and as a Python implementation. Throughout, NULL is a special value that can be set e.g. to an integer outside the working integer range.\nFirst-order functions:\n\u2022 HEAD :: [int] -> int lambda xs: xs[0] if len(xs)>0 else Null Given an array, returns its first element (or NULL if the array is empty).\n\u2022 LAST :: [int] -> int lambda xs: xs[-1] if len(xs)>0 else Null Given an array, returns its last element (or NULL if the array is empty).\n\u2022 TAKE :: int -> [int] -> int lambda n, xs: xs[:n] Given an integer n and array xs, returns the array truncated after the n-th element. (If the length of xs was no larger than n in the first place, it is returned without modification.)\n\u2022 DROP :: int -> [int] -> int lambda n, xs: xs[n:] Given an integer n and array xs, returns the array with the first n elements dropped. (If the length of xs was no larger than n in the first place, an empty array is returned.)\n\u2022 ACCESS :: int -> [int] -> int lambda n, xs: xs[n] if n>=0 and len(xs)>n else Null Given an integer n and array xs, returns the (n+1)-st element of xs. (If the length of xs was less than or equal to n, the value NULL is returned instead.)\n\u2022 MINIMUM :: [int] -> int lambda xs: min(xs) if len(xs)>0 else Null Given an array, returns its minimum (or NULL if the array is empty).\n\u2022 MAXIMUM :: [int] -> int lambda xs: max(xs) if len(xs)>0 else Null Given an array, returns its maximum (or NULL if the array is empty).\n\u2022 REVERSE :: [int] -> [int] lambda xs: list(reversed(xs)) Given an array, returns its elements in reversed order.\n\u2022 SORT :: [int] -> [int] lambda xs: sorted(xs) Given an array, return its elements in non-decreasing order.\n\u2022 SUM :: [int] -> int lambda xs: sum(xs) Given an array, returns the sum of its elements. (The sum of an empty array is 0.)\nHigher-order functions:\n\u2022 MAP :: (int -> int) -> [int] -> [int] lambda f, xs: [f(x) for x in xs] Given a lambda function f mapping from integers to integers, and an array xs, returns the array resulting from applying f to each element of xs.\n\u2022 FILTER :: (int -> bool) -> [int] -> [int] lambda f, xs: [x for x in xs if f(x)] Given a predicate f mapping from integers to truth values, and an array xs, returns the elements of xs satisfying the predicate in their original order.\n\u2022 COUNT :: (int -> bool) -> [int] -> int lambda f, xs: len([x for x in xs if f(x)]) Given a predicate f mapping from integers to truth values, and an array xs, returns the number of elements in xs satisfying the predicate.\n\u2022 ZIPWITH :: (int -> int -> int) -> [int] -> [int] -> [int] lambda f, xs, ys: [f(x, y) for (x, y) in zip(xs, ys)] Given a lambda function f mapping integer pairs to integers, and two arrays xs and ys, returns the array resulting from applying f to corresponding elements of xs and ys. The length of the returned array is the minimum of the lengths of xs and ys.\n\u2022 SCANL1 :: (int -> int -> int) -> [int] -> [int] Given a lambda function f mapping integer pairs to integers, and an array xs, returns an array ys of the same length as xs and with its content defined by the recurrence ys[0] = xs[0], ys[n] = f(ys[n-1], xs[n]) for n \u2265 1.\nThe INT\u2192INT lambdas (+1), (-1), (*2), (/2), (*(-1)), (**2), (*3), (/3), (*4), (/4) provided by our DSL map integers to integers in a self-explanatory manner. The INT\u2192BOOL lambdas (>0), (<0), (%2==0), (%2==1) respectively test positivity, negativity, evenness and oddness of\nthe input integer value. Finally, the INT\u2192INT\u2192INT lambdas (+), (-), (*), MIN, MAX apply a function to a pair of integers and produce a single integer.\nAs an example, consider the function SCANL1 MAX, consisting of the higher-order function SCANL1 and the INT\u2192INT\u2192INT lambda MAX. Given an integer array a of length L, this function computes the running maximum of the array a. Specifically, it returns an array b of the same length L whose i-th element is the maximum of the first i elements in a."
      },
      {
        "heading": "G ANALYSIS OF TRAINED NEURAL NETWORKS",
        "text": "We analyzed the performance of trained neural networks by investigating which program instructions tend to get confused by the networks. To this end, we looked at a generalization of confusion matrices to the multilabel classification setting: for each attribute in a ground truth program (rows) measure how likely each other attribute (columns) is predicted as a false positive. More formally, in this matrix the (i, j)-entry is the average predicted probability of attribute j among test programs that do\npossess attribute i and do not possess attribute j. Intuitively, the i-th row of this matrix shows how the presence of attribute i confuses the network into incorrectly predicting each other attribute j.\nFigure 9 shows this conditional confusion matrix for the neural network and P = 500 program test set configuration used to obtain Table 1. We re-ordered the confusion matrix to try to expose block structure in the false positive probabilities, revealing groups of instructions that tend to be difficult to distinguish. Figure 10 show the conditional confusion matrix for the neural network used to obtain the table in Fig. 3a. While the results are somewhat noisy, we observe a few general tendencies:\n\u2022 There is increased confusion amongst instructions that select out a single element from an array: HEAD, LAST, ACCESS, MINIMUM, MAXIMUM. \u2022 Some common attributes get predicted more often regardless of the ground truth program:\nFILTER, (>0), (<0), (%2==1), (%2==0), MIN, MAX, (+), (-), ZIPWITH. \u2022 There are some groups of lambdas that are more difficult for the network to distinguish\nwithin: (+) vs (-); (+1) vs (-1); (/2) vs (/3) vs (/4). \u2022 When a program uses (**2), the network often thinks it\u2019s using (*), presumably because\nboth can lead to large values in the output."
      }
    ],
    "references": [
      {
        "title": "DeepMath deep sequence models for premise selection",
        "author": [
          "Alex A. Alemi",
          "Fran\u00e7ois Chollet",
          "Geoffrey Irving",
          "Christian Szegedy",
          "Josef Urban"
        ],
        "venue": "In Proocedings of the 29th Conference on Advances in Neural Information Processing Systems (NIPS),",
        "citeRegEx": "Alemi et al\\.,? \\Q2016\\E",
        "shortCiteRegEx": "Alemi et al\\.",
        "year": 2016
      },
      {
        "title": "Adaptive neural compilation",
        "author": [
          "Rudy R Bunel",
          "Alban Desmaison",
          "Pawan K Mudigonda",
          "Pushmeet Kohli",
          "Philip Torr"
        ],
        "venue": "In Proceedings of the 29th Conference on Advances in Neural Information Processing Systems (NIPS),",
        "citeRegEx": "Bunel et al\\.,? \\Q2016\\E",
        "shortCiteRegEx": "Bunel et al\\.",
        "year": 2016
      },
      {
        "title": "The Helmholtz machine",
        "author": [
          "Peter Dayan",
          "Geoffrey E Hinton",
          "Radford M Neal",
          "Richard S Zemel"
        ],
        "venue": "Neural computation,",
        "citeRegEx": "Dayan et al\\.,? \\Q1995\\E",
        "shortCiteRegEx": "Dayan et al\\.",
        "year": 1995
      },
      {
        "title": "On label dependence and loss minimization in multi-label classification",
        "author": [
          "Krzysztof Dembczy\u0144ski",
          "Willem Waegeman",
          "Weiwei Cheng",
          "Eyke H\u00fcllermeier"
        ],
        "venue": "Machine Learning,",
        "citeRegEx": "Dembczy\u0144ski et al\\.,? \\Q2012\\E",
        "shortCiteRegEx": "Dembczy\u0144ski et al\\.",
        "year": 2012
      },
      {
        "title": "Hllermeier. Bayes optimal multilabel classification via probabilistic classifier chains",
        "author": [
          "Krzysztof J. Dembczynski",
          "Weiwei Cheng",
          "Eyke"
        ],
        "venue": "In Proceedings of the 27th International Conference on Machine Learning (ICML),",
        "citeRegEx": "Dembczynski et al\\.,? \\Q2010\\E",
        "shortCiteRegEx": "Dembczynski et al\\.",
        "year": 2010
      },
      {
        "title": "Synthesizing data structure transformations from input-output examples",
        "author": [
          "John K. Feser",
          "Swarat Chaudhuri",
          "Isil Dillig"
        ],
        "venue": "In Proceedings of the 36th ACM SIGPLAN Conference on Programming Language Design and Implementation (PLDI),",
        "citeRegEx": "Feser et al\\.,? \\Q2015\\E",
        "shortCiteRegEx": "Feser et al\\.",
        "year": 2015
      },
      {
        "title": "Terpret: A probabilistic programming language for program induction",
        "author": [
          "Alexander L. Gaunt",
          "Marc Brockschmidt",
          "Rishabh Singh",
          "Nate Kushman",
          "Pushmeet Kohli",
          "Jonathan Taylor",
          "Daniel Tarlow"
        ],
        "venue": "CoRR, abs/1608.04428,",
        "citeRegEx": "Gaunt et al\\.,? \\Q2016\\E",
        "shortCiteRegEx": "Gaunt et al\\.",
        "year": 2016
      },
      {
        "title": "Hybrid computing using a neural network with dynamic external memory",
        "author": [
          "Alex Graves",
          "Greg Wayne",
          "Malcolm Reynolds",
          "Tim Harley",
          "Ivo Danihelka",
          "Agnieszka GrabskaBarwi\u0144ska",
          "Sergio G\u00f3mez Colmenarejo",
          "Edward Grefenstette",
          "Tiago Ramalho",
          "John Agapiou"
        ],
        "venue": null,
        "citeRegEx": "Graves et al\\.,? \\Q2016\\E",
        "shortCiteRegEx": "Graves et al\\.",
        "year": 2016
      },
      {
        "title": "Learning to transduce with unbounded memory",
        "author": [
          "Edward Grefenstette",
          "Karl Moritz Hermann",
          "Mustafa Suleyman",
          "Phil Blunsom"
        ],
        "venue": "In Proceedings of the 28th Conference on Advances in Neural Information Processing Systems (NIPS),",
        "citeRegEx": "Grefenstette et al\\.,? \\Q2015\\E",
        "shortCiteRegEx": "Grefenstette et al\\.",
        "year": 2015
      },
      {
        "title": "Programming by examples: Applications, algorithms, and ambiguity resolution",
        "author": [
          "Sumit Gulwani"
        ],
        "venue": "In Proceedings of the 8th International Joint Conference on Automated Reasoning (IJCAR),",
        "citeRegEx": "Gulwani.,? \\Q2016\\E",
        "shortCiteRegEx": "Gulwani.",
        "year": 2016
      },
      {
        "title": "Synthesis of loop-free programs",
        "author": [
          "Sumit Gulwani",
          "Susmit Jha",
          "Ashish Tiwari",
          "Ramarathnam Venkatesan"
        ],
        "venue": "In Proceedings of the 32nd ACM SIGPLAN Conference on Programming Language Design and Implementation (PLDI),",
        "citeRegEx": "Gulwani et al\\.,? \\Q2011\\E",
        "shortCiteRegEx": "Gulwani et al\\.",
        "year": 2011
      },
      {
        "title": "Learning to pass expectation propagation messages",
        "author": [
          "Nicolas Heess",
          "Daniel Tarlow",
          "John Winn"
        ],
        "venue": "In Proceedings of the 26th Conference on Advances in Neural Information Processing Systems (NIPS),",
        "citeRegEx": "Heess et al\\.,? \\Q2013\\E",
        "shortCiteRegEx": "Heess et al\\.",
        "year": 2013
      },
      {
        "title": "The informed sampler: A discriminative approach to Bayesian inference in generative computer vision models",
        "author": [
          "Varun Jampani",
          "Sebastian Nowozin",
          "Matthew Loper",
          "Peter V Gehler"
        ],
        "venue": "Computer Vision and Image Understanding,",
        "citeRegEx": "Jampani et al\\.,? \\Q2015\\E",
        "shortCiteRegEx": "Jampani et al\\.",
        "year": 2015
      },
      {
        "title": "Inferring algorithmic patterns with stack-augmented recurrent nets",
        "author": [
          "Armand Joulin",
          "Tomas Mikolov"
        ],
        "venue": "In Proceedings of the 28th Conference on Advances in Neural Information Processing Systems (NIPS),",
        "citeRegEx": "Joulin and Mikolov.,? \\Q2015\\E",
        "shortCiteRegEx": "Joulin and Mikolov.",
        "year": 2015
      },
      {
        "title": "Neural GPUs learn algorithms",
        "author": [
          "\u0141ukasz Kaiser",
          "Ilya Sutskever"
        ],
        "venue": "In Proceedings of the 4th International Conference on Learning Representations,",
        "citeRegEx": "Kaiser and Sutskever.,? \\Q2016\\E",
        "shortCiteRegEx": "Kaiser and Sutskever.",
        "year": 2016
      },
      {
        "title": "Stochastic gradient VB and the variational auto-encoder",
        "author": [
          "Diederik P Kingma",
          "Max Welling"
        ],
        "venue": "In Proceedings of the 2nd International Conference on Learning Representations (ICLR),",
        "citeRegEx": "Kingma and Welling.,? \\Q2014\\E",
        "shortCiteRegEx": "Kingma and Welling.",
        "year": 2014
      },
      {
        "title": "Neural random-access machines",
        "author": [
          "Karol Kurach",
          "Marcin Andrychowicz",
          "Ilya Sutskever"
        ],
        "venue": "In Proceedings of the 4th International Conference on Learning Representations 2016,",
        "citeRegEx": "Kurach et al\\.,? \\Q2015\\E",
        "shortCiteRegEx": "Kurach et al\\.",
        "year": 2015
      },
      {
        "title": "Gated graph sequence neural networks",
        "author": [
          "Yujia Li",
          "Daniel Tarlow",
          "Marc Brockschmidt",
          "Richard S. Zemel"
        ],
        "venue": "In Proceedings of the 4th International Conference on Learning Representations (ICLR),",
        "citeRegEx": "Li et al\\.,? \\Q2016\\E",
        "shortCiteRegEx": "Li et al\\.",
        "year": 2016
      },
      {
        "title": "Latent predictor networks for code generation",
        "author": [
          "Wang Ling",
          "Edward Grefenstette",
          "Karl Moritz Hermann",
          "Tom\u00e1\u0161 Ko\u010disk\u00fd",
          "Andrew Senior",
          "Fumin Wang",
          "Phil Blunsom"
        ],
        "venue": "In Proceedings of the 54th Annual Meeting of the Association for Computational Linguistics,",
        "citeRegEx": "Ling et al\\.,? \\Q2016\\E",
        "shortCiteRegEx": "Ling et al\\.",
        "year": 2016
      },
      {
        "title": "Deep network guided proof search",
        "author": [
          "Sarah M. Loos",
          "Geoffrey Irving",
          "Christian Szegedy",
          "Cezary Kaliszyk"
        ],
        "venue": "CoRR, abs/1701.06972,",
        "citeRegEx": "Loos et al\\.,? \\Q2017\\E",
        "shortCiteRegEx": "Loos et al\\.",
        "year": 2017
      },
      {
        "title": "A machine learning framework for programming by example",
        "author": [
          "Aditya Krishna Menon",
          "Omer Tamuz",
          "Sumit Gulwani",
          "Butler W Lampson",
          "Adam Kalai"
        ],
        "venue": "In Proceedings of the International Conference on Machine Learning (ICML),",
        "citeRegEx": "Menon et al\\.,? \\Q2013\\E",
        "shortCiteRegEx": "Menon et al\\.",
        "year": 2013
      },
      {
        "title": "Neural programmer: Inducing latent programs with gradient descent",
        "author": [
          "Arvind Neelakantan",
          "Quoc V. Le",
          "Ilya Sutskever"
        ],
        "venue": "In Proceedings of the 4th International Conference on Learning Representations (ICLR),",
        "citeRegEx": "Neelakantan et al\\.,? \\Q2016\\E",
        "shortCiteRegEx": "Neelakantan et al\\.",
        "year": 2016
      },
      {
        "title": "Learning program embeddings to propagate feedback on student code",
        "author": [
          "Chris Piech",
          "Jonathan Huang",
          "Andy Nguyen",
          "Mike Phulsuksombati",
          "Mehran Sahami",
          "Leonidas J. Guibas"
        ],
        "venue": "In Proceedings of the 32nd International Conference on Machine Learning (ICML),",
        "citeRegEx": "Piech et al\\.,? \\Q2015\\E",
        "shortCiteRegEx": "Piech et al\\.",
        "year": 2015
      },
      {
        "title": "FlashMeta: a framework for inductive program synthesis",
        "author": [
          "Oleksandr Polozov",
          "Sumit Gulwani"
        ],
        "venue": "In Proceedings of the International Conference on Object-Oriented Programming,",
        "citeRegEx": "Polozov and Gulwani.,? \\Q2015\\E",
        "shortCiteRegEx": "Polozov and Gulwani.",
        "year": 2015
      },
      {
        "title": "Neural programmer-interpreters",
        "author": [
          "Scott E. Reed",
          "Nando de Freitas"
        ],
        "venue": "In Proceedings of the 4th International Conference on Learning Representations (ICLR),",
        "citeRegEx": "Reed and Freitas.,? \\Q2016\\E",
        "shortCiteRegEx": "Reed and Freitas.",
        "year": 2016
      },
      {
        "title": "Programming with a differentiable forth interpreter",
        "author": [
          "Sebastian Riedel",
          "Matko Bosnjak",
          "Tim Rockt\u00e4schel"
        ],
        "venue": "CoRR, abs/1605.06640,",
        "citeRegEx": "Riedel et al\\.,? \\Q2016\\E",
        "shortCiteRegEx": "Riedel et al\\.",
        "year": 2016
      },
      {
        "title": "Stochastic program optimization",
        "author": [
          "Eric Schkufza",
          "Rahul Sharma",
          "Alex Aiken"
        ],
        "venue": "Commununications of the ACM,",
        "citeRegEx": "Schkufza et al\\.,? \\Q2016\\E",
        "shortCiteRegEx": "Schkufza et al\\.",
        "year": 2016
      },
      {
        "title": "Real-time human pose recognition in parts from single depth images",
        "author": [
          "Jamie Shotton",
          "Toby Sharp",
          "Alex Kipman",
          "Andrew Fitzgibbon",
          "Mark Finocchio",
          "Andrew Blake",
          "Mat Cook",
          "Richard Moore"
        ],
        "venue": "Communications of the ACM,",
        "citeRegEx": "Shotton et al\\.,? \\Q2013\\E",
        "shortCiteRegEx": "Shotton et al\\.",
        "year": 2013
      },
      {
        "title": "Predicting a correct program in programming by example",
        "author": [
          "Rishabh Singh",
          "Sumit Gulwani"
        ],
        "venue": "In Proceedings of the 27th Conference on Computer Aided Verification (CAV),",
        "citeRegEx": "Singh and Gulwani.,? \\Q2015\\E",
        "shortCiteRegEx": "Singh and Gulwani.",
        "year": 2015
      },
      {
        "title": "Program Synthesis By Sketching",
        "author": [
          "Armando Solar-Lezama"
        ],
        "venue": "PhD thesis, EECS Dept., UC Berkeley,",
        "citeRegEx": "Solar.Lezama.,? \\Q2008\\E",
        "shortCiteRegEx": "Solar.Lezama.",
        "year": 2008
      },
      {
        "title": "Learning stochastic inverses",
        "author": [
          "Andreas Stuhlm\u00fcller",
          "Jessica Taylor",
          "Noah D. Goodman"
        ],
        "venue": "In Proceedings of the 26th Conference on Advances in Neural Information Processing Systems (NIPS),",
        "citeRegEx": "Stuhlm\u00fcller et al\\.,? \\Q2013\\E",
        "shortCiteRegEx": "Stuhlm\u00fcller et al\\.",
        "year": 2013
      },
      {
        "title": "End-to-end memory networks",
        "author": [
          "Sainbayar Sukhbaatar",
          "Arthur Szlam",
          "Jason Weston",
          "Rob Fergus"
        ],
        "venue": "In Proceedings of the 28th Conference on Advances in Neural Information Processing Systems (NIPS),",
        "citeRegEx": "Sukhbaatar et al\\.,? \\Q2015\\E",
        "shortCiteRegEx": "Sukhbaatar et al\\.",
        "year": 2015
      },
      {
        "title": "Learning simple algorithms from examples",
        "author": [
          "Wojciech Zaremba",
          "Tomas Mikolov",
          "Armand Joulin",
          "Rob Fergus"
        ],
        "venue": "In Proceedings of the 33nd International Conference on Machine Learning (ICML),",
        "citeRegEx": "Zaremba et al\\.,? \\Q2016\\E",
        "shortCiteRegEx": "Zaremba et al\\.",
        "year": 2016
      }
    ],
    "referenceMentions": [
      {
        "referenceID": 16,
        "context": "Recently, there has been much interest in program-like neural network models (Graves et al., 2014; Weston et al., 2015; Kurach et al., 2015; Joulin & Mikolov, 2015; Grefenstette et al., 2015; Sukhbaatar et al., 2015; Neelakantan et al., 2016; Kaiser & Sutskever, 2016; Reed & de Freitas, 2016; Zaremba et al., 2016; Graves et al., 2016), but none of these can write programs; that is, they do not generate human-readable source code.",
        "startOffset": 77,
        "endOffset": 336
      },
      {
        "referenceID": 8,
        "context": "Recently, there has been much interest in program-like neural network models (Graves et al., 2014; Weston et al., 2015; Kurach et al., 2015; Joulin & Mikolov, 2015; Grefenstette et al., 2015; Sukhbaatar et al., 2015; Neelakantan et al., 2016; Kaiser & Sutskever, 2016; Reed & de Freitas, 2016; Zaremba et al., 2016; Graves et al., 2016), but none of these can write programs; that is, they do not generate human-readable source code.",
        "startOffset": 77,
        "endOffset": 336
      },
      {
        "referenceID": 31,
        "context": "Recently, there has been much interest in program-like neural network models (Graves et al., 2014; Weston et al., 2015; Kurach et al., 2015; Joulin & Mikolov, 2015; Grefenstette et al., 2015; Sukhbaatar et al., 2015; Neelakantan et al., 2016; Kaiser & Sutskever, 2016; Reed & de Freitas, 2016; Zaremba et al., 2016; Graves et al., 2016), but none of these can write programs; that is, they do not generate human-readable source code.",
        "startOffset": 77,
        "endOffset": 336
      },
      {
        "referenceID": 21,
        "context": "Recently, there has been much interest in program-like neural network models (Graves et al., 2014; Weston et al., 2015; Kurach et al., 2015; Joulin & Mikolov, 2015; Grefenstette et al., 2015; Sukhbaatar et al., 2015; Neelakantan et al., 2016; Kaiser & Sutskever, 2016; Reed & de Freitas, 2016; Zaremba et al., 2016; Graves et al., 2016), but none of these can write programs; that is, they do not generate human-readable source code.",
        "startOffset": 77,
        "endOffset": 336
      },
      {
        "referenceID": 32,
        "context": "Recently, there has been much interest in program-like neural network models (Graves et al., 2014; Weston et al., 2015; Kurach et al., 2015; Joulin & Mikolov, 2015; Grefenstette et al., 2015; Sukhbaatar et al., 2015; Neelakantan et al., 2016; Kaiser & Sutskever, 2016; Reed & de Freitas, 2016; Zaremba et al., 2016; Graves et al., 2016), but none of these can write programs; that is, they do not generate human-readable source code.",
        "startOffset": 77,
        "endOffset": 336
      },
      {
        "referenceID": 7,
        "context": "Recently, there has been much interest in program-like neural network models (Graves et al., 2014; Weston et al., 2015; Kurach et al., 2015; Joulin & Mikolov, 2015; Grefenstette et al., 2015; Sukhbaatar et al., 2015; Neelakantan et al., 2016; Kaiser & Sutskever, 2016; Reed & de Freitas, 2016; Zaremba et al., 2016; Graves et al., 2016), but none of these can write programs; that is, they do not generate human-readable source code.",
        "startOffset": 77,
        "endOffset": 336
      },
      {
        "referenceID": 5,
        "context": "Recently, there has been much interest in program-like neural network models (Graves et al., 2014; Weston et al., 2015; Kurach et al., 2015; Joulin & Mikolov, 2015; Grefenstette et al., 2015; Sukhbaatar et al., 2015; Neelakantan et al., 2016; Kaiser & Sutskever, 2016; Reed & de Freitas, 2016; Zaremba et al., 2016; Graves et al., 2016), but none of these can write programs; that is, they do not generate human-readable source code. Only very recently, Riedel et al. (2016); Bunel et al.",
        "startOffset": 78,
        "endOffset": 475
      },
      {
        "referenceID": 1,
        "context": "(2016); Bunel et al. (2016); Gaunt et al.",
        "startOffset": 8,
        "endOffset": 28
      },
      {
        "referenceID": 1,
        "context": "(2016); Bunel et al. (2016); Gaunt et al. (2016) explored the use of gradient descent to induce source code from input-output examples via differentiable interpreters, and Ling et al.",
        "startOffset": 8,
        "endOffset": 49
      },
      {
        "referenceID": 1,
        "context": "(2016); Bunel et al. (2016); Gaunt et al. (2016) explored the use of gradient descent to induce source code from input-output examples via differentiable interpreters, and Ling et al. (2016) explored the generation of source code from unstructured text descriptions.",
        "startOffset": 8,
        "endOffset": 191
      },
      {
        "referenceID": 1,
        "context": "(2016); Bunel et al. (2016); Gaunt et al. (2016) explored the use of gradient descent to induce source code from input-output examples via differentiable interpreters, and Ling et al. (2016) explored the generation of source code from unstructured text descriptions. However, Gaunt et al. (2016) showed that differentiable interpreterbased program induction is inferior to discrete search-based techniques used by the programming languages community.",
        "startOffset": 8,
        "endOffset": 296
      },
      {
        "referenceID": 5,
        "context": "This approach can be combined with pruning based on types and other logical reasoning (Feser et al., 2015).",
        "startOffset": 86,
        "endOffset": 106
      },
      {
        "referenceID": 29,
        "context": ", Sketch (Solar-Lezama, 2008) and Brahma (Gulwani et al.",
        "startOffset": 9,
        "endOffset": 29
      },
      {
        "referenceID": 10,
        "context": ", Sketch (Solar-Lezama, 2008) and Brahma (Gulwani et al., 2011).",
        "startOffset": 41,
        "endOffset": 63
      },
      {
        "referenceID": 26,
        "context": "One of the most successful recent examples is the STOKE super-optimization system (Schkufza et al., 2016), which uses stochastic local search to find assembly programs that have the same semantics as an input program but execute faster.",
        "startOffset": 82,
        "endOffset": 105
      },
      {
        "referenceID": 9,
        "context": "A popular choice for ranking is to choose the shortest program consistent with inputoutput examples (Gulwani, 2016).",
        "startOffset": 100,
        "endOffset": 115
      },
      {
        "referenceID": 20,
        "context": "The framework is related to the formulation of Menon et al. (2013); the relationship and key differences are discussed in Sect.",
        "startOffset": 47,
        "endOffset": 67
      },
      {
        "referenceID": 29,
        "context": "Sketch (Solar-Lezama, 2008) is a successful SMT-based program synthesis tool from the programming languages research community.",
        "startOffset": 7,
        "endOffset": 27
      },
      {
        "referenceID": 5,
        "context": "\u03bb (Feser et al., 2015) is a program synthesis tool from the programming languages community that combines enumerative search with deduction to prune the search space.",
        "startOffset": 2,
        "endOffset": 22
      },
      {
        "referenceID": 4,
        "context": "Dembczynski et al. (2010) showed that in multi-label classification under a so-called Rank loss, it is Bayes optimal to rank the labels according to their marginal probabilities.",
        "startOffset": 0,
        "endOffset": 26
      },
      {
        "referenceID": 20,
        "context": "The most closely related work is that of Menon et al. (2013), in which a hand-coded set of features of input-output examples are used as \u201cclues.",
        "startOffset": 41,
        "endOffset": 61
      },
      {
        "referenceID": 20,
        "context": "The most closely related work is that of Menon et al. (2013), in which a hand-coded set of features of input-output examples are used as \u201cclues.\u201d When a clue appears in the input-output examples (e.g., the output is a permutation of the input), it reweights the probabilities of productions in a probabilistic context free grammar by a learned amount. This work shares the idea of learning to guide the search over program space conditional on input-output examples. One difference is in the domains. Menon et al. (2013) operate on short string manipulation programs, where it is arguably easier to hand-code features to recognize patterns in the input-output examples (e.",
        "startOffset": 41,
        "endOffset": 521
      },
      {
        "referenceID": 20,
        "context": "The most closely related work is that of Menon et al. (2013), in which a hand-coded set of features of input-output examples are used as \u201cclues.\u201d When a clue appears in the input-output examples (e.g., the output is a permutation of the input), it reweights the probabilities of productions in a probabilistic context free grammar by a learned amount. This work shares the idea of learning to guide the search over program space conditional on input-output examples. One difference is in the domains. Menon et al. (2013) operate on short string manipulation programs, where it is arguably easier to hand-code features to recognize patterns in the input-output examples (e.g., if the outputs are always permutations or substrings of the input). Our work shows that there are strong cues in patterns in input-output examples in the domain of numbers and lists. However, the main difference is the scale. Menon et al. (2013) learns from a small (280 examples), manually-constructed dataset, which limits the capacity of the machine learning model that can be trained.",
        "startOffset": 41,
        "endOffset": 922
      },
      {
        "referenceID": 20,
        "context": "The most closely related work is that of Menon et al. (2013), in which a hand-coded set of features of input-output examples are used as \u201cclues.\u201d When a clue appears in the input-output examples (e.g., the output is a permutation of the input), it reweights the probabilities of productions in a probabilistic context free grammar by a learned amount. This work shares the idea of learning to guide the search over program space conditional on input-output examples. One difference is in the domains. Menon et al. (2013) operate on short string manipulation programs, where it is arguably easier to hand-code features to recognize patterns in the input-output examples (e.g., if the outputs are always permutations or substrings of the input). Our work shows that there are strong cues in patterns in input-output examples in the domain of numbers and lists. However, the main difference is the scale. Menon et al. (2013) learns from a small (280 examples), manually-constructed dataset, which limits the capacity of the machine learning model that can be trained. Thus, it forces the machine learning component to be relatively simple. Indeed, Menon et al. (2013) use a log-linear model and rely on hand-constructed features.",
        "startOffset": 41,
        "endOffset": 1165
      },
      {
        "referenceID": 21,
        "context": "Piech et al. (2015) propose to learn joint embeddings of program states and programs to automatically extend teacher feedback to many similar programs in the MOOC setting.",
        "startOffset": 0,
        "endOffset": 20
      },
      {
        "referenceID": 17,
        "context": "Li et al. (2016) use graph neural networks (GNNs) to predict logical descriptions from program states, focusing on data structure shapes instead of numerical and list data.",
        "startOffset": 0,
        "endOffset": 17
      },
      {
        "referenceID": 19,
        "context": "A recent extension (Loos et al., 2017) is similar to our DFS enumeration strategy and uses a neural network to guide the proof search at intermediate steps.",
        "startOffset": 19,
        "endOffset": 38
      },
      {
        "referenceID": 0,
        "context": "Very recently, Alemi et al. (2016) used neural sequence models in tandem with an automated theorem prover.",
        "startOffset": 15,
        "endOffset": 35
      },
      {
        "referenceID": 0,
        "context": "Very recently, Alemi et al. (2016) used neural sequence models in tandem with an automated theorem prover. Similar to our Sort and Add strategy, a neural network component is trained to select premises that the theorem prover can use to prove a theorem. A recent extension (Loos et al., 2017) is similar to our DFS enumeration strategy and uses a neural network to guide the proof search at intermediate steps. The main differences are in the domains, and that they train on an existing corpus of theorems. More broadly, if we view a DSL as defining a model and search as a form of inference algorithm, then there is a large body of work on using discriminatively-trained models to aid inference in generative models. Examples include Dayan et al. (1995); Kingma & Welling (2014); Shotton et al.",
        "startOffset": 15,
        "endOffset": 755
      },
      {
        "referenceID": 0,
        "context": "Very recently, Alemi et al. (2016) used neural sequence models in tandem with an automated theorem prover. Similar to our Sort and Add strategy, a neural network component is trained to select premises that the theorem prover can use to prove a theorem. A recent extension (Loos et al., 2017) is similar to our DFS enumeration strategy and uses a neural network to guide the proof search at intermediate steps. The main differences are in the domains, and that they train on an existing corpus of theorems. More broadly, if we view a DSL as defining a model and search as a form of inference algorithm, then there is a large body of work on using discriminatively-trained models to aid inference in generative models. Examples include Dayan et al. (1995); Kingma & Welling (2014); Shotton et al.",
        "startOffset": 15,
        "endOffset": 780
      },
      {
        "referenceID": 0,
        "context": "Very recently, Alemi et al. (2016) used neural sequence models in tandem with an automated theorem prover. Similar to our Sort and Add strategy, a neural network component is trained to select premises that the theorem prover can use to prove a theorem. A recent extension (Loos et al., 2017) is similar to our DFS enumeration strategy and uses a neural network to guide the proof search at intermediate steps. The main differences are in the domains, and that they train on an existing corpus of theorems. More broadly, if we view a DSL as defining a model and search as a form of inference algorithm, then there is a large body of work on using discriminatively-trained models to aid inference in generative models. Examples include Dayan et al. (1995); Kingma & Welling (2014); Shotton et al. (2013); Stuhlm\u00fcller et al.",
        "startOffset": 15,
        "endOffset": 803
      },
      {
        "referenceID": 0,
        "context": "Very recently, Alemi et al. (2016) used neural sequence models in tandem with an automated theorem prover. Similar to our Sort and Add strategy, a neural network component is trained to select premises that the theorem prover can use to prove a theorem. A recent extension (Loos et al., 2017) is similar to our DFS enumeration strategy and uses a neural network to guide the proof search at intermediate steps. The main differences are in the domains, and that they train on an existing corpus of theorems. More broadly, if we view a DSL as defining a model and search as a form of inference algorithm, then there is a large body of work on using discriminatively-trained models to aid inference in generative models. Examples include Dayan et al. (1995); Kingma & Welling (2014); Shotton et al. (2013); Stuhlm\u00fcller et al. (2013); Heess et al.",
        "startOffset": 15,
        "endOffset": 830
      },
      {
        "referenceID": 0,
        "context": "Very recently, Alemi et al. (2016) used neural sequence models in tandem with an automated theorem prover. Similar to our Sort and Add strategy, a neural network component is trained to select premises that the theorem prover can use to prove a theorem. A recent extension (Loos et al., 2017) is similar to our DFS enumeration strategy and uses a neural network to guide the proof search at intermediate steps. The main differences are in the domains, and that they train on an existing corpus of theorems. More broadly, if we view a DSL as defining a model and search as a form of inference algorithm, then there is a large body of work on using discriminatively-trained models to aid inference in generative models. Examples include Dayan et al. (1995); Kingma & Welling (2014); Shotton et al. (2013); Stuhlm\u00fcller et al. (2013); Heess et al. (2013); Jampani et al.",
        "startOffset": 15,
        "endOffset": 851
      },
      {
        "referenceID": 0,
        "context": "Very recently, Alemi et al. (2016) used neural sequence models in tandem with an automated theorem prover. Similar to our Sort and Add strategy, a neural network component is trained to select premises that the theorem prover can use to prove a theorem. A recent extension (Loos et al., 2017) is similar to our DFS enumeration strategy and uses a neural network to guide the proof search at intermediate steps. The main differences are in the domains, and that they train on an existing corpus of theorems. More broadly, if we view a DSL as defining a model and search as a form of inference algorithm, then there is a large body of work on using discriminatively-trained models to aid inference in generative models. Examples include Dayan et al. (1995); Kingma & Welling (2014); Shotton et al. (2013); Stuhlm\u00fcller et al. (2013); Heess et al. (2013); Jampani et al. (2015).",
        "startOffset": 15,
        "endOffset": 874
      },
      {
        "referenceID": 4,
        "context": "Dembczynski et al. (2010) discuss the following three loss functions:",
        "startOffset": 0,
        "endOffset": 26
      },
      {
        "referenceID": 3,
        "context": "\u201d (Dembczy\u0144ski et al., 2012)",
        "startOffset": 2,
        "endOffset": 28
      }
    ],
    "year": 2017,
    "abstractText": "We develop a first line of attack for solving programming competition-style problems from input-output examples using deep learning. The approach is to train a neural network to predict properties of the program that generated the outputs from the inputs. We use the neural network\u2019s predictions to augment search techniques from the programming languages community, including enumerative search and an SMT-based solver. Empirically, we show that our approach leads to an order of magnitude speedup over the strong non-augmented baselines and a Recurrent Neural Network approach, and that we are able to solve problems of difficulty comparable to the simplest problems on programming competition websites.",
    "creator": "LaTeX with hyperref package"
  }
}