{
  "name": "442.pdf",
  "metadata": {
    "source": "CRF",
    "title": null,
    "authors": [
      "Alexander A. Alemi",
      "Ian Fischer",
      "Joshua V. Dillon",
      "Kevin Murphy"
    ],
    "emails": [
      "alemi@google.com",
      "iansf@google.com",
      "jvdillon@google.com",
      "kpmurphy@google.com"
    ],
    "sections": [
      {
        "heading": "1 INTRODUCTION",
        "text": "We adopt an information theoretic view of deep networks. We regard the internal representation of some intermediate layer as a stochastic encoding Z of the input source X , defined by a parametric encoder p(z|x;\u03b8).1 Our goal is to learn an encoding that is maximally informative about our target Y , measured by the mutual information between our encoding and the target I(Z, Y ;\u03b8), where\nI(Z, Y ;\u03b8) = \u222b dx dy p(z, y|\u03b8) log p(z, y|\u03b8)\np(z|\u03b8)p(y|\u03b8) . 2 (1)\nGiven the data processing inequality, and the invariance of the mutual information to reparameterizations, if this was our only objective we could always ensure a maximally informative representation by taking the identity encoding of our data (Z = X), but this is not a useful representation of our data. Instead we would like to find the best representation we can obtain subject to a constraint on its complexity. A natural and useful constraint to apply is on the mutual information between our encoding and the original data, I(X,Z) \u2264 Ic, where Ic is the information constraint. This suggests the objective:\nmax \u03b8\nI(Z, Y ;\u03b8) s.t. I(X,Z;\u03b8) \u2264 Ic . (2)\nEquivalently, with the introduction of a Lagrange multiplier \u03b2, we can maximize the objective function RIB(\u03b8) = I(Z, Y ;\u03b8)\u2212 \u03b2I(Z,X;\u03b8). (3) Here our goal is to learn an encoding Z that is maximally expressive about Y while being maximally compressive about X , where \u03b2 \u2265 0 controls the tradeoff.3 This approach is known as the information bottleneck (IB), and was first proposed in Tishby et al. (1999). Intuitively, the first term in RIB encourages Z to be predictive of Y ; the second term encourages Z to \u201cforget\u201d X . Essentially it forces Z to act like a minimal sufficient statistic of X for predicting Y .\nThe IB principle is appealing, since it defines what we mean by a good representation, in terms of the fundamental tradeoff between having a concise representation and one with good predictive power (Tishby & Zaslavsky, 2015a). The main drawback of the IB principle is that computing mutual information is, in general, computationally challenging. There are two notable exceptions: the first\n1 In this work, X,Y, Z are random variables, x, y, z and x,y, z are instances of random variables, and F (\u00b7;\u03b8) and f(\u00b7;\u03b8) are functionals or functions parameterized by \u03b8.\n2 Note that in the present discussion, Y is the ground truth label which is independent of our parameters so p(y|\u03b8) = p(y).\n3 Note that, in our notation, large \u03b2 results in a highly compressed representation. In some works, the IB principle is formulated as the minimization of I(Z,X)\u2212 \u03b2I(Z, Y ), in which case large \u03b2 corresponds to high mutual information between Z and Y , and hence low compression.\nis when X , Y and Z are all discrete, as in Tishby et al. (1999); this can be used to cluster discrete data, such as words. The second case is when X , Y and Z are all jointly Gaussian (Chechik et al., 2005). However, these assumptions both severely constrain the class of learnable models.\nIn this paper, we propose to use variational inference to construct a lower bound on the IB objective in Equation 3. We call the resulting method VIB (variational information bottleneck). By using the reparameterization trick (Kingma & Welling, 2014), we can use Monte Carlo sampling to get an unbiased estimate of the gradient, and hence we can optimize the objective using stochastic gradient descent. This allows us to use deep neural networks to parameterize our distributions, and thus to handle high-dimensional, continuous data, such as images, avoiding the previous restrictions to the discrete or Gaussian cases.\nWe also show, by a series of experiments, that stochastic neural networks, fit using our VIB method, are robust to overfitting, since VIB finds a representation Z which ignores as many details of the inputX as possible. In addition, they are more robust to adversarial inputs than deterministic models which are fit using (penalized) maximum likelihood estimation. Intuitively this is because each input image gets mapped to a distribution rather than a unique Z, so it is more difficult to pass small, idiosyncratic perturbations through the latent bottleneck."
      },
      {
        "heading": "2 RELATED WORK",
        "text": "The idea of using information theoretic objectives for deep neural networks was pointed out in Tishby & Zaslavsky (2015b). However, they did not include any experimental results, since their approach for optimizing the IB objective relied on the iterative Blahut Arimoto algorithm, which is infeasible to apply to deep neural networks.\nVariational inference is a natural way to approximate the problem. Variational bounds on mutual information have previously been explored in Agakov (2004), though not in conjunction with the information bottleneck objective. Mohamed & Rezende (2015) also explore variational bounds on mutual information, and apply them to deep neural networks, but in the context of reinforcement learning. We recently discovered Chalk et al. (2016), who independently developed the same variational lower bound on the IB objective as us. However, they apply it to sparse coding problems, and use the kernel trick to achieve nonlinear mappings, whereas we apply it to deep neural networks, which are computationally more efficient. In addition, we are able to handle large datasets by using stochastic gradient descent, whereas they use batch variational EM.\nIn the supervised learning literature, our work is related to the recently proposed confidence penalty (entropy regularization) method of (Pereyra et al., 2016). In this work, they fit a deterministic network by optimizing an objective that combines the usual cross entropy loss with an extra term which penalizes models for having low entropy predictive distributions. In more detail, their cost function has the form\nJCP = 1\nN N\u2211 n=1 [H(p(y|yn), p(y|xn))\u2212 \u03b2H(p(y|xn))] (4)\nwhere H(p, q) = \u2212\u2211y p(y) log q(y) is the cross entropy, H(p) = H(p, p) is the entropy, p(y|yn) = \u03b4yn(y) is a one-hot encoding of the label yn, and N is the number of training examples. (Note that setting \u03b2 = 0 corresponds to the usual maximum likelihood estimate.) In (Pereyra et al., 2016) they show that CP performs better than the simpler technique of label smoothing, in which we replace the zeros in the one-hot encoding of the labels by > 0, and then renormalize so that the distribution still sums to one. We will compare our VIB method to both the confidence penalty method and label smoothing in Section 4.1.\nIn the unsupervised learning literature, our work is closely related to the work in Kingma & Welling (2014) on variational autoencoders. In fact, their method is a special case of an unsupervised version of the VIB, but with the \u03b2 parameter fixed at 1.0, as we explain in Appendix B. The VAE objective, but with different values of \u03b2, was also explored in Higgins et al. (2016), but from a different perspective.\nThe method of Wang et al. (2016b) proposes a latent variable generative model of both x and y; their variational lower bound is closely related to ours, with the following differences. First, we do\nnot have a likelihood term for x, since we are in the discriminative setting. Second, they fix \u03b2 = 1, since they do not consider compression.\nFinally, the variational fair autoencoder of Louizos et al. (2016) shares with our paper the idea of ignoring parts of the input. However, in their approach, the user must specify which aspects of the input (the so-called \u201csensitive\u201d parts) to ignore, whereas in our method, we can discover irrelevant parts of the input automatically."
      },
      {
        "heading": "3 METHOD",
        "text": "Following standard practice in the IB literature, we assume that the joint distribution p(X,Y, Z) factors as follows:\np(X,Y, Z) = p(Z|X,Y )p(Y |X)p(X) = p(Z|X)p(Y |X)p(X) (5) i.e., we assume p(Z|X,Y ) = p(Z|X), corresponding to the Markov chain Y \u2194 X \u2194 Z. This restriction means that our representation Z cannot depend directly on the labels Y . (This opens the door to unsupervised representation learning, which we will discuss in Appendix B.) Besides the structure in the joint data distribution p(X,Y ), the only content at this point is our model for the stochastic encoder p(Z|X), all other distributions are fully determined by these and the Markov chain constraint.\nRecall that the IB objective has the form I(Z, Y ) \u2212 \u03b2I(Z,X). We will examine each of these expressions in turn. Let us start with I(Z, Y ). Writing it out in full, this becomes\nI(Z, Y ) = \u222b dy dz p(y, z) log p(y, z)\np(y)p(z) =\n\u222b dy dz p(y, z) log\np(y|z) p(y) . (6)\nwhere p(y|z) is fully defined by our encoder and Markov Chain as follows: p(y|z) = \u222b dx p(x, y|z) = \u222b dx p(y|x)p(x|z) = \u222b dx\np(y|x)p(z|x)p(x) p(z) . (7)\nSince this is intractable in our case, let q(y|z) be a variational approximation to p(y|z). This is our decoder, which we will take to be another neural network with its own set of parameters. Using the fact that the Kullback Leibler divergence is always positive, we have\nKL[p(Y |Z), q(Y |Z)] \u2265 0 =\u21d2 \u222b dy p(y|z) log p(y|z) \u2265 \u222b dy p(y|z) log q(y|z) , (8)\nand hence\nI(Z, Y ) \u2265 \u222b dy dz p(y, z) log\nq(y|z) p(y)\n(9)\n= \u222b dy dz p(y, z) log q(y|z)\u2212 \u222b dy p(y) log p(y) (10)\n= \u222b dy dz p(y, z) log q(y|z) +H(Y ) . (11)\nNotice that the entropy of our labels H(Y ) is independent of our optimization procedure and so can be ignored.\nFocusing on the first term in Equation 11, we can rewrite p(y, z) as p(y, z) = \u222b dx p(x, y, z) =\u222b\ndx p(x)p(y|x)p(z|x) (leveraging our Markov assumption), which gives us a new lower bound on the first term of our objective:\nI(Z, Y ) \u2265 \u222b dx dy dz p(x)p(y|x)p(z|x) log q(y|z) . (12)\nThis only requires samples from both our joint data distribution as well as samples from our stochastic encoder, while it requires we have access to a tractable variational approximation in q(y|z). We now consider the term \u03b2I(Z,X):\nI(Z,X) = \u222b dz dx p(x, z) log\np(z|x) p(z) =\n\u222b dz dx p(x, z) log p(z|x)\u2212 \u222b dz p(z) log p(z) . (13)\nIn general, while it is fully defined, computing the marginal distribution of Z, p(z) =\u222b dx p(z|x)p(x), might be difficult. So let r(z) be a variational approximation to this marginal.\nSince KL[p(Z), r(Z)] \u2265 0 =\u21d2 \u222b dz p(z) log p(z) \u2265 \u222b dz p(z) log r(z), we have the following upper bound:\nI(Z,X) \u2264 \u222b dx dz p(x)p(z|x) log p(z|x)\nr(z) . (14)\nCombining both of these bounds we have that I(Z, Y )\u2212 \u03b2I(Z,X) \u2265 \u222b dx dy dz p(x)p(y|x)p(z|x) log q(y|z)\n\u2212 \u03b2 \u222b dx dz p(x)p(z|x) log p(z|x)\nr(z) = L . (15)\nWe now discuss how to compute the lower bound L in practice. We can approximate p(x, y) = p(x)p(y|x) using the empirical data distribution p(x, y) = 1N \u2211N n=1 \u03b4xn(x)\u03b4yn(y), and hence we can write\nL \u2248 1 N N\u2211 n=1 [\u222b dz p(z|xn) log q(yn|z)\u2212 \u03b2 p(z|xn) log p(z|xn) r(z) ] . (16)\nSuppose we use an encoder of the form p(z|x) = N (z|f\u00b5e (x), f\u03a3e (x)), where fe is an MLP which outputs both the K-dimensional mean \u00b5 of z as well as the K \u00d7K covariance matrix \u03a3. Then we can use the reparameterization trick (Kingma & Welling, 2014) to write p(z|x)dz = p( )d , where z = f(x, ) is a deterministic function of x and the Gaussian random variable . This formulation has the important advantage that the noise term is independent of the parameters of the model, so it is easy to take gradients.\nAssuming our choice of p(z|x) and r(z) allows computation of an analytic Kullback-Leibler divergence, we can put everything together to get the following objective function, which we try to minimize:\nJIB = 1\nN N\u2211 n=1 E \u223cp( ) [\u2212 log q(yn|f(xn, ))] + \u03b2KL [p(Z|xn), r(Z)] . (17)\nAs in Kingma & Welling (2014), this formulation allows us to directly backpropagate through a single sample of our stochastic code and ensure that our gradient is an unbiased estimate of the true expected gradient.4"
      },
      {
        "heading": "4 EXPERIMENTAL RESULTS",
        "text": "In this section, we present various experimental results, comparing the behavior of standard deterministic networks to stochastic neural networks trained by optimizing the VIB objective."
      },
      {
        "heading": "4.1 BEHAVIOR ON MNIST",
        "text": "We start with experiments on unmodified MNIST (i.e. no data augmentation). In order to pick a model with some \u201cheadroom\u201d to improve, we decided to use the same architecture as in the (Pereyra et al., 2016) paper, namely an MLP with fully connected layers of the form 784 - 1024 - 1024 - 10, and ReLu activations. (Since we are not exploiting spatial information, this correpsonds to the \u201cpermutation invariant\u201d version of MNIST.) The performance of this baseline is 1.38% error. (Pereyra et al., 2016) were able to improve this to 1.17% using their regularization technique. We were able to improve this to 1.13% using our technique, as we explain below.\nIn our method, the stochastic encoder has the form p(z|x) = N (z|f\u00b5e (x), f\u03a3e (x)), where fe is an MLP of the form 784 \u2212 1024 \u2212 1024 \u2212 2K, where K is the size of the bottleneck. The first K outputs from fe encode \u00b5, the remaining K outputs encode \u03c3 (after a softplus transform).\n4 Even if our choice of encoding distribution and variational prior do not admit an analytic KL, we could similarly reparameterize through a sample of the divergence (Kingma & Welling, 2014; Blundell et al., 2015).\nThe decoder is a simple logistic regression model of the form q(y|z) = S(y|fd(z)), where S(a) = [exp(ac)/ \u2211C c\u2032=1 exp(ac\u2032)] is the softmax function, and fd(z) = Wz + b maps the K dimensional latent code to the logits of the C = 10 classes. (In later sections, we consider more complex decoders, but here we wanted to show the benefits of VIB in a simple setting.)\nFinally, we treat r(z) as a fixed K-dimensional spherical Gaussian, r(z) = N (z|0, I). We compare our method to the baseline MLP. We calso consider the following deterministic limit of our model, when \u03b2 = 0. In this case, we obtain the following objective function:\nJIB0 = \u2212 1\nN N\u2211 n=1 Ez\u223cN (f\u00b5e (xn),f\u03a3e (xn)) [logS(yn|fd(z)] (18)\nWhen \u03b2 \u2192 0, we observe the VIB optimization process tends to make f\u03a3e (x) \u2192 0, so the network becomes nearly deterministic. In our experiments we also train an explicitly deterministic model that has the same form as the stochastic model, except that we just use z = f\u00b5e (x) as the hidden encoding, and drop the Gaussian layer."
      },
      {
        "heading": "4.1.1 HIGHER DIMENSIONAL EMBEDDING",
        "text": "To demonstrate that our VIB method can achieve competitive classification results, we compared against a deterministic MLP trained with various forms of regularization. We use a K = 256 dimensional bottleneck and a diagonal Gaussian for p(z|x). The networks were trained using TensorFlow for 200 epochs using the Adam optimizer (Kingma & Ba, 2015) with a learning rate of 0.0001. Full hyperparameter details can be found in Appendix A.\nThe results are shown in Table 1. We see that we can slightly outperform other forms of regularization that have been proposed in the literature while using the same network for each. Of course, the performance varies depending on \u03b2. These results are not state of the art, nor is our main focus of our work to suggest that VIB is the best regularization method by itself, which would require much more experimentation. However, using the same architecture for each experiment and comparing to VIB as the only source of regularization suggests VIB works as a decent regularizer in and of itself. Figure 1(a) plots the train and test error vs \u03b2, averaged over 5 trials (with error bars) for the case where we use a single Monte Carlo sample of z when predicting, and also for the case where we average over 12 posterior samples (i.e., we use p(y|x) = 1S \u2211S s=1 q(y|zs) for zs \u223c p(z|x), where S = 12). In our own investigations, a dozen samples seemed to be sufficient to capture any additional benefit the stochastic evaluations had to offer in this experiment5.\nWe see several interesting properties in Figure 1(a). First, we notice that the error rate shoots up once \u03b2 rises above the critical value of \u03b2 \u223c 10\u22122. This corresponds to a setting where the mutual information between X and Z is less than log2(10) bits, so the model can no longer represent the fact that there are 10 different classes. Second, we notice that, for small values of \u03b2, the test error\n5 A dozen samples wasn\u2019t chosen for any particular reason, except the old addage that a dozen samples are sufficient, as mirrored in David MacKay\u2019s book (MacKay, 2003). They proved sufficient in this case.\nis higher than the training error, which indicates that we are overfitting. This is because the network learns to be more deterministic, forcing \u03c3 \u2248 0, thus reducing the benefits of regularization. Third, we notice that for intermediate values of \u03b2, Monte Carlo averaging helps. Interestingly, the region with the best performance roughly corresponds to where the added benefit from stochastic averaging goes away, suggesting an avenue by which one could try to optimize \u03b2 using purely statistics on the training set without a validation set. We have not extensively studied this possibility yet.\nIn Figure 1(c), we plot the IB curve, i.e., we plot I(Z, Y ) vs I(Z,X) as we vary \u03b2. As we allow more information from the input through to the bottleneck (by lowering \u03b2), we increase the mutual information between our embedding and the label on the training set, but not necessarily on the test set, as is evident from the plot.\nIn Figure 1(d) we plot the second term in our objective, the upper bound on the mutual information between the images X and our stochastic encoding Z, which in our case is simply the relative entropy between our encoding and the fixed isotropic unit Gaussian prior. Notice that the y-axis is a logarithmic one. This demonstrates that our best results (when \u03b2 is between 10\u22123 and 10\u22122) occur where the mutual information between the stochastic encoding and the images is on the order of 10 to 100 bits."
      },
      {
        "heading": "4.1.2 TWO DIMENSIONAL EMBEDDING",
        "text": "To better understand the behavior of our method, we refit our model to MNIST using a K = 2 dimensional bottleneck, but using a full covariance Gaussian. (The neural net predicts the mean and the Cholesky decomposition of the covariance matrix.) Figure 1(b) shows that, not surprisingly, the classification performance is worse (note the different scaled axes), but the overall trends are the\nsame as in the K = 256 dimensional case. The IB curve (not shown) also has a similar shape to before, except now the gap between training and testing is even larger.\nFigure 2 provides a visualization of what the network is doing. We plot the posteriors p(z|x) as a 2d Gaussian ellipse (representing the 95% confidence region) for 1000 images from the test set. Colors correspond to the true class labels. In the background of each plot is the entropy of the variational classifier q(y|z) evaluated at that point.\nWe see several interesting properties. First, as \u03b2 increases (so we pass less information through), the embedding covariances increase in relation to the distance between samples, and the classes start to overlap. Second, once \u03b2 passes a critical value, the encoding \u201ccollapses\u201d, and essentially all the class information is lost. Third, there is a fair amount of uncertainty in the class preditions (q(y|z)) in the areas between the class embeddings. Fourth, for intermediate values of \u03b2 (say 10\u22121 in Figure 2(b)), predictive performance is still good, even though there is a lot of uncertainty about where any individual image will map to in comparison to other images in the same class. This means it would be difficult for an outside agent to infer which particular instance the model is representing, a property which we will explore more in the following sections."
      },
      {
        "heading": "4.2 BEHAVIOR ON ADVERSARIAL EXAMPLES",
        "text": "Szegedy et al. (2013) was the first work to show that deep neural networks (and other kinds of classifiers) can be easily \u201cfooled\u201d into making mistakes by changing their inputs by imperceptibly small amounts. In this section, we will show how training with the VIB objective makes models significantly more robust to such adversarial examples."
      },
      {
        "heading": "4.2.1 TYPES OF ADVERSARIES",
        "text": "Since the initial work by Szegedy et al. (2013) and Goodfellow et al. (2014), many different adversaries have been proposed. Most attacks fall into three broad categories: optimization-based attacks (Szegedy et al., 2013; Carlini & Wagner, 2016; Moosavi-Dezfooli et al., 2016; Papernot et al., 2015; Robinson & Graham, 2015; Sabour et al., 2016), which directly run an optimizer such as L-BFGS or ADAM (Kingma & Ba, 2015) on image pixels to find a minimal perturbation that changes the model\u2019s classification; single-step gradient-based attacks (Goodfellow et al., 2014; Kurakin et al., 2016; Huang et al., 2015), which choose a gradient direction of the image pixels at some loss and then take a single step in that direction; and iterative gradient-based attacks (Kurakin et al., 2016),\nwhich take multiple small steps along the gradient direction of the image pixels at some loss, recomputing the gradient direction after each step.6\nMany adversaries can be formalized as either untargeted or targeted variants. An untargeted adversary can be defined as A(X,M) \u2192 X \u2032, where A(.) is the adversarial function, X is the input image, X \u2032 is the adversarial example, and M is the target model. A is considered successful if M(X) 6= M(X \u2032). Recently, Moosavi-Dezfooli et al. (2016) showed how to create a \u201cuniversal\u201d adversarial perturbation \u03b4 that can be added to any image X in order to make M(X + \u03b4) 6= M(X) for a particular target model.\nA targeted adversary can be defined as A(X,M, l)\u2192 X \u2032, where l is an additional target label, and A is only considered successful if M(X \u2032) = l.7 Targeted attacks usually require larger magnitude perturbations, since the adversary cannot just \u201cnudge\u201d the input across the nearest decision boundary, but instead must force it into a desired decision region.\nIn this work, we focus on the Fast Gradient Sign (FGS) method proposed in Goodfellow et al. (2014) and the L2 optimization method proposed in Carlini & Wagner (2016). FGS is a standard baseline attack that takes a single step in the gradient direction to generate the adversarial example. As originally described, FGS generates untargeted adversarial examples. On MNIST, Goodfellow et al. (2014) reported that FGS could generate adversarial examples that fooled a maxout network approximately 90% of the time with = 0.25, where is the magnitude of the perturbation at each pixel. The L2 optimization method has been shown to generate adversarial examples with smaller perturbations than any other method published to date, which were capable of fooling the target network 100% of the time. We consider both targeted attacks and untargeted attacks for the L2 optimization method.8"
      },
      {
        "heading": "4.2.2 ADVERSARIAL ROBUSTNESS",
        "text": "There are multiple definitions of adversarial robustness in the literature. The most basic, which we shall use, is accuracy on adversarially perturbed versions of the test set, called adversarial examples.\nIt is also important to have a measure of the magnitude of the adversarial perturbation. Since adversaries are defined relative to human perception, the ideal measure would explicitly correspond to how easily a human observer would notice the perturbation. In lieu of such a measure, it is common to compute the size of the perturbation using L0, L1, L2, and L\u221e norms (Szegedy et al., 2013; Goodfellow et al., 2014; Carlini & Wagner, 2016; Sabour et al., 2016). In particular, the L0 norm measures the number of perturbed pixels, the L2 norm measures the Euclidean distance between X and X \u2032, and the L\u221e norm measures the largest single change to any pixel."
      },
      {
        "heading": "4.2.3 EXPERIMENTAL SETUP",
        "text": "We used the same model architectures as in Section 4.1, using a K = 256 bottleneck. The architectures included a deterministic (base) model trained by MLE; a deterministic model trained with dropout (the dropout rate was chosen on the validation set); and a stochastic model trained with VIB for various values of \u03b2.\nFor the VIB models, we use 12 posterior samples of Z to compute the class label distribution p(y|x). This helps ensure that the adversaries can get a consistent gradient when constructing the perturbation, and that they can get a consistent evaluation when checking if the perturbation was successful\n6 There are also other adversaries that don\u2019t fall as cleanly into those categories, such as \u201cfooling images\u201d from Nguyen et al. (2014), which remove the human perceptual constraint, generating regular geometric patterns or noise patterns that networks confidently classify as natural images; and the idea of generating adversaries by stochastic search for images near the decision boundary of multiple networks from Baluja et al. (2015).\n7 Sabour et al. (2016) proposes a variant of the targeted attack, A(XS ,M,XT , k)\u2192 X \u2032S , where XS is the source image, XT is a target image, and k is a target layer in the model M . A produces X \u2032S by minimizing the difference in activations of M at layer k between XT and X \u2032S . The end result of this attack for a classification network is still that M(X \u2032S) yields a target label implicitly specified by XT in a successful attack.\n8 Carlini & Wagner (2016) shared their code with us, which allowed us to perform the attack with exactly the same parameters they used for their paper, including the maximum number of iterations and maximum C value (see their paper for details).\n(i.e., it reduces the chance that the adversary \u201cgets lucky\u201d in its perturbation due to an untypical sample). We also ran the VIB models in \u201cmean mode\u201d, where the \u03c3s are forced to be 0. This had no noticeable impact on the results, so all reported results are for stochastic evaluation with 12 samples."
      },
      {
        "heading": "4.2.4 MNIST RESULTS AND DISCUSSION",
        "text": "We selected the first 10 zeros in the MNIST test set, and use the L2 optimization adversary of Carlini & Wagner (2016) to try to perturb those zeros into ones.9 Some sample results are shown in Figure 3. We see that the deterministic models are easily fooled by making small perturbations, but for the VIB models with reasonably large \u03b2, the adversary often fails to find an attack (indicated by the green borders) within the permitted number of iterations. Furthermore, when an attack is succesful, it needs to be much larger for the VIB models. To quantify this, Figure 4 plots the magnitude of the perturbation (relative to that of the deterministic and dropout models) needed for a successful attack as a function of \u03b2. As \u03b2 increases, the L0 norm of the perturbation decreases, but both L2 and L\u221e norms increase, indicating that the adversary is being forced to put larger modifications into fewer pixels while searching for an adversarial perturbation.\nFigure 5 plots the accuracy on FGS adversarial examples of the first 1000 images from the MNIST test set as a function of \u03b2. Each point in the plot corresponds to 3 separate executions of three different models trained with the same value of \u03b2. All models tested achieve over 98.4% accuracy on the unperturbed MNIST test set, so there is no appreciable measurement distortion due to underlying model accuracy.\nFigure 6 plots the accuracy on L2 optimization adversarial examples of the first 1000 images from the MNIST test set as a function of \u03b2. The same sets of three models per \u03b2 were tested three times, as with the FGS adversarial examples.\nWe generated both untargeted and targeted adversarial examples for Figure 6. For targeting, we generate a random target label different from the source label in order to avoid biasing the results with unevenly explored source/target pairs. We see that for a reasonably broad range of \u03b2 values, the VIB models have significantly better accuracy on the adversarial examples than the deterministic models, which have an accuracy of 0% (the L2 optimization attack is very effective on traditional model architectures).\nFigure 6 also reveals a surprising level of adversarial robustness even when \u03b2 \u2192 0. This can be explained by the theoretical framework of Fawzi et al. (2016). Their work proves that quadratic classifiers (e.g., xTAx, symmetric A) have a greater capacity for adversarial robustness than linear classifiers. As we show in Appendix C, our Gaussian/softmax encoder/decoder is approximately quadratic for all \u03b2 <\u221e."
      },
      {
        "heading": "4.2.5 IMAGENET RESULTS AND DISCUSSION",
        "text": "VIB improved classification accuracy and adversarial robustness for toy datasets like MNIST. We now investigate if VIB offers similar advantages for ImageNet, a more challenging natural image classification. Recall that ImageNet has approximately 1M images spanning 1K classes. We preprocess images such that they are 299x299 pixels.\nArchitecture\nWe make use of publicly available, pretrained checkpoints10 of Inception Resnet V2 (Szegedy et al., 2016) on ImageNet (Deng et al., 2009). The checkpoint obtains 80.4% classification accuracy on the ImageNet validation set. Using the checkpoint, we transformed the original training set by applying the pretrained network to each image and extracting the representation at the penultimate layer. This new image representation has 1536 dimensions. The higher layers of the network continue to classify this representation with 80.4% accuracy; conditioned on this extraction the classification\n9 We chose this pair of labels since intuitively zeros and ones are the digits that are least similar in terms of human perception, so if the adversary can change a zero into a one without much human-noticeable perturbation, it is unlikely that the model has learned a representation similar to what humans learn.\n10Available at the Tensorflow Models repository in the Slim directory: https://github.com/ tensorflow/models/tree/master/slim\nmodel is simply logistic regression. To further speed training, we whitened the 1536 dimensional representation.\nUnder this transformation, the experiment regime is identical to the permutation invariant MNIST task. We therefore used a similar model architecture. Inputs are passed through two fully connected layers, each with 1024 units. Next, data is fed to a stochastic encoding layer; this layer is characterized by a spherical Gaussian with 1024 learned means and standard deviations. The output of the stochastic layer is fed to the variational classifier\u2013itself a logistic regression, for simplicity. All other hyperparameters and training choices are identical to those used in MNIST, more details in Appendix A.\nClassification\nWe see the same favorable VIB classification performance in ImageNet as in MNIST. By varying \u03b2, the estimated mutual information between encoding and image (I(Z,X)) varies as well. At large values of \u03b2 accuracy suffers, but at intermediate values we obtain improved performance over both a deterministic baseline and a \u03b2 = 0 regime. In all cases our accuracy is somewhat lower than the original 80.4% accuracy. This may be a consequence of inadequate training time or suboptimal hyperparameters.\nOverall the best accuracy we achieved was using \u03b2 = 0.01. Under this setting we saw an accuracy of 80.12%\u2013nearly the same as the state-of-the-art unmodified network\u2013 but with substantially smaller information footprint, only I(X,Z) \u223c 45 bits. This is a surprisingly small amount of information; \u03b2 = 0 implies over 10,000 bits yet only reaches an accuracy of 78.87%. The deterministic baseline, which was the same network, but without the VIB loss and a 1024 fully connected linear layer instead of the stochastic embedding similarly only achieved 78.75% accuracy. We stress that regressions from the achievable 80.4% are likely due to suboptimal hyperparameters settings or inadequate training.\nConsidering a continuum of \u03b2 and a deterministic baseline, the best classification accuracy was achieved with a \u03b2 = 0.01 \u2208 (0, 1). In other words, VIB offered accuracy benefit yet using a mere \u223c 45 bits of information from each image.\nAdversarial Robustness\nWe next show that the VIB-trained network improves resistance to adversarial attack.\nWe focus on the Carlini targeted L2 attack (see Section 4.2.1). We show results for the VIB-trained network and a deterministic baseline (both on top of precomputed features), as well as for the original pretrained Inception ResNet V2 network itself. The VIB network is more robust to the targeted L2 optimization attack in both magnitude of perturbation and frequency of successful attack.\nFigure 7 shows some example images which were all misclassified as \u201csoccer balls\u201d by the deterministic models; by contrast, with the VIB model, only 17 out of 30 of the attacks succeeded in being mislabeled as the target label.11 We find that the VIB model can resist about 43.3% of the attacks, but the deterministic models always fail (i.e., always misclassify into the targeted label).\nFigure 8 shows the absolute pixel differences between the perturbed and unperturbed images for the examples in Figure 7. We see that the VIB network requires much larger perturbations in order to fool the classifier, as quantified in Table 2."
      },
      {
        "heading": "5 FUTURE DIRECTIONS",
        "text": "There are many possible directions for future work, including: putting the VIB objective at multiple or every layer of a network; testing on real images; using richer parametric marginal approximations, rather than assuming r(z) = N (0, I); exploring the connections to differential privacy (see e.g., Wang et al. (2016a); Cuff & Yu (2016)); and investigating open universe classification problems (see e.g., Bendale & Boult (2015)). In addition, we would like to explore applications to sequence prediction, where X denotes the past of the sequence and Y the future, while Z is the current representation of the network. This form of the information bottleneck is known as predictive information (Bialek et al., 2001; Palmer et al., 2015)."
      },
      {
        "heading": "A HYPERPARAMETERS AND ARCHITECTURE DETAILS FOR EXPERIMENTS",
        "text": "All of the networks for this paper were trained using TensorFlow (Abadi et al., 2016). All weights were initialized using the default TensorFlow Xavier initialization scheme (Glorot & Bengio, 2010) using the averaging fan scaling factor on uniform noise. All biases were initialized to zero. The Adam optimizer (Kingma & Ba, 2015) was used with initial learning rate of 10\u22124, (\u03b21 = 0.5, \u03b22 = 0.999) and exponential decay, decaying the learning rate by a factor of 0.97 every 2 epochs. The networks were all trained for 200 epochs total. For the MNIST experiments, a batch size of 100 was used, and the full 60,000 training and validation set was used for training, and the 10,000 test images for test results. The input images were scaled to have values between -1 and 1 before fed to the network.\nAll runs maintained an exponential weighted average of the parameters during the training run; these averaged parameters were used at test time. This is in the style of Polyak averaging Polyak & Juditsky (1992), with a decay constant of 0.999. Our estimate of mutual informations were measured in bits. For the VIB experiments in all sections, no other form of regularization was used.\nFor the 256 dimensional gaussian embeddings of Section 4.1.1, a linear layer of size 512 was used to create the 256 mean values and standard deviations for the embedding. The standard deviations were made to be positive by a softplus transformation with a bias of -5.0 to have them initially be small.\n\u03c3 = log (1 + exp(x\u2212 5.0)) (19)\nFor the 1024 dimensional Imagenet embeddings of Section 4.2.5, a sigma bias of 0.57 was used to keep the initial standard deviations near 1 originally, and a batch size of 200 was used.\nFor the 2 dimensional gaussian embeddings of Section 4.1.2, a linear layer was used with 2+4 = 6 outputs, the first two of which were used for the means, and the other 4 were reshaped to a 2 \u00d7 2 matrix, the center was transformed according to a softplus with a bias of -5.0, and the off diagonal components were multiplied by 10\u22122, while the upper triangular element was dropped to form the Cholesky decomposition of the covariance matrix."
      },
      {
        "heading": "B CONNECTION TO VARIATIONAL AUTOENCODERS",
        "text": "We can also consider unsupervised versions of the information bottleneck objective. Consider the objective: max I(Z,X)\u2212 \u03b2I(Z, i), (20) similar to the information theoretic objective for clustering introduced in Slonim et al. (2005).\nHere the aim is to take our dataX and maximize the mutual information contained in some encoding Z, while restricting how much information we allow our representation to contain about the identity of each data element in our sample (i). We will form a bound much like we did in the main text. For the first term, we form a variational decoder q(x|z) and take a bound:\nI(Z,X) = \u222b dx dz p(x, z) log\np(x|z) p(x)\n(21)\n= H(x) + \u222b dz p(x) \u222b dx p(x|z) log p(x|z) (22)\n\u2265 \u222b dz p(x) \u222b dx p(x|z) log q(x|z) (23)\n= \u222b dx p(x) \u222b dz p(x|z) log q(x|z). (24)\nHere we have dropped the entropy in our data H(X) because it is out of our control and we have used the nonnegativity of the Kullbach-Leibler divergence to replace our intractable p(x|z) with a variational decoder q(x|z).\nTurning our attention to the second term, note that: p(z|i) = \u222b dx p(z|x)p(x|i) = \u222b dx p(z|x)\u03b4(x\u2212 xi) = p(z|xi), (25)\nand that we will take p(i) = 1N .\nSo that we can bound our second term from above I(Z, i) = \u2211 i \u222b dz p(z|i)p(i) log p(z|i) p(z) (26)\n= 1\nN \u2211 i \u222b dz p(z|xi) log p(z|xi) p(z)\n(27)\n\u2264 1 N \u2211 i \u222b dz p(z|xi) log p(z|xi) r(z) , (28)\nWhere we have replaced the intractable marginal p(z) with a variational marginal r(z).\nPutting these two bounds together we have that our unsupervised information bottleneck objective takes the form\nI(Z,X)\u2212 \u03b2I(Z, i) \u2264 \u222b dx p(x) \u222b dz p(z|x) log q(x|z)\u2212 \u03b2 1\nN \u2211 i KL[p(Z|xi), r(Z)]. (29)\nAnd this takes the form of a variational autoencoder (Kingma & Welling, 2014), except with the second KL divergence term having an arbitrary weight \u03b2.\nIt is interesting that while this objective takes the same mathematical form as that of a Variational Autoencoder, the interpretation of the objective is very different. In the VAE, the model starts life as a generative model with a defined prior p(z) and stochastic decoder p(x|z) as part of the model, and the encoder q(z|x) is created to serve as a variational approximation to the true posterior p(z|x) = p(x|z)p(z)/p(x). In the VIB approach, the model is originally just the stochastic encoder p(z|x), and the decoder q(x|z) is the variational approximation to the true p(x|z) = p(z|x)p(x)/p(z) and r(z) is the variational approximation to the marginal p(z) = \u222b dx p(x)p(z|x). This difference in interpretation makes natural suggestions for novel directions for improvement.\nThis precise setup, albeit with a different motivation was recently explored in Higgins et al. (2016), where they demonstrated that by changing the weight of the variational autoencoders regularization term, there were able to achieve latent representations that were more capable when it came ot zeroshot learning and understanding \u201dobjectness\u201d. In that work, they motivated their choice to change the relative weightings of the terms in the objective by appealing to notions in neuroscience. Here we demonstrate that appealing to the information bottleneck objective gives a principled motivation and could open the door to better understanding the optimal choice of \u03b2 and more tools for accessing the importance and tradeoff of both terms.\nBeyond the connection to existing variational autoencoder techniques, we note that the unsupervised information bottleneck objective suggests new directions to explore, including targetting the exact marginal p(z) in the regularization term, as well as the opportunity to explore tighter bounds on the first I(Z,X) term that may not require explicit variational reconstruction."
      },
      {
        "heading": "C QUADRATIC BOUNDS FOR STOCHASTIC LOGISTIC REGRESSION DECODER",
        "text": "Consider the special case when the bottleneck Z is a multivariate Normal, i.e., z|x \u223c N(\u00b5x,\u03a3x) where \u03a3x is a K \u00d7 K positive definite matrix. The parameters \u00b5x,\u03a3x can be constructed from a deep neural network, e.g.,\n\u00b5x = \u03b31:K(x)\nchol(\u03a3x) = diag(log(1 + exp(\u03b3K+1:2K))) + subtril(\u03b32K+1:K(K+3)/2),\nwhere \u03b3(x) \u2208 RK(K+3)/2 is the network output of input x.\nSuppose that the prediction is a categorical distribution computed as S(Wz) where W is a C \u00d7 K weight matrix and logS(x) = x \u2212 lse(x) is the log-soft-max function with lse(x) = log \u2211K k=1 exp(xk) being the log-sum-exp function.\nThis setup (which is identical to our experiments) induces a classifier which is bounded by a quadratic function, which is interesting because the theoretical framework Fawzi et al. (2016) proves that quadratic classifiers have greater capacity for adversarial robustness than linear functions.\nWe now derive an approximate bound using second order Taylor series expansion (TSE). The bound can be made proper via Browne & McNicholas (2015). However, using the TSE is sufficient to sketch the derivation.\nJensen\u2019s inequality implies that the negative log-likelihood soft-max is upper bounded by:\n\u2212 log E [S(WZ)|\u00b5x,\u03a3x] \u2264 \u2212E [logS(WZ)|\u00b5x,\u03a3x] = \u2212W\u00b5x + E [lse(WZ)|\u00b5x,\u03a3x] = \u2212W\u00b5x + E [lse(Z)|W\u00b5x,W\u03a3x] .\nThe second order Taylor series expansion (TSE) of lse is given by, lse(x+ \u03b4) \u2248 lse(x) + \u03b4T S(x) + 12\u03b4T [ diag(S(x))\u2212 S(x)S(x)T ] \u03b4.\nTaking the expectation of the TSE at the mean yields,\nEN(0,W\u03a3xW T )[ lse(W\u00b5x + \u03b4)] \u2248 lse(W\u00b5x) + EN(0,W\u03a3xW T )[\u03b4T ]S(W\u00b5x)+ + 12 EN(0,W\u03a3xW T )[\u03b4 T [ diag(S(W\u00b5x))\u2212 S(W\u00b5x)S(W\u00b5x)T ] \u03b4]\n= lse(W\u00b5x) + 1 2 tr(W\u03a3xW T [ diag(S(W\u00b5x))\u2212 S(W\u00b5x)S(W\u00b5x)T ] )\n= lse(W\u00b5x) + 1 2 tr(W\u03a3xW T diag(S(W\u00b5x)))\u2212 12S(W\u00b5x)T W\u03a3xW T S(W\u00b5x)\n= lse(W\u00b5x) + 1 2 \u221a S(W\u00b5x) T W\u03a3xW T \u221a S(W\u00b5x)\u2212 12S(W\u00b5x)T W\u03a3xW T S(W\u00b5x)\nThe second-moment was calculated by noting,\nE[XT BX] = E tr(XXT B) = tr(E[XXT ]B) = tr(\u03a3B).\nPutting this altogether, we conclude, E [S(WZ)|\u00b5x,\u03a3x] ' S(W\u00b5x) exp ( \u2212 12 \u221a S(W\u00b5x) T W\u03a3xW T \u221a S(W\u00b5x) + 12S(W\u00b5x)T W\u03a3xW T S(W\u00b5x) ) .\nAs indicated, rather than approximate the lse via TSE, we can make a sharp, quadratic upper bound via Browne & McNicholas (2015). However this merely changes the S(W\u00b5x) scaling in the exponential; the result is still log-quadratic."
      }
    ],
    "references": [
      {
        "title": "Tensorflow: Large-scale machine learning on heterogeneous distributed systems",
        "author": [
          "Mart\u0131\u0301n Abadi",
          "Ashish Agarwal",
          "Paul Barham",
          "Eugene Brevdo",
          "Zhifeng Chen",
          "Craig Citro",
          "Greg S Corrado",
          "Andy Davis",
          "Jeffrey Dean",
          "Matthieu Devin"
        ],
        "venue": "arXiv preprint arXiv:1603.04467,",
        "citeRegEx": "Abadi et al\\.,? \\Q2016\\E",
        "shortCiteRegEx": "Abadi et al\\.",
        "year": 2016
      },
      {
        "title": "The IM algorithm: a variational approach to information maximization",
        "author": [
          "David Barber Felix Agakov"
        ],
        "venue": "In NIPS,",
        "citeRegEx": "Agakov.,? \\Q2004\\E",
        "shortCiteRegEx": "Agakov.",
        "year": 2004
      },
      {
        "title": "The virtues of peer pressure: A simple method for discovering high-value mistakes",
        "author": [
          "Shumeet Baluja",
          "Michele Covell",
          "Rahul Sukthankar"
        ],
        "venue": "In Intl. Conf. Computer Analysis of Images and Patterns,",
        "citeRegEx": "Baluja et al\\.,? \\Q2015\\E",
        "shortCiteRegEx": "Baluja et al\\.",
        "year": 2015
      },
      {
        "title": "Towards open world recognition",
        "author": [
          "Abhijit Bendale",
          "Terrance Boult"
        ],
        "venue": null,
        "citeRegEx": "Bendale and Boult.,? \\Q2015\\E",
        "shortCiteRegEx": "Bendale and Boult.",
        "year": 2015
      },
      {
        "title": "Predictability, complexity, and learning",
        "author": [
          "William Bialek",
          "Ilya Nemenman",
          "Naftali Tishby"
        ],
        "venue": "Neural computation,",
        "citeRegEx": "Bialek et al\\.,? \\Q2001\\E",
        "shortCiteRegEx": "Bialek et al\\.",
        "year": 2001
      },
      {
        "title": "Weight uncertainty in neural networks",
        "author": [
          "Charles Blundell",
          "Julien Cornebise",
          "Koray Kavukcuoglu",
          "Daan Wierstra"
        ],
        "venue": "In ICML,",
        "citeRegEx": "Blundell et al\\.,? \\Q2015\\E",
        "shortCiteRegEx": "Blundell et al\\.",
        "year": 2015
      },
      {
        "title": "Multivariate sharp quadratic bounds via \u03a3-strong convexity and the fenchel connection",
        "author": [
          "Ryan P. Browne",
          "Paul D. McNicholas"
        ],
        "venue": "Electronic Journal of Statistics,",
        "citeRegEx": "Browne and McNicholas.,? \\Q2015\\E",
        "shortCiteRegEx": "Browne and McNicholas.",
        "year": 2015
      },
      {
        "title": "Towards evaluating the robustness of neural networks",
        "author": [
          "Nicholas Carlini",
          "David Wagner"
        ],
        "venue": null,
        "citeRegEx": "Carlini and Wagner.,? \\Q2016\\E",
        "shortCiteRegEx": "Carlini and Wagner.",
        "year": 2016
      },
      {
        "title": "Relevant sparse codes with variational information bottleneck",
        "author": [
          "Matthew Chalk",
          "Olivier Marre",
          "Gasper Tkacik"
        ],
        "venue": "In NIPS,",
        "citeRegEx": "Chalk et al\\.,? \\Q2016\\E",
        "shortCiteRegEx": "Chalk et al\\.",
        "year": 2016
      },
      {
        "title": "Information bottleneck for gaussian variables",
        "author": [
          "G. Chechik",
          "A Globersonand N. Tishby",
          "Y. Weiss"
        ],
        "venue": "J. of Machine Learning Research,",
        "citeRegEx": "Chechik et al\\.,? \\Q2005\\E",
        "shortCiteRegEx": "Chechik et al\\.",
        "year": 2005
      },
      {
        "title": "Differential privacy as a mutual information constraint",
        "author": [
          "Paul Cuff",
          "Lanqing Yu"
        ],
        "venue": "In ACM Conference on Computer and Communications Security (CCS),",
        "citeRegEx": "Cuff and Yu.,? \\Q2016\\E",
        "shortCiteRegEx": "Cuff and Yu.",
        "year": 2016
      },
      {
        "title": "Imagenet: A large-scale hierarchical image database",
        "author": [
          "Jia Deng",
          "Wei Dong",
          "Richard Socher",
          "Li-Jia Li",
          "Kai Li",
          "Li Fei-Fei"
        ],
        "venue": "In Computer Vision and Pattern Recognition,",
        "citeRegEx": "Deng et al\\.,? \\Q2009\\E",
        "shortCiteRegEx": "Deng et al\\.",
        "year": 2009
      },
      {
        "title": "Robustness of classifiers: from adversarial to random noise",
        "author": [
          "Alhussein Fawzi",
          "Seyed-Mohsen Moosavi-Dezfooli",
          "Pascal Frossard"
        ],
        "venue": "In NIPS,",
        "citeRegEx": "Fawzi et al\\.,? \\Q2016\\E",
        "shortCiteRegEx": "Fawzi et al\\.",
        "year": 2016
      },
      {
        "title": "Understanding the difficulty of training deep feedforward neural networks",
        "author": [
          "Xavier Glorot",
          "Yoshua Bengio"
        ],
        "venue": "In AI/Statistics,",
        "citeRegEx": "Glorot and Bengio.,? \\Q2010\\E",
        "shortCiteRegEx": "Glorot and Bengio.",
        "year": 2010
      },
      {
        "title": "Explaining and harnessing adversarial examples",
        "author": [
          "Ian J Goodfellow",
          "Jonathon Shlens",
          "Christian Szegedy"
        ],
        "venue": "In ICLR,",
        "citeRegEx": "Goodfellow et al\\.,? \\Q2015\\E",
        "shortCiteRegEx": "Goodfellow et al\\.",
        "year": 2015
      },
      {
        "title": "beta-VAE: Learning basic visual concepts with a constrained variational framework",
        "author": [
          "Irina Higgins",
          "Loic Matthey",
          "Arka Pal",
          "Christopher Burgess",
          "Xavier Glorot",
          "Matthew Botvinick",
          "Shakir Mohamed",
          "Alexander Lerchner"
        ],
        "venue": "In ICLR,",
        "citeRegEx": "Higgins et al\\.,? \\Q2017\\E",
        "shortCiteRegEx": "Higgins et al\\.",
        "year": 2017
      },
      {
        "title": "Learning with a strong adversary",
        "author": [
          "Ruitong Huang",
          "Bing Xu",
          "Dale Schuurmans",
          "Csaba Szepesv\u00e1ri"
        ],
        "venue": "CoRR, abs/1511.03034,",
        "citeRegEx": "Huang et al\\.,? \\Q2015\\E",
        "shortCiteRegEx": "Huang et al\\.",
        "year": 2015
      },
      {
        "title": "Adam: A method for stochastic optimization",
        "author": [
          "Diederik Kingma",
          "Jimmy Ba"
        ],
        "venue": "In ICLR,",
        "citeRegEx": "Kingma and Ba.,? \\Q2015\\E",
        "shortCiteRegEx": "Kingma and Ba.",
        "year": 2015
      },
      {
        "title": "Auto-encoding variational Bayes",
        "author": [
          "Diederik P Kingma",
          "Max Welling"
        ],
        "venue": "In ICLR,",
        "citeRegEx": "Kingma and Welling.,? \\Q2014\\E",
        "shortCiteRegEx": "Kingma and Welling.",
        "year": 2014
      },
      {
        "title": "Adversarial examples in the physical world",
        "author": [
          "Alexey Kurakin",
          "Ian Goodfellow",
          "Samy Bengio"
        ],
        "venue": "In ICLR Workshop,",
        "citeRegEx": "Kurakin et al\\.,? \\Q2017\\E",
        "shortCiteRegEx": "Kurakin et al\\.",
        "year": 2017
      },
      {
        "title": "The variational fair autoencoder",
        "author": [
          "Christos Louizos",
          "Kevin Swersky",
          "Yujia Li",
          "Max Welling",
          "Richard Zemel"
        ],
        "venue": "In ICLR,",
        "citeRegEx": "Louizos et al\\.,? \\Q2016\\E",
        "shortCiteRegEx": "Louizos et al\\.",
        "year": 2016
      },
      {
        "title": "Information theory, inference and learning algorithms",
        "author": [
          "David JC MacKay"
        ],
        "venue": "Cambridge university press,",
        "citeRegEx": "MacKay.,? \\Q2003\\E",
        "shortCiteRegEx": "MacKay.",
        "year": 2003
      },
      {
        "title": "Variational information maximisation for intrinsically motivated reinforcement learning",
        "author": [
          "Shakir Mohamed",
          "Danilo Jimenez Rezende"
        ],
        "venue": "In NIPS, pp",
        "citeRegEx": "Mohamed and Rezende.,? \\Q2015\\E",
        "shortCiteRegEx": "Mohamed and Rezende.",
        "year": 2015
      },
      {
        "title": "Universal adversarial perturbations",
        "author": [
          "Seyed-Mohsen Moosavi-Dezfooli",
          "Alhussein Fawzi",
          "Omar Fawzi",
          "Pascal Frossard"
        ],
        "venue": null,
        "citeRegEx": "Moosavi.Dezfooli et al\\.,? \\Q2016\\E",
        "shortCiteRegEx": "Moosavi.Dezfooli et al\\.",
        "year": 2016
      },
      {
        "title": "Deepfool: a simple and accurate method to fool deep neural networks",
        "author": [
          "Seyed-Mohsen Moosavi-Dezfooli",
          "Alhussein Fawzi",
          "Pascal Frossard"
        ],
        "venue": null,
        "citeRegEx": "Moosavi.Dezfooli et al\\.,? \\Q2016\\E",
        "shortCiteRegEx": "Moosavi.Dezfooli et al\\.",
        "year": 2016
      },
      {
        "title": "Deep neural networks are easily fooled: High confidence predictions for unrecognizable images",
        "author": [
          "Anh Nguyen",
          "Jason Yosinski",
          "Jeff Clune"
        ],
        "venue": "In CVPR,",
        "citeRegEx": "Nguyen et al\\.,? \\Q2015\\E",
        "shortCiteRegEx": "Nguyen et al\\.",
        "year": 2015
      },
      {
        "title": "Predictive information in a sensory population",
        "author": [
          "Stephanie E Palmer",
          "Olivier Marre",
          "Michael J Berry",
          "William Bialek"
        ],
        "venue": "PNAS, 112(22):6908\u20136913,",
        "citeRegEx": "Palmer et al\\.,? \\Q2015\\E",
        "shortCiteRegEx": "Palmer et al\\.",
        "year": 2015
      },
      {
        "title": "The limitations of deep learning in adversarial settings",
        "author": [
          "Nicolas Papernot",
          "Patrick McDaniel",
          "Somesh Jha",
          "Matt Fredrikson",
          "Z Berkay Celik",
          "Ananthram Swami"
        ],
        "venue": "In Proceedings of the 1st IEEE European Symposium on Security and Privacy,",
        "citeRegEx": "Papernot et al\\.,? \\Q2015\\E",
        "shortCiteRegEx": "Papernot et al\\.",
        "year": 2015
      },
      {
        "title": "Regularizing neural networks by penalizing confident output predictions",
        "author": [
          "Gabriel Pereyra",
          "George Tuckery",
          "Jan Chorowski",
          "Lukasz Kaiser"
        ],
        "venue": "In ICLR Workshop,",
        "citeRegEx": "Pereyra et al\\.,? \\Q2017\\E",
        "shortCiteRegEx": "Pereyra et al\\.",
        "year": 2017
      },
      {
        "title": "Acceleration of stochastic approximation by averaging",
        "author": [
          "Boris T Polyak",
          "Anatoli B Juditsky"
        ],
        "venue": "SIAM Journal on Control and Optimization,",
        "citeRegEx": "Polyak and Juditsky.,? \\Q1992\\E",
        "shortCiteRegEx": "Polyak and Juditsky.",
        "year": 1992
      },
      {
        "title": "Confusing deep convolution networks by relabelling",
        "author": [
          "Leigh Robinson",
          "Benjamin Graham"
        ],
        "venue": "arXiv preprint 1510.06925,",
        "citeRegEx": "Robinson and Graham.,? \\Q2015\\E",
        "shortCiteRegEx": "Robinson and Graham.",
        "year": 2015
      },
      {
        "title": "Adversarial manipulation of deep representations",
        "author": [
          "Sara Sabour",
          "Yanshuai Cao",
          "Fartash Faghri",
          "David J Fleet"
        ],
        "venue": "In ICLR,",
        "citeRegEx": "Sabour et al\\.,? \\Q2016\\E",
        "shortCiteRegEx": "Sabour et al\\.",
        "year": 2016
      },
      {
        "title": "Intriguing properties of neural networks",
        "author": [
          "Christian Szegedy",
          "Wojciech Zaremba",
          "Ilya Sutskever",
          "Joan Bruna",
          "Dumitru Erhan",
          "Ian Goodfellow",
          "Rob Fergus"
        ],
        "venue": "In ICLR,",
        "citeRegEx": "Szegedy et al\\.,? \\Q2014\\E",
        "shortCiteRegEx": "Szegedy et al\\.",
        "year": 2014
      },
      {
        "title": "Inception-v4, inceptionresnet and the impact of residual connections on learning",
        "author": [
          "Christian Szegedy",
          "Sergey Ioffe",
          "Vincent Vanhoucke",
          "Alex Alemi"
        ],
        "venue": "arXiv preprint arXiv:1602.07261,",
        "citeRegEx": "Szegedy et al\\.,? \\Q2016\\E",
        "shortCiteRegEx": "Szegedy et al\\.",
        "year": 2016
      },
      {
        "title": "Deep learning and the information bottleneck principle",
        "author": [
          "N Tishby",
          "N Zaslavsky"
        ],
        "venue": "In IEEE Information Theory Workshop,",
        "citeRegEx": "Tishby and Zaslavsky.,? \\Q2015\\E",
        "shortCiteRegEx": "Tishby and Zaslavsky.",
        "year": 2015
      },
      {
        "title": "The information bottleneck method",
        "author": [
          "N. Tishby",
          "F.C. Pereira",
          "W. Biale"
        ],
        "venue": "In The 37th annual Allerton Conf. on Communication, Control, and Computing,",
        "citeRegEx": "Tishby et al\\.,? \\Q1999\\E",
        "shortCiteRegEx": "Tishby et al\\.",
        "year": 1999
      },
      {
        "title": "Deep learning and the information bottleneck principle",
        "author": [
          "Naftali Tishby",
          "Noga Zaslavsky"
        ],
        "venue": "In Information Theory Workshop (ITW),",
        "citeRegEx": "Tishby and Zaslavsky.,? \\Q2015\\E",
        "shortCiteRegEx": "Tishby and Zaslavsky.",
        "year": 2015
      },
      {
        "title": "On the relation between identifiability, differential privacy and Mutual-Information privacy",
        "author": [
          "Weina Wang",
          "Lei Ying",
          "Junshan Zhang"
        ],
        "venue": "IEEE Trans. Inf. Theory,",
        "citeRegEx": "Wang et al\\.,? \\Q2016\\E",
        "shortCiteRegEx": "Wang et al\\.",
        "year": 2016
      },
      {
        "title": "Deep variational canonical correlation analysis",
        "author": [
          "Weiran Wang",
          "Honglak Lee",
          "Karen Livescu"
        ],
        "venue": "arXiv [cs.LG],",
        "citeRegEx": "Wang et al\\.,? \\Q2016\\E",
        "shortCiteRegEx": "Wang et al\\.",
        "year": 2016
      },
      {
        "title": "Here the aim is to take our dataX and maximize the mutual information contained in some encoding Z, while restricting how much information we allow our representation to contain about the identity of each data element in our sample (i)",
        "author": [
          "Slonim"
        ],
        "venue": null,
        "citeRegEx": "Slonim,? \\Q2005\\E",
        "shortCiteRegEx": "Slonim",
        "year": 2005
      }
    ],
    "referenceMentions": [
      {
        "referenceID": 35,
        "context": "We present a variational approximation to the information bottleneck of Tishby et al. (1999). This variational approach allows us to parameterize the information bottleneck model using a neural network and leverage the reparameterization trick for efficient training.",
        "startOffset": 72,
        "endOffset": 93
      },
      {
        "referenceID": 35,
        "context": "3 This approach is known as the information bottleneck (IB), and was first proposed in Tishby et al. (1999). Intuitively, the first term in RIB encourages Z to be predictive of Y ; the second term encourages Z to \u201cforget\u201d X .",
        "startOffset": 87,
        "endOffset": 108
      },
      {
        "referenceID": 9,
        "context": "The second case is when X , Y and Z are all jointly Gaussian (Chechik et al., 2005).",
        "startOffset": 61,
        "endOffset": 83
      },
      {
        "referenceID": 34,
        "context": "is when X , Y and Z are all discrete, as in Tishby et al. (1999); this can be used to cluster discrete data, such as words.",
        "startOffset": 44,
        "endOffset": 65
      },
      {
        "referenceID": 1,
        "context": "Variational bounds on mutual information have previously been explored in Agakov (2004), though not in conjunction with the information bottleneck objective.",
        "startOffset": 74,
        "endOffset": 88
      },
      {
        "referenceID": 1,
        "context": "Variational bounds on mutual information have previously been explored in Agakov (2004), though not in conjunction with the information bottleneck objective. Mohamed & Rezende (2015) also explore variational bounds on mutual information, and apply them to deep neural networks, but in the context of reinforcement learning.",
        "startOffset": 74,
        "endOffset": 183
      },
      {
        "referenceID": 1,
        "context": "Variational bounds on mutual information have previously been explored in Agakov (2004), though not in conjunction with the information bottleneck objective. Mohamed & Rezende (2015) also explore variational bounds on mutual information, and apply them to deep neural networks, but in the context of reinforcement learning. We recently discovered Chalk et al. (2016), who independently developed the same variational lower bound on the IB objective as us.",
        "startOffset": 74,
        "endOffset": 367
      },
      {
        "referenceID": 27,
        "context": ") In (Pereyra et al., 2016) they show that CP performs better than the simpler technique of label smoothing, in which we replace the zeros in the one-hot encoding of the labels by > 0, and then renormalize so that the distribution still sums to one. We will compare our VIB method to both the confidence penalty method and label smoothing in Section 4.1. In the unsupervised learning literature, our work is closely related to the work in Kingma & Welling (2014) on variational autoencoders.",
        "startOffset": 6,
        "endOffset": 463
      },
      {
        "referenceID": 15,
        "context": "The VAE objective, but with different values of \u03b2, was also explored in Higgins et al. (2016), but from a different perspective.",
        "startOffset": 72,
        "endOffset": 94
      },
      {
        "referenceID": 15,
        "context": "The VAE objective, but with different values of \u03b2, was also explored in Higgins et al. (2016), but from a different perspective. The method of Wang et al. (2016b) proposes a latent variable generative model of both x and y; their variational lower bound is closely related to ours, with the following differences.",
        "startOffset": 72,
        "endOffset": 163
      },
      {
        "referenceID": 20,
        "context": "Finally, the variational fair autoencoder of Louizos et al. (2016) shares with our paper the idea of ignoring parts of the input.",
        "startOffset": 45,
        "endOffset": 67
      },
      {
        "referenceID": 5,
        "context": "4 Even if our choice of encoding distribution and variational prior do not admit an analytic KL, we could similarly reparameterize through a sample of the divergence (Kingma & Welling, 2014; Blundell et al., 2015).",
        "startOffset": 166,
        "endOffset": 213
      },
      {
        "referenceID": 21,
        "context": "Second, we notice that, for small values of \u03b2, the test error 5 A dozen samples wasn\u2019t chosen for any particular reason, except the old addage that a dozen samples are sufficient, as mirrored in David MacKay\u2019s book (MacKay, 2003).",
        "startOffset": 215,
        "endOffset": 229
      },
      {
        "referenceID": 23,
        "context": "Most attacks fall into three broad categories: optimization-based attacks (Szegedy et al., 2013; Carlini & Wagner, 2016; Moosavi-Dezfooli et al., 2016; Papernot et al., 2015; Robinson & Graham, 2015; Sabour et al., 2016), which directly run an optimizer such as L-BFGS or ADAM (Kingma & Ba, 2015) on image pixels to find a minimal perturbation that changes the model\u2019s classification; single-step gradient-based attacks (Goodfellow et al.",
        "startOffset": 74,
        "endOffset": 220
      },
      {
        "referenceID": 27,
        "context": "Most attacks fall into three broad categories: optimization-based attacks (Szegedy et al., 2013; Carlini & Wagner, 2016; Moosavi-Dezfooli et al., 2016; Papernot et al., 2015; Robinson & Graham, 2015; Sabour et al., 2016), which directly run an optimizer such as L-BFGS or ADAM (Kingma & Ba, 2015) on image pixels to find a minimal perturbation that changes the model\u2019s classification; single-step gradient-based attacks (Goodfellow et al.",
        "startOffset": 74,
        "endOffset": 220
      },
      {
        "referenceID": 31,
        "context": "Most attacks fall into three broad categories: optimization-based attacks (Szegedy et al., 2013; Carlini & Wagner, 2016; Moosavi-Dezfooli et al., 2016; Papernot et al., 2015; Robinson & Graham, 2015; Sabour et al., 2016), which directly run an optimizer such as L-BFGS or ADAM (Kingma & Ba, 2015) on image pixels to find a minimal perturbation that changes the model\u2019s classification; single-step gradient-based attacks (Goodfellow et al.",
        "startOffset": 74,
        "endOffset": 220
      },
      {
        "referenceID": 16,
        "context": ", 2016), which directly run an optimizer such as L-BFGS or ADAM (Kingma & Ba, 2015) on image pixels to find a minimal perturbation that changes the model\u2019s classification; single-step gradient-based attacks (Goodfellow et al., 2014; Kurakin et al., 2016; Huang et al., 2015), which choose a gradient direction of the image pixels at some loss and then take a single step in that direction; and iterative gradient-based attacks (Kurakin et al.",
        "startOffset": 207,
        "endOffset": 274
      },
      {
        "referenceID": 25,
        "context": "Since the initial work by Szegedy et al. (2013) and Goodfellow et al.",
        "startOffset": 26,
        "endOffset": 48
      },
      {
        "referenceID": 14,
        "context": "(2013) and Goodfellow et al. (2014), many different adversaries have been proposed.",
        "startOffset": 11,
        "endOffset": 36
      },
      {
        "referenceID": 22,
        "context": "Recently, Moosavi-Dezfooli et al. (2016) showed how to create a \u201cuniversal\u201d adversarial perturbation \u03b4 that can be added to any image X in order to make M(X + \u03b4) 6= M(X) for a particular target model.",
        "startOffset": 10,
        "endOffset": 41
      },
      {
        "referenceID": 14,
        "context": "In this work, we focus on the Fast Gradient Sign (FGS) method proposed in Goodfellow et al. (2014) and the L2 optimization method proposed in Carlini & Wagner (2016).",
        "startOffset": 74,
        "endOffset": 99
      },
      {
        "referenceID": 14,
        "context": "In this work, we focus on the Fast Gradient Sign (FGS) method proposed in Goodfellow et al. (2014) and the L2 optimization method proposed in Carlini & Wagner (2016). FGS is a standard baseline attack that takes a single step in the gradient direction to generate the adversarial example.",
        "startOffset": 74,
        "endOffset": 166
      },
      {
        "referenceID": 14,
        "context": "In this work, we focus on the Fast Gradient Sign (FGS) method proposed in Goodfellow et al. (2014) and the L2 optimization method proposed in Carlini & Wagner (2016). FGS is a standard baseline attack that takes a single step in the gradient direction to generate the adversarial example. As originally described, FGS generates untargeted adversarial examples. On MNIST, Goodfellow et al. (2014) reported that FGS could generate adversarial examples that fooled a maxout network approximately 90% of the time with = 0.",
        "startOffset": 74,
        "endOffset": 396
      },
      {
        "referenceID": 31,
        "context": "In lieu of such a measure, it is common to compute the size of the perturbation using L0, L1, L2, and L\u221e norms (Szegedy et al., 2013; Goodfellow et al., 2014; Carlini & Wagner, 2016; Sabour et al., 2016).",
        "startOffset": 111,
        "endOffset": 203
      },
      {
        "referenceID": 24,
        "context": "6 There are also other adversaries that don\u2019t fall as cleanly into those categories, such as \u201cfooling images\u201d from Nguyen et al. (2014), which remove the human perceptual constraint, generating regular geometric patterns or noise patterns that networks confidently classify as natural images; and the idea of generating adversaries by stochastic search for images near the decision boundary of multiple networks from Baluja et al.",
        "startOffset": 115,
        "endOffset": 136
      },
      {
        "referenceID": 2,
        "context": "(2014), which remove the human perceptual constraint, generating regular geometric patterns or noise patterns that networks confidently classify as natural images; and the idea of generating adversaries by stochastic search for images near the decision boundary of multiple networks from Baluja et al. (2015). 7 Sabour et al.",
        "startOffset": 288,
        "endOffset": 309
      },
      {
        "referenceID": 2,
        "context": "(2014), which remove the human perceptual constraint, generating regular geometric patterns or noise patterns that networks confidently classify as natural images; and the idea of generating adversaries by stochastic search for images near the decision boundary of multiple networks from Baluja et al. (2015). 7 Sabour et al. (2016) proposes a variant of the targeted attack, A(XS ,M,XT , k)\u2192 X \u2032 S , where XS is the source image, XT is a target image, and k is a target layer in the model M .",
        "startOffset": 288,
        "endOffset": 333
      },
      {
        "referenceID": 2,
        "context": "(2014), which remove the human perceptual constraint, generating regular geometric patterns or noise patterns that networks confidently classify as natural images; and the idea of generating adversaries by stochastic search for images near the decision boundary of multiple networks from Baluja et al. (2015). 7 Sabour et al. (2016) proposes a variant of the targeted attack, A(XS ,M,XT , k)\u2192 X \u2032 S , where XS is the source image, XT is a target image, and k is a target layer in the model M . A produces X \u2032 S by minimizing the difference in activations of M at layer k between XT and X \u2032 S . The end result of this attack for a classification network is still that M(X \u2032 S) yields a target label implicitly specified by XT in a successful attack. 8 Carlini & Wagner (2016) shared their code with us, which allowed us to perform the attack with exactly the same parameters they used for their paper, including the maximum number of iterations and maximum C value (see their paper for details).",
        "startOffset": 288,
        "endOffset": 775
      },
      {
        "referenceID": 12,
        "context": "This can be explained by the theoretical framework of Fawzi et al. (2016). Their work proves that quadratic classifiers (e.",
        "startOffset": 54,
        "endOffset": 74
      },
      {
        "referenceID": 33,
        "context": "Architecture We make use of publicly available, pretrained checkpoints10 of Inception Resnet V2 (Szegedy et al., 2016) on ImageNet (Deng et al.",
        "startOffset": 96,
        "endOffset": 118
      },
      {
        "referenceID": 11,
        "context": ", 2016) on ImageNet (Deng et al., 2009).",
        "startOffset": 20,
        "endOffset": 39
      }
    ],
    "year": 2017,
    "abstractText": "We present a variational approximation to the information bottleneck of Tishby et al. (1999). This variational approach allows us to parameterize the information bottleneck model using a neural network and leverage the reparameterization trick for efficient training. We call this method \u201cDeep Variational Information Bottleneck\u201d, or Deep VIB. We show that models trained with the VIB objective outperform those that are trained with other forms of regularization, in terms of generalization performance and robustness to adversarial attack.",
    "creator": "LaTeX with hyperref package"
  }
}