{
  "name": "446.pdf",
  "metadata": {
    "source": "CRF",
    "title": "ADVERSARIALLY LEARNED INFERENCE",
    "authors": [
      "Vincent Dumoulin",
      "Ishmael Belghazi",
      "Ben Poole",
      "Olivier Mastropietro",
      "Alex Lamb",
      "Martin Arjovsky",
      "Aaron Courville"
    ],
    "emails": [
      "firstname.lastname@umontreal.ca.",
      "poole@cs.stanford.edu.",
      "martinarjovsky@gmail.com."
    ],
    "sections": [
      {
        "heading": "1 INTRODUCTION",
        "text": "Deep directed generative model has emerged as a powerful framework for modeling complex highdimensional datasets. These models permit fast ancestral sampling, but are often challenging to learn due to the complexities of inference. Recently, three classes of algorithms have emerged as effective for learning deep directed generative models: 1) techniques based on the Variational Autoencoder (VAE) that aim to improve the quality and efficiency of inference by learning an inference machine (Kingma & Welling, 2013; Rezende et al., 2014), 2) techniques based on Generative Adversarial Networks (GANs) that bypass inference altogether (Goodfellow et al., 2014) and 3) autoregressive approaches (van den Oord et al., 2016b;c;a) that forego latent representations and instead model the relationship between input variables directly. While all techniques are provably consistent given infinite capacity and data, in practice they learn very different kinds of generative models on typical datasets.\nVAE-based techniques learn an approximate inference mechanism that allows reuse for various auxiliary tasks, such as semi-supervised learning or inpainting. They do however suffer from a wellrecognized issue of the maximum likelihood training paradigm when combined with a conditional independence assumption on the output given the latent variables: they tend to distribute probability mass diffusely over the data space (Theis et al., 2015). The direct consequence of this is that image samples from VAE-trained models tend to be blurry (Goodfellow et al., 2014; Larsen et al., 2015). Autoregressive models produce outstanding samples but do so at the cost of slow sampling speed and foregoing the learning of an abstract representation of the data. GAN-based approaches represent a good compromise: they learn a generative model that produces higher-quality samples than the best VAE techniques (Radford et al., 2015; Larsen et al., 2015) without sacrificing sampling speed and also make use of a latent representation in the generation process. However, GANs lack an efficient inference mechanism, which prevents them from reasoning about data at an abstract level. For instance, GANs don\u2019t allow the sort of neural photo manipulations showcased in (Brock et al., 2016). Recently, efforts have aimed to bridge the gap between VAEs and GANs, to learn generative models with higher-quality samples while learning an efficient inference network (Larsen et al.,\n2015; Lamb et al., 2016; Dosovitskiy & Brox, 2016). While this is certainly a promising research direction, VAE-GAN hybrids tend to manifest a compromise of the strengths and weaknesses of both approaches.\nIn this paper, we propose a novel approach to integrate efficient inference within the GAN framework. Our approach, called Adversarially Learned Inference (ALI), casts the learning of both an inference machine (or encoder) and a deep directed generative model (or decoder) in an GAN-like adversarial framework. A discriminator is trained to discriminate joint samples of the data and the corresponding latent variable from the encoder (or approximate posterior) from joint samples from the decoder while in opposition, the encoder and the decoder are trained together to fool the discriminator. Not only are we asking the discriminator to distinguish synthetic samples from real data, but we are requiring it to distinguish between two joint distributions over the data space and the latent variables.\nWith experiments on the Street View House Numbers (SVHN) dataset (Netzer et al., 2011), the CIFAR-10 object recognition dataset (Krizhevsky & Hinton, 2009), the CelebA face dataset (Liu et al., 2015) and a downsampled version of the ImageNet dataset (Russakovsky et al., 2015), we show qualitatively that we maintain the high sample fidelity associated with the GAN framework, while gaining the ability to perform efficient inference. We show that the learned representation is useful for auxiliary tasks by achieving results competitive with the state-of-the-art on the semi-supervised SVHN and CIFAR10 tasks."
      },
      {
        "heading": "2 ADVERSARIALLY LEARNED INFERENCE",
        "text": "Consider the two following probability distributions over x and z:\n\u2022 the encoder joint distribution q(x, z) = q(x)q(z | x), \u2022 the decoder joint distribution p(x, z) = p(z)p(x | z).\nThese two distributions have marginals that are known to us: the encoder marginal q(x) is the empirical data distribution and the decoder marginal p(z) is usually defined to be a simple, factorized distribution, such as the standard Normal distribution p(z) = N (0, I). As such, the generative process between q(x, z) and p(x, z) is reversed.\nALI\u2019s objective is to match the two joint distributions. If this is achieved, then we are ensured that all marginals match and all conditional distributions also match. In particular, we are assured that the conditional q(z | x) matches the posterior p(z | x). In order to match the joint distributions, an adversarial game is played. Joint pairs (x, z) are drawn either from q(x, z) or p(x, z), and a discriminator network learns to discriminate between the two, while the encoder and decoder networks are trained to fool the discriminator.\nThe value function describing the game is given by:\nmin G max D\nV (D,G) = Eq(x)[log(D(x, Gz(x)))] + Ep(z)[log(1\u2212D(Gx(z), z))]\n= \u222b\u222b q(x)q(z | x) log(D(x, z))dxdz\n+ \u222b\u222b p(z)p(x | z) log(1\u2212D(x, z))dxdz.\n(1)\nAlgorithm 1 The ALI training procedure. \u03b8g, \u03b8d \u2190 initialize network parameters repeat\nx(1), . . . ,x(M) \u223c q(x) . Draw M samples from the dataset and the prior z(1), . . . ,z(M) \u223c p(z) z\u0302(i) \u223c q(z | x = x(i)), i = 1, . . . ,M . Sample from the conditionals x\u0303(j) \u223c p(x | z = z(j)), j = 1, . . . ,M \u03c1 (i) q \u2190 D(x(i), z\u0302(i)), i = 1, . . . ,M . Compute discriminator predictions \u03c1 (j) p \u2190 D(x\u0303(j), z(j)), j = 1, . . . ,M Ld \u2190 \u2212 1M \u2211M i=1 log(\u03c1 (i) q )\u2212 1M \u2211M j=1 log(1\u2212 \u03c1 (j) p ) . Compute discriminator loss\nLg \u2190 \u2212 1M \u2211M i=1 log(1\u2212 \u03c1 (i) q )\u2212 1M \u2211M j=1 log(\u03c1 (j) p ) . Compute generator loss \u03b8d \u2190 \u03b8d \u2212\u2207\u03b8dLd . Gradient update on discriminator network \u03b8g \u2190 \u03b8g \u2212\u2207\u03b8gLg . Gradient update on generator networks\nuntil convergence\nAn attractive property of adversarial approaches is that they do not require that the conditional densities can be computed; they only require that they can be sampled from in a way that allows gradient backpropagation. In the case of ALI, this means that gradients should propagate from the discriminator network to the encoder and decoder networks.\nThis can be done using the the reparametrization trick (Kingma, 2013; Bengio et al., 2013b;a). Instead of sampling directly from the desired distribution, the random variable is computed as a deterministic transformation of some noise such that its distribution is the desired distribution. For instance, if q(z | x) = N (\u00b5(x), \u03c32(x)I), one can draw samples by computing\nz = \u00b5(x) + \u03c3(x) , \u223c N (0, I). (2)\nMore generally, one can employ a change of variable of the form\nv = f(u, ) (3)\nwhere is some random source of noise.\nThe discriminator is trained to distinguish between samples from the encoder (x, z\u0302) \u223c q(x, z) and samples from the decoder (x\u0303, z) \u223c p(x, z). The generator is trained to fool the discriminator, i.e., to generate x, z pairs from q(x, z) or p(x, z) that are indistinguishable one from another. See Figure 1 for a diagram of the adversarial game and Algorithm 1 for an algorithmic description of the procedure.\nIn such a setting, and under the assumption of an optimal discriminator, the generator minimizes the Jensen-Shannon divergence (Lin, 1991) between q(x, z) and p(x, z). This can be shown using the same proof sketch as in the original GAN paper (Goodfellow et al., 2014)."
      },
      {
        "heading": "2.1 RELATION TO GAN",
        "text": "ALI bears close resemblance to GAN, but it differs from it in the two following ways:\n\u2022 The generator has two components: the encoder, Gz(x), which maps data samples x to z-space, and the decoder Gx(z), which maps samples from the prior p(z) (a source of noise) to the input space. \u2022 The discriminator is trained to distinguish between joint pairs (x, z\u0302 = Gx(x)) and (x\u0303 = Gx(z), z), as opposed to marginal samples x \u223c q(x) and x\u0303 \u223c p(x)."
      },
      {
        "heading": "2.2 ALTERNATIVE APPROACHES TO FEEDFORWARD INFERENCE IN GANS",
        "text": "The ALI training procedure is not the only way one could learn a feedforward inference network in a GAN setting.\nIn recent work, Chen et al. (2016) introduce a model called InfoGAN which minimizes the mutual information between a subset c of the latent code and x through the use of an auxiliary distribution\nQ(c | x). However, this does not correspond to full inference on z, as only the value for c is inferred. Additionally, InfoGAN requires thatQ(c | x) is a tractable approximate posterior that can be sampled from and evaluated. ALI only requires that inference networks can be sampled from, allowing it to represent arbitrarily complex posterior distributions.\nOne could learn the inverse mapping from GAN samples: this corresponds to learning an encoder to reconstruct z, i.e. finding an encoder such that Ez\u223cp(z)[\u2016z \u2212Gz(Gx(z))\u201622] \u2248 0. We are not aware of any work that reports results for this approach. This resembles the InfoGAN learning procedure but with a fixed generative model and a factorial Gaussian posterior with a fixed diagonal variance.\nAlternatively, one could decompose training into two phases. In the first phase, a GAN is trained normally. In the second phase, the GAN\u2019s decoder is frozen and an encoder is trained following the ALI procedure (i.e., a discriminator taking both x and z as input is introduced). We call this post-hoc learned inference. In this setting, the encoder and the decoder cannot interact together during training and the encoder must work with whatever the decoder has learned during GAN training. Post-hoc learned inference may be suboptimal if this interaction is beneficial to modeling the data distribution."
      },
      {
        "heading": "2.3 GENERATOR VALUE FUNCTION",
        "text": "As with GANs, when ALI\u2019s discriminator gets too far ahead, its generator may have a hard time minimizing the value function in Equation 1. If the discriminator\u2019s output is sigmoidal, then the gradient of the value function with respect to the discriminator\u2019s output vanishes to zero as the output saturates.\nAs a workaround, the generator is trained to maximize\nV \u2032(D,G) = Eq(x)[log(1\u2212D(x, Gz(x)))] + Ep(z)[log(D(Gx(z), z))] (4)\nwhich has the same fixed points but whose gradient is stronger when the discriminator\u2019s output saturates.\nThe adversarial game does not require an analytical expression for the joint distributions. This means we can introduce variable changes without having to know the explicit distribution over the new variable. For instance, sampling from p(z) could be done by sampling \u223c N (0, I) and passing it through an arbitrary differentiable function z = f( ).\nHowever, gradient propagation into the encoder and decoder networks relies on the reparametrization trick, which means that ALI is not directly applicable to either applications with discrete data or to models with discrete latent variables."
      },
      {
        "heading": "2.4 DISCRIMINATOR OPTIMALITY",
        "text": "Proposition 1. Given a fixed generator G, the optimal discriminator is given by\nD\u2217(x, z) = q(x, z)\nq(x, z) + p(x, z) . (5)\nProof. For a fixed generator G, the complete data value function is\nV (D,G) = Ex,z\u223cq(x,z)[log(D(x, z))] + Ex,z\u223cp(x,z)[log(1\u2212D(x, z))]. (6)\nThe result follows by the concavity of the log and the simplified Euler-Lagrange equation first order conditions on (x, z)\u2192 D(x, z)."
      },
      {
        "heading": "2.5 RELATIONSHIP WITH THE JENSEN-SHANNON DIVERGENCE",
        "text": "Proposition 2. Under an optimal discriminator D\u2217, the generator minimizes the Jensen-Shanon divergence which attains its minimum if and only if q(x, z) = p(x, z).\nProof. The proof is a straightforward extension of the proof in Goodfellow et al. (2014)."
      },
      {
        "heading": "2.6 INVERTIBILITY",
        "text": "Proposition 3. Assuming optimal discriminator D and generator G. If the encoder Gx is deterministic, then Gx = G\u22121z and Gz = G \u22121 x almost everywhere.\nSketch of proof. Consider the event R = {x : \u2016x \u2212 (Gx \u25e6 Gz)(x))\u2016 > } for some positive . This set can be seen as a section of the (x, z) space over the elements z such that z = Gz(x). The generator being optimal, the probabilities of R under p(x, z) and q(x, z) are equal. Now p(x | z) = \u03b4x\u2212Gx(z), where \u03b4 is the Dirac delta distribution. This is enough to show that there are no x satisfying the event R and thus Gx = G\u22121z almost everywhere. By symmetry, the same argument can be applied to show that Gz = G\u22121x . The complete proof is given in (Donahue et al., 2016), in which the authors independently examine the same model structure under the name Bidirectional GAN (BiGAN)."
      },
      {
        "heading": "3 RELATED WORK",
        "text": "Other recent papers explore hybrid approaches to generative modeling. One such approach is to relax the probabilistic interpretation of the VAE model by replacing either the KL-divergence term or the reconstruction term with variants that have better properties. The adversarial autoencoder model (Makhzani et al., 2015) replaces the KL-divergence term with a discriminator that is trained to distinguish between approximate posterior and prior samples, which provides a more flexible approach to matching the marginal q(z) and the prior. Other papers explore replacing the reconstruction term with either GANs or auxiliary networks. Larsen et al. (2015) collapse the decoder of a VAE and the generator of a GAN into one network in order to supplement the reconstruction loss with a learned similarity metric. Lamb et al. (2016) use the hidden layers of a pre-trained classifier as auxiliary reconstruction losses to help the VAE focus on higher-level details when reconstructing. Dosovitskiy & Brox (2016) combine both ideas into a unified loss function.\nALI\u2019s approach is also reminiscent of the adversarial autoencoder model, which employs a GAN to distinguish between samples from the approximate posterior distribution q(z | x) and prior samples. However, unlike adversarial autoencoders, no explicit reconstruction loss is being optimized in ALI, and the discriminator receives joint pairs of samples (x, z) rather than marginal z samples.\nIndependent work by Donahue et al. (2016) proposes the same model under the name Bidirectional GAN (BiGAN), in which the authors emphasize the learned features\u2019 usefulness for auxiliary supervised and semi-supervised tasks. The main difference in terms of experimental setting is that they use a deterministic q(z | x) network, whereas we use a stochastic network. In our experience, this does not make a big difference when x is a deterministic function of z as the stochastic inference networks tend to become determinstic as training progresses. When using stochastic mappings from z to x, the additional flexiblity of stochastic posteriors is critical."
      },
      {
        "heading": "4 EXPERIMENTAL RESULTS",
        "text": "We applied ALI to four different datasets, namely CIFAR10 (Krizhevsky & Hinton, 2009), SVHN (Netzer et al., 2011), CelebA (Liu et al., 2015) and a center-cropped, 64\u00d7 64 version of the ImageNet dataset (Russakovsky et al., 2015).1\nTransposed convolutions are used in Gx(z). This operation corresponds to the transpose of the matrix representation of a convolution, i.e., the gradient of the convolution with respect to its inputs. For more details about transposed convolutions and related operations, see Dumoulin & Visin (2016); Shi et al. (2016); Odena et al. (2016)."
      },
      {
        "heading": "4.1 SAMPLES AND RECONSTRUCTIONS",
        "text": "For each dataset, samples are presented (Figures 2a, 3a 4a and 5a). They exhibit the same image fidelity as samples from other adversarially-trained models.\n1 The code for all experiments can be found at https://github.com/IshmaelBelghazi/ALI. Readers can also consult the accompanying website at https://ishmaelbelghazi.github.io/ALI.\nWe also qualitatively evaluate the fit between the conditional distribution q(z | x) and the posterior distribution p(z | x) by sampling z\u0302 \u223c q(z | x) and x\u0302 \u223c p(x | z = z\u0302) (Figures 2b, 3b, 4b and 5b). This corresponds to reconstructing the input in a VAE setting. Note that the ALI training objective does not involve an explicit reconstruction loss.\nWe observe that reconstructions are not always faithful reproductions of the inputs. They retain the same crispness and quality characteristic to adversarially-trained models, but oftentimes make mistakes in capturing exact object placement, color, style and (in extreme cases) object identity. The extent to which reconstructions deviate from the inputs varies between datasets: on CIFAR10, which arguably constitutes a more complex input distribution, the model exhibits less faithful reconstructions. This leads us to believe that poor reconstructions are a sign of underfitting.\nThis failure mode represents an interesting departure from the bluriness characteristic to the typical VAE setup. We conjecture that in the underfitting regime, the latent variable representation learned by ALI is potentially more invariant to less interesting factors of variation in the input and do not devote model capacity to capturing these factors."
      },
      {
        "heading": "4.2 LATENT SPACE INTERPOLATIONS",
        "text": "As a sanity check for overfitting, we look at latent space interpolations between validation set examples (Figure 6). We sample pairs of validation set examples x1 and x2 and project them into z1 and z2 by sampling from the encoder. We then linearly interpolate between z1 and z2 and pass the intermediary points through the decoder to plot the input-space interpolations.\nWe observe smooth transitions between pairs of examples, and intermediary images remain believable. This is an indicator that ALI is not concentrating its probability mass exclusively around training examples, but rather has learned latent features that generalize well."
      },
      {
        "heading": "4.3 SEMI-SUPERVISED LEARNING",
        "text": "We investigate the usefulness of the latent representation learned by ALI through semi-supervised benchmarks on SVHN and CIFAR10.\nWe first compare with GAN on SVHN by following the procedure outlined in Radford et al. (2015). We train an L2-SVM on the learned representations of a model trained on SVHN. The last three hidden layers of the encoder as well as its output are concatenated to form a 8960-dimensional feature vector. A 10,000 example held-out validation set is taken from the training set and is used for model selection. The SVM is trained on 1000 examples taken at random from the remainder of the training set. The test error rate is measured for 100 different SVMs trained on different random 1000-example training sets, and the average error rate is measured along with its standard deviation.\nUsing ALI\u2019s inference network as opposed to the discriminator to extract features, we achieve a misclassification rate that is roughly 3.00 \u00b1 0.50% lower than reported in Radford et al. (2015) (Table 1), which suggests that ALI\u2019s inference mechanism is beneficial to the semi-supervised learning task.\nWe then investigate ALI\u2019s performance when label information is taken into account during training. We adapt the discriminative model proposed in Salimans et al. (2016). The discriminator takes x and z as input and outputs a distribution over K + 1 classes, where K is the number of categories. When label information is available for q(x, z) samples, the discriminator is expected to predict the label. When no label information is available, the discriminator is expected to predict K + 1 for p(x, z) samples and k \u2208 {1, . . . ,K} for q(x, z) samples. Interestingly, Salimans et al. (2016) found that they required an alternative training strategy for the generator where it tries to match first-order statistics in the discriminator\u2019s intermediate activations with respect to the data distribution (they refer to this as feature matching). We found that ALI did not require feature matching to obtain comparable results. We achieve results competitive with the state-of-the-art, as shown in Tables 1 and 2. Table 2 shows that ALI offers a modest improvement over Salimans et al. (2016), more specifically for 1000 and 2000 labeled examples.\nWe are still investigating the differences between ALI and GAN with respect to feature matching, but we conjecture that the latent representation learned by ALI is better untangled with respect to the classification task and that it generalizes better."
      },
      {
        "heading": "4.4 CONDITIONAL GENERATION",
        "text": "We extend ALI to match a conditional distribution. Let y represent a fully observed conditioning variable. In this setting, the value function reads\nmin G max D V (D,G) = Eq(x) p(y)[log(D(x, Gz(x,y),y))] +Ep(z) p(y)[log(1\u2212D(Gx(z,y), z,y))] (7) We apply the conditional version of ALI to CelebA using the dataset\u2019s 40 binary attributes. The attributes are linearly embedded in the encoder, decoder and discriminator. We observe how a single element of the latent space z changes with respect to variations in the attributes vector y. Conditional samples are shown in Figure 7."
      },
      {
        "heading": "4.5 IMPORTANCE OF LEARNING INFERENCE JOINTLY WITH GENERATION",
        "text": "To highlight the role of the inference network during learning, we performed an experiment on a toy dataset for which q(x) is a 2D gaussian mixture with 25 mixture components laid out on a grid. The covariance matrices and centroids have been chosen such that the distribution exhibits lots of modes separated by large low-probability regions, which makes it a decently hard task despite the 2D nature of the dataset.\nWe trained ALI and GAN on 100,000 q(x) samples. The decoder and discriminator architectures are identical between ALI and GAN (except for the input of the discriminator, which receives the concatenation of x and z in the ALI case). Each model was trained 10 times using Adam (Kingma & Ba, 2014) with random learning rate and \u03b21 values, and the weights were initialized by drawing from a gaussian distribution with a random standard deviation.\nWe measured the extent to which the trained models covered all 25 modes by drawing 10,000 samples from their p(x) distribution and assigning each sample to a q(x) mixture component according to the mixture responsibilities. We defined a dropped mode as one that wasn\u2019t assigned to any sample. Using this definition, we found that ALI models covered 13.4\u00b1 5.8 modes on average (min: 8, max: 25) while GAN models covered 10.4\u00b1 9.2 modes on average (min: 1, max: 22).\nWe then selected the best-covering ALI and GAN models, and the GAN model was augmented with an encoder using the learned inverse mapping and post-hoc learned inference procedures outlined in subsection 2.2. The encoders learned for GAN inference have the same architecture as ALI\u2019s encoder. We also trained a VAE with the same encoder-decoder architecture as ALI to outline the qualitative differences between ALI and VAE models.\nWe then compared each model\u2019s inference capabilities by reconstructing 10,000 held-out samples from q(x). Figure 8 summarizes the experiment. We observe the following:\n\u2022 The ALI encoder models a marginal distribution q(z) that matches p(z) fairly well (row 2, column a). The learned representation does a decent job at clustering and organizing the different mixture components.\n\u2022 The GAN generator (row 5, columns b-c) has more trouble reaching all the modes than the ALI generator (row 5, column a), even over 10 runs of hyperparameter search.\n\u2022 Learning an inverse mapping from GAN samples does not work very well: the encoder has trouble covering the prior marginally and the way it clusters mixture components is not very well organized (row 2, column b). As discussed in subsection 2.2, reconstructions suffer from the generator dropping modes.\n\u2022 Learning inference post-hoc doesn\u2019t work as well as training the encoder and the decoder jointly. As had been hinted at in subsection 2.2, it appears that adversarial training benefits\nfrom learning inference at training time in terms of mode coverage. This also negatively impacts how the latent space is organized (row 2, column c). However, it appears to be better at matching q(z) and p(z) than when inference is learned through inverse mapping from GAN samples.\n\u2022 Due to the nature of the loss function being optimized, the VAE model covers all modes easily (row 5, column d) and excels at reconstructing data samples (row 3, column d). However, they have a much more pronounced tendency to smear out their probability density (row 5, column d) and leave \u201choles\u201d in q(z) (row 2, column d). Note however that recent approaches such as Inverse Autoregressive Flow (Kingma et al., 2016) may be used to improve on this, at the cost of a more complex mathematical framework.\nIn summary, this experiment provides evidence that adversarial training benefits from learning an inference mechanism jointly with the decoder. Furthermore, it shows that our proposed approach for learning inference in an adversarial setting is superior to the other approaches investigated."
      },
      {
        "heading": "5 CONCLUSION",
        "text": "We introduced the adversarially learned inference (ALI) model, which jointly learns a generation network and an inference network using an adversarial process. The model learns mutually coherent inference and generation networks, as exhibited by its reconstructions. The induced latent variable mapping is shown to be useful, achieving results competitive with the state-of-the-art on the semisupervised SVHN and CIFAR10 tasks."
      },
      {
        "heading": "ACKNOWLEDGMENTS",
        "text": "The authors would like to acknowledge the support of the following agencies for research funding and computing support: NSERC, Calcul Qu\u00e9bec, Compute Canada. We would also like to thank the developers of Theano (Bergstra et al., 2010; Bastien et al., 2012; Theano Development Team, 2016), Blocks and Fuel (van Merri\u00ebnboer et al., 2015), which were used extensively for the paper. Finally, we would like to thank Yoshua Bengio, David Warde-Farley, Yaroslav Ganin and Laurent Dinh for their valuable feedback."
      },
      {
        "heading": "A HYPERPARAMETERS",
        "text": "Operation Kernel Strides Feature maps BN? Dropout Nonlinearity\nGz(x) \u2013 3\u00d7 32\u00d7 32 input Convolution 5\u00d7 5 1\u00d7 1 32\n\u221a 0.0 Leaky ReLU\nConvolution 4\u00d7 4 2\u00d7 2 64 \u221a\n0.0 Leaky ReLU Convolution 4\u00d7 4 1\u00d7 1 128 \u221a 0.0 Leaky ReLU Convolution 4\u00d7 4 2\u00d7 2 256 \u221a\n0.0 Leaky ReLU Convolution 4\u00d7 4 1\u00d7 1 512 \u221a 0.0 Leaky ReLU Convolution 1\u00d7 1 1\u00d7 1 512 \u221a\n0.0 Leaky ReLU Convolution 1\u00d7 1 1\u00d7 1 128 \u00d7 0.0 Linear\nGx(z) \u2013 64\u00d7 1\u00d7 1 input Transposed convolution 4\u00d7 4 1\u00d7 1 256\n\u221a 0.0 Leaky ReLU\nTransposed convolution 4\u00d7 4 2\u00d7 2 128 \u221a\n0.0 Leaky ReLU Transposed convolution 4\u00d7 4 1\u00d7 1 64 \u221a 0.0 Leaky ReLU Transposed convolution 4\u00d7 4 2\u00d7 2 32 \u221a\n0.0 Leaky ReLU Transposed convolution 5\u00d7 5 1\u00d7 1 32 \u221a 0.0 Leaky ReLU\nConvolution 1\u00d7 1 1\u00d7 1 32 \u221a\n0.0 Leaky ReLU Convolution 1\u00d7 1 1\u00d7 1 3 \u00d7 0.0 Sigmoid\nD(x) \u2013 3\u00d7 32\u00d7 32 input Convolution 5\u00d7 5 1\u00d7 1 32 \u00d7 0.2 Maxout Convolution 4\u00d7 4 2\u00d7 2 64 \u00d7 0.5 Maxout Convolution 4\u00d7 4 1\u00d7 1 128 \u00d7 0.5 Maxout Convolution 4\u00d7 4 2\u00d7 2 256 \u00d7 0.5 Maxout Convolution 4\u00d7 4 1\u00d7 1 512 \u00d7 0.5 Maxout\nD(z) \u2013 64\u00d7 1\u00d7 1 input Convolution 1\u00d7 1 1\u00d7 1 512 \u00d7 0.2 Maxout Convolution 1\u00d7 1 1\u00d7 1 512 \u00d7 0.5 Maxout\nD(x, z) \u2013 1024\u00d7 1\u00d7 1 input Concatenate D(x) and D(z) along the channel axis\nConvolution 1\u00d7 1 1\u00d7 1 1024 \u00d7 0.5 Maxout Convolution 1\u00d7 1 1\u00d7 1 1024 \u00d7 0.5 Maxout Convolution 1\u00d7 1 1\u00d7 1 1 \u00d7 0.5 Sigmoid\nOptimizer Adam (\u03b1 = 10\u22124, \u03b21 = 0.5, \u03b22 = 10\u22123) Batch size 100\nEpochs 6475 Leaky ReLU slope, maxout pieces 0.1, 2\nWeight, bias initialization Isotropic gaussian (\u00b5 = 0, \u03c3 = 0.01), Constant(0)\nTable 3: CIFAR10 model hyperparameters (unsupervised). Maxout layers (Goodfellow et al., 2013) are used in the discriminator.\nOperation Kernel Strides Feature maps BN? Dropout Nonlinearity\nGz(x) \u2013 3\u00d7 32\u00d7 32 input Convolution 5\u00d7 5 1\u00d7 1 32\n\u221a 0.0 Leaky ReLU\nConvolution 4\u00d7 4 2\u00d7 2 64 \u221a\n0.0 Leaky ReLU Convolution 4\u00d7 4 1\u00d7 1 128 \u221a 0.0 Leaky ReLU Convolution 4\u00d7 4 2\u00d7 2 256 \u221a\n0.0 Leaky ReLU Convolution 4\u00d7 4 1\u00d7 1 512 \u221a 0.0 Leaky ReLU Convolution 1\u00d7 1 1\u00d7 1 512 \u221a\n0.0 Leaky ReLU Convolution 1\u00d7 1 1\u00d7 1 512 \u00d7 0.0 Linear\nGx(z) \u2013 256\u00d7 1\u00d7 1 input Transposed convolution 4\u00d7 4 1\u00d7 1 256\n\u221a 0.0 Leaky ReLU\nTransposed convolution 4\u00d7 4 2\u00d7 2 128 \u221a\n0.0 Leaky ReLU Transposed convolution 4\u00d7 4 1\u00d7 1 64 \u221a 0.0 Leaky ReLU Transposed convolution 4\u00d7 4 2\u00d7 2 32 \u221a\n0.0 Leaky ReLU Transposed convolution 5\u00d7 5 1\u00d7 1 32 \u221a 0.0 Leaky ReLU\nConvolution 1\u00d7 1 1\u00d7 1 32 \u221a\n0.0 Leaky ReLU Convolution 1\u00d7 1 1\u00d7 1 3 \u00d7 0.0 Sigmoid\nD(x) \u2013 3\u00d7 32\u00d7 32 input Convolution 5\u00d7 5 1\u00d7 1 32 \u00d7 0.2 Leaky ReLU Convolution 4\u00d7 4 2\u00d7 2 64 \u221a 0.2 Leaky ReLU\nConvolution 4\u00d7 4 1\u00d7 1 128 \u221a\n0.2 Leaky ReLU Convolution 4\u00d7 4 2\u00d7 2 256 \u221a 0.2 Leaky ReLU Convolution 4\u00d7 4 1\u00d7 1 512 \u221a\n0.2 Leaky ReLU D(z) \u2013 256\u00d7 1\u00d7 1 input\nConvolution 1\u00d7 1 1\u00d7 1 512 \u00d7 0.2 Leaky ReLU Convolution 1\u00d7 1 1\u00d7 1 512 \u00d7 0.2 Leaky ReLU\nD(x, z) \u2013 1024\u00d7 1\u00d7 1 input Concatenate D(x) and D(z) along the channel axis\nOperation Kernel Strides Feature maps BN? Dropout Nonlinearity\nGz(x) \u2013 3\u00d7 64\u00d7 64 input Convolution 2\u00d7 2 1\u00d7 1 64\n\u221a 0.0 Leaky ReLU\nConvolution 7\u00d7 7 2\u00d7 2 128 \u221a\n0.0 Leaky ReLU Convolution 5\u00d7 5 2\u00d7 2 256 \u221a 0.0 Leaky ReLU Convolution 7\u00d7 7 2\u00d7 2 256 \u221a\n0.0 Leaky ReLU Convolution 4\u00d7 4 1\u00d7 1 512 \u221a 0.0 Leaky ReLU\nConvolution 1\u00d7 1 1\u00d7 1 512 \u00d7 0.0 Linear Gx(z) \u2013 512\u00d7 1\u00d7 1 input\nTransposed convolution 4\u00d7 4 1\u00d7 1 512 \u221a\n0.0 Leaky ReLU Transposed convolution 7\u00d7 7 2\u00d7 2 256 \u221a 0.0 Leaky ReLU Transposed convolution 5\u00d7 5 2\u00d7 2 256 \u221a\n0.0 Leaky ReLU Transposed convolution 7\u00d7 7 2\u00d7 2 128 \u221a 0.0 Leaky ReLU Transposed convolution 2\u00d7 2 1\u00d7 1 64 \u221a\n0.0 Leaky ReLU Convolution 1\u00d7 1 1\u00d7 1 3 \u00d7 0.0 Sigmoid\nD(x) \u2013 3\u00d7 64\u00d7 64 input Convolution 2\u00d7 2 1\u00d7 1 64\n\u221a 0.0 Leaky ReLU\nConvolution 7\u00d7 7 2\u00d7 2 128 \u221a\n0.0 Leaky ReLU Convolution 5\u00d7 5 2\u00d7 2 256 \u221a 0.0 Leaky ReLU Convolution 7\u00d7 7 2\u00d7 2 256 \u221a\n0.0 Leaky ReLU Convolution 4\u00d7 4 1\u00d7 1 512 \u221a 0.0 Leaky ReLU\nD(z) \u2013 512\u00d7 1\u00d7 1 input Convolution 1\u00d7 1 1\u00d7 1 1024 \u00d7 0.2 Leaky ReLU Convolution 1\u00d7 1 1\u00d7 1 1024 \u00d7 0.2 Leaky ReLU\nD(x, z) \u2013 1024\u00d7 1\u00d7 1 input Concatenate D(x) and D(z) along the channel axis\nOperation Kernel Strides Feature maps BN? Dropout Nonlinearity\nGz(x) \u2013 3\u00d7 64\u00d7 64 input Convolution 4\u00d7 4 2\u00d7 2 64\n\u221a 0.0 Leaky ReLU\nConvolution 4\u00d7 4 1\u00d7 1 64 \u221a\n0.0 Leaky ReLU Convolution 4\u00d7 4 2\u00d7 2 128 \u221a 0.0 Leaky ReLU Convolution 4\u00d7 4 1\u00d7 1 128 \u221a\n0.0 Leaky ReLU Convolution 4\u00d7 4 2\u00d7 2 256 \u221a 0.0 Leaky ReLU Convolution 4\u00d7 4 1\u00d7 1 256 \u221a\n0.0 Leaky ReLU Convolution 1\u00d7 1 1\u00d7 1 2048 \u221a 0.0 Leaky ReLU Convolution 1\u00d7 1 1\u00d7 1 2048 \u221a\n0.0 Leaky ReLU Convolution 1\u00d7 1 1\u00d7 1 512 \u00d7 0.0 Linear\nGx(z) \u2013 256\u00d7 1\u00d7 1 input Convolution 1\u00d7 1 1\u00d7 1 2048\n\u221a 0.0 Leaky ReLU\nConvolution 1\u00d7 1 1\u00d7 1 256 \u221a\n0.0 Leaky ReLU Transposed convolution 4\u00d7 4 1\u00d7 1 256 \u221a 0.0 Leaky ReLU Transposed convolution 4\u00d7 4 2\u00d7 2 128 \u221a\n0.0 Leaky ReLU Transposed convolution 4\u00d7 4 1\u00d7 1 128 \u221a 0.0 Leaky ReLU Transposed convolution 4\u00d7 4 2\u00d7 2 64 \u221a\n0.0 Leaky ReLU Transposed convolution 4\u00d7 4 1\u00d7 1 64 \u221a 0.0 Leaky ReLU Transposed convolution 4\u00d7 4 2\u00d7 2 64 \u221a\n0.0 Leaky ReLU Convolution 1\u00d7 1 1\u00d7 1 3 \u00d7 0.0 Sigmoid\nD(x) \u2013 3\u00d7 64\u00d7 64 input Convolution 4\u00d7 4 2\u00d7 2 64 \u00d7 0.2 Leaky ReLU Convolution 4\u00d7 4 1\u00d7 1 64 \u221a 0.2 Leaky ReLU\nConvolution 4\u00d7 4 2\u00d7 2 128 \u221a\n0.2 Leaky ReLU Convolution 4\u00d7 4 1\u00d7 1 128 \u221a 0.2 Leaky ReLU Convolution 4\u00d7 4 2\u00d7 2 256 \u221a\n0.2 Leaky ReLU Convolution 4\u00d7 4 1\u00d7 1 256 \u221a 0.2 Leaky ReLU\nD(z) \u2013 256\u00d7 1\u00d7 1 input Convolution 1\u00d7 1 1\u00d7 1 2048 \u00d7 0.2 Leaky ReLU Convolution 1\u00d7 1 1\u00d7 1 2048 \u00d7 0.2 Leaky ReLU\nD(x, z) \u2013 2304\u00d7 1\u00d7 1 input Concatenate D(x) and D(z) along the channel axis"
      },
      {
        "heading": "B A GENERATIVE STORY FOR ALI",
        "text": "The Circle of Infinite Painters is a very prolific artistic group. Very little is known about the Circle, but what we do know is that it is composed of two very brilliant artists. It has produced new paintings almost daily for more than twenty years, each one more beautiful than the others. Not only are the paintings exquisite, but their title and description is by itself a literary masterpiece.\nHowever, some scholars believe that things might not be as they appear: certain discrepancies in the Circle\u2019s body of work hints at the Circle being composed of more than one artistic duo. This is what Joseph Discriminator, art critique and world expert on the Circle, believes. He\u2019s recently been working intensively on the subject. Without knowing it, he\u2019s right: the Circle is not one, but two artistic duos.\nXavier and Zach Prior form the creative component of the group. Xavier is a painter and can, in one hour and starting from nothing, produce a painting that would make any great painter jealous. Impossible however for him to explain what he\u2019s done: he works by intuition alone. Zach is an author and his literary talent equals Xavier\u2019s artistic talent. His verb is such that the scenes he describes could just as well be real.\nBy themselves, the Prior brothers cannot collaborate: Xavier can\u2019t paint anything from a description and Zach is bored to death with the idea of describing anything that does not come out of his head. This is why the Prior brothers depend on the Conditional sisters so much.\nZelda Conditional has an innate descriptive talent: she can examine a painting and describe it so well that the original would seem like an imitation. Xena Conditional has a technical mastery of painting that allows her to recreate everything that\u2019s described to her in the most minute details. However, their creativity is inversely proportional to their talent: by themselves, they cannot produce anything of interest.\nAs such, the four members of the Circle work in pairs. What Xavier paints, Zelda describes, and what Zach describes, Xena paints. They all work together to fulfill the same vision of a unified Circle of Infinite Painters, a whole greater than the sum of its parts.\nThis is why Joseph Discriminator\u2019s observations bother them so much. Secretly, the Circle put Mr. Discriminator under surveillance. Whatever new observation he\u2019s made, they know right away and work on attenuating the differences to maintain the illusion of a Circle of Infinite Painters made of a single artistic duo.\nWill the Circle reach this ideal, or will it be unmasked by Mr. Discriminator?"
      }
    ],
    "references": [
      {
        "title": "Theano: new features and speed improvements",
        "author": [
          "Fr\u00e9d\u00e9ric Bastien",
          "Pascal Lamblin",
          "Razvan Pascanu",
          "James Bergstra",
          "Ian Goodfellow",
          "Arnaud Bergeron",
          "Nicolas Bouchard",
          "David Warde-Farley",
          "Yoshua Bengio"
        ],
        "venue": "arXiv preprint arXiv:1211.5590,",
        "citeRegEx": "Bastien et al\\.,? \\Q2012\\E",
        "shortCiteRegEx": "Bastien et al\\.",
        "year": 2012
      },
      {
        "title": "Estimating or propagating gradients through stochastic neurons for conditional computation",
        "author": [
          "Yoshua Bengio",
          "Nicholas L\u00e9onard",
          "Aaron Courville"
        ],
        "venue": "arXiv preprint arXiv:1308.3432,",
        "citeRegEx": "Bengio et al\\.,? \\Q2013\\E",
        "shortCiteRegEx": "Bengio et al\\.",
        "year": 2013
      },
      {
        "title": "Deep generative stochastic networks trainable by backprop",
        "author": [
          "Yoshua Bengio",
          "Eric Thibodeau-Laufer",
          "Guillaume Alain",
          "Jason Yosinski"
        ],
        "venue": "arXiv preprint arXiv:1306.1091,",
        "citeRegEx": "Bengio et al\\.,? \\Q2013\\E",
        "shortCiteRegEx": "Bengio et al\\.",
        "year": 2013
      },
      {
        "title": "Theano: a cpu and gpu math expression compiler",
        "author": [
          "James Bergstra",
          "Olivier Breuleux",
          "Fr\u00e9d\u00e9ric Bastien",
          "Pascal Lamblin",
          "Razvan Pascanu",
          "Guillaume Desjardins",
          "Joseph Turian",
          "David Warde-Farley",
          "Yoshua Bengio"
        ],
        "venue": "In Proceedings of the Python for scientific computing conference (SciPy),",
        "citeRegEx": "Bergstra et al\\.,? \\Q2010\\E",
        "shortCiteRegEx": "Bergstra et al\\.",
        "year": 2010
      },
      {
        "title": "Neural photo editing with introspective adversarial networks",
        "author": [
          "Andrew Brock",
          "Theodore Lim",
          "JM Ritchie",
          "Nick Weston"
        ],
        "venue": "arXiv preprint arXiv:1609.07093,",
        "citeRegEx": "Brock et al\\.,? \\Q2016\\E",
        "shortCiteRegEx": "Brock et al\\.",
        "year": 2016
      },
      {
        "title": "Infogan: Interpretable representation learning by information maximizing generative adversarial nets",
        "author": [
          "Xi Chen",
          "Yan Duan",
          "Rein Houthooft",
          "John Schulman",
          "Ilya Sutskever",
          "Pieter Abbeel"
        ],
        "venue": "In Advances in Neural Information Processing Systems,",
        "citeRegEx": "Chen et al\\.,? \\Q2016\\E",
        "shortCiteRegEx": "Chen et al\\.",
        "year": 2016
      },
      {
        "title": "Adversarial feature learning",
        "author": [
          "Jeff Donahue",
          "Philipp Kr\u00e4henb\u00fchl",
          "Trevor Darrell"
        ],
        "venue": "arXiv preprint arXiv:1605.09782,",
        "citeRegEx": "Donahue et al\\.,? \\Q2016\\E",
        "shortCiteRegEx": "Donahue et al\\.",
        "year": 2016
      },
      {
        "title": "Generating images with perceptual similarity metrics based on deep networks",
        "author": [
          "Alexey Dosovitskiy",
          "Thomas Brox"
        ],
        "venue": "arXiv preprint arXiv:1602.02644,",
        "citeRegEx": "Dosovitskiy and Brox.,? \\Q2016\\E",
        "shortCiteRegEx": "Dosovitskiy and Brox.",
        "year": 2016
      },
      {
        "title": "A guide to convolution arithmetic for deep learning",
        "author": [
          "Vincent Dumoulin",
          "Francesco Visin"
        ],
        "venue": "arXiv preprint arXiv:1603.07285,",
        "citeRegEx": "Dumoulin and Visin.,? \\Q2016\\E",
        "shortCiteRegEx": "Dumoulin and Visin.",
        "year": 2016
      },
      {
        "title": "Generative adversarial nets",
        "author": [
          "Ian Goodfellow",
          "Jean Pouget-Abadie",
          "Mehdi Mirza",
          "Bing Xu",
          "David Warde-Farley",
          "Sherjil Ozair",
          "Aaron Courville",
          "Yoshua Bengio"
        ],
        "venue": "In Advances in Neural Information Processing Systems,",
        "citeRegEx": "Goodfellow et al\\.,? \\Q2014\\E",
        "shortCiteRegEx": "Goodfellow et al\\.",
        "year": 2014
      },
      {
        "title": "Adam: A method for stochastic optimization",
        "author": [
          "Diederik Kingma",
          "Jimmy Ba"
        ],
        "venue": "arXiv preprint arXiv:1412.6980,",
        "citeRegEx": "Kingma and Ba.,? \\Q2014\\E",
        "shortCiteRegEx": "Kingma and Ba.",
        "year": 2014
      },
      {
        "title": "Fast gradient-based inference with continuous latent variable models in auxiliary form",
        "author": [
          "Diederik P Kingma"
        ],
        "venue": "arXiv preprint arXiv:1306.0733,",
        "citeRegEx": "Kingma.,? \\Q2013\\E",
        "shortCiteRegEx": "Kingma.",
        "year": 2013
      },
      {
        "title": "Auto-encoding variational bayes",
        "author": [
          "Diederik P Kingma",
          "Max Welling"
        ],
        "venue": "arXiv preprint arXiv:1312.6114,",
        "citeRegEx": "Kingma and Welling.,? \\Q2013\\E",
        "shortCiteRegEx": "Kingma and Welling.",
        "year": 2013
      },
      {
        "title": "Semi-supervised learning with deep generative models",
        "author": [
          "Diederik P Kingma",
          "Shakir Mohamed",
          "Danilo Jimenez Rezende",
          "Max Welling"
        ],
        "venue": "In Advances in Neural Information Processing Systems,",
        "citeRegEx": "Kingma et al\\.,? \\Q2014\\E",
        "shortCiteRegEx": "Kingma et al\\.",
        "year": 2014
      },
      {
        "title": "Improving variational inference with inverse autoregressive flow",
        "author": [
          "Diederik P Kingma",
          "Tim Salimans",
          "Max Welling"
        ],
        "venue": "arXiv preprint arXiv:1606.04934,",
        "citeRegEx": "Kingma et al\\.,? \\Q2016\\E",
        "shortCiteRegEx": "Kingma et al\\.",
        "year": 2016
      },
      {
        "title": "Learning multiple layers of features from tiny",
        "author": [
          "Alex Krizhevsky",
          "Geoffrey Hinton"
        ],
        "venue": null,
        "citeRegEx": "Krizhevsky and Hinton.,? \\Q2009\\E",
        "shortCiteRegEx": "Krizhevsky and Hinton.",
        "year": 2009
      },
      {
        "title": "Discriminative regularization for generative models",
        "author": [
          "Alex Lamb",
          "Vincent Dumoulin",
          "Aaron Courville"
        ],
        "venue": "arXiv preprint arXiv:1602.03220,",
        "citeRegEx": "Lamb et al\\.,? \\Q2016\\E",
        "shortCiteRegEx": "Lamb et al\\.",
        "year": 2016
      },
      {
        "title": "Autoencoding beyond pixels using a learned similarity metric",
        "author": [
          "Anders Boesen Lindbo Larsen",
          "S\u00f8ren Kaae S\u00f8nderby",
          "Ole Winther"
        ],
        "venue": "arXiv preprint arXiv:1512.09300,",
        "citeRegEx": "Larsen et al\\.,? \\Q2015\\E",
        "shortCiteRegEx": "Larsen et al\\.",
        "year": 2015
      },
      {
        "title": "Divergence measures based on the shannon entropy",
        "author": [
          "Jianhua Lin"
        ],
        "venue": "Information Theory, IEEE Transactions on,",
        "citeRegEx": "Lin.,? \\Q1991\\E",
        "shortCiteRegEx": "Lin.",
        "year": 1991
      },
      {
        "title": "Deep learning face attributes in the wild",
        "author": [
          "Ziwei Liu",
          "Ping Luo",
          "Xiaogang Wang",
          "Xiaoou Tang"
        ],
        "venue": "In Proceedings of the IEEE International Conference on Computer Vision, pp",
        "citeRegEx": "Liu et al\\.,? \\Q2015\\E",
        "shortCiteRegEx": "Liu et al\\.",
        "year": 2015
      },
      {
        "title": "Auxiliary deep generative models",
        "author": [
          "Lars Maal\u00f8e",
          "Casper Kaae S\u00f8nderby",
          "S\u00f8ren Kaae S\u00f8nderby",
          "Ole Winther"
        ],
        "venue": "arXiv preprint arXiv:1602.05473,",
        "citeRegEx": "Maal\u00f8e et al\\.,? \\Q2016\\E",
        "shortCiteRegEx": "Maal\u00f8e et al\\.",
        "year": 2016
      },
      {
        "title": "Reading digits in natural images with unsupervised feature learning",
        "author": [
          "Yuval Netzer",
          "Tao Wang",
          "Adam Coates",
          "Alessandro Bissacco",
          "Bo Wu",
          "Andrew Y Ng"
        ],
        "venue": "In NIPS workshop on deep learning and unsupervised feature learning,",
        "citeRegEx": "Netzer et al\\.,? \\Q2011\\E",
        "shortCiteRegEx": "Netzer et al\\.",
        "year": 2011
      },
      {
        "title": "Deconvolution and checkerboard artifacts",
        "author": [
          "Augustus Odena",
          "Vincent Dumoulin",
          "Chris Olah"
        ],
        "venue": null,
        "citeRegEx": "Odena et al\\.,? \\Q2016\\E",
        "shortCiteRegEx": "Odena et al\\.",
        "year": 2016
      },
      {
        "title": "Unsupervised representation learning with deep convolutional generative adversarial networks",
        "author": [
          "Alec Radford",
          "Luke Metz",
          "Soumith Chintala"
        ],
        "venue": "arXiv preprint arXiv:1511.06434,",
        "citeRegEx": "Radford et al\\.,? \\Q2015\\E",
        "shortCiteRegEx": "Radford et al\\.",
        "year": 2015
      },
      {
        "title": "Semi-supervised learning with ladder network",
        "author": [
          "Antti Rasmus",
          "Harri Valpola",
          "Mikko Honkala",
          "Mathias Berglund",
          "Tapani Raiko"
        ],
        "venue": "In Advances in Neural Information Processing Systems,",
        "citeRegEx": "Rasmus et al\\.,? \\Q2015\\E",
        "shortCiteRegEx": "Rasmus et al\\.",
        "year": 2015
      },
      {
        "title": "Stochastic backpropagation and approximate inference in deep generative models",
        "author": [
          "Danilo Jimenez Rezende",
          "Shakir Mohamed",
          "Daan Wierstra"
        ],
        "venue": "arXiv preprint arXiv:1401.4082,",
        "citeRegEx": "Rezende et al\\.,? \\Q2014\\E",
        "shortCiteRegEx": "Rezende et al\\.",
        "year": 2014
      },
      {
        "title": "Imagenet large scale visual recognition challenge",
        "author": [
          "Olga Russakovsky",
          "Jia Deng",
          "Hao Su",
          "Jonathan Krause",
          "Sanjeev Satheesh",
          "Sean Ma",
          "Zhiheng Huang",
          "Andrej Karpathy",
          "Aditya Khosla",
          "Michael Bernstein"
        ],
        "venue": "International Journal of Computer Vision,",
        "citeRegEx": "Russakovsky et al\\.,? \\Q2015\\E",
        "shortCiteRegEx": "Russakovsky et al\\.",
        "year": 2015
      },
      {
        "title": "Improved techniques for training gans",
        "author": [
          "Tim Salimans",
          "Ian J. Goodfellow",
          "Wojciech Zaremba",
          "Vicki Cheung",
          "Alec Radford",
          "Xi Chen"
        ],
        "venue": "arXiv preprint arXiv:1606.03498,",
        "citeRegEx": "Salimans et al\\.,? \\Q2016\\E",
        "shortCiteRegEx": "Salimans et al\\.",
        "year": 2016
      },
      {
        "title": "Is the deconvolution layer the same as a convolutional layer",
        "author": [
          "Wenzhe Shi",
          "Jose Caballero",
          "Lucas Theis",
          "Ferenc Huszar",
          "Andrew Aitken",
          "Christian Ledig",
          "Zehan Wang"
        ],
        "venue": "arXiv preprint arXiv:1609.07009,",
        "citeRegEx": "Shi et al\\.,? \\Q2016\\E",
        "shortCiteRegEx": "Shi et al\\.",
        "year": 2016
      },
      {
        "title": "Unsupervised and semi-supervised learning with categorical generative adversarial networks",
        "author": [
          "Jost Tobias Springenberg"
        ],
        "venue": "arXiv preprint arXiv:1511.06390,",
        "citeRegEx": "Springenberg.,? \\Q2015\\E",
        "shortCiteRegEx": "Springenberg.",
        "year": 2015
      },
      {
        "title": "A note on the evaluation of generative models",
        "author": [
          "Lucas Theis",
          "Aron van den Oord",
          "Matthias Bethge"
        ],
        "venue": "arXiv preprint arXiv:1511.01844,",
        "citeRegEx": "Theis et al\\.,? \\Q2015\\E",
        "shortCiteRegEx": "Theis et al\\.",
        "year": 2015
      },
      {
        "title": "Wavenet: A generative model for raw audio",
        "author": [
          "Aaron van den Oord",
          "Sander Dieleman",
          "Heiga Zen",
          "Karen Simonyan",
          "Oriol Vinyals",
          "Alex Graves",
          "Nal Kalchbrenner",
          "Andrew W. Senior",
          "Koray Kavukcuoglu"
        ],
        "venue": "arXiv preprint arXiv:1609.03499,",
        "citeRegEx": "Oord et al\\.,? \\Q2016\\E",
        "shortCiteRegEx": "Oord et al\\.",
        "year": 2016
      },
      {
        "title": "Pixel recurrent neural networks",
        "author": [
          "Aaron van den Oord",
          "Nal Kalchbrenner",
          "Koray Kavukcuoglu"
        ],
        "venue": "arXiv preprint arXiv:1601.06759,",
        "citeRegEx": "Oord et al\\.,? \\Q2016\\E",
        "shortCiteRegEx": "Oord et al\\.",
        "year": 2016
      },
      {
        "title": "Conditional image generation with pixelcnn decoders",
        "author": [
          "Aaron van den Oord",
          "Nal Kalchbrenner",
          "Oriol Vinyals",
          "Lasse Espeholt",
          "Alex Graves",
          "Koray Kavukcuoglu"
        ],
        "venue": "arXiv preprint arXiv:1606.05328,",
        "citeRegEx": "Oord et al\\.,? \\Q2016\\E",
        "shortCiteRegEx": "Oord et al\\.",
        "year": 2016
      },
      {
        "title": "Blocks and fuel: Frameworks for deep learning",
        "author": [
          "Bart van Merri\u00ebnboer",
          "Dzmitry Bahdanau",
          "Vincent Dumoulin",
          "Dmitriy Serdyuk",
          "David Warde-Farley",
          "Jan Chorowski",
          "Yoshua Bengio"
        ],
        "venue": "arXiv preprint arXiv:1506.00619,",
        "citeRegEx": "Merri\u00ebnboer et al\\.,? \\Q2015\\E",
        "shortCiteRegEx": "Merri\u00ebnboer et al\\.",
        "year": 2015
      },
      {
        "title": "Stacked what-where auto-encoders",
        "author": [
          "Junbo Zhao",
          "Michael Mathieu",
          "Ross Goroshin",
          "Yann Lecun"
        ],
        "venue": "arXiv preprint arXiv:1506.02351,",
        "citeRegEx": "Zhao et al\\.,? \\Q2015\\E",
        "shortCiteRegEx": "Zhao et al\\.",
        "year": 2015
      }
    ],
    "referenceMentions": [
      {
        "referenceID": 25,
        "context": "Recently, three classes of algorithms have emerged as effective for learning deep directed generative models: 1) techniques based on the Variational Autoencoder (VAE) that aim to improve the quality and efficiency of inference by learning an inference machine (Kingma & Welling, 2013; Rezende et al., 2014), 2) techniques based on Generative Adversarial Networks (GANs) that bypass inference altogether (Goodfellow et al.",
        "startOffset": 260,
        "endOffset": 306
      },
      {
        "referenceID": 9,
        "context": ", 2014), 2) techniques based on Generative Adversarial Networks (GANs) that bypass inference altogether (Goodfellow et al., 2014) and 3) autoregressive approaches (van den Oord et al.",
        "startOffset": 104,
        "endOffset": 129
      },
      {
        "referenceID": 30,
        "context": "They do however suffer from a wellrecognized issue of the maximum likelihood training paradigm when combined with a conditional independence assumption on the output given the latent variables: they tend to distribute probability mass diffusely over the data space (Theis et al., 2015).",
        "startOffset": 265,
        "endOffset": 285
      },
      {
        "referenceID": 9,
        "context": "The direct consequence of this is that image samples from VAE-trained models tend to be blurry (Goodfellow et al., 2014; Larsen et al., 2015).",
        "startOffset": 95,
        "endOffset": 141
      },
      {
        "referenceID": 17,
        "context": "The direct consequence of this is that image samples from VAE-trained models tend to be blurry (Goodfellow et al., 2014; Larsen et al., 2015).",
        "startOffset": 95,
        "endOffset": 141
      },
      {
        "referenceID": 23,
        "context": "GAN-based approaches represent a good compromise: they learn a generative model that produces higher-quality samples than the best VAE techniques (Radford et al., 2015; Larsen et al., 2015) without sacrificing sampling speed and also make use of a latent representation in the generation process.",
        "startOffset": 146,
        "endOffset": 189
      },
      {
        "referenceID": 17,
        "context": "GAN-based approaches represent a good compromise: they learn a generative model that produces higher-quality samples than the best VAE techniques (Radford et al., 2015; Larsen et al., 2015) without sacrificing sampling speed and also make use of a latent representation in the generation process.",
        "startOffset": 146,
        "endOffset": 189
      },
      {
        "referenceID": 4,
        "context": "For instance, GANs don\u2019t allow the sort of neural photo manipulations showcased in (Brock et al., 2016).",
        "startOffset": 83,
        "endOffset": 103
      },
      {
        "referenceID": 21,
        "context": "With experiments on the Street View House Numbers (SVHN) dataset (Netzer et al., 2011), the CIFAR-10 object recognition dataset (Krizhevsky & Hinton, 2009), the CelebA face dataset (Liu et al.",
        "startOffset": 65,
        "endOffset": 86
      },
      {
        "referenceID": 19,
        "context": ", 2011), the CIFAR-10 object recognition dataset (Krizhevsky & Hinton, 2009), the CelebA face dataset (Liu et al., 2015) and a downsampled version of the ImageNet dataset (Russakovsky et al.",
        "startOffset": 102,
        "endOffset": 120
      },
      {
        "referenceID": 26,
        "context": ", 2015) and a downsampled version of the ImageNet dataset (Russakovsky et al., 2015), we show qualitatively that we maintain the high sample fidelity associated with the GAN framework, while gaining the ability to perform efficient inference.",
        "startOffset": 58,
        "endOffset": 84
      },
      {
        "referenceID": 18,
        "context": "In such a setting, and under the assumption of an optimal discriminator, the generator minimizes the Jensen-Shannon divergence (Lin, 1991) between q(x, z) and p(x, z).",
        "startOffset": 127,
        "endOffset": 138
      },
      {
        "referenceID": 9,
        "context": "This can be shown using the same proof sketch as in the original GAN paper (Goodfellow et al., 2014).",
        "startOffset": 75,
        "endOffset": 100
      },
      {
        "referenceID": 5,
        "context": "In recent work, Chen et al. (2016) introduce a model called InfoGAN which minimizes the mutual information between a subset c of the latent code and x through the use of an auxiliary distribution",
        "startOffset": 16,
        "endOffset": 35
      },
      {
        "referenceID": 9,
        "context": "The proof is a straightforward extension of the proof in Goodfellow et al. (2014).",
        "startOffset": 57,
        "endOffset": 82
      },
      {
        "referenceID": 6,
        "context": "The complete proof is given in (Donahue et al., 2016), in which the authors independently examine the same model structure under the name Bidirectional GAN (BiGAN).",
        "startOffset": 31,
        "endOffset": 53
      },
      {
        "referenceID": 15,
        "context": "Larsen et al. (2015) collapse the decoder of a VAE and the generator of a GAN into one network in order to supplement the reconstruction loss with a learned similarity metric.",
        "startOffset": 0,
        "endOffset": 21
      },
      {
        "referenceID": 15,
        "context": "Lamb et al. (2016) use the hidden layers of a pre-trained classifier as auxiliary reconstruction losses to help the VAE focus on higher-level details when reconstructing.",
        "startOffset": 0,
        "endOffset": 19
      },
      {
        "referenceID": 15,
        "context": "Lamb et al. (2016) use the hidden layers of a pre-trained classifier as auxiliary reconstruction losses to help the VAE focus on higher-level details when reconstructing. Dosovitskiy & Brox (2016) combine both ideas into a unified loss function.",
        "startOffset": 0,
        "endOffset": 197
      },
      {
        "referenceID": 6,
        "context": "Independent work by Donahue et al. (2016) proposes the same model under the name Bidirectional GAN (BiGAN), in which the authors emphasize the learned features\u2019 usefulness for auxiliary supervised and semi-supervised tasks.",
        "startOffset": 20,
        "endOffset": 42
      },
      {
        "referenceID": 21,
        "context": "We applied ALI to four different datasets, namely CIFAR10 (Krizhevsky & Hinton, 2009), SVHN (Netzer et al., 2011), CelebA (Liu et al.",
        "startOffset": 92,
        "endOffset": 113
      },
      {
        "referenceID": 19,
        "context": ", 2011), CelebA (Liu et al., 2015) and a center-cropped, 64\u00d7 64 version of the ImageNet dataset (Russakovsky et al.",
        "startOffset": 16,
        "endOffset": 34
      },
      {
        "referenceID": 26,
        "context": ", 2015) and a center-cropped, 64\u00d7 64 version of the ImageNet dataset (Russakovsky et al., 2015).",
        "startOffset": 69,
        "endOffset": 95
      },
      {
        "referenceID": 19,
        "context": ", 2011), CelebA (Liu et al., 2015) and a center-cropped, 64\u00d7 64 version of the ImageNet dataset (Russakovsky et al., 2015).1 Transposed convolutions are used in Gx(z). This operation corresponds to the transpose of the matrix representation of a convolution, i.e., the gradient of the convolution with respect to its inputs. For more details about transposed convolutions and related operations, see Dumoulin & Visin (2016); Shi et al.",
        "startOffset": 17,
        "endOffset": 424
      },
      {
        "referenceID": 19,
        "context": ", 2011), CelebA (Liu et al., 2015) and a center-cropped, 64\u00d7 64 version of the ImageNet dataset (Russakovsky et al., 2015).1 Transposed convolutions are used in Gx(z). This operation corresponds to the transpose of the matrix representation of a convolution, i.e., the gradient of the convolution with respect to its inputs. For more details about transposed convolutions and related operations, see Dumoulin & Visin (2016); Shi et al. (2016); Odena et al.",
        "startOffset": 17,
        "endOffset": 443
      },
      {
        "referenceID": 19,
        "context": ", 2011), CelebA (Liu et al., 2015) and a center-cropped, 64\u00d7 64 version of the ImageNet dataset (Russakovsky et al., 2015).1 Transposed convolutions are used in Gx(z). This operation corresponds to the transpose of the matrix representation of a convolution, i.e., the gradient of the convolution with respect to its inputs. For more details about transposed convolutions and related operations, see Dumoulin & Visin (2016); Shi et al. (2016); Odena et al. (2016).",
        "startOffset": 17,
        "endOffset": 464
      },
      {
        "referenceID": 23,
        "context": "We first compare with GAN on SVHN by following the procedure outlined in Radford et al. (2015). We train an L2-SVM on the learned representations of a model trained on SVHN.",
        "startOffset": 73,
        "endOffset": 95
      },
      {
        "referenceID": 23,
        "context": "Unlike other adversarial approaches like DCGAN (Radford et al., 2015), ALI allows one to interpolate between actual data points.",
        "startOffset": 47,
        "endOffset": 69
      },
      {
        "referenceID": 23,
        "context": "50% lower than reported in Radford et al. (2015) (Table 1), which suggests that ALI\u2019s inference mechanism is beneficial to the semi-supervised learning task.",
        "startOffset": 27,
        "endOffset": 49
      },
      {
        "referenceID": 23,
        "context": "50% lower than reported in Radford et al. (2015) (Table 1), which suggests that ALI\u2019s inference mechanism is beneficial to the semi-supervised learning task. We then investigate ALI\u2019s performance when label information is taken into account during training. We adapt the discriminative model proposed in Salimans et al. (2016). The discriminator takes x and z as input and outputs a distribution over K + 1 classes, where K is the number of categories.",
        "startOffset": 27,
        "endOffset": 327
      },
      {
        "referenceID": 23,
        "context": "50% lower than reported in Radford et al. (2015) (Table 1), which suggests that ALI\u2019s inference mechanism is beneficial to the semi-supervised learning task. We then investigate ALI\u2019s performance when label information is taken into account during training. We adapt the discriminative model proposed in Salimans et al. (2016). The discriminator takes x and z as input and outputs a distribution over K + 1 classes, where K is the number of categories. When label information is available for q(x, z) samples, the discriminator is expected to predict the label. When no label information is available, the discriminator is expected to predict K + 1 for p(x, z) samples and k \u2208 {1, . . . ,K} for q(x, z) samples. Interestingly, Salimans et al. (2016) found that they required an alternative training strategy for the generator where it tries to match first-order statistics in the discriminator\u2019s intermediate activations with respect to the data distribution (they refer to this as feature matching).",
        "startOffset": 27,
        "endOffset": 750
      },
      {
        "referenceID": 23,
        "context": "50% lower than reported in Radford et al. (2015) (Table 1), which suggests that ALI\u2019s inference mechanism is beneficial to the semi-supervised learning task. We then investigate ALI\u2019s performance when label information is taken into account during training. We adapt the discriminative model proposed in Salimans et al. (2016). The discriminator takes x and z as input and outputs a distribution over K + 1 classes, where K is the number of categories. When label information is available for q(x, z) samples, the discriminator is expected to predict the label. When no label information is available, the discriminator is expected to predict K + 1 for p(x, z) samples and k \u2208 {1, . . . ,K} for q(x, z) samples. Interestingly, Salimans et al. (2016) found that they required an alternative training strategy for the generator where it tries to match first-order statistics in the discriminator\u2019s intermediate activations with respect to the data distribution (they refer to this as feature matching). We found that ALI did not require feature matching to obtain comparable results. We achieve results competitive with the state-of-the-art, as shown in Tables 1 and 2. Table 2 shows that ALI offers a modest improvement over Salimans et al. (2016), more specifically for 1000 and 2000 labeled examples.",
        "startOffset": 27,
        "endOffset": 1247
      },
      {
        "referenceID": 13,
        "context": "VAE (M1 + M2) (Kingma et al., 2014) 36.",
        "startOffset": 14,
        "endOffset": 35
      },
      {
        "referenceID": 35,
        "context": "02 SWWAE with dropout (Zhao et al., 2015) 23.",
        "startOffset": 22,
        "endOffset": 41
      },
      {
        "referenceID": 23,
        "context": "56 DCGAN + L2-SVM (Radford et al., 2015) 22.",
        "startOffset": 18,
        "endOffset": 40
      },
      {
        "referenceID": 20,
        "context": "18 SDGM (Maal\u00f8e et al., 2016) 16.",
        "startOffset": 8,
        "endOffset": 29
      },
      {
        "referenceID": 27,
        "context": "GAN (feature matching) (Salimans et al., 2016) 8.",
        "startOffset": 23,
        "endOffset": 46
      },
      {
        "referenceID": 24,
        "context": "Ladder network (Rasmus et al., 2015) 20.",
        "startOffset": 15,
        "endOffset": 36
      },
      {
        "referenceID": 29,
        "context": "40 CatGAN (Springenberg, 2015) 19.",
        "startOffset": 10,
        "endOffset": 30
      },
      {
        "referenceID": 27,
        "context": "GAN (feature matching) (Salimans et al., 2016) 21.",
        "startOffset": 23,
        "endOffset": 46
      },
      {
        "referenceID": 14,
        "context": "Note however that recent approaches such as Inverse Autoregressive Flow (Kingma et al., 2016) may be used to improve on this, at the cost of a more complex mathematical framework.",
        "startOffset": 72,
        "endOffset": 93
      },
      {
        "referenceID": 3,
        "context": "We would also like to thank the developers of Theano (Bergstra et al., 2010; Bastien et al., 2012; Theano Development Team, 2016), Blocks and Fuel (van Merri\u00ebnboer et al.",
        "startOffset": 53,
        "endOffset": 129
      },
      {
        "referenceID": 0,
        "context": "We would also like to thank the developers of Theano (Bergstra et al., 2010; Bastien et al., 2012; Theano Development Team, 2016), Blocks and Fuel (van Merri\u00ebnboer et al.",
        "startOffset": 53,
        "endOffset": 129
      }
    ],
    "year": 2017,
    "abstractText": "We introduce the adversarially learned inference (ALI) model, which jointly learns a generation network and an inference network using an adversarial process. The generation network maps samples from stochastic latent variables to the data space while the inference network maps training examples in data space to the space of latent variables. An adversarial game is cast between these two networks and a discriminative network is trained to distinguish between joint latent/data-space samples from the generative network and joint samples from the inference network. We illustrate the ability of the model to learn mutually coherent inference and generation networks through the inspections of model samples and reconstructions and confirm the usefulness of the learned representations by obtaining a performance competitive with state-of-the-art on the semi-supervised SVHN and CIFAR10 tasks.",
    "creator": "LaTeX with hyperref package"
  }
}