{
  "year": 2017,
  "abstract": "This paper presents incremental network quantization (INQ), a novel method, targeting to efficiently convert any pre-trained full-precision convolutional neural network (CNN) model into a low-precision version whose weights are constrained to be either powers of two or zero. Unlike existing methods which are struggled in noticeable accuracy loss, our INQ has the potential to resolve this issue, as benefiting from two innovations. On one hand, we introduce three interdependent operations, namely weight partition, group-wise quantization and re-training. A well-proven measure is employed to divide the weights in each layer of a pre-trained CNN model into two disjoint groups. The weights in the first group are responsible to form a low-precision base, thus they are quantized by a variable-length encoding method. The weights in the other group are responsible to compensate for the accuracy loss from the quantization, thus they are the ones to be re-trained. On the other hand, these three operations are repeated on the latest re-trained group in an iterative manner until all the weights are converted into low-precision ones, acting as an incremental network quantization and accuracy enhancement procedure. Extensive experiments on the ImageNet classification task using almost all known deep CNN architectures including AlexNet, VGG-16, GoogleNet and ResNets well testify the efficacy of the proposed method. Specifically, at 5-bit quantization (a variable-length encoding: 1 bit for representing zero value, and the remaining 4 bits represent at most 16 different values for the powers of two), our models have improved accuracy than the 32-bit floating-point references. Taking ResNet-18 as an example, we further show that our quantized models with 4-bit, 3-bit and 2-bit ternary weights have improved or very similar accuracy against its 32-bit floating-point baseline. Besides, impressive results with the combination of network pruning and INQ are also reported. We believe that our method sheds new insights on how to make deep CNNs to be applicable on mobile or embedded devices. The code will be made publicly available.",
  "score": 7,
  "verdict": "Accept",
  "reviews": [
    {
      "title": "R1",
      "comments": "\nGreat idea, very impressive results.\nThere is a great deal of ongoing interest in compressing neural network models. One line of work has focused on using low-precision representations of the model weights, even down to 1 or 2 bits. However, so far these approaches have been accompanied by a significant impact on accuracy. The paper proposes an iterative quantization scheme, in which the network weights are quantized in stages---the largest weights (in absolute value) are quantized and fixed, while unquantized weights can adapt to compensate for any resulting error. The experimental results show this is extremely effective, yielding models with 4 bit or 3 bit weights with essentially no reduction in accuracy. While at 2 bits the accuracy decreases slightly, the results are substantially better than those achieved with other quantization approaches.\n\nOverall this paper is clear, the technique is as far as I am aware novel, the experiments are thorough and the results are very compelling, so I recommend acceptance. The paper could use another second pass for writing style and grammar. Also, the description of the pruning-inspired partitioning strategy could be clarified somewhat... e.g., the chosen splitting ratio of 50% only seems to be referenced in a figure caption and not the main text.",
      "recommendation": 8
    },
    {
      "title": "R2",
      "comments": "\nQuantize a fully trained network with an iterative 3 step process of partition/hard quantize/retrain, repeated on the retrained partition until fully quantized. Achieves nice results on ImageNet tasks down to 4 bits, but is missing pruning steps which is needed for large competitive compression.\nNice idea but not complete, model size is not reduced by the large factors found in one of your references (Song 2016), where they go to 5 bits, but this is ontop of pruning which gives overall 49X reduction in model size of VGG (without loss of accuracy). You may achieve similar reductions with inclusion of pruning (or better since you go to 4 bits with no loss) but we should see this in the paper, so at the moment it is difficult to compare",
      "recommendation": 7
    },
    {
      "title": "R3",
      "comments": "\nReasonable idea\nThe idea of this paper is reasonable - gradually go from original weights to compressed weights by compressing a part of them and fine-tuning the rest. Everything seems fine, results look good, and my questions have been addressed.\n\nTo improve the paper:\n\n1) It would be good to incorporate some of the answers into the paper, mainly the results with pruning + this method as that can be compared fairly to Han et al. and outperforms it.\n\n2) It would be good to better explain the encoding method (my question 4) as it is not that clear from the paper (e.g. made me make a mistake in question 5 for the computation of n2). The \"5 bits\" is misleading as in fact what is used is variable length encoding (which is on average close to 5 bits) where:\n- 0 is represented with 1 bit, e.g. 0\n- other values are represented with 5 bits, where the first bit is needed to distinguish from 0, and the remaining 4 bits represent the 16 different values for the powers of 2.\n",
      "recommendation": 7
    },
    {
      "title": "R4",
      "comments": ""
    }
  ]
}