{
  "name": "502.pdf",
  "metadata": {
    "source": "CRF",
    "title": null,
    "authors": [
      "Ryan Lowe",
      "Michael Noseworthy",
      "Iulian V. Serban",
      "Nicolas Angelard-Gontier",
      "Yoshua Bengio",
      "Joelle Pineau"
    ],
    "emails": [],
    "sections": [
      {
        "heading": "1 INTRODUCTION",
        "text": "Learning to communicate with humans is a crucial ability for intelligent agents. Among the primary forms of communication between humans is natural language dialogue. As such, building systems that can naturally and meaningfully converse with humans has been a central goal of artificial intelligence since the formulation of the Turing test (Turing, 1950). Research on one type of such systems, sometimes referred to as non-task-oriented dialogue systems, goes back to the mid-60s with Weizenbaum\u2019s famous program ELIZA: a rule-based system mimicking a Rogerian psychotherapist by persistently either rephrasing statements or asking questions (Weizenbaum, 1966). Recently, there has been a surge of interest in the research community towards building large-scale non-task-oriented dialogue systems using neural networks (Sordoni et al., 2015b; Shang et al., 2015; Vinyals & Le, 2015; Serban et al., 2016a; Li et al., 2015). These models are trained in an end-to-end manner to optimize a single objective, usually the likelihood of generating the responses from a fixed corpus. Such models have already had a substantial impact in industry, including Google\u2019s Smart Reply system (Kannan et al., 2016), and Microsoft\u2019s Xiaoice chatbot (Markoff & Mozur, 2015), which has over 20 million users. More recently, Amazon has announced the Alexa Prize Challenge: a research competition with the goal of developing a natural and engaging chatbot system (Farber, 2016).\nOne of the challenges when developing such systems is to have a good way of measuring progress, in this case the performance of the chatbot. The Turing test provides one solution to the evaluation of dialogue systems, but there are limitations with its original formulation. The test requires live human interactions, which is expensive and difficult to scale up. Furthermore, the test requires carefully designing the instructions to the human interlocutors, in order to balance their behaviour and expectations so that different systems may be ranked accurately by performance. Although unavoidable, these instructions introduce bias into the evaluation measure. The more common approach of having humans evaluate the quality of dialogue system responses, rather than distinguish them from human responses, induces similar drawbacks in terms of time, expense, and lack of\n\u2217The second and third authors contributed equally.\nscalability. In the case of chatbots designed for specific conversation domains, it may also be difficult to find sufficient human evaluators with appropriate background in the topic (e.g. Lowe et al. (2015)).\nDespite advances in neural network-based models, evaluating the quality of dialogue responses automatically remains a challenging and under-studied problem in the non-task-oriented setting. The most widely used metric for evaluating such dialogue systems is BLEU (Papineni et al., 2002), a metric measuring word overlaps originally developed for machine translation. However, it has been shown that BLEU and other word-overlap metrics are biased and correlate poorly with human judgements of response quality (Liu et al., 2016). There are many obvious cases where these metrics fail, as they are often incapable of considering the semantic similarity between responses (see Figure 1). Despite this, many researchers still use BLEU to evaluate their dialogue models (Ritter et al., 2011; Sordoni et al.,\n2015b; Li et al., 2015; Galley et al., 2015; Li et al., 2016a), as there are few alternatives available that correlate with human judgements. While human evaluation should always be used to evaluate dialogue models, it is often too expensive and time-consuming to do this for every model specification (for example, for every combination of model hyperparameters). Therefore, having an accurate model that can evaluate dialogue response quality automatically \u2014 what could be considered an automatic Turing test \u2014 is critical in the quest for building human-like dialogue agents.\nTo make progress towards this goal, we first collect a dataset of human scores to various dialogue responses, and we use this dataset to train an automatic dialogue evaluation model, which we call ADEM. The model is trained in a semi-supervised manner using a hierarchical recurrent neural network (RNN) to predict human scores. We show that ADEM scores correlate significantly, and at a level much higher than BLEU, with human judgement at both the utterance-level and system-level. Crucially, we also show that ADEM can generalize to evaluating new models, whose responses were unseen during training, without a drop in performance, making ADEM a strong first step towards effective automatic dialogue response evaluation.1\n2 A DATASET FOR DIALOGUE RESPONSE EVALUATION\nTo train a model to predict human scores to dialogue responses, we first collect a dataset of human judgements (scores) of Twitter responses using the crowdsourcing platform Amazon Mechanical Turk (AMT).2 The aim is to have accurate human scores for a variety of conversational responses \u2014 conditioned on dialogue contexts \u2013 which span the full range of response qualities. For example, the responses should include both relevant and irrelevant responses, both coherent and non-coherent responses and so on. To achieve this variety, we use candidate responses from several different models. Following Liu et al. (2016), we use the following 4 sources of candidate responses: (1) a response selected by a TF-IDF retrieval-based model, (2) a response selected by the Dual Encoder (DE) (Lowe et al., 2015), (3) a response generated using the hierarchical recurrent encoder-decoder (HRED) model (Serban et al., 2016a), and (4) human-generated responses. It should be noted that the human-generated candidate responses are not the\nreference responses from a fixed corpus, but novel human responses that are different from the reference. In addition to increasing response variety, this is necessary because we want our evaluation model to learn to compare the reference responses to the candidate responses.\n1We will provide open-source implementations of the model upon publication. 2All data collection was conducted in accordance with the policies of the host institutions\u2019 ethics board.\nWe conducted two rounds of AMT experiments. We first asked AMT workers to provide a reasonable continuation of a Twitter dialogue (i.e. generate the next response given the context of a conversation). Each survey contained 20 questions, including an attention check question. Workers were instructed to generate longer responses, in order to avoid simple one-word responses. In total, we obtained approximately 2,000 human responses.\nSecond, we filtered these human-generated responses for potentially offensive language, and combined them with approximately 1,000 responses from each of the above models into a single set of responses. We then asked AMT workers to rate the overall quality of each response on a scale of 1 (low quality) to 5 (high quality). Each user was asked to evaluate 4 responses from 50 different contexts. We included four additional attention-check questions and a set of five contexts was given to each participant for assessment of inter-annotator agreement. We removed all users who either failed an attention check question or achieved a \u03ba inter-annotator agreement score lower than 0.2 (Cohen, 1968). The remaining evaluators had a median \u03ba score of 0.63, indicating moderate agreement. This is consistent with results from Liu et al. (2016). Dataset statistics are provided in Table 1.\nMeasurement \u03ba score Overall 0.63 Topicality 0.57 Informativeness 0.31 Background 0.05\nTo train evaluation models on human judgements, it is crucial that we obtain scores of responses that lie near the distribution produced by state-of-the-art models. This is why we use the Twitter Corpus (Ritter et al., 2011), as such models are pre-trained and readily available. Further, the set of topics discussed is quite broad \u2014 as opposed to the very specific Ubuntu Dialogue Corpus \u2014 and therefore the model should generalize better to other domains involving chit-chat. Finally, since it does not require domain specific knowledge (e.g. technical knowledge), it should be easy for AMT workers to annotate."
      },
      {
        "heading": "3 TECHNICAL BACKGROUND",
        "text": ""
      },
      {
        "heading": "3.1 RECURRENT NEURAL NETWORKS",
        "text": "Recurrent neural networks (RNNs) are a type of neural network with time-delayed connections between the internal units. This leads to the formation of a hidden state ht, which is updated for every input: ht = f(Whhht\u22121 +Wihxt), where Whh and Wih are parameter matrices, f is a smooth non-linear activation function such as tanh, and xt is the input at time t. The hidden state allows for RNNs to better model sequential data, such as natural language.\nIn this paper, we consider RNNs augmented with long-short term memory (LSTM) units (Hochreiter & Schmidhuber, 1997). LSTMs add a set of gates to the RNN that allow it to learn how much to update the hidden state. LSTMs are one of the most well-established methods for dealing with the vanishing gradient problem in recurrent networks (Hochreiter, 1991; Bengio et al., 1994)."
      },
      {
        "heading": "3.2 WORD-OVERLAP METRICS",
        "text": "One of the most popular approaches for automatically evaluating the quality of dialogue responses is by computing their word overlap with the reference response. In particular, the most popular metrics are the BLEU and METEOR scores used for machine translation, and the ROUGE score used for automatic summarization. While these metrics tend to correlate with human judgements in their target domains, they have recently been shown to highly biaqsed and correlate very poorly with\nhuman judgements for dialogue response evaluation (Liu et al., 2016). We briefly describe BLEU here, and provide a more detailed summary of word-overlap metrics in the Appendix.\nBLEU BLEU (Papineni et al., 2002) analyzes the co-occurrences of n-grams in the ground truth and the proposed responses. It computes the n-gram precision for the whole dataset, which is then multiplied by a brevity penalty to penalize short translations. For BLEU-N , N denotes the largest value of n-grams considered (usually N = 4).\nDrawbacks One of the major drawbacks of word-overlap metrics is their failure in capturing the semantic similarity between the model and reference responses when there are few or no common words. This problem is less critical for machine translation; since the set of reasonable translations of a given sentence or document is rather small, one can reasonably infer the quality of a translated sentence by only measuring the word-overlap between it and one (or a few) reference translations. However, in dialogue, the set of appropriate responses given a context is much larger (Artstein et al., 2009); in other words, there is a very high response diversity that is unlikely to be captured by word-overlap comparison to a single response.\nFurther, word-overlap scores are computed directly between the model and reference responses. As such, they do not consider the context of the conversation. While this may be a reasonable assumption in machine translation, it is not the case for dialogue; whether a model response is an adequate substitute for the reference response is clearly context-dependent. For example, the two responses in Figure 1 are equally appropriate given the context. However, if we simply change the context to: \u201cHave you heard of any good movies recently?\u201d, the model response is no longer relevant while the reference response remains valid."
      },
      {
        "heading": "4 AN AUTOMATIC DIALOGUE EVALUATION MODEL (ADEM)",
        "text": "To overcome the problems of evaluation with word-overlap metrics, we aim to construct a dialogue evaluation model that: (1) captures semantic similarity beyond word overlap statistics, and (2) exploits both the context of the conversation and the reference response to calculate its score for the model response. We call this evaluation model ADEM.\nADEM learns distributed representations of the context, model response, and reference response using a hierarchical RNN encoder. Given the dialogue context c, reference response r, and model response r\u0302, ADEM first encodes each of them into vectors (c, r\u0302, and r, respectively) using the RNN encoder. Then, ADEM computes the score using a dot-product between the vector representations of c, r, and r\u0302 in a linearly transformed space: :\nscore(c, r, r\u0302) = (cTM r\u0302 + rTN r\u0302\u2212 \u03b1)/\u03b2 (1)\nwhere M,N \u2208 Rn are learned matrices initialized to the identity, and \u03b1, \u03b2 are scalar constants used to initialize the model\u2019s predictions in the range [0, 5]. The model is shown in Figure 2.\nThe matrices M and N can be interpreted as linear projections that map the model response r\u0302 into the space of contexts and reference responses, respectively. The model gives high scores to responses that have similar vector representations to the context and reference response after this projection. The model is end-to-end differentiable; all the parameters can be learned by backpropagation. In our\nimplementation, the parameters \u03b8 = {M,N} of the model are trained to minimize the squared error between the model predictions and the human score, with L1-regularization:\nL = \u2211 i=1:K [score(ci, ri, r\u0302i)\u2212 human scorei]2 + \u03b3||\u03b8||1 (2)\nwhere \u03b3 is a scalar constant. The simplicity of our model leads to both accurate predictions and fast evaluation time (see Appendix), which is important to allow rapid prototyping of dialogue systems.\nThe hierarchical RNN encoder in our model consists of two layers of RNNs (El Hihi & Bengio, 1995; Sordoni et al., 2015a). The lower-level RNN, the utterance-level encoder, takes as input words from the dialogue, and produces a vector output at the end of each utterance. The context-level encoder takes the representation of each utterance as input and outputs a vector representation of the context. This hierarchical structure is useful for incorporating information from early utterances in the context (Serban et al., 2016a). Following previous work, we take the last hidden state of the context-level encoder as the vector representation of the input utterance or context.\nAn important point is that the ADEM procedure above is not a dialogue retrieval model. The fundamental difference between ADEM and a dialogue model is that ADEM has access to the reference response. Thus, ADEM can compare a model\u2019s response to a known good response, which is significantly easier than inferring response quality from solely the context.\nPre-training with VHRED We would like an evaluation model that can make accurate predictions from few labeled examples, since these examples are expensive to obtain. We therefore employ semi-supervised learning, and use a pre-training procedure to learn the parameters of the encoder. In particular, we train the encoder as part of a neural dialogue model; we attach a third decoder RNN that takes the output of the encoder as input, and train it to predict the next utterance of a dialogue conditioned on the context.\nThe dialogue model we employ for pre-training is the latent variable hierarchical recurrent encoderdecoder (VHRED) model (Serban et al., 2016b). The VHRED model is an extension of the original hierarchical recurrent encoder-decoder (HRED) model (Serban et al., 2016a) with a turn-level stochastic latent variable. The dialogue context is encoded into a vector using our hierarchical encoder, and the VHRED then samples a Gaussian variable that is used to condition the decoder (see Appendix for further details). After training VHRED, we use the last hidden state of the context-level encoder, when c, r, and r\u0302 are fed as input, as the vector representations for c, r, and r\u0302, respectively. We use representations from the VHRED model as it produces more diverse and coherent responses compared to its HRED counterpart.\nMaximizing the likelihood of generating the next utterance in a dialogue is not only a convenient way of training the encoder parameters; it is also an objective that is consistent with learning useful representations of the dialogue utterances. Two context vectors produced by the VHRED encoder are similar if the contexts induce a similar distribution over subsequent responses; this is consistent with the formulation of the evaluation model, which assigns high scores to responses that have similar vector representations to the context. VHRED is also closely related to the skip-thought-vector model (Kiros et al., 2015), which has been shown to learn useful representations of sentences for many tasks, including semantic relatedness and paraphrase detection. The skip-thought-vector model takes as input a single sentence and predicts the previous sentence and next sentence. On the other hand, VHRED takes as input several consecutive sentences and predicts the next sentence. This makes it particularly suitable for learning long-term context representations."
      },
      {
        "heading": "5 EXPERIMENTS",
        "text": ""
      },
      {
        "heading": "5.1 EXPERIMENTAL PROCEDURE",
        "text": "In order to reduce the effective vocabulary size, we use byte pair encoding (BPE) (Gage, 1994; Sennrich et al., 2015), which splits each word into sub-words or characters. We also use layer normalization (Ba et al., 2016) for the hierarchical encoder, which we found worked better at the task of dialogue generation than the related recurrent batch normalization (Ioffe & Szegedy, 2015; Cooijmans et al., 2016). To train the VHRED model, we employed several of the same techniques found in Serban et al. (2016b) and Bowman et al. (2016): we drop words in the decoder with a fixed\nrate of 25%, and we anneal the KL-divergence term linearly from 0 to 1 over the first 60,000 batches. We use Adam as our optimizer (Kingma & Ba, 2014).\nFor training VHRED, we use a context embedding size of 2000. However, we found the ADEM model learned more effectively when this embedding size was reduced. Thus, after training VHRED, we use principal component analysis (PCA) (Pearson, 1901) to reduce the dimensionality of the context, model response, and reference response embeddings to n. While our results are robust to n, we found experimentally that n = 7 provided slightly improved performance. We provide other hyperparameter values in the Appendix.\nWhen evaluating our models, we conduct early stopping on a separate validation set to obtain the best parameter setting. For the evaluation dataset, we split the train/ validation/ test sets such that there is no context overlap (i.e. the contexts in the test set are unseen during training)."
      },
      {
        "heading": "5.2 RESULTS",
        "text": "Utterance-level correlations We first present new utterance-level correlation results3 for existing word-overlap metrics, in addition to results with embedding baselines and ADEM, in Table 3. The\n3We present both the Spearman correlation (computed on ranks, depicts monotonic relationships) and Pearson correlation (computed on true values, depicts linear relationships) scores.\nbaseline metrics are evaluated on the entire dataset of 4,104 responses.4 We measure the correlation for ADEM on the validation and test sets (616 responses each).\nWe also conduct an additional analysis of the response data from Liu et al. (2016), where the preprocessing is standardized by removing \u2018<first speaker>\u2019 tokens at the beginning of each utterance. The results are detailed in Table 10 of Appendix D. We can observe from both this data, and the new data in Table 3, that the correlations for the word-overlap metrics are even lower than estimated in previous studies (Liu et al., 2016; Galley et al., 2015). In particular, this is the case for BLEU-4, which has frequently been used for dialogue response evaluation (Ritter et al., 2011; Sordoni et al., 2015b; Li et al., 2015; Galley et al., 2015; Li et al., 2016a).\nWe can see from Table 3 that ADEM correlates far better with human judgement than the word-overlap baselines. This is further illustrated by the scatterplots in Figure 3. We also compare with ADEM using tweet2vec embeddings for c, r, and r\u0302, which are computed at the character-level with a bidirectional GRU (Dhingra et al., 2016), and obtain comparable but slightly inferior performance compared to using VHRED embeddings.\nSystem-level correlations We show the system-level correlations for various metrics in Table 4, and present it visually in Figure 4. Each point in the scatterplots represents a dialogue model; humans give low scores to TFIDF and DE responses, higher scores to HRED and the highest scores to other human responses. It is clear that existing word-overlap metrics are incapable of capturing this relationship for even 4 models. This renders them completely deficient for dialogue evaluation. However, ADEM produces the exact same model ranking as humans, achieving a significant Pearson correlation of 0.98.5 Thus, ADEM correlates well with humans both at the response and system level.\nGeneralization to previously unseen models When ADEM is used in practice, it will take as input responses from a new model that it has not seen during training. Thus, it is crucial that ADEM correlates with human judgements for new models. We test ADEM\u2019s generalization ability by performing a leave-one-out evaluation. For each dialogue model that was the source of response data for training ADEM (TF-IDF, Dual Encoder, HRED, humans), we conduct an experiment where we train on all model responses except those from the chosen model, and test only on the model that was unseen during training.\nThe results are given in Table 5. Overall, we observe that the ADEM model is very robust, and is capable of generalizing to new models in all cases. When testing the correlation on the entire test set, the model achieves comparable correlations to the ADEM model that was trained on 25%\n4Note that our word-overlap correlation results in Table 3 are also lower than those presented in Galley et al. (2015). This is because Galley et al. measure corpus-level correlation, i.e. correlation averaged across different subsets (of size 100) of the data, and pre-filter for high-quality reference responses.\n5For comparison, BLEU achieves a system-level correlation of 0.99 on 5 models in the translation domain (Papineni et al., 2002).\nless data selected at random. This is particularly surprising for the HRED model; in this case, ADEM was trained only on responses that were written by humans (from retrieval models or humangenerated), but is able to generalize to responses produced by a generative neural network model. This demonstrates ADEM\u2019s ability to accurately score new neural network-based dialogue models.\nQualitative Analysis To illustrate some strengths and weaknesses of ADEM, we show human and ADEM scores for each of the responses to various contexts in Table 7. There are several instances where ADEM predicts accurately: in particular, ADEM is often very good at assigning low scores to poor responses. This seen in the first two contexts, where most of the responses given a score of 1 from humans are given scores less than 2 by ADEM. The single exception in response (4) for the second context seems somewhat appropriate and should perhaps have been scored higher by the human evaluator. There are also several instances where the model assigns high scores to suitable responses, as in the first two contexts.\nOne drawback we observed is that ADEM tends to be too conservative when predicting response scores. This is the\ncase in the third context, where the model assigns low scores to most of the responses that a human rated highly (although response (2) is arguably not relevant to the context). This behaviour is likely due to the squared error loss used to train ADEM; since the model receives a large penalty for incorrectly predicting an extreme value, it learns to predict scores closer to the average human score.\nCorrelation with response length One implicit assumption in the ADEM model is that the human evaluations of model responses is absolutely correct, including the biases that humans exhibit when evaluating dialogues. For example, it has been shown that humans have a tendency to give a higher rating to shorter responses than to longer responses (Serban et al., 2016b), as shorter responses are often more generic and thus are more likely to be suitable to the context. This affects dialogue response evaluation: we calculated the test set correlation between response length and the human score, and obtained a significant Pearson correlation of 0.27, and a Spearman correlation of 0.32. If the assumption that human evaluators are absolutely correct is not accurate, it may be desirable to remove human biases in an automatic evaluation model to improve the model\u2019s generalization capabilities. This is an important direction for future work.\nImprovement over word-overlap metrics Next, we analyze more precisely how ADEM outperforms traditional word-overlap metrics such as BLEU-2 and ROUGE. We first normalize the metric scores to have the same mean and variance as human scores, clipping the resulting scores to the range [1, 5] (we assign raw scores of 0 a normalized score of 1). We indicate normalization with vertical bars around the metric. We then select all of the good responses that were given low scores by word-overlap metrics (i.e. responses which humans scored as 4 or higher, and which |BLEU-2| and |ROUGE| scored as 2 or lower). The results are summarized in Table 6: of the 237 responses that humans scored 4 or higher, most of them (147/237) were ranked very poorly by both BLEU-2 and ROUGE. This quantitatively demonstrates what we argued qualitatively in Figure 1; a major failure of word-overlap metrics is the inability to consider reasonable responses that have no word-overlap with the reference response. We can also see that, in almost half (60/147) of the cases where both BLEU-2 and ROUGE fail, |ADEM| is able to correctly assign a score greater than 4. For comparison, there are only 42 responses where humans give a score of 4 and |ADEM| gives a score less than 2, and only 14 of these are assigned a score greater than 4 by either |BLEU-2| or |ROUGE|.\nTo provide further insight, we give specific examples of responses that are scored highly (> 4) by both humans and |ADEM|, and poorly (< 2) by both |BLEU-2| and |ROUGE| in Table 9. We draw 3 responses randomly (i.e. no cherry-picking) from the 60 test set responses that meet this criteria. We can observe that ADEM is able to recognize short responses that are appropriate to the context, without word-overlap with the reference response. This is even the case when the model and reference responses have very little semantic similarity, as in the first and third examples in Table 9.\nFinally, we show the behaviour of ADEM when there is a discrepancy between the lengths of the reference and model responses. In (Liu et al., 2016), the authors show that word-overlap metrics such as BLEU-1, BLEU-2,\nand METEOR exhibit a bias in this scenario: they tend to assign higher scores to responses that are\ncloser in length to the reference response.6 However, humans do not exhibit this bias; in other words, the quality of a response as judged by a human is roughly independent of its length. In Table 8, we show that ADEM also does not exhibit this bias towards similar-length responses."
      },
      {
        "heading": "6 RELATED WORK",
        "text": "Related to our approach is the literature on novel methods for the evaluation of machine translation systems, especially through the WMT evaluation task (Callison-Burch et al., 2011; Macha\u0301cek & Bojar, 2014; Stanojevic et al., 2015). In particular, Gupta et al. (2015) have recently proposed to evaluate machine translation systems using Tree-LSTMs. Their approach differs from ours as, in the dialogue domain, we must additionally condition our score on the context of the conversation, which is not necessary in translation.\nSeveral recent approaches use hand-crafted reward features to train dialogue models using reinforcement learning (RL). For example, Li et al. (2016b) use features related to ease of answering and information flow, and Yu et al. (2016) use metrics related to turn-level appropriateness and conversational depth. These metrics are based on hand-crafted features, which only capture a small set of relevant aspects; this inevitably leads to sub-optimal performance, and it is unclear whether such objectives are preferable over retrieval-based cross-entropy or word-level maximum log-likelihood objectives. Furthermore, many of these metrics are computed at the conversation-level, and are not available for evaluating single dialogue responses. The metrics that can be computed at the response-level could be incorporated into our framework, for example by adding a term to equation 1 consisting of a dot product between these features and a vector of learned parameters.\nThere has been significant work on evaluation methods for task-oriented dialogue systems, which attempt to solve a user\u2019s task such as finding a restaurant. These methods include the PARADISE framework (Walker et al., 1997) and MeMo (Mo\u0308ller et al., 2006), which consider a task completion signal. Our models do not attempt to model task completion, and thus fall outside this domain."
      },
      {
        "heading": "7 DISCUSSION",
        "text": "We use the Twitter Corpus to train our models as it contains a broad range of non-task-oriented conversations and has has been used to train many state-of-the-art models. However, our model could easily be extended to other general-purpose datasets, such as Reddit, once similar pre-trained models become publicly available. Such models are necessary even for creating a test set in a new domain, which will help us determine if ADEM generalizes to related dialogue domains. We leave investigating the domain transfer ability of ADEM for future work.\nThe evaluation model proposed in this paper favours dialogue models that generate responses that are rated as highly appropriate by humans. It is likely that this property does not fully capture the desired end-goal of chatbot systems. For example, one issue with building models to approximate human judgements of response quality is the problem of generic responses. Since humans often provide high scores to generic responses due to their appropriateness for many given contexts, a model trained to predict these scores will exhibit the same behaviour. An important direction for future work is modifying ADEM such that it is not subject to this bias. This could be done, for example, by censoring ADEM\u2019s representations (Edwards & Storkey, 2016) such that they do not contain any information about length. Alternatively, one could build a second evaluation model that assigns a score based on how easy it is to distinguish the dialogue model responses from human responses. In this case, a model that generates generic responses will easily be distinguishable and obtain a low score.\nAn important direction of future research is building models that can evaluate the capability of a dialogue system to have an engaging and meaningful interaction with a human. Compared to evaluating a single response, this evaluation is arguably closer to the end-goal of chatbots. However, such an evaluation is extremely challenging to do in a completely automatic way. We view the evaluation procedure presented in this paper as an important step towards this goal; current dialogue systems are incapable of generating responses that are rated as highly appropriate by humans, and we believe our evaluation model will be useful for measuring and facilitating progress in this direction.\n6Note that, for our dataset, BLEU-2 almost exclusively assigns scores near 0 for both \u2206w \u2264 6 and \u2206w > 6, resulting in a p-value >0.05."
      },
      {
        "heading": "ACKNOWLEDGEMENTS",
        "text": "We\u2019d like to thank Casper Liu for his help with the correlation code, Laurent Charlin for helpful discussions on the data collection, Jason Weston for suggesting improvements in the experiments, and Jean Harb and Emmanuel Bengio for their debugging skills. We gratefully acknowledge support from the Samsung Institute of Advanced Technology, the National Science and Engineering Research Council, and Calcul Quebec. We\u2019d also like to thank the developers of Theano (Team et al., 2016)."
      },
      {
        "heading": "APPENDIX A: FURTHER NOTES ON CROWDSOURCING DATA COLLECTION",
        "text": "Before conducting the primary crowdsourcing experiments to collect the dataset in this paper, we ran a series of preliminary experiments to see how AMT workers responded to different questions. Unlike the primary study, where we asked a small number of overlapping questions to determine the \u03ba score and filtered users based on the results, we conducted a study where all responses (40 in total from 10 contexts) were overlapping. We did this for 18 users in two trials, resulting in 153 pair-wise correlation scores per trial.\nIn the first trial, we asked the following questions to the users, for each response:\n1. How appropriate is the response overall? (overall, scale of 1-5) 2. How on-topic is the response? (topicality, scale of 1-5) 3. How specific is the response to some context? (specificity, scale of 1-5) 4. How much background information is required to understand the context? (background,\nscale of 1-5)\nNote that we do not ask for fluency, as the 3/4 responses for each context were written by a human (including retrieval models). We also provided the AMT workers with examples that have high topicality and low specificity, and examples with high specificity and low topicality. The background question was only asked once for each context.\nWe observed that both the overall scores and topicality had fairly high inter-annotator agreement (as shown in Table 2), but were strongly correlated with each other (i.e. participants would often put the same scores for topicality and overall score). Conversely, specificity (\u03ba = 0.12) and background (\u03ba = 0.05) had very low inter-annotator agreements.\nTo better visualize the data, we produce scatterplots showing the distribution of scores for different responses, for each of the four questions in our survey (Figure 5). We can see that the overall and topicality scores are clustered for each question, indicating high agreement. However, these clusters are most often in the same positions for each response, which indicates that they are highly correlated with each other. Specificity and background information, on the other hand, show far fewer clusters, indicating lower inter-annotator agreement. We conjectured that this was partially because the terms \u2018specificity\u2019 and \u2018background information\u2019, along with our descriptions of them, had a high cognitive load, and were difficult to understand in the context of our survey.\nTo test this hypothesis, we conducted a new survey where we tried to ask the questions for specificity and background in a more intuitive manner. We also changed the formulation of the background question to be a binary 0-1 decision of whether users understood the context. We asked the following questions:\n1. How appropriate is the response overall? (overall, scale of 1-5) 2. How on-topic is the response? (topicality, scale of 1-5) 3. How common is the response? (informativeness, scale of 1-5) 4. Does the context make sense? (context, scale of 0-1)\nWe also clarified our description for the third question, including providing more intuitive examples. Interestingly, the inter-annotator agreement on informativeness \u03ba = 0.31 was much higher than that for specificity in the original survey. Thus, the formulation of questions in a crowdsourcing survey has a large impact on inter-annotator agreement. For the context, we found that users either agreed highly (\u03ba > 0.9 for 45 participants), or not at all (\u03ba < 0.1 for 113 participants).\nWe also experimented with asking the overall score on a separate page, before asking questions 2-4, and found that this increased the \u03ba agreement slightly. Similarly, excluding all scores where participants indicated they did not understand the context improved inter-annotator agreement slightly.\nDue to these observations, we decided to only ask users for their overall quality score for each response, as it is unclear how much additional information is provided by the other questions in the context of dialogue. We hope this information is useful for future crowdsourcing experiments in the dialogue domain."
      },
      {
        "heading": "APPENDIX B: METRIC DESCRIPTION",
        "text": "BLEU BLEU (Papineni et al., 2002) analyzes the co-occurrences of n-grams in the ground truth and the proposed responses. It first computes an n-gram precision for the whole dataset:\nPn(r, r\u0302) =\n\u2211 k min(h(k, r), h(k, r\u0302i))\u2211\nk h(k, ri)\nwhere k indexes all possible n-grams of length n and h(k, r) is the number of n-grams k in r. Note that the min in this equation is calculating the number of co-occurrences of n-gram k between the ground truth response r and the proposed response r\u0302, as it computes the fewest appearances of k in either response. To avoid the drawbacks of using a precision score, namely that it favours shorter (candidate) sentences, the authors introduce a brevity penalty. BLEU-N, where N is the maximum length of n-grams considered, is defined as:\nBLEU-N := b(r, r\u0302) exp( N\u2211 n=1 \u03b2n logPn(r, r\u0302))\n\u03b2n is a weighting that is usually uniform, and b(\u00b7) is the brevity penalty. The most commonly used version of BLEU assigns N = 4. Modern versions of BLEU also use sentence-level smoothing, as the geometric mean often results in scores of 0 if there is no 4-gram overlap (Chen & Cherry, 2014). Note that BLEU is usually calculated at the corpus-level, and was originally designed for use with multiple reference sentences.\nMETEOR The METEOR metric (Banerjee & Lavie, 2005) was introduced to address several weaknesses in BLEU. It creates an explicit alignment between the candidate and target responses. The alignment is based on exact token matching, followed by WordNet synonyms, stemmed tokens, and then paraphrases. Given a set of alignments, the METEOR score is the harmonic mean of precision and recall between the proposed and ground truth sentence.\nGiven a set of alignments m, the METEOR score is the harmonic mean of precision Pm and recall Rm between the candidate and target sentence.\nPen = \u03b3( ch\nm )\u03b8 (3)\nFmean = PmRm\n\u03b1Pm + (1\u2212 \u03b1)Rm (4)\nPm = |m|\u2211 k hk(ci)\n(5)\nRm = |m|\u2211\nk hk(sij) (6)\nMETEOR = (1\u2212 Pen)Fmean (7) The penalty term Pen is based on the \u2018chunkiness\u2019 of the resolved matches. We use the default values for the hyperparameters \u03b1, \u03b3, and \u03b8.\nROUGE ROUGE (Lin, 2004) is a set of evaluation metrics used for automatic summarization. We consider ROUGE-L, which is a F-measure based on the Longest Common Subsequence (LCS) between a candidate and target sentence. The LCS is a set of words which occur in two sentences in the same order; however, unlike n-grams the words do not have to be contiguous, i.e. there can be other words in between the words of the LCS. ROUGE-L is computed using an F-measure between the reference response and the proposed response.\nR = max j\nl(ci, sij)\n|sij | (8)\nP = max j fracl(ci, sij)|cij | (9)\nROUGEL(ci, Si) = (1 + \u03b22)RP\nR+ \u03b22P (10)\nwhere l(ci, sij) is the length of the LCS between the sentences. \u03b2 is usually set to favour recall (\u03b2 = 1.2)."
      },
      {
        "heading": "APPENDIX C: LATENT VARIABLE HIERARCHICAL RECURRENT ENCODER-DECODER (VHRED)",
        "text": "The VHRED model is an extension of the original hierarchical recurrent encoder-decoder (HRED) model (Serban et al., 2016a) with an additional component: a high-dimensional stochastic latent variable at every dialogue turn. The dialogue context is encoded into a vector representation using the utterance-level and context-level RNNs from our encoder. Conditioned on the summary vector at each dialogue turn, VHRED samples a multivariate Gaussian variable that is provided, along with the context summary vector, as input to the decoder RNN, which in turn generates the response word-by-word. We use representations from the VHRED model as it produces more diverse and coherent responses compared to its HRED counterpart.\nThe VHRED model is trained to maximize a lower-bound on the log-likelihood of generating the next response:\nL = logP\u03b8\u0302(w1, . . . ,wN )\n\u2265 N\u2211 n=1 \u2212KL [ Q\u03c8(zn | w1, . . . ,wn)||P\u03b8\u0302(zn | w<n) ] + EQ\u03c8(zn|w1,...,wn) [ logP\u03b8\u0302(wn | zn,w<n) ] ,\nwhere KL[Q||P ] is the Kullback-Leibler (KL) divergence between distributions Q and P . The distribution Q\u03c8(zn | w1, . . . ,wN ) = N (\u00b5posterior(w1, . . . ,wn),\u03a3posterior(w1, . . . ,wn)) is the approximate posterior distribution (or recognition model) which approximates the intractable true posterior distribution P\u03c8(zn | w1, . . . ,wN ). The posterior mean \u00b5posterior and covariance \u03a3posterior (as well as that of the prior) are computed using a feed-forward neural network, which takes as input the concatenation of the vector representations of the past utterances and that of the current utterance.\nThe multivariate Gaussian latent variable in the VHRED model allows modelling ambiguity and uncertainty in the dialogue through the latent variable distribution parameters (mean and variance). This provides a useful inductive bias, which helps VHRED encode the dialogue context into a real-valued embedding space even when the dialogue context is ambiguous or uncertain, and it helps VHRED generate more diverse responses."
      },
      {
        "heading": "APPENDIX D: EXPERIMENTS & RESULTS",
        "text": "HYPERPARAMETERS\nWhen evaluating our model, we conduct early stopping on an external validation set to obtain the best parameter setting. We similarly choose our hyperparameters (PCA dimension n, L1 regularization penalty \u03b3, learning rate a, and batch size b) based on validation set results. Our best ADEM model used \u03b3 = 0.02, a = 0.01, and b = 16. For ADEM with tweet2vec embeddings, we did a similar hyperparameter searched, and used n = 150, \u03b3 = 0.01, a = 0.01, and b = 16.\nADDITIONAL RESULTS\nNew results on Liu et al. (2016) data In order to ensure that the correlations between word-overlap metrics and human judgements were comparable across datasets, we standardized the processing of the evaluation dataset from Liu et al. (2016). In particular, the original data from Liu et al. (2016) has a token (either \u2018<first speaker>\u2019, \u2018<second speaker>\u2019, or \u2018<third speaker>\u2019) at the beginning of each utterance. This is an artifact left-over by the processing used as input to the hierarchical recurrent encoder-decoder (HRED) model (Serban et al., 2016a). Removing these tokens makes sense for establishing the ability of word-overlap models, as they are unrelated to the content of the tweets.\nWe perform this processing, and report the updated results for word-overlap metrics in Table 10. Surprisingly, almost all significant correlation disappears, particularly for all forms of the BLEU score. Thus, we can conclude that the\nword-overlap metrics were heavily relying on these tokens to form bigram matches between the model responses and reference responses.\nEvaluation speed An important property of evaluation models is speed. We show the evaluation time on the test set for ADEM on both CPU and a Titan X GPU (using Theano, without cudNN) in Table 11. When run on GPU, ADEM is able to evaluate responses in a reasonable amount of time (approximately 2.5 minutes). This includes the time for encoding the contexts, model responses, and reference responses into vectors with the hierarchical RNN, in addition to computing the PCA projection, but does not include pre-training with VHRED. For comparison, if run on a test set of 10,000 responses, ADEM would take approximately 45 minutes.\nThis is significantly less time consuming than setting up human experiments at any scale. Note that we have not yet made any effort to optimize the speed of the ADEM model.\nLearning curves To show that our learning procedure for ADEM really is necessary, and that the embeddings produced by VHRED are not sufficient to evaluate dialogue systems, we plot the Spearman and Pearson correlations on the test set as a function of the number of epochs in Figure 7. It is clear that, at the beginning of training, when the matrices M and N have been initialized to the identity, the model is incapable of accurately predicting human scores, and its correlation is approximately 0.\nFailure analysis We now conduct a failure analysis of the ADEM model. In particular, we look at two different cases: responses where both humans and (normalized) ROUGE or BLEU-2 score highly (a score of 4 out of 5 or greater) while ADEM scores poorly (2 out of 5 or lower), and the converse, where ADEM scores the response highly while humans and either ROUGE or BLEU-2 score it poorly. We randomly sample (i.e. without cherry picking) three examples of each case, which are shown in Tables 12-13.\nFrom Table 12, the cases where ADEM misses a good response, we can see that there are a variety of reasons for this cause of failure. In the first example, ADEM is not able to match the fact that the model response talks about sleep to the reference response or context. This is possibly because the utterance contains a significant amount of irrelevant information: indeed, the first two sentences are not related to either the context or reference response. In the second example, the model response does not seem particularly relevant to the context \u2014 despite this, the human scoring this example gave it 4/5. This illustrates one drawback of human evaluations; they are quite subjective, and often have some noise. This makes it difficult to learn an effective ADEM model. Finally, ADEM is unable to score the third response highly, even though it is very closely related to the reference response.\nWe can observe from the first two examples in Table 13, where the ADEM model erroneously ranks the model responses highly, that ADEM is occasionally fooled into giving high scores for responses that are completely unrelated to the context. This may be because both of the utterances are short, and short utterances are ranked higher by humans in general since they are often more generic (as detailed in Section 5). In the third example, the response actually seems to be somewhat reasonable given the context; this may be an instance where the human evaluator provided a score that was too low.\nData efficiency How much data is required to train ADEM? We conduct an experiment where we train ADEM on different amounts of training data, from 5% to 100%. The results are shown in Table 14. We can observe that ADEM is very data-efficient, and is capable of reaching a Spearman correlation of 0.4 using only half of the available training data (1000 labelled examples). ADEM correlates significantly with humans even when only trained on 5% of the original training data (100 labelled examples)."
      }
    ],
    "references": [
      {
        "title": "Semi-formal evaluation of conversational characters",
        "author": [
          "R. Artstein",
          "S. Gandhe",
          "J. Gerten",
          "A. Leuski",
          "D. Traum"
        ],
        "venue": "In Languages: From Formal to Natural,",
        "citeRegEx": "Artstein et al\\.,? \\Q2009\\E",
        "shortCiteRegEx": "Artstein et al\\.",
        "year": 2009
      },
      {
        "title": "Meteor: An automatic metric for mt evaluation with improved correlation with human judgments. In Proceedings of the acl workshop on intrinsic and extrinsic evaluation measures for machine translation",
        "author": [
          "S. Banerjee",
          "A. Lavie"
        ],
        "venue": "and/or summarization,",
        "citeRegEx": "Banerjee and Lavie.,? \\Q2005\\E",
        "shortCiteRegEx": "Banerjee and Lavie.",
        "year": 2005
      },
      {
        "title": "Learning long-term dependencies with gradient descent is difficult",
        "author": [
          "Y. Bengio",
          "P. Simard",
          "P. Frasconi"
        ],
        "venue": "IEEE transactions on neural networks,",
        "citeRegEx": "Bengio et al\\.,? \\Q1994\\E",
        "shortCiteRegEx": "Bengio et al\\.",
        "year": 1994
      },
      {
        "title": "Generating sentences from a continuous space",
        "author": [
          "S.R. Bowman",
          "L. Vilnis",
          "O. Vinyals",
          "A.M. Dai",
          "R. Jozefowicz",
          "S. Bengio"
        ],
        "venue": null,
        "citeRegEx": "Bowman et al\\.,? \\Q2016\\E",
        "shortCiteRegEx": "Bowman et al\\.",
        "year": 2016
      },
      {
        "title": "Findings of the 2011 workshop on statistical machine translation",
        "author": [
          "C. Callison-Burch",
          "P. Koehn",
          "C. Monz",
          "O.F. Zaidan"
        ],
        "venue": "In Proceedings of the Sixth Workshop on Statistical Machine Translation,",
        "citeRegEx": "Callison.Burch et al\\.,? \\Q2011\\E",
        "shortCiteRegEx": "Callison.Burch et al\\.",
        "year": 2011
      },
      {
        "title": "A systematic comparison of smoothing techniques for sentence-level bleu",
        "author": [
          "B. Chen",
          "C. Cherry"
        ],
        "venue": "ACL",
        "citeRegEx": "Chen and Cherry.,? \\Q2014\\E",
        "shortCiteRegEx": "Chen and Cherry.",
        "year": 2014
      },
      {
        "title": "Weighted kappa: Nominal scale agreement provision for scaled disagreement or partial credit",
        "author": [
          "J. Cohen"
        ],
        "venue": "Psychological bulletin,",
        "citeRegEx": "Cohen.,? \\Q1968\\E",
        "shortCiteRegEx": "Cohen.",
        "year": 1968
      },
      {
        "title": "Recurrent batch normalization",
        "author": [
          "T. Cooijmans",
          "N. Ballas",
          "C. Laurent",
          "A. Courville"
        ],
        "venue": "arXiv preprint arXiv:1603.09025,",
        "citeRegEx": "Cooijmans et al\\.,? \\Q2016\\E",
        "shortCiteRegEx": "Cooijmans et al\\.",
        "year": 2016
      },
      {
        "title": "Tweet2vec: Character-based distributed representations for social media",
        "author": [
          "B. Dhingra",
          "Z. Zhou",
          "D. Fitzpatrick",
          "M. Muehl",
          "W.W. Cohen"
        ],
        "venue": "arXiv preprint arXiv:1605.03481,",
        "citeRegEx": "Dhingra et al\\.,? \\Q2016\\E",
        "shortCiteRegEx": "Dhingra et al\\.",
        "year": 2016
      },
      {
        "title": "Censoring representations with an adversary",
        "author": [
          "H. Edwards",
          "A. Storkey"
        ],
        "venue": null,
        "citeRegEx": "Edwards and Storkey.,? \\Q2016\\E",
        "shortCiteRegEx": "Edwards and Storkey.",
        "year": 2016
      },
      {
        "title": "Hierarchical recurrent neural networks for long-term dependencies",
        "author": [
          "S. El Hihi",
          "Y. Bengio"
        ],
        "venue": "In NIPS,",
        "citeRegEx": "Hihi and Bengio.,? \\Q1995\\E",
        "shortCiteRegEx": "Hihi and Bengio.",
        "year": 1995
      },
      {
        "title": "Amazon\u2019s \u2019Alexa Prize",
        "author": [
          "M. Farber"
        ],
        "venue": "Will Give College Students Up To $2.5M To Create A Socialbot. Fortune,",
        "citeRegEx": "Farber.,? \\Q2016\\E",
        "shortCiteRegEx": "Farber.",
        "year": 2016
      },
      {
        "title": "A new algorithm for data compression",
        "author": [
          "P. Gage"
        ],
        "venue": "The C Users Journal,",
        "citeRegEx": "Gage.,? \\Q1994\\E",
        "shortCiteRegEx": "Gage.",
        "year": 1994
      },
      {
        "title": "deltableu: A discriminative metric for generation tasks with intrinsically diverse targets",
        "author": [
          "M. Galley",
          "C. Brockett",
          "A. Sordoni",
          "Y. Ji",
          "M. Auli",
          "C. Quirk",
          "M. Mitchell",
          "J. Gao",
          "B. Dolan"
        ],
        "venue": "arXiv preprint arXiv:1506.06863,",
        "citeRegEx": "Galley et al\\.,? \\Q2015\\E",
        "shortCiteRegEx": "Galley et al\\.",
        "year": 2015
      },
      {
        "title": "Reval: A simple and effective machine translation evaluation metric based on recurrent neural networks",
        "author": [
          "R. Gupta",
          "C. Orasan",
          "J. van Genabith"
        ],
        "venue": "In Proceedings of the 2015 Conference on Empirical Methods in Natural Language Processing (EMNLP),",
        "citeRegEx": "Gupta et al\\.,? \\Q2015\\E",
        "shortCiteRegEx": "Gupta et al\\.",
        "year": 2015
      },
      {
        "title": "Untersuchungen zu dynamischen neuronalen netzen",
        "author": [
          "S. Hochreiter"
        ],
        "venue": "Diploma, Technische Universita\u0308t Mu\u0308nchen, pp",
        "citeRegEx": "Hochreiter.,? \\Q1991\\E",
        "shortCiteRegEx": "Hochreiter.",
        "year": 1991
      },
      {
        "title": "Long short-term memory",
        "author": [
          "S. Hochreiter",
          "J. Schmidhuber"
        ],
        "venue": "Neural computation,",
        "citeRegEx": "Hochreiter and Schmidhuber.,? \\Q1997\\E",
        "shortCiteRegEx": "Hochreiter and Schmidhuber.",
        "year": 1997
      },
      {
        "title": "Batch normalization: Accelerating deep network training by reducing internal covariate shift",
        "author": [
          "S. Ioffe",
          "C. Szegedy"
        ],
        "venue": "arXiv preprint arXiv:1502.03167,",
        "citeRegEx": "Ioffe and Szegedy.,? \\Q2015\\E",
        "shortCiteRegEx": "Ioffe and Szegedy.",
        "year": 2015
      },
      {
        "title": "Smart reply: Automated response suggestion for email",
        "author": [
          "A. Kannan",
          "K. Kurach",
          "S. Ravi",
          "T. Kaufmann",
          "A. Tomkins",
          "B. Miklos",
          "G. Corrado",
          "L. Luk\u00e1cs",
          "M. Ganea",
          "P. Young"
        ],
        "venue": "In Proceedings of the ACM SIGKDD Conference on Knowledge Discovery and Data Mining (KDD),",
        "citeRegEx": "Kannan et al\\.,? \\Q2016\\E",
        "shortCiteRegEx": "Kannan et al\\.",
        "year": 2016
      },
      {
        "title": "Adam: A method for stochastic optimization",
        "author": [
          "D. Kingma",
          "J. Ba"
        ],
        "venue": "arXiv preprint arXiv:1412.6980,",
        "citeRegEx": "Kingma and Ba.,? \\Q2014\\E",
        "shortCiteRegEx": "Kingma and Ba.",
        "year": 2014
      },
      {
        "title": "Skip-thought vectors",
        "author": [
          "R. Kiros",
          "Y. Zhu",
          "R.R. Salakhutdinov",
          "R. Zemel",
          "R. Urtasun",
          "A. Torralba",
          "S. Fidler"
        ],
        "venue": "In Advances in Neural Information Processing Systems,",
        "citeRegEx": "Kiros et al\\.,? \\Q2015\\E",
        "shortCiteRegEx": "Kiros et al\\.",
        "year": 2015
      },
      {
        "title": "A diversity-promoting objective function for neural conversation models",
        "author": [
          "J. Li",
          "M. Galley",
          "C. Brockett",
          "J. Gao",
          "B. Dolan"
        ],
        "venue": "arXiv preprint arXiv:1510.03055,",
        "citeRegEx": "Li et al\\.,? \\Q2015\\E",
        "shortCiteRegEx": "Li et al\\.",
        "year": 2015
      },
      {
        "title": "A persona-based neural conversation model",
        "author": [
          "J. Li",
          "M. Galley",
          "C. Brockett",
          "J. Gao",
          "B. Dolan"
        ],
        "venue": "arXiv preprint arXiv:1603.06155,",
        "citeRegEx": "Li et al\\.,? \\Q2016\\E",
        "shortCiteRegEx": "Li et al\\.",
        "year": 2016
      },
      {
        "title": "Deep reinforcement learning for dialogue generation",
        "author": [
          "J. Li",
          "W. Monroe",
          "A. Ritter",
          "D. Jurafsky"
        ],
        "venue": "arXiv preprint arXiv:1606.01541,",
        "citeRegEx": "Li et al\\.,? \\Q2016\\E",
        "shortCiteRegEx": "Li et al\\.",
        "year": 2016
      },
      {
        "title": "Rouge: A package for automatic evaluation of summaries. In Text summarization branches out",
        "author": [
          "C.-Y. Lin"
        ],
        "venue": "Proceedings of the ACL-04 workshop,",
        "citeRegEx": "Lin.,? \\Q2004\\E",
        "shortCiteRegEx": "Lin.",
        "year": 2004
      },
      {
        "title": "How not to evaluate your dialogue system: An empirical study of unsupervised evaluation metrics for dialogue response generation",
        "author": [
          "C.-W. Liu",
          "R. Lowe",
          "I.V. Serban",
          "M. Noseworthy",
          "L. Charlin",
          "J. Pineau"
        ],
        "venue": "arXiv preprint arXiv:1603.08023,",
        "citeRegEx": "Liu et al\\.,? \\Q2016\\E",
        "shortCiteRegEx": "Liu et al\\.",
        "year": 2016
      },
      {
        "title": "The ubuntu dialogue corpus: A large dataset for research in unstructured multi-turn dialogue systems",
        "author": [
          "R. Lowe",
          "N. Pow",
          "I. Serban",
          "J. Pineau"
        ],
        "venue": "arXiv preprint arXiv:1506.08909,",
        "citeRegEx": "Lowe et al\\.,? \\Q2015\\E",
        "shortCiteRegEx": "Lowe et al\\.",
        "year": 2015
      },
      {
        "title": "Results of the wmt14 metrics shared task",
        "author": [
          "M. Mach\u00e1cek",
          "O. Bojar"
        ],
        "venue": "In Proceedings of the Ninth Workshop on Statistical Machine Translation,",
        "citeRegEx": "Mach\u00e1cek and Bojar.,? \\Q2014\\E",
        "shortCiteRegEx": "Mach\u00e1cek and Bojar.",
        "year": 2014
      },
      {
        "title": "Mozur. For sympathetic ear, more chinese turn to smartphone program",
        "author": [
          "P.J. Markoff"
        ],
        "venue": "NY Times,",
        "citeRegEx": "Markoff,? \\Q2015\\E",
        "shortCiteRegEx": "Markoff",
        "year": 2015
      },
      {
        "title": "Memo: towards automatic usability evaluation of spoken dialogue services by user error simulations",
        "author": [
          "S. M\u00f6ller",
          "R. Englert",
          "K.-P. Engelbrecht",
          "V.V. Hafner",
          "A. Jameson",
          "A. Oulasvirta",
          "A. Raake",
          "N. Reithinger"
        ],
        "venue": "In INTERSPEECH,",
        "citeRegEx": "M\u00f6ller et al\\.,? \\Q2006\\E",
        "shortCiteRegEx": "M\u00f6ller et al\\.",
        "year": 2006
      },
      {
        "title": "Bleu: a method for automatic evaluation of machine translation",
        "author": [
          "K. Papineni",
          "S. Roukos",
          "T. Ward",
          "W.-J. Zhu"
        ],
        "venue": "In Proceedings of the 40th annual meeting on association for computational linguistics,",
        "citeRegEx": "Papineni et al\\.,? \\Q2002\\E",
        "shortCiteRegEx": "Papineni et al\\.",
        "year": 2002
      },
      {
        "title": "Principal components analysis",
        "author": [
          "K. Pearson"
        ],
        "venue": "The London, Edinburgh and Dublin Philosophical Magazine and Journal,",
        "citeRegEx": "Pearson.,? \\Q1901\\E",
        "shortCiteRegEx": "Pearson.",
        "year": 1901
      },
      {
        "title": "Data-driven response generation in social media",
        "author": [
          "A. Ritter",
          "C. Cherry",
          "W.B. Dolan"
        ],
        "venue": "In Proceedings of the conference on empirical methods in natural language processing,",
        "citeRegEx": "Ritter et al\\.,? \\Q2011\\E",
        "shortCiteRegEx": "Ritter et al\\.",
        "year": 2011
      },
      {
        "title": "Neural machine translation of rare words with subword units",
        "author": [
          "R. Sennrich",
          "B. Haddow",
          "A. Birch"
        ],
        "venue": "arXiv preprint arXiv:1508.07909,",
        "citeRegEx": "Sennrich et al\\.,? \\Q2015\\E",
        "shortCiteRegEx": "Sennrich et al\\.",
        "year": 2015
      },
      {
        "title": "Building end-to-end dialogue systems using generative hierarchical neural network models",
        "author": [
          "I.V. Serban",
          "A. Sordoni",
          "Y. Bengio",
          "A. Courville",
          "J. Pineau"
        ],
        "venue": "In AAAI,",
        "citeRegEx": "Serban et al\\.,? \\Q2016\\E",
        "shortCiteRegEx": "Serban et al\\.",
        "year": 2016
      },
      {
        "title": "A hierarchical latent variable encoder-decoder model for generating dialogues",
        "author": [
          "I.V. Serban",
          "A. Sordoni",
          "R. Lowe",
          "L. Charlin",
          "J. Pineau",
          "A. Courville",
          "Y. Bengio"
        ],
        "venue": "arXiv preprint arXiv:1605.06069,",
        "citeRegEx": "Serban et al\\.,? \\Q2016\\E",
        "shortCiteRegEx": "Serban et al\\.",
        "year": 2016
      },
      {
        "title": "Neural responding machine for short-text conversation",
        "author": [
          "L. Shang",
          "Z. Lu",
          "H. Li"
        ],
        "venue": "arXiv preprint arXiv:1503.02364,",
        "citeRegEx": "Shang et al\\.,? \\Q2015\\E",
        "shortCiteRegEx": "Shang et al\\.",
        "year": 2015
      },
      {
        "title": "A hierarchical recurrent encoder-decoder for generative context-aware query suggestion",
        "author": [
          "A. Sordoni",
          "Y. Bengio",
          "H. Vahabi",
          "C. Lioma",
          "J. Grue Simonsen",
          "J.-Y. Nie"
        ],
        "venue": "In Proceedings of the 24th ACM International on Conference on Information and Knowledge Management,",
        "citeRegEx": "Sordoni et al\\.,? \\Q2015\\E",
        "shortCiteRegEx": "Sordoni et al\\.",
        "year": 2015
      },
      {
        "title": "A neural network approach to context-sensitive generation of conversational responses",
        "author": [
          "A. Sordoni",
          "M. Galley",
          "M. Auli",
          "C. Brockett",
          "Y. Ji",
          "M. Mitchell",
          "J.-Y. Nie",
          "J. Gao",
          "B. Dolan"
        ],
        "venue": "arXiv preprint arXiv:1506.06714,",
        "citeRegEx": "Sordoni et al\\.,? \\Q2015\\E",
        "shortCiteRegEx": "Sordoni et al\\.",
        "year": 2015
      },
      {
        "title": "Results of the wmt15 metrics shared task",
        "author": [
          "M. Stanojevic",
          "A. Kamran",
          "P. Koehn",
          "O. Bojar"
        ],
        "venue": "In Proceedings of the Tenth Workshop on Statistical Machine Translation,",
        "citeRegEx": "Stanojevic et al\\.,? \\Q2015\\E",
        "shortCiteRegEx": "Stanojevic et al\\.",
        "year": 2015
      },
      {
        "title": "Theano: A python framework for fast computation of mathematical expressions",
        "author": [
          "T.T.D. Team",
          "R. Al-Rfou",
          "G. Alain",
          "A. Almahairi",
          "C. Angermueller",
          "D. Bahdanau",
          "N. Ballas",
          "F. Bastien",
          "J. Bayer",
          "A. Belikov"
        ],
        "venue": "arXiv preprint arXiv:1605.02688,",
        "citeRegEx": "Team et al\\.,? \\Q2016\\E",
        "shortCiteRegEx": "Team et al\\.",
        "year": 2016
      },
      {
        "title": "Computing machinery and intelligence",
        "author": [
          "A.M. Turing"
        ],
        "venue": "Mind, 59(236):433\u2013460,",
        "citeRegEx": "Turing.,? \\Q1950\\E",
        "shortCiteRegEx": "Turing.",
        "year": 1950
      },
      {
        "title": "A neural conversational model",
        "author": [
          "O. Vinyals",
          "Q. Le"
        ],
        "venue": "arXiv preprint arXiv:1506.05869,",
        "citeRegEx": "Vinyals and Le.,? \\Q2015\\E",
        "shortCiteRegEx": "Vinyals and Le.",
        "year": 2015
      },
      {
        "title": "Paradise: A framework for evaluating spoken dialogue agents",
        "author": [
          "M.A. Walker",
          "D.J. Litman",
          "C.A. Kamm",
          "A. Abella"
        ],
        "venue": "In Proceedings of the eighth conference on European chapter of the Association for Computational Linguistics,",
        "citeRegEx": "Walker et al\\.,? \\Q1997\\E",
        "shortCiteRegEx": "Walker et al\\.",
        "year": 1997
      },
      {
        "title": "ELIZAa computer program for the study of natural language communication between man and machine",
        "author": [
          "J. Weizenbaum"
        ],
        "venue": "Communications of the ACM,",
        "citeRegEx": "Weizenbaum.,? \\Q1966\\E",
        "shortCiteRegEx": "Weizenbaum.",
        "year": 1966
      },
      {
        "title": "Strategy and policy learning for non-task-oriented conversational systems",
        "author": [
          "Z. Yu",
          "Z. Xu",
          "A.W. Black",
          "A.I. Rudnicky"
        ],
        "venue": "In 17th Annual Meeting of the Special Interest Group on Discourse and Dialogue,",
        "citeRegEx": "Yu et al\\.,? \\Q2016\\E",
        "shortCiteRegEx": "Yu et al\\.",
        "year": 2016
      },
      {
        "title": "r\u0302)) \u03b2n is a weighting that is usually uniform, and b(\u00b7) is the brevity penalty. The most commonly used version of BLEU assigns N = 4. Modern versions of BLEU also use sentence-level smoothing, as the geometric mean often results in scores of 0 if there is no 4-gram overlap",
        "author": [
          "\u03b2n logPn(r"
        ],
        "venue": "(Chen & Cherry,",
        "citeRegEx": "logPn.r,? \\Q2014\\E",
        "shortCiteRegEx": "logPn.r",
        "year": 2014
      },
      {
        "title": "2016) data In order to ensure that the correlations between word-overlap metrics and human judgements were comparable across datasets, we standardized the processing of the evaluation dataset from Liu et al",
        "author": [
          "Liu"
        ],
        "venue": null,
        "citeRegEx": "Liu,? \\Q2016\\E",
        "shortCiteRegEx": "Liu",
        "year": 2016
      },
      {
        "title": "<first speaker>\u2019, \u2018<second speaker>\u2019, or \u2018<third speaker>\u2019) at the beginning of each utterance. This is an artifact left-over by the processing used as input to the hierarchical recurrent encoder-decoder (HRED) model (Serban et al., 2016a)",
        "author": [
          "Liu"
        ],
        "venue": null,
        "citeRegEx": "Liu,? \\Q2016\\E",
        "shortCiteRegEx": "Liu",
        "year": 2016
      }
    ],
    "referenceMentions": [
      {
        "referenceID": 25,
        "context": "Unfortunately, existing automatic evaluation metrics are biased and correlate very poorly with human judgements of response quality (Liu et al., 2016).",
        "startOffset": 132,
        "endOffset": 150
      },
      {
        "referenceID": 41,
        "context": "As such, building systems that can naturally and meaningfully converse with humans has been a central goal of artificial intelligence since the formulation of the Turing test (Turing, 1950).",
        "startOffset": 175,
        "endOffset": 189
      },
      {
        "referenceID": 44,
        "context": "Research on one type of such systems, sometimes referred to as non-task-oriented dialogue systems, goes back to the mid-60s with Weizenbaum\u2019s famous program ELIZA: a rule-based system mimicking a Rogerian psychotherapist by persistently either rephrasing statements or asking questions (Weizenbaum, 1966).",
        "startOffset": 286,
        "endOffset": 304
      },
      {
        "referenceID": 36,
        "context": "Recently, there has been a surge of interest in the research community towards building large-scale non-task-oriented dialogue systems using neural networks (Sordoni et al., 2015b; Shang et al., 2015; Vinyals & Le, 2015; Serban et al., 2016a; Li et al., 2015).",
        "startOffset": 157,
        "endOffset": 259
      },
      {
        "referenceID": 21,
        "context": "Recently, there has been a surge of interest in the research community towards building large-scale non-task-oriented dialogue systems using neural networks (Sordoni et al., 2015b; Shang et al., 2015; Vinyals & Le, 2015; Serban et al., 2016a; Li et al., 2015).",
        "startOffset": 157,
        "endOffset": 259
      },
      {
        "referenceID": 18,
        "context": "Such models have already had a substantial impact in industry, including Google\u2019s Smart Reply system (Kannan et al., 2016), and Microsoft\u2019s Xiaoice chatbot (Markoff & Mozur, 2015), which has over 20 million users.",
        "startOffset": 101,
        "endOffset": 122
      },
      {
        "referenceID": 11,
        "context": "More recently, Amazon has announced the Alexa Prize Challenge: a research competition with the goal of developing a natural and engaging chatbot system (Farber, 2016).",
        "startOffset": 152,
        "endOffset": 166
      },
      {
        "referenceID": 26,
        "context": "Lowe et al. (2015)).",
        "startOffset": 0,
        "endOffset": 19
      },
      {
        "referenceID": 30,
        "context": "The most widely used metric for evaluating such dialogue systems is BLEU (Papineni et al., 2002), a metric measuring word overlaps originally developed for machine translation.",
        "startOffset": 73,
        "endOffset": 96
      },
      {
        "referenceID": 25,
        "context": "However, it has been shown that BLEU and other word-overlap metrics are biased and correlate poorly with human judgements of response quality (Liu et al., 2016).",
        "startOffset": 142,
        "endOffset": 160
      },
      {
        "referenceID": 32,
        "context": "Despite this, many researchers still use BLEU to evaluate their dialogue models (Ritter et al., 2011; Sordoni et al., 2015b; Li et al., 2015; Galley et al., 2015; Li et al., 2016a), as there are few alternatives available that correlate with human judgements.",
        "startOffset": 80,
        "endOffset": 180
      },
      {
        "referenceID": 21,
        "context": "Despite this, many researchers still use BLEU to evaluate their dialogue models (Ritter et al., 2011; Sordoni et al., 2015b; Li et al., 2015; Galley et al., 2015; Li et al., 2016a), as there are few alternatives available that correlate with human judgements.",
        "startOffset": 80,
        "endOffset": 180
      },
      {
        "referenceID": 13,
        "context": "Despite this, many researchers still use BLEU to evaluate their dialogue models (Ritter et al., 2011; Sordoni et al., 2015b; Li et al., 2015; Galley et al., 2015; Li et al., 2016a), as there are few alternatives available that correlate with human judgements.",
        "startOffset": 80,
        "endOffset": 180
      },
      {
        "referenceID": 26,
        "context": "(2016), we use the following 4 sources of candidate responses: (1) a response selected by a TF-IDF retrieval-based model, (2) a response selected by the Dual Encoder (DE) (Lowe et al., 2015), (3) a response generated using the hierarchical recurrent encoder-decoder (HRED) model (Serban et al.",
        "startOffset": 171,
        "endOffset": 190
      },
      {
        "referenceID": 25,
        "context": "Following Liu et al. (2016), we use the following 4 sources of candidate responses: (1) a response selected by a TF-IDF retrieval-based model, (2) a response selected by the Dual Encoder (DE) (Lowe et al.",
        "startOffset": 10,
        "endOffset": 28
      },
      {
        "referenceID": 6,
        "context": "2 (Cohen, 1968).",
        "startOffset": 2,
        "endOffset": 15
      },
      {
        "referenceID": 6,
        "context": "2 (Cohen, 1968). The remaining evaluators had a median \u03ba score of 0.63, indicating moderate agreement. This is consistent with results from Liu et al. (2016). Dataset statistics are provided in Table 1.",
        "startOffset": 3,
        "endOffset": 158
      },
      {
        "referenceID": 32,
        "context": "This is why we use the Twitter Corpus (Ritter et al., 2011), as such models are pre-trained and readily available.",
        "startOffset": 38,
        "endOffset": 59
      },
      {
        "referenceID": 15,
        "context": "LSTMs are one of the most well-established methods for dealing with the vanishing gradient problem in recurrent networks (Hochreiter, 1991; Bengio et al., 1994).",
        "startOffset": 121,
        "endOffset": 160
      },
      {
        "referenceID": 2,
        "context": "LSTMs are one of the most well-established methods for dealing with the vanishing gradient problem in recurrent networks (Hochreiter, 1991; Bengio et al., 1994).",
        "startOffset": 121,
        "endOffset": 160
      },
      {
        "referenceID": 25,
        "context": "human judgements for dialogue response evaluation (Liu et al., 2016).",
        "startOffset": 50,
        "endOffset": 68
      },
      {
        "referenceID": 30,
        "context": "BLEU BLEU (Papineni et al., 2002) analyzes the co-occurrences of n-grams in the ground truth and the proposed responses.",
        "startOffset": 10,
        "endOffset": 33
      },
      {
        "referenceID": 0,
        "context": "However, in dialogue, the set of appropriate responses given a context is much larger (Artstein et al., 2009); in other words, there is a very high response diversity that is unlikely to be captured by word-overlap comparison to a single response.",
        "startOffset": 86,
        "endOffset": 109
      },
      {
        "referenceID": 20,
        "context": "VHRED is also closely related to the skip-thought-vector model (Kiros et al., 2015), which has been shown to learn useful representations of sentences for many tasks, including semantic relatedness and paraphrase detection.",
        "startOffset": 63,
        "endOffset": 83
      },
      {
        "referenceID": 12,
        "context": "In order to reduce the effective vocabulary size, we use byte pair encoding (BPE) (Gage, 1994; Sennrich et al., 2015), which splits each word into sub-words or characters.",
        "startOffset": 82,
        "endOffset": 117
      },
      {
        "referenceID": 33,
        "context": "In order to reduce the effective vocabulary size, we use byte pair encoding (BPE) (Gage, 1994; Sennrich et al., 2015), which splits each word into sub-words or characters.",
        "startOffset": 82,
        "endOffset": 117
      },
      {
        "referenceID": 7,
        "context": ", 2016) for the hierarchical encoder, which we found worked better at the task of dialogue generation than the related recurrent batch normalization (Ioffe & Szegedy, 2015; Cooijmans et al., 2016).",
        "startOffset": 149,
        "endOffset": 196
      },
      {
        "referenceID": 6,
        "context": ", 2016) for the hierarchical encoder, which we found worked better at the task of dialogue generation than the related recurrent batch normalization (Ioffe & Szegedy, 2015; Cooijmans et al., 2016). To train the VHRED model, we employed several of the same techniques found in Serban et al. (2016b) and Bowman et al.",
        "startOffset": 173,
        "endOffset": 298
      },
      {
        "referenceID": 3,
        "context": "(2016b) and Bowman et al. (2016): we drop words in the decoder with a fixed",
        "startOffset": 12,
        "endOffset": 33
      },
      {
        "referenceID": 8,
        "context": "\u2018ADEM (T2V)\u2019 indicates ADEM with tweet2vec embeddings (Dhingra et al., 2016), and \u2018VHRED\u2019 indicates the dot product of VHRED embeddings (i.",
        "startOffset": 54,
        "endOffset": 76
      },
      {
        "referenceID": 31,
        "context": "Thus, after training VHRED, we use principal component analysis (PCA) (Pearson, 1901) to reduce the dimensionality of the context, model response, and reference response embeddings to n.",
        "startOffset": 70,
        "endOffset": 85
      },
      {
        "referenceID": 25,
        "context": "We can observe from both this data, and the new data in Table 3, that the correlations for the word-overlap metrics are even lower than estimated in previous studies (Liu et al., 2016; Galley et al., 2015).",
        "startOffset": 166,
        "endOffset": 205
      },
      {
        "referenceID": 13,
        "context": "We can observe from both this data, and the new data in Table 3, that the correlations for the word-overlap metrics are even lower than estimated in previous studies (Liu et al., 2016; Galley et al., 2015).",
        "startOffset": 166,
        "endOffset": 205
      },
      {
        "referenceID": 32,
        "context": "In particular, this is the case for BLEU-4, which has frequently been used for dialogue response evaluation (Ritter et al., 2011; Sordoni et al., 2015b; Li et al., 2015; Galley et al., 2015; Li et al., 2016a).",
        "startOffset": 108,
        "endOffset": 208
      },
      {
        "referenceID": 21,
        "context": "In particular, this is the case for BLEU-4, which has frequently been used for dialogue response evaluation (Ritter et al., 2011; Sordoni et al., 2015b; Li et al., 2015; Galley et al., 2015; Li et al., 2016a).",
        "startOffset": 108,
        "endOffset": 208
      },
      {
        "referenceID": 13,
        "context": "In particular, this is the case for BLEU-4, which has frequently been used for dialogue response evaluation (Ritter et al., 2011; Sordoni et al., 2015b; Li et al., 2015; Galley et al., 2015; Li et al., 2016a).",
        "startOffset": 108,
        "endOffset": 208
      },
      {
        "referenceID": 21,
        "context": "We also conduct an additional analysis of the response data from Liu et al. (2016), where the preprocessing is standardized by removing \u2018<first speaker>\u2019 tokens at the beginning of each utterance.",
        "startOffset": 65,
        "endOffset": 83
      },
      {
        "referenceID": 8,
        "context": "We also compare with ADEM using tweet2vec embeddings for c, r, and r\u0302, which are computed at the character-level with a bidirectional GRU (Dhingra et al., 2016), and obtain comparable but slightly inferior performance compared to using VHRED embeddings.",
        "startOffset": 138,
        "endOffset": 160
      },
      {
        "referenceID": 30,
        "context": "99 on 5 models in the translation domain (Papineni et al., 2002).",
        "startOffset": 41,
        "endOffset": 64
      },
      {
        "referenceID": 13,
        "context": "Note that our word-overlap correlation results in Table 3 are also lower than those presented in Galley et al. (2015). This is because Galley et al.",
        "startOffset": 97,
        "endOffset": 118
      },
      {
        "referenceID": 25,
        "context": "BLEU-1, BLEU-2, and METEOR have previously been shown to exhibit bias towards similarlength responses (Liu et al., 2016).",
        "startOffset": 102,
        "endOffset": 120
      },
      {
        "referenceID": 25,
        "context": "In (Liu et al., 2016), the authors show that word-overlap metrics such as BLEU-1, BLEU-2, and METEOR exhibit a bias in this scenario: they tend to assign higher scores to responses that are",
        "startOffset": 3,
        "endOffset": 21
      },
      {
        "referenceID": 4,
        "context": "Related to our approach is the literature on novel methods for the evaluation of machine translation systems, especially through the WMT evaluation task (Callison-Burch et al., 2011; Mach\u00e1cek & Bojar, 2014; Stanojevic et al., 2015).",
        "startOffset": 153,
        "endOffset": 231
      },
      {
        "referenceID": 39,
        "context": "Related to our approach is the literature on novel methods for the evaluation of machine translation systems, especially through the WMT evaluation task (Callison-Burch et al., 2011; Mach\u00e1cek & Bojar, 2014; Stanojevic et al., 2015).",
        "startOffset": 153,
        "endOffset": 231
      },
      {
        "referenceID": 4,
        "context": "Related to our approach is the literature on novel methods for the evaluation of machine translation systems, especially through the WMT evaluation task (Callison-Burch et al., 2011; Mach\u00e1cek & Bojar, 2014; Stanojevic et al., 2015). In particular, Gupta et al. (2015) have recently proposed to evaluate machine translation systems using Tree-LSTMs.",
        "startOffset": 154,
        "endOffset": 268
      },
      {
        "referenceID": 21,
        "context": "For example, Li et al. (2016b) use features related to ease of answering and information flow, and Yu et al.",
        "startOffset": 13,
        "endOffset": 31
      },
      {
        "referenceID": 21,
        "context": "For example, Li et al. (2016b) use features related to ease of answering and information flow, and Yu et al. (2016) use metrics related to turn-level appropriateness and conversational depth.",
        "startOffset": 13,
        "endOffset": 116
      },
      {
        "referenceID": 43,
        "context": "These methods include the PARADISE framework (Walker et al., 1997) and MeMo (M\u00f6ller et al.",
        "startOffset": 45,
        "endOffset": 66
      },
      {
        "referenceID": 29,
        "context": ", 1997) and MeMo (M\u00f6ller et al., 2006), which consider a task completion signal.",
        "startOffset": 17,
        "endOffset": 38
      },
      {
        "referenceID": 40,
        "context": "We\u2019d also like to thank the developers of Theano (Team et al., 2016).",
        "startOffset": 49,
        "endOffset": 68
      }
    ],
    "year": 2017,
    "abstractText": "Automatically evaluating the quality of dialogue responses for unstructured domains is a challenging problem. Unfortunately, existing automatic evaluation metrics are biased and correlate very poorly with human judgements of response quality (Liu et al., 2016). Yet having an accurate automatic evaluation procedure is crucial for dialogue research, as it allows rapid prototyping and testing of new models with fewer expensive human evaluations. In response to this challenge, we formulate automatic dialogue evaluation as a learning problem. We present an evaluation model (ADEM) that learns to predict human-like scores to input responses, using a new dataset of human response scores. We show that the ADEM model\u2019s predictions correlate significantly, and at level much higher than word-overlap metrics such as BLEU, with human judgements at both the utterance and system-level. We also show that ADEM can generalize to evaluating dialogue models unseen during training, an important step for automatic dialogue evaluation.",
    "creator": "LaTeX with hyperref package"
  }
}