{
  "name": "519.pdf",
  "metadata": {
    "source": "CRF",
    "title": "RECURRENT NORMALIZATION PROPAGATION",
    "authors": [
      "C\u00e9sar Laurent",
      "Nicolas Ballas"
    ],
    "emails": [
      "firstname.lastname@umontreal.ca"
    ],
    "sections": [
      {
        "heading": "1 INTRODUCTION",
        "text": "Recurrent neural network have shown remarkably good performances for sequential modelling tasks including machine translation (Bahdanau et al., 2015), visual captioning (Xu et al., 2015; Yao et al., 2015) or question answering (Hermann et al., 2015). However, such models remain notoriously hard to train with gradient backpropagation. As the number of time steps in the input sequence increases, the contractive or expanding effects associated with the state-to-state transformation at each time step can shrink or grow exponentially, leading respectively to vanishing or exploding gradients (Hochreiter, 1991; Bengio et al., 1994; Pascanu et al., 2012). In particular, with gradient vanishing, states at a given time are not influenced by changes happening much earlier in the sequence, preventing the model from learning long-term dependencies.\nWhile the long-term dependencies problem is unsolvable in absolute (Hochreiter, 1991; Bengio et al., 1994), different RNN parameterizations, such as LSTM or GRU (Hochreiter & Schmidhuber, 1997; Cho et al., 2014) can help mitigate it. Furthermore, the LSTM parametrization has been recently extended to include layer-wise normalization (Cooijmans et al., 2016; Ba et al., 2016), building upon Batch Normalization (BN) (Ioffe & Szegedy, 2015). By normalizing the hidden state distributions to a fix scale and shift through the different time steps, normalized LSTMs have been shown to ease training, resulting in a parametrization that converges faster than a standard LSTM.\nHowever, normalized LSTM introduces extra-computations as it involves standardizing the hidden states, enforcing their means and variances at each time step. By contrast, we propose an LSTM reparametrization that allows by construction to cheaply preserve the normalization of the hidden states through time. Our approach can be seen as the recurrent counterpart to the recent normalization propagation applied in feed-forward network (Arpit et al., 2016). It results in faster training convergence similar to Layer Normalization (LN) and Recurrent Batch Normalization while requiring fewer operations per time step and generalizing naturally to variable length sequences.\nIn addition, we investigate the impact of our parametrization, and more generally of normalized LSTM, on the vanishing and exploding gradient problems. We observe that layer-wise normalization provides a direct way to orient LSTM behaviour toward either gradient explosion or vanishing, and therefore biases the LSTM either towards reliably storing bits of information throughout time or allowing it to be more sensitive to new input changes.\n\u2217Associate Fellow, Canadian Institute For Advanced Research (CIFAR)\nWe empirically validate our proposal on character-level language modelling on the Penn Treebank corpus (Marcus et al., 1993) and on image generative modelling, applying our normalisation to the DRAW architecture (Gregor et al., 2015).\nThe paper is structured as follows: section 2 provides a brief overview of the Batch-Normalized LSTM, in section 3 we derive our Normalized LSTM, section 4 investigates the impact of such normalization on the gradient flow, section 5 presents some experimental results, and we conclude in section 5."
      },
      {
        "heading": "2 PRE-REQUISITES",
        "text": ""
      },
      {
        "heading": "2.1 BN-LSTM",
        "text": "Batch-Normalized Long Short-Term Memory (BN-LSTM) (Cooijmans et al., 2016) is a reparametrization of LSTM that takes advantage of Batch Normalization (BN) to address the Covariate Shift (Shimodaira, 2000) occurring between time steps. Changes in the LSTM output at one time-step are likely to cause correlated changes in the summed inputs of the sequence next timesteps. This Temporal Covariate Shift can slow down the training process as the parameters of the model must not only be updated to minimize the cost of the task at hand but also adapt to the changing distribution of the inputs. In other words, the latter time steps in an LSTM need to account for the shifting distribution of the previous hidden states.\nBN-LSTM proposes to reduce this temporal covariate shift by fixing the mean and the variance at each time step, relying on the BN transform\nBN(x; \u03b3, \u03b2) = \u03b3 x\u2212 E\u0302[x]\u221a V\u0302ar[x] + + \u03b2 (1)\nwhere E\u0302[x], V\u0302ar[x] are the activation mean and variance estimated from the mini-batch samples. Given an input sequence X = (x1,x2, . . . ,xT ), the BN-LSTM defines a sequence of hidden states ht and memory cell states ct according to\ni\u0303t f\u0303t o\u0303t g\u0303t  = BN(Wxxt; \u03b3x, \u03b2x) + BN(Whht\u22121; \u03b3h, \u03b2h) + b (2) ct = \u03c3(\u0303it) tanh(g\u0303t) + \u03c3(f\u0303t) ct\u22121 (3) ht = \u03c3(o\u0303t) tanh(BN(ct; \u03b3c, \u03b2c)), (4)\nwhere Wh \u2208 Rdh\u00d74dh ,Wx \u2208 Rdx\u00d74dh ,b \u2208 R4dh and the initial states h0 \u2208 Rdh , c0 \u2208 Rdh are model parameters. \u03c3 is the logistic sigmoid function, and denotes the Hadamard product. Ba et al. (2016) latter extended this parametrization by estimating the normalizing statistics (E\u0302[x], V\u0302ar[x]) using the different feature channels rather than mini-batch samples in order to naturally generalize to variable length sequences."
      },
      {
        "heading": "2.2 NORMALIZATION PROPAGATION",
        "text": "While increasing the training convergence speed relatively to a standard LSTM (Cooijmans et al., 2016), BN-LSTM needs to perform more computations per sample as it requires to compute 3x the BN transform at each time step.\nOn the other hand, Normalization Propagation (Norm Prop) (Arpit et al., 2016) aims at preserve the normalization of the input throughout the network. Unlike BN, the normalization doesn\u2019t rely on the statistics of the mini-batch. Instead, it is the structure of the network itself that maintains the normalization. We therefore propose an LSTM reparametrization that preserves the normalization through the different time steps in order to avoid those extra computation."
      },
      {
        "heading": "3 NORMALIZED LSTM",
        "text": "While Norm Prop properties are appealing for recurrent models, its application to LSTM is not straightforward due to the memory cell structure. In this section we show how to derive a LSTM reparametrization that preserves normalization of the state ht through time."
      },
      {
        "heading": "3.1 CONSTRUCTION OF THE NORMALIZED LSTM",
        "text": "Following (Arpit et al., 2016; Salimans & Kingma, 2016), we will attempt to ensure, through an analytical reparametrization, that several intermediate quantities in the computation remain approximately standardized. We first compensate for the distribution changes induced by the weight matrices in the gates and cell candidate gt computations\ni\u0303t f\u0303t o\u0303t g\u0303t  = \u03b3x Wx||Wx,i||2xt + \u03b3h Wh||Wh,i||2ht\u22121 + b. (5) where ||W\u00b7,i||2 is the vector of L2-norm of each line of the matrix and \u03b3x and \u03b3h are the trainable rescaling factors that restore the representation power lost in the rescaling of the weight matrices. To preserve the constant error carousel mechanism of the LSTM, we use the usual cell update,\nct = \u03c3(\u0303it) tanh(g\u0303t) + \u03c3(f\u0303t) ct\u22121 (6) Let us now construct an approximate analytical estimate of Var(ct). The evolution of ct through time can bee seen as a geometric series, with \u03c3(f\u0303t) as constant ratio. Since \u03c3(\u00b7) is upper-bounded by (and in practice smaller than) 1, ct will converge in expectation to a fixed value. This is the reason why in BN-LSTM the mini-batch statistics converge to a fixed value after a few time steps (Cooijmans et al., 2016). Moreover, if we consider that i\u0303t, f\u0303t, g\u0303t and ct\u22121 are (as a rough approximation) independent1, we can use the variance product rule of two independent random variables X and Y\nVar[XY ] = Var[X] Var[Y ] + Var[X]E[Y ]2 +Var[Y ]E[X]2 (7) to compute Var[ct]. Considering that E[tanh(g\u0303t)] \u2248 0 and assuming that the cell has converged i.e. Var[ct] = Var[ct\u22121], we have\nVar[ct] = Var[tanh(g\u0303t)] Var[\u03c3(\u0303it)] + E[\u03c3(\u0303it)]2\n1\u2212Var[\u03c3(f\u0303t)]\u2212 E[\u03c3(f\u0303t)]2 (8)\nWe can therefore analytically or numerically compute the mean and variance of each of those elements, assuming that both input xt and hidden state ht\u22121 are independent drawn from N (0, 1)\nE[it] = E[\u03c3(\u03b3xzx + \u03b3hzh)] (9) Var[it] = Var[\u03c3(\u03b3xzx + \u03b3hzh)] (10) E[gt] = E[tanh(\u03b3xzx + \u03b3hzh)] (11)\nVar[gt] = Var[tanh(\u03b3xzx + \u03b3hzh)] (12) where zx, zh \u223c N (0, 1). The statistics of the gates ot and ft can be computed in a similar way. We can then compute the value to which Var[ct] converges. Using this variance estimate, we compensate ct in order to compute the next hidden state ht\nht = \u03c3(o\u0303t) tanh ( \u03b3cct\u221a Var[ct] ) (13)\nSince we assumed that Var[ht\u22121] = 1, to ensure that we need to correct for the variance induced by the product of the tanh with the output gate. Using again the variance product rule (equation 7) we obtain\nVar[ht] = Var\n[ tanh ( \u03b3cct\u221a Var[ct] )] (Var[\u03c3(o\u0303t)] + E[\u03c3(o\u0303t)]2) (14)\nWe can estimate this variance through similar computation than equation 12. Scaling ht with 1/ \u221a Var[ht] ensure that its variance is 1 and so the propagation is maintained throughout the recurrence. 1This assumption is strong, but we don\u2019t have any easy way to model the covariance between those terms without estimating it from the data."
      },
      {
        "heading": "3.2 PROPOSED REPARAMETRIZATION",
        "text": "Using equations 5, 6 and 13, we propose the following reparametrization of the LSTM, simply called the Normalized LSTM \ni\u0303t f\u0303t o\u0303t g\u0303t  = \u03b3x Wx||Wx,i||2xt + \u03b3h Wh||Wh,i||2ht\u22121 + b (15) ct = \u03c3(\u0303it) tanh(g\u0303t) + \u03c3(f\u0303t) ct\u22121 (16)\nht = 1\u221a\nVar[ht]\n[ \u03c3(o\u0303t) tanh ( \u03b3cct\u221a Var[ct] )] (17)\nwhere Var[ct] and Var[ht] are computed using equations 8 and 14, respectively. Those two variances are estimated at the initialization of the network (eq. 10 to eq. 12), and are then kept fixed during the training as in Norp Prop. \u03b3x, \u03b3h and \u03b3c are parameters learned via gradient descent.\nNote that the reparametrization of equation 15 is identical to Weight Normalization (Weight Norm) (Salimans & Kingma, 2016). The main difference comes from equation 17, where we compensate for the variance of ct, the tanh and \u03c3(o\u0303t), which ensures a normalized propagation. Overall, this reparametrization is equivalent in spirit to the BN-LSTM, but it benefits from the same advantages that Norm Prop has over BN: There is no dependence on the mini-batch size and the computation is the same for training and inference. Also, the rescaling of the matrices Wx and Wh can be done before the recurrence, leading to computation time closer to a vanilla LSTM."
      },
      {
        "heading": "3.3 WEIGHTS INITIALIZATION",
        "text": "With such reparametrization of the weight matrices, one can think that the scale of the initialization of the weights doesn\u2019t matter in the learning process anymore. It is actually true for the forward and backward computation of the layer\nyi = aWi ||aWi||2 x = Wi ||Wi||2 x (18)\n\u2202yi \u2202x = aWi ||aWi||2 = Wi ||Wi||2\n(19)\nand since the variance of both forward and backward passes is fixed, using an initialization scheme such as Glorot (Glorot & Bengio, 2010) doesn\u2019t make sense with Norm Prop. However, the update of the parameters is affected by their scale:\n\u2202yi \u2202Wij \u2202L \u2202yi = 1 ||Wi||2\n[ xj \u2212 yi\nWij ||Wi||2 ] \u2202L \u2202yi\n(20)\nThe scale of the parameters affect the learning rate of the layer: the bigger the weights, the smaller the update. This induces a regularization effect in Norm Prop that is also present in BN (Ioffe & Szegedy, 2015). However, this could possibly be an issue for such parametrization: different initializations lead to different learning rates, and it is true even with adaptive step rules, such as Adam (Kingma & Ba, 2014). Moreover, the parameters that are not normalized (such as \u03b3 and b) aren\u2019t affected by this effect, and so they are not regularized. This is the reason why forcing the weight matrices to have a unit L2 norm of the lines, as proposed in Arpit et al. (2016), helps the training procedure.\nTo still benefit from the reduction of the learning rate, which is know to ease the optimization (Vogl et al., 1988), we propose to simply force the unit L2 norm of the lines of the matrices and combine it with a global learning rate decay schedule."
      },
      {
        "heading": "4 GRADIENT PROPAGATION IN NORMALIZED LSTM",
        "text": "In this section we study the gradient flow in the Normalized LSTM. Since this reparametrization is similar to the BN-LSTM, the analysis we do here can be transposed to the BN-LSTM case."
      },
      {
        "heading": "4.1 THE EXPLODING AND VANISHING GRADIENTS PROBLEM",
        "text": "Given an input sequence X = (x1,x2, . . . ,xT ), we consider a recurrent network, parametrized by \u03b8, that defines a sequence of hidden states ht = f\u03b8(ht\u22121,xt) and cost function L which evaluates the model performance on a given task. Such network is usually trained using backpropagation through time, where the backpropagation is applied on the time-unrolled model. The chain rule can be applied in order to compute the derivative of the loss L with respect to parameters \u03b8.\n\u2202L \u2202\u03b8\n= \u2211\n1\u2264t\u2264T\n\u2202Lt \u2202\u03b8\n= \u2211\n1\u2264t\u2264T \u2211 1\u2264k\u2264t \u2202Lt \u2202hk \u2202hk \u2202ht \u2202ht \u2202\u03b8 . (21)\nThe factors \u2202hk\u2202ht = \u220f k\u2264l\u2264t \u2202hl \u2202hl\u22121\ntransports the error \u201cin time\u201d from step t back to step k and are also the cause of vanishing or exploding gradient in RNN (Pascanu et al., 2012). Indeed, if the Jacobian \u2202hl\u2202hl\u22121 has singular value different from 1, the factor \u2202hk \u2202ht\n, which is a product of t \u2212 k Jacobian matrices will either explode or vanish."
      },
      {
        "heading": "4.2 GRADIENT OF THE NORMALIZED LSTM",
        "text": "To study the gradient propagation of the Normalized LSTM, we first need to derive it. Using equation 15-17, we can write the gradient of ht with respect to ht\u22121\nat = 1\u221a\nVar[ht] tanh ( \u03b3cct\u221a Var[ct] ) (22)\n\u2202ht \u2202ht\u22121 = \u2202ot \u2202ht\u22121 at + ot \u2202at \u2202ht\u22121\n[\n\u2202it \u2202ht\u22121 gt + it \u2202gt \u2202ht\u22121 + \u2202ft \u2202ht\u22121 ct\u22121\n] (23)\nAs we can see in equation 23 with the normalization, the gradient depends not only on the derivative of the cell candidate, the gates and the output tanh, but also on on the variance of ht and ct.\nIf we assume that ht\u22121 and xt are independent, we can compute the variance of ct. Neglecting the weight matrices and the effect of the gates, we can write from equations 8 and 14\nVar[ct] \u2248 Var[gt] = Var[tanh(z)], z \u223c N (0, \u03b32x + \u03b32h) (24) Var[ht] = Var[tanh(z)], z \u223c N (0, \u03b32c (\u03b32x + \u03b32h)) (25)\nIn both cases, the variance depends explicitly on the value of the different \u03b3: The bigger the \u03b3, the higher the variance. Neglecting again the weight matrices, we can now write the equations of the cell candidates gt and the gates it,ot and ft with respect to ht\u22121\n\u2202gt \u2202ht\u22121 = \u2202 tanh(g\u0303t) \u2202g\u0303t \u2202g\u0303t \u2202ht\u22121\n= ( 1\u2212 tanh(\u03b3xxt + \u03b3hht\u22121)2 ) \u03b3h (26)\n\u2202it \u2202ht\u22121 = \u2202\u03c3(\u0303it)\n\u2202 i\u0303t\n\u2202 i\u0303t \u2202ht\u22121 = \u03c3(\u03b3xxt + \u03b3hht\u22121)(1\u2212 \u03c3(\u03b3xxt + \u03b3hht\u22121))\u03b3h (27)\nThe gradients of ot and ft can be computed similarly. The effect of the \u03b3 here is double: They appear both in the activation function, where they control the saturation regime, and \u03b3h also appears as a multiplicative term in the gradient. They should therefore be small enough to prevent the activation from saturating too much, but at the same time \u03b3h can\u2019t be too small, because it can also make the gradients vanish. Putting it all together, we have\n\u2202ht \u2202ht\u22121 = \u2202ot \u2202o\u0303t \u03b3h at + ot \u2202at \u2202a\u0303t \u03b3c\u221a Var[ct]\n\u03b3h [ \u2202it\n\u2202 i\u0303t gt + it \u2202gt \u2202g\u0303t + \u2202ft \u2202 f\u0303t ct\u22121\n] (28)\nIn this equations we can see that the different \u03b3 directly scale the gradient, and they also control the saturation of the activation functions. Bad initialization of \u03b3 could thus lead to saturation or explosion regimes. Figure 1 shows the norm of the gradient with respect to \u03b3x and \u03b3h in a simulated LSTM. As we can see, one important parameter is the ratio between \u03b3h and \u03b3x: They control most of the propagation of the gradients. If \u03b3x > \u03b3h, the network will focus more on the input and so the gradients will tend to vanish more. On the other hand, if \u03b3h > \u03b3x, the network will tend have less vanishing gradients, but will focus less on its inputs."
      },
      {
        "heading": "5 EXPERIMENTS",
        "text": ""
      },
      {
        "heading": "5.1 CHARACTER-LEVEL LANGUAGE MODELLING",
        "text": "The first task we explore is character-level language modelling on the Penn Treebank corpus (Marcus et al., 1993). The goal is to predict the next character of the sequence given the previous ones. We use the same splits as Mikolov et al. (2012) and the same training procedure as Cooijmans et al. (2016), i.e. we train on sequences of length 100, with random starting point. The model is a 1000 units LSTM followed by a Softmax classifier. We use orthogonal initialization for the weight matrices. Because Norm Prop requires normalized inputs, we multiply the one-hot inputs vector with an untrained but fixed orthogonal matrix. This tricks does not only help the optimization of Norm Prop, but also all other variants.\nTo compare the convergence properties of Norm Prop against LN and BN, we first ran experiments using Adam (Kingma & Ba, 2014) with learning rate 2e-3, exponential decay of 1e-3 and gradient clipping at 1.0. As explained in section 3.3, we rescale the matrices such that they have a unit norm on the lines. For Norm Prop, we use \u03b3x = \u03b3h = 2 and \u03b3c = 1, for LN all the \u03b3 = 1.0 and for BN all the \u03b3 = 0.1. The results are presented in Table 1 and in Figure 2.\nTo show the potential of Norm Prop against other state-of-the-art system, we followed Ha et al. (2016) and apply dropout on both the input and output layer (p = 0.1) and recurrent dropout inside the LSTM (p = 0.1). We also used the Batch Data Normalization scheme presented by Arpit et al. (2016), so we standardize each input example using the mini-batch statistics and use population statistics at inference time. Finally, we also reduce the learning rate decay to 1e-4, to compensate for the fact that a network with dropout needs more time to train. The results are presented in Table 2.\nAs we can see in Figure 2 and in Table 1, Norm Prop compares really well against the other reparametrization. Also Norm Prop is roughly 30 % computationally faster2 than BN and LN. LN shows better optimization performances, but also overfits more. We also see that both optimization and generalization are better than the ones from Weight Norm, which shows the importance of compensating for the variance of ct and ht. Moreover, although Norm Prop doesn\u2019t combine well with\n2The GPU used is a NVIDIA GTX 750.\ndropout in feed-forward networks (Arpit et al., 2016), it works will with recurrent dropout, as we can see in Table 2. We believe it is because recurrent dropout is less affecting its output distribution than dropout in feed forward networks, because we copy the variable at the previous time step instead of setting it to 0. With such regularization, Norm Prop compares well with other state-of-the-art approaches."
      },
      {
        "heading": "5.2 DRAW",
        "text": "The second task we explore is a generative modelling task on binarized MNIST (Larochelle & Murray, 2011) using the Deep Recurrent Attentive Writer (DRAW) (Gregor et al., 2015) architecture. DRAW is a variational auto-encoder, where both encoder and decoder are LSTMs, and has two attention mechanisms to select where to read and where to write.\nWe use Jo\u0308rg Bornschein\u2019s implementation3, with the same hyper-parameters as Gregor et al. (2015), ie the read and write size are 2x2 and 5x5 respectively, the number of glimpses is 64, the LSTMs have 256 units and the dimension of z is 100. We use Adam with learning rate of 1e-2, exponential decay of 1e-3 and mini-batch size of 128. We use orthogonal initialization and force the norm of the lines of the matrices to be 1. For Norm Prop, we use \u03b3x = \u03b3h = \u03b3c = 0.5. The test variational bound for the first 100 epochs is presented in Figure 3.\nAs we can see in Figure 3, both Weight Norm and Norm Prop outperform the baseline network by a significant margin. Also, as expected, Norm Prop performs better than Weight Norm, showing one again the importance of the compensation of the variance of ct and ht. Table 3 shows the test variational bound after 200 epochs of training. Norm Prop also compares favorably against LN.\n3https://github.com/jbornschein/draw"
      },
      {
        "heading": "6 CONCLUSION",
        "text": "Based on the BN-LSTM, we have shown how to build a Normalized LSTM that is able to preserve the variance of its output at each time step, by compensating for the variance of the cell and the hidden state. Such LSTM can be seen as the Norm Prop version of the BN-LSTM, and thus benefits from the same advantages that Norm Prop has over BN, while being way faster to compute. Also, we propose a scheme to initialize the weight matrices that takes into account the reparametrization. Moreover, we have derived the gradients of this LSTM and pointed out the importance of the initialization of the rescaling parameters. We have validated the performances of the Normalized LSTM on two different tasks, showing similar performances than BN-LSTM and LN-LSTM, while being significantly faster in computation time. Also, unlike the feed-forward case, this architecture works well with recurrent dropout, leading to close to state-of-the-art performances on the character-level language modelling task.\nFuture work includes trying this architecture on more challenging tasks and also studying the impact of not keeping the variance estimates of the cell and the hidden states fixed during the learning process."
      },
      {
        "heading": "ACKNOWLEDGMENTS",
        "text": "Part of this work was funded by Samsung. We used Theano (Theano Development Team, 2016), Blocks and Fuel (van Merrie\u0308nboer et al., 2015) for our experiments. We also want to thanks Caglar Gulcehre and Tim Cooijmans for the talks and Jo\u0308rg Bornschein for his DRAW implementation."
      }
    ],
    "references": [
      {
        "title": "Normalization propagation: A parametric technique for removing internal covariate shift in deep networks",
        "author": [
          "D. Arpit",
          "Y. Zhou",
          "B. U Kota",
          "V. Govindaraju"
        ],
        "venue": null,
        "citeRegEx": "Arpit et al\\.,? \\Q2016\\E",
        "shortCiteRegEx": "Arpit et al\\.",
        "year": 2016
      },
      {
        "title": "Neural machine translation by jointly learning to align and translate",
        "author": [
          "D. Bahdanau",
          "K. Cho",
          "Y. Bengio"
        ],
        "venue": null,
        "citeRegEx": "Bahdanau et al\\.,? \\Q2015\\E",
        "shortCiteRegEx": "Bahdanau et al\\.",
        "year": 2015
      },
      {
        "title": "Learning long-term dependencies with gradient descent is difficult",
        "author": [
          "Y. Bengio",
          "P. Simard",
          "P. Frasconi"
        ],
        "venue": "Neural Networks, IEEE Transactions on,",
        "citeRegEx": "Bengio et al\\.,? \\Q1994\\E",
        "shortCiteRegEx": "Bengio et al\\.",
        "year": 1994
      },
      {
        "title": "Learning phrase representations using rnn encoder-decoder for statistical machine translation",
        "author": [
          "K. Cho",
          "B. Van Merri\u00ebnboer",
          "C. Gulcehre",
          "D. Bahdanau",
          "F. Bougares",
          "H. Schwenk",
          "Y. Bengio"
        ],
        "venue": "arXiv preprint,",
        "citeRegEx": "Cho et al\\.,? \\Q2014\\E",
        "shortCiteRegEx": "Cho et al\\.",
        "year": 2014
      },
      {
        "title": "Recurrent batch normalization",
        "author": [
          "T. Cooijmans",
          "N. Ballas",
          "C. Laurent",
          "A. Courville"
        ],
        "venue": "arXiv preprint,",
        "citeRegEx": "Cooijmans et al\\.,? \\Q2016\\E",
        "shortCiteRegEx": "Cooijmans et al\\.",
        "year": 2016
      },
      {
        "title": "Understanding the difficulty of training deep feedforward neural networks",
        "author": [
          "X. Glorot",
          "Y. Bengio"
        ],
        "venue": "In Aistats,",
        "citeRegEx": "Glorot and Bengio.,? \\Q2010\\E",
        "shortCiteRegEx": "Glorot and Bengio.",
        "year": 2010
      },
      {
        "title": "Draw: A recurrent neural network for image generation",
        "author": [
          "K. Gregor",
          "I. Danihelka",
          "A. Graves",
          "D.J. Rezende",
          "D. Wierstra"
        ],
        "venue": "arXiv preprint,",
        "citeRegEx": "Gregor et al\\.,? \\Q2015\\E",
        "shortCiteRegEx": "Gregor et al\\.",
        "year": 2015
      },
      {
        "title": "Teaching machines to read and comprehend",
        "author": [
          "K.M. Hermann",
          "T. Kocisky",
          "E. Grefenstette",
          "L. Espeholt",
          "W. Kay",
          "M. Suleyman",
          "P. Blunsom"
        ],
        "venue": "In NIPS,",
        "citeRegEx": "Hermann et al\\.,? \\Q2015\\E",
        "shortCiteRegEx": "Hermann et al\\.",
        "year": 2015
      },
      {
        "title": "Untersuchungen zu dynamischen neuronalen netzen",
        "author": [
          "S. Hochreiter"
        ],
        "venue": "Master\u2019s thesis,",
        "citeRegEx": "Hochreiter.,? \\Q1991\\E",
        "shortCiteRegEx": "Hochreiter.",
        "year": 1991
      },
      {
        "title": "Long short-term memory",
        "author": [
          "S. Hochreiter",
          "J. Schmidhuber"
        ],
        "venue": "Neural computation,",
        "citeRegEx": "Hochreiter and Schmidhuber.,? \\Q1997\\E",
        "shortCiteRegEx": "Hochreiter and Schmidhuber.",
        "year": 1997
      },
      {
        "title": "Batch normalization: Accelerating deep network training by reducing internal covariate",
        "author": [
          "S. Ioffe",
          "C. Szegedy"
        ],
        "venue": "shift. CoRR,",
        "citeRegEx": "Ioffe and Szegedy.,? \\Q2015\\E",
        "shortCiteRegEx": "Ioffe and Szegedy.",
        "year": 2015
      },
      {
        "title": "Adam: A method for stochastic optimization",
        "author": [
          "D. Kingma",
          "J. Ba"
        ],
        "venue": "arXiv preprint,",
        "citeRegEx": "Kingma and Ba.,? \\Q2014\\E",
        "shortCiteRegEx": "Kingma and Ba.",
        "year": 2014
      },
      {
        "title": "Zoneout: Regularizing rnns by randomly preserving hidden activations",
        "author": [
          "D. Krueger",
          "T. Maharaj",
          "J. Kram\u00e1r",
          "M. Pezeshki",
          "N. Ballas",
          "N.R. Ke",
          "A. Goyal",
          "Y. Bengio",
          "H. Larochelle",
          "A. Courville"
        ],
        "venue": null,
        "citeRegEx": "Krueger et al\\.,? \\Q2016\\E",
        "shortCiteRegEx": "Krueger et al\\.",
        "year": 2016
      },
      {
        "title": "The neural autoregressive distribution estimator",
        "author": [
          "H. Larochelle",
          "I. Murray"
        ],
        "venue": "AISTATS,",
        "citeRegEx": "Larochelle and Murray.,? \\Q2011\\E",
        "shortCiteRegEx": "Larochelle and Murray.",
        "year": 2011
      },
      {
        "title": "Building a large annotated corpus of english: The penn treebank",
        "author": [
          "M.P. Marcus",
          "M. Marcinkiewicz",
          "B. Santorini"
        ],
        "venue": "Comput. Linguist.,",
        "citeRegEx": "Marcus et al\\.,? \\Q1993\\E",
        "shortCiteRegEx": "Marcus et al\\.",
        "year": 1993
      },
      {
        "title": "Subword language modeling with neural networks",
        "author": [
          "T. Mikolov",
          "I. Sutskever",
          "A. Deoras",
          "H. Le",
          "S. Kombrink",
          "J. Cernocky"
        ],
        "venue": null,
        "citeRegEx": "Mikolov et al\\.,? \\Q2012\\E",
        "shortCiteRegEx": "Mikolov et al\\.",
        "year": 2012
      },
      {
        "title": "On the difficulty of training recurrent neural networks",
        "author": [
          "R. Pascanu",
          "T. Mikolov",
          "Y. Bengio"
        ],
        "venue": "arXiv preprint,",
        "citeRegEx": "Pascanu et al\\.,? \\Q2012\\E",
        "shortCiteRegEx": "Pascanu et al\\.",
        "year": 2012
      },
      {
        "title": "Weight normalization: A simple reparameterization to accelerate training of deep neural networks",
        "author": [
          "T. Salimans",
          "D. P Kingma"
        ],
        "venue": "arXiv preprint,",
        "citeRegEx": "Salimans and Kingma.,? \\Q2016\\E",
        "shortCiteRegEx": "Salimans and Kingma.",
        "year": 2016
      },
      {
        "title": "Recurrent dropout without memory",
        "author": [
          "S. Semeniuta",
          "A. Severyn",
          "E. Barth"
        ],
        "venue": "loss. CoRR,",
        "citeRegEx": "Semeniuta et al\\.,? \\Q2016\\E",
        "shortCiteRegEx": "Semeniuta et al\\.",
        "year": 2016
      },
      {
        "title": "Improving predictive inference under covariate shift by weighting the log-likelihood function",
        "author": [
          "H. Shimodaira"
        ],
        "venue": "Journal of statistical planning and inference,",
        "citeRegEx": "Shimodaira.,? \\Q2000\\E",
        "shortCiteRegEx": "Shimodaira.",
        "year": 2000
      },
      {
        "title": "Accelerating the convergence of the back-propagation method",
        "author": [
          "T.P. Vogl",
          "J.K. Mangis",
          "A.K. Rigler",
          "W.T. Zink",
          "D.L. Alkon"
        ],
        "venue": "Biological Cybernetics,",
        "citeRegEx": "Vogl et al\\.,? \\Q1988\\E",
        "shortCiteRegEx": "Vogl et al\\.",
        "year": 1988
      },
      {
        "title": "Show, attend and tell: Neural image caption generation with visual attention",
        "author": [
          "K. Xu",
          "J. Ba",
          "R. Kiros",
          "A. Courville",
          "R. Salakhutdinov",
          "R. Zemel",
          "Y. Bengio"
        ],
        "venue": "arXiv preprint,",
        "citeRegEx": "Xu et al\\.,? \\Q2015\\E",
        "shortCiteRegEx": "Xu et al\\.",
        "year": 2015
      },
      {
        "title": "Describing videos by exploiting temporal structure",
        "author": [
          "L. Yao",
          "A. Torabi",
          "K. Cho",
          "N. Ballas",
          "C. Pal",
          "H. Larochelle",
          "A. Courville"
        ],
        "venue": "In ICCV,",
        "citeRegEx": "Yao et al\\.,? \\Q2015\\E",
        "shortCiteRegEx": "Yao et al\\.",
        "year": 2015
      }
    ],
    "referenceMentions": [
      {
        "referenceID": 1,
        "context": "Recurrent neural network have shown remarkably good performances for sequential modelling tasks including machine translation (Bahdanau et al., 2015), visual captioning (Xu et al.",
        "startOffset": 126,
        "endOffset": 149
      },
      {
        "referenceID": 21,
        "context": ", 2015), visual captioning (Xu et al., 2015; Yao et al., 2015) or question answering (Hermann et al.",
        "startOffset": 27,
        "endOffset": 62
      },
      {
        "referenceID": 22,
        "context": ", 2015), visual captioning (Xu et al., 2015; Yao et al., 2015) or question answering (Hermann et al.",
        "startOffset": 27,
        "endOffset": 62
      },
      {
        "referenceID": 7,
        "context": ", 2015) or question answering (Hermann et al., 2015).",
        "startOffset": 30,
        "endOffset": 52
      },
      {
        "referenceID": 8,
        "context": "As the number of time steps in the input sequence increases, the contractive or expanding effects associated with the state-to-state transformation at each time step can shrink or grow exponentially, leading respectively to vanishing or exploding gradients (Hochreiter, 1991; Bengio et al., 1994; Pascanu et al., 2012).",
        "startOffset": 257,
        "endOffset": 318
      },
      {
        "referenceID": 2,
        "context": "As the number of time steps in the input sequence increases, the contractive or expanding effects associated with the state-to-state transformation at each time step can shrink or grow exponentially, leading respectively to vanishing or exploding gradients (Hochreiter, 1991; Bengio et al., 1994; Pascanu et al., 2012).",
        "startOffset": 257,
        "endOffset": 318
      },
      {
        "referenceID": 16,
        "context": "As the number of time steps in the input sequence increases, the contractive or expanding effects associated with the state-to-state transformation at each time step can shrink or grow exponentially, leading respectively to vanishing or exploding gradients (Hochreiter, 1991; Bengio et al., 1994; Pascanu et al., 2012).",
        "startOffset": 257,
        "endOffset": 318
      },
      {
        "referenceID": 8,
        "context": "While the long-term dependencies problem is unsolvable in absolute (Hochreiter, 1991; Bengio et al., 1994), different RNN parameterizations, such as LSTM or GRU (Hochreiter & Schmidhuber, 1997; Cho et al.",
        "startOffset": 67,
        "endOffset": 106
      },
      {
        "referenceID": 2,
        "context": "While the long-term dependencies problem is unsolvable in absolute (Hochreiter, 1991; Bengio et al., 1994), different RNN parameterizations, such as LSTM or GRU (Hochreiter & Schmidhuber, 1997; Cho et al.",
        "startOffset": 67,
        "endOffset": 106
      },
      {
        "referenceID": 3,
        "context": ", 1994), different RNN parameterizations, such as LSTM or GRU (Hochreiter & Schmidhuber, 1997; Cho et al., 2014) can help mitigate it.",
        "startOffset": 62,
        "endOffset": 112
      },
      {
        "referenceID": 4,
        "context": "Furthermore, the LSTM parametrization has been recently extended to include layer-wise normalization (Cooijmans et al., 2016; Ba et al., 2016), building upon Batch Normalization (BN) (Ioffe & Szegedy, 2015).",
        "startOffset": 101,
        "endOffset": 142
      },
      {
        "referenceID": 0,
        "context": "Our approach can be seen as the recurrent counterpart to the recent normalization propagation applied in feed-forward network (Arpit et al., 2016).",
        "startOffset": 126,
        "endOffset": 146
      },
      {
        "referenceID": 14,
        "context": "We empirically validate our proposal on character-level language modelling on the Penn Treebank corpus (Marcus et al., 1993) and on image generative modelling, applying our normalisation to the DRAW architecture (Gregor et al.",
        "startOffset": 103,
        "endOffset": 124
      },
      {
        "referenceID": 6,
        "context": ", 1993) and on image generative modelling, applying our normalisation to the DRAW architecture (Gregor et al., 2015).",
        "startOffset": 95,
        "endOffset": 116
      },
      {
        "referenceID": 4,
        "context": "Batch-Normalized Long Short-Term Memory (BN-LSTM) (Cooijmans et al., 2016) is a reparametrization of LSTM that takes advantage of Batch Normalization (BN) to address the Covariate Shift (Shimodaira, 2000) occurring between time steps.",
        "startOffset": 50,
        "endOffset": 74
      },
      {
        "referenceID": 19,
        "context": ", 2016) is a reparametrization of LSTM that takes advantage of Batch Normalization (BN) to address the Covariate Shift (Shimodaira, 2000) occurring between time steps.",
        "startOffset": 119,
        "endOffset": 137
      },
      {
        "referenceID": 4,
        "context": "While increasing the training convergence speed relatively to a standard LSTM (Cooijmans et al., 2016), BN-LSTM needs to perform more computations per sample as it requires to compute 3x the BN transform at each time step.",
        "startOffset": 78,
        "endOffset": 102
      },
      {
        "referenceID": 0,
        "context": "On the other hand, Normalization Propagation (Norm Prop) (Arpit et al., 2016) aims at preserve the normalization of the input throughout the network.",
        "startOffset": 57,
        "endOffset": 77
      },
      {
        "referenceID": 0,
        "context": "Following (Arpit et al., 2016; Salimans & Kingma, 2016), we will attempt to ensure, through an analytical reparametrization, that several intermediate quantities in the computation remain approximately standardized.",
        "startOffset": 10,
        "endOffset": 55
      },
      {
        "referenceID": 4,
        "context": "This is the reason why in BN-LSTM the mini-batch statistics converge to a fixed value after a few time steps (Cooijmans et al., 2016).",
        "startOffset": 109,
        "endOffset": 133
      },
      {
        "referenceID": 20,
        "context": "To still benefit from the reduction of the learning rate, which is know to ease the optimization (Vogl et al., 1988), we propose to simply force the unit L2 norm of the lines of the matrices and combine it with a global learning rate decay schedule.",
        "startOffset": 97,
        "endOffset": 116
      },
      {
        "referenceID": 0,
        "context": "This is the reason why forcing the weight matrices to have a unit L2 norm of the lines, as proposed in Arpit et al. (2016), helps the training procedure.",
        "startOffset": 103,
        "endOffset": 123
      },
      {
        "referenceID": 16,
        "context": "The factors \u2202hk \u2202ht = \u220f k\u2264l\u2264t \u2202hl \u2202hl\u22121 transports the error \u201cin time\u201d from step t back to step k and are also the cause of vanishing or exploding gradient in RNN (Pascanu et al., 2012).",
        "startOffset": 163,
        "endOffset": 185
      },
      {
        "referenceID": 14,
        "context": "The first task we explore is character-level language modelling on the Penn Treebank corpus (Marcus et al., 1993).",
        "startOffset": 92,
        "endOffset": 113
      },
      {
        "referenceID": 13,
        "context": "The first task we explore is character-level language modelling on the Penn Treebank corpus (Marcus et al., 1993). The goal is to predict the next character of the sequence given the previous ones. We use the same splits as Mikolov et al. (2012) and the same training procedure as Cooijmans et al.",
        "startOffset": 93,
        "endOffset": 246
      },
      {
        "referenceID": 4,
        "context": "(2012) and the same training procedure as Cooijmans et al. (2016), i.",
        "startOffset": 42,
        "endOffset": 66
      },
      {
        "referenceID": 0,
        "context": "We also used the Batch Data Normalization scheme presented by Arpit et al. (2016), so we standardize each input example using the mini-batch statistics and use population statistics at inference time.",
        "startOffset": 62,
        "endOffset": 82
      },
      {
        "referenceID": 18,
        "context": "Model Test Recurrent Dropout LSTM (Semeniuta et al., 2016) 1.",
        "startOffset": 34,
        "endOffset": 58
      },
      {
        "referenceID": 12,
        "context": "301 Zoneout LSTM (Krueger et al., 2016) 1.",
        "startOffset": 17,
        "endOffset": 39
      },
      {
        "referenceID": 0,
        "context": "dropout in feed-forward networks (Arpit et al., 2016), it works will with recurrent dropout, as we can see in Table 2.",
        "startOffset": 33,
        "endOffset": 53
      },
      {
        "referenceID": 6,
        "context": "The second task we explore is a generative modelling task on binarized MNIST (Larochelle & Murray, 2011) using the Deep Recurrent Attentive Writer (DRAW) (Gregor et al., 2015) architecture.",
        "startOffset": 154,
        "endOffset": 175
      },
      {
        "referenceID": 6,
        "context": "The second task we explore is a generative modelling task on binarized MNIST (Larochelle & Murray, 2011) using the Deep Recurrent Attentive Writer (DRAW) (Gregor et al., 2015) architecture. DRAW is a variational auto-encoder, where both encoder and decoder are LSTMs, and has two attention mechanisms to select where to read and where to write. We use J\u00f6rg Bornschein\u2019s implementation3, with the same hyper-parameters as Gregor et al. (2015), ie the read and write size are 2x2 and 5x5 respectively, the number of glimpses is 64, the LSTMs have 256 units and the dimension of z is 100.",
        "startOffset": 155,
        "endOffset": 442
      }
    ],
    "year": 2017,
    "abstractText": "We propose an LSTM parametrization that preserves the means and variances of the hidden states and memory cells across time. While having training benefits similar to Recurrent Batch Normalization and Layer Normalization, it does not need to estimate statistics at each time step, therefore, requiring fewer computations overall. We also investigate the parametrization impact on the gradient flows and present a way of initializing the weights accordingly. We evaluate our proposal on language modelling and image generative modelling tasks. We empirically show that it performs similarly or better than other recurrent normalization approaches, while being faster to execute.",
    "creator": "LaTeX with hyperref package"
  }
}