{
  "year": 2017,
  "abstract": "In this paper, we explore an efficient variant of convolutional sparse coding with unit norm code vectors and reconstructions are evaluated using an inner product (cosine distance). To use these codes for discriminative classification, we describe a model we term Energy-Based Spherical Sparse Coding (EB-SSC) in which the hypothesized class label introduces a learned linear bias into the coding step. We evaluate and visualize performance of stacking this encoder to make a deep layered model for image classification.",
  "score": 6,
  "verdict": "Reject",
  "reviews": [
    {
      "title": "R1",
      "comments": "\nreview\nThe paper introduces an efficient variant of sparse coding and uses it as a building block in CNNs for image classification. The coding method incorporates both the input signal reconstruction objective as well as top down information from a class label. The proposed block is evaluated against the recently proposed CReLU activation block.\n\nPositives:\nThe proposed method seems technically sound, and it introduces a new way to efficiently train a CNN layer-wise by combining reconstruction and discriminative objectives.\n\nNegatives:\nThe performance gain (in terms of classification accuracy) over the previous state-of-the-art is not clear. Using only one dataset (CIFAR-10), the proposed method performs slightly better than the CRelu baseline, but the improvement is quite small (0.5% in the test set). \n\nThe paper can be strengthened if the authors can demonstrate that the proposed method can be generally applicable to various CNN architectures and datasets with clear and consistent performance gains over strong CNN baselines. Without such results, the practical significance of this work seems unclear.\n\n",
      "recommendation": 5
    },
    {
      "title": "R2",
      "comments": "\nReview\n\nFirst, I'd like to thank the authors for their answers and clarifications.\nI find, the presentation of the multi-stage version of the model much clearer now.\n\nPros:\n\n+ The paper states a sparse coding problem using cosine loss, which allows to solve the problem in a single pass.\n\n+ The energy-based formulation allows bi-directional coding that incorporates top-down and bottom-up information in the feature extraction process. \n\nCons:\n\n+ The cost of running the evaluation could be large in the  multi-class setting, rendering the approach less attractive and the computational cost comparable to recurrent architectures.\n\n+ While the model is competitive and improves over the baseline, the paper would be more convincing with other comparisons (see text). The experimental evaluation is limited (a single database and a single baseline)\n\n------\n\nThe motivation of the sparse coding scheme is to perform inference in a feed forward manner. This property does not hold in the multi stage setting, thus optimization would be required (as clarified by the authors).\n\nHaving an efficient way of performing a bi-directional coding scheme is very interesting. As the authors clarified, this could not necessarily be the case, as the model needs to be evaluated many times for performing a classification.\n\nMaybe an interesting combination would be to run the model without any class-specific bias, and evaluation only the top K predictions with the energy-based setting.\n\nHaving said this, it would be good to include a discussion (if not direct comparisons) of the trade-offs of using a model as the one proposed by Cao et al. Eg. computational costs, performance.\n\nUsing the bidirectional coding only on the top layers seems reasonable: one can get a good low level representation in a class agnostic way. This, however could be studied in more detail, for instance showing empirically the trade offs. If I understand correctly, now only one setting is being reported.\n\nFinally, the authors mention that one benefit of using the architecture derived from the proposed coding method is the spherical normalization scheme, which can lead to smoother optimization dynamics. Does the baseline (or model) use batch-normalization? If not, seems relevant to test.\n\n\nMinor comments:\n\nI find figure 2 (d) confusing. I would not plot this setting as it does not lead to a function (as the authors state in the text).\n\n\n",
      "recommendation": 6
    },
    {
      "title": "R3",
      "comments": "\nNo Title\nThis paper proposes sparse coding problem with cosine-loss and integrated it as a feed-forward layer in a neural network as an energy based learning approach. The bi-directional extension makes the proximal operator equivalent to a certain non-linearity (CReLu, although unnecessary). The experiments do not show significant improvement against baselines. \n\nPros: \n- Minimizing the cosine-distance seems useful in many settings where compute inner-product between features are required. \n- The findings that the bidirectional sparse coding is corresponding to a feed-forward net with CReLu non-linearity. \n\nCons:\n- Unrolling sparse coding inference as a feed-foward network is not new. \n- The class-wise encoding makes the algorithm unpractical in multi-class cases, due to the requirement of sparse coding net for each class. \n- It does not show the proposed method could outperform baseslines in real-world tasks.",
      "recommendation": 5
    },
    {
      "title": "R4",
      "comments": ""
    }
  ]
}