{
  "name": "556.pdf",
  "metadata": {
    "source": "CRF",
    "title": "AN EMPIRICAL ANALYSIS OF DEEP NETWORK LOSS SURFACES",
    "authors": [
      "Daniel Jiwoong Im",
      "Michael Tao",
      "Kristin Branson"
    ],
    "emails": [
      "bransonk}@janelia.hhmi.org",
      "mtao@dgp.toronto.edu"
    ],
    "sections": [
      {
        "heading": "1 INTRODUCTION",
        "text": "Deep neural networks are trained by optimizing an extremely high-dimensional loss function with respect to the weights of the network\u2019s linear layers. The objective function minimized is some measure of the error of the network\u2019s predictions based on these weights compared to training data. This loss function is non-convex and has many local minima. These loss functions are usually minimized using first-order gradient descent (Robbins & Monro, 1951; Polyak, 1964) algorithms such as stochastic gradient descent (SGD) (Bottou, 1991). The success of deep learning critically depends on how well we can minimize this loss function, both in terms of the quality of the local minima found and the time to find them. Understanding the geometry of this loss function and how well optimization algorithms can find good local minima is thus of vital importance.\nSeveral works have theoretically analyzed and characterized the geometry of deep network loss functions. However, to make these analyses tractible, they have relied on simplifications of the network structures, including that the networks are linear (Saxe et al., 2014), or assuming the path and variable independence of the neural networks (Choromanska et al., 2015). Orthogonally, the performance of various gradient descent algorithms has been theoretically characterized (Nesterov, 1983). Again, these analyses make simplifying assumptions, in particular that the loss function is strictly convex, i.e. there is only a single local minimum.\nIn this work, we empirically investigated the geometry of the real loss functions for state-of-the-art networks and data sets. In addition, we investigated how popular optimization algorithms interact with these real loss surfaces. To do this, we plotted low-dimensional projections of the loss function in subspaces chosen to investigate properties of the local minima selected by different algorithms. We chose these subspaces to address the following questions:\n\u2022 What types of changes to the optimization procedure result in different local minima? \u2022 Do different optimization algorithms find qualitatively different types of local minima?"
      },
      {
        "heading": "2 RELATED WORK",
        "text": ""
      },
      {
        "heading": "2.1 LOSS SURFACES",
        "text": "There have been several attempts to understand the loss surfaces of deep neural networks. Some have studied the critical points of the deep linear neural networks (Baldi, 1989; Baldi & Hornik,\n\u2217Work done during an internship at Janelia Research Campus\n1989; Baldi & Lu, 2012). Others further investigated the learning dynamics of the deep linear neural networks (Saxe et al., 2014). More recently, several others have attempted to study the loss surfaces of deep non-linear neural networks (Choromanska et al., 2015; Kawaguchi, 2016; Soudry & Carmon, 2016).\nOne approach is to analogize the states of neurons as the magnetics dipoles used in spherical spinglass Ising models from statistical physics (Parisi, 2016; Fyodorov & Williams, 2007; Bray & Dean, 2007). Choromanska et al. (2015) attempted to understand the loss function of neural networks through studying the random Gaussian error functions of Ising models. Recent results (Kawaguchi, 2016; Soudry & Carmon, 2016) have provided cursory evidence in agreement with the theory provided by Choromanska et al. (2015) in that they found that that there are no \u201cpoor\u201d local minima in neural networks still with strong assumptions.\nThere is some potential disconnect between these theoretical results and what is found in practice due to several strong assumptions such as the activation of the hidden units and output being independent of the previous hidden units and input data. The work of Dauphin et al. (2014) empirically investigated properties of the critical points of neural network loss functions and demonstrated that their critical points behave similarly to the critical points of random Gaussian error functions in high dimensional space. We will expose further evidence along this trajectory."
      },
      {
        "heading": "2.2 OPTIMIZATION",
        "text": "In practice, the local minima of deep network loss functions are for the most part decent. This implies that we probably do not need to take many precautions to avoid bad local minima in practice. If all local minima are decent, then the task of finding a decent local minimum quickly is reduced to the task of finding any local minimum quickly. From an optimization perspective this implies that solely focusing on designing fast methods are of key importance for training deep networks.\nIn the literature the common method for measuring performance of optimization methods is to analyze them on nice convex quadratic functions (Polyak, 1964; Broyden, 1970; Nesterov, 1983; Martens, 2010; Erdogdu & Montanari, 2015) even though the problems are applied to non-convex problems. For non-convex problems, however, if two methods converge to different local minima their performance will be dictated on how those methods solve those two convex subproblems. It is challenging to show that one method will beat another without knowledge of the sort of convex subproblems, which is generally not known apriori. What we will explore is whether indeed are some characteristics that can found experimentally. If so, perhaps one could validate where these analytical results are valid or even improve methods for training neural networks.\n2.2.1 LEARNING PHASES\nOne of the interesting empirical observation is that we often observe is that the incremental improvement of optimization methods decreases rapidly even in non-convex problems. This behavior has been discussed as a \u201ctransient\u201d phase followed by a \u201cminimization\u201d phase (Sutskever et al., 2013)\nwhere the former finds the neighborhood of a decent local minima and the latter finds the local minima within that neighborhood. The existence of these phases implies that if certain methods are better at different phases one could create novel methods that schedule when to apply each method."
      },
      {
        "heading": "3 EXPERIMENTAL SETUP AND TOOLS",
        "text": ""
      },
      {
        "heading": "3.1 NETWORK ARCHITECTURES AND DATA SETS",
        "text": "We conducted experiments on three state-of-the-art neural network architectures. Network-inNetwork (NIN) (Lin et al., 2014) and the VGG(Simonyan & Zisserman, 2015) network are feedforward convolutional networks developed for image classification, and have excellent performance on the Imagenet (Russakovsky et al., 2014) and CIFAR10 (Krizhevsky, 2009) data sets. The long short-term memory network (LSTM) (Hochreiter & Schmidhuber, 1997) is a recurrent neural network that has been successful in tasks that take variable-length sequences as input and/or produce variable-length sequences as output, such as speech recognition and image caption generation. These are large networks currently used in many machine vision and learning tasks, and the loss functions minimized by each are highly non-convex.\nAll results using the feed-forward convolutional networks (NIN and VGG) are on the CIFAR10 image classification data set, while the LSTM was tested on the Penn Treebank next-word prediction data set."
      },
      {
        "heading": "3.2 OPTIMIZATION METHODS",
        "text": "We analyzed the performance of five popular gradient-descent optimization methods for these learning frameworks: Stochastic gradient descent (SGD) (Robbins & Monro, 1951), stochastic gradient descent with momentum (SGDM), RMSprop (Tieleman & Hinton, 2012), Adadelta (Zeiler et al., 2011), and ADAM (Kingma & Ba, 2014). These are all first-order gradient descent algorithms that estimate the gradients based on randomly-grouped minibatches of training examples. One of the major differences between these algorithms is how they select the weight-update step-size at each iteration, with SGD and SGDM using fixed schedules, and RMSprop, Adadelta, and ADAM using adaptive, per-parameter step-sizes. Details are provided in Section A.2.\nIn addition to these five existing optimization methods, we compare to a new gradient descent method we developed based on the family of Runge Kutta integrators. In our experiments, we tested a second-order Runge-Kutta integrator in combination with SGD (RK2) and in combination with ADAM (ADAM&RK2). Details are provided in Section A.3)."
      },
      {
        "heading": "3.3 ANALYSIS METHODS",
        "text": "Several of our empirical analyses are based on the technique of Goodfellow et al. (Goodfellow et al., 2015). They visualize the loss function by projecting it down to one carefully chosen dimension. They plot the value of the loss function along a set of samples along this dimension. The projection space is chosen based on important weight configurations, thus they plot the value of the loss function at linear interpolations between two weight configurations. They perform two such analyses: one in which they interpolate between the initialization weights and the final learned weights, and one in which they interpolate between two sets of final weights, each learned from different initializations.\nIn this work, we use a similar visualization technique, but choose different low-dimensional subspaces for the projection of the loss function. These subspaces are based on the initial weights as well as the final weights learned using the different optimization algorithms and combinations of them, and are chosen to answer a variety of questions about the loss function and how the different optimization algorithms interact with this loss function. In contrast, Goodfellow et al. only looked at SGDM. In addition, we explore the use of two-dimensional projections of the loss function, allowing us to better visualize the space between local minima. We do this via barycentric and bilinar interpolation for triplets and quartets of points respectively (details in Section A.1).\nWe refer to the critical points found using these variants of SGD, for which the gradient is approximately 0, as local minima. Our evidence that these are local minima as opposed to saddle points is\nsimilar to that presented in Goodfellow et al. (Goodfellow et al., 2015). If we interpolate beyond the critical point, in this one-dimensional projection, the loss increases (Fig. 10)."
      },
      {
        "heading": "3.4 TECHNICAL DETAILS",
        "text": "We used the VGG and NIN implementations from https://github.com/szagoruyko/cifar.torch.git.\nThe batch size was set to 128 and the number of epochs was set to 200. The learning rate was chosen from the discrete range between [0.2, 0.1, 0.05, 0.01] for SGD and [0.002, 0.001, 0.0005, 0.0001] for adaptive learning methods. We doubled the learning rates when we ran our augmented versions with Runge-Kutta because they required two stochastic gradient computations per epoch. We used batchnormalization and dropout to regularize our networks. All experiments were run on a 6-core Intel(R) Xeon(R) CPU @ 2.40GHz with a TITAN X."
      },
      {
        "heading": "4 EXPERIMENTAL RESULTS",
        "text": ""
      },
      {
        "heading": "4.1 DIFFERENT OPTIMIZATION METHODS FIND DIFFERENT LOCAL MINIMA",
        "text": "We trained the neural networks described above using each optimization method starting from the same initial weights and with the same minibatching. We computed the value of the loss function for weight vectors interpolated between the initial weights, the final weights for one algorithm, and the final weights for a second algorithm for several pairings of algorithms. The results are shown in the lower triangle of Table 1.\nFor every pair of optimization algorithms, we observe that the training loss between the final weights for different algorithms shows a sharp increase along the interpolated path. This suggests that each optimization algorithm found a different critical point, despite starting at the same initialization. We investigated the space between other triplets and quadruples of weight vectors (Figure 2 and 3), and even in these projections of the loss function, we still see that the local minima returned by different algorithms are separated by high loss weight parameters.\nDeep networks are overparameterized. For example, if we switch all corresponding weights for a pair of nodes in our network, we will obtain effectively the same network, with both the original and permuted networks outputting the same prediction for a given input. To ensure that the weight vectors returned by the different algorithms were functionally different, we compared the outpts of the networks on each example in a validation data set:\ndist(\u03b81, \u03b82) = \u221a\u221a\u221a\u221a 1 Ntest Ntest\u2211 i=1 \u2016F (xi, \u03b81)\u2212 F (xi, \u03b82)\u20162,\nwhere \u03b81 and \u03b82 are the weights learned by two different optimization algorithms, xi is the input for a validation example, and F (x, \u03b8) is the output of the network for weights \u03b8 on input x.\nWe found that, for all pairs of algorithms, the average distance between the outputs of the networks (Equation 4.1) was approximately 0.16, corresponding to a label disagreement of about 8% (upper triangle of Table 1). Given the generalization error of these networks (approximately 11%, Figure 4), the maximum disagreement we could see was 22%. Thus, these networks disagreed on a large fraction of these test examples \u2013 over 13 rd. Thus, the local minima found by different algorithms correspond to effectively different networks, not trivial reparameterizations of the same one."
      },
      {
        "heading": "4.2 DIFFERENT OPTIMIZATION ALGORITHMS FIND DIFFERENT TYPES OF LOCAL MINIMA",
        "text": "Next, we investigated whether the local minima found by the different optimization algorithms had distinguishing properties. To do this, we trained the networks with each optimization algorithm using different initial parameters. We then compared differences between runs of the same algorithm but different initializations to differences between different algorithms.\nAs shown in Figure 4(a), in terms of training accuracy, we do see some stereotypy for the optima found by different algorithms, with SGD finding local minima with the lowest training accuracy and ADAM, Rmsprop, and Adadelta finding local minima with the highest training accuracy. However, this could be attributed to SGD\u2019s asymtotically slow convergence near local minima due to the gradient diminishing near extrema. Despite this limitation, Figure 4(b) shows that the generalization accuracy of these different local minima on validation data was not significantly different between algorithms. We also did not see a relationship between the weight initialization and the validation accuracy. Thus, while these algorithms fall into different local minima, they are not different in terms of their final quality.\nWe visualized the loss surface around each of the local minima for the multiple runs. To do this, we plotted the value of the loss function between the initial and final weights for each algorithm (Figure 5(a,c)) for each run of the algorithm from a different initialization. In addition, we plotted\nthe value of the loss function between the final weights for selected pairs of algorithms for each run (Figure 5(b,d)). We see that the surfaces look strikingly similar for different runs of the same algorithm, but characteristically different for different algorithms. Thus, we found evidence that the different algorithms land in qualitatively different types of local minima.\nIn particular, we see in Figure 5(a,c) that the size of the basins around the local minima found by ADAM and ADAM&RK2 are larger than those found by SGD and RK2, i.e. that the training loss is small for a wider range of \u03b1 values. This is a relative measure, and the magnitude of the change in the weight vector is \u2206\u03b1\u2016\u03b81 \u2212 \u03b80\u2016 for a change of size \u2206\u03b1, where \u03b80 is the initial weight vector \u03b81 is the result found by a given optimization algorithm. In Figure 6, we repeat this analysis, instead showing the loss as a function of the absolute distance in parameter space:\n\u03b8(\u03bb) = \u03b81 + \u03bb \u03b80 \u2212 \u03b81 \u2016\u03b80 \u2212 \u03b81\u2016\n(1)\nWe again see that the size of the basin around the local minima varies by optimization algorithm. Note that we evaluate the loss for weight vectors beyond the initial configuration, which had a loss of 2.4."
      },
      {
        "heading": "4.3 ANALYZING LEARNING AFTER \u201cTRANSIENT PERIOD\u201d",
        "text": "Recall that, during optimization, it has been observed that there is a short \u201ctransient\u201d phase when the loss decreases rapidly and a \u201cminimization\u201d phase in which the loss decreases slowly (Section 2.2.1 and Figure 1). In this set of experiments, we investigated the effects of switching from one type of optimization method to another at various points during training, in particular at late stages of training when it is thought that a local minimum has been chosen and is only being localized. We switched from one optimization method to another 25%, 50%, and 75% of the way through training. The results are plotted in Figure 7d. We emphasize that we are not switching methods to improve performance, but rather to investigate the shape of the loss function in regions explored during the \u201cminimization\u201d phase of optimization.\nWe found that, regardless of how late we switch optimization algorithms, as shown in the rightmost column of Figure 7, the local minima found were all different. This directly disagrees with the notion that the local minimum has effectively been chosen before the \u201cminimization\u201d phase, but instead that which local minimum is found is still in flux this late in optimization. It appears that this switch from one local minimum to another happens almost immediately after the optimization method switches, with the training accuracy jumping to the characteristic accuracy for the given method within a few epochs (Figure 7, left column). Interestingly, we also see the distance between the initial and current weight vectors changes drastically after switching from one optimization\nmethod to another, and that this distance is characteristic per algorithm (Figure 7, middle column). While distance increases with training epoch for any single optimization method, it actually starts to decrease when switching from ADAM to SGD."
      },
      {
        "heading": "4.4 EFFECTS OF BATCH-NORMALIZATION",
        "text": "To understand how batch normalization affects the types of local minima found, we performed a set of experiments comparing loss surfaces near local minima found with and without batch normal-\nization for each of the optimization methods. We visualized the surface near these local minima by interpolating between the initial weights and the final weights as well as between pairs of final weights found with different algorithms.\nWe observed clear qualitative differences between optimization with (Figure 5) and without (Figure 8) batch normalization. We see that, without batch normalization, the quality of local minimum found by a given algorithm is much more dependent on the initialization. In addition, the surfaces between different local minima are more complex in appearance: with batch normalization we see sharp unimodal jumps in performance but without batch normalization we obtain wide bumpy shapes that aren\u2019t necessarily unimodal.\nThe neural networks are typically initialized with very small parameter values (Glorot & Bengio, 2010; He et al., 2015). Instead, we trained NIN with exotic intializations such as initial parameters drawn from N (\u221210.0, 0.01) or N (\u22121.0, 1.0) and observe the loss surface behaviours. The details of results are discussed in Appendix A.5."
      },
      {
        "heading": "5 CONCLUSIONS",
        "text": "In this work, we performed a series of empirical analyses to understand the geometry of the loss functions corresponding to deep neural networks, and how different optimization methods minimize this loss to answer the two questions posed in the introduction.\nWhat types of changes to the optimization procedure result in different local minima?\nWe found that every type of change to the optimization procedure we tested resulted in a different local minimum. Different local minima were found using the different optimization algorithms from the same initialization (Section 4.1). Even switching the optimization algorithm to another very late in optimization \u2013 during the slow \u201cmimimization\u201d portion of learning \u2013 resulted in a different local minimum (Section 4.3). The quality of the local minima found, in terms of training and generalization error, is similar. These different local minima were not equivalent, and made mistakes on different test examples (Section 4.1). Thus, they were not trivially different local minima, as would occur if nodes in internal layers of the network were permuted. We observed that the quality of these local minima was only consistently good when we used batch normalization for regularization. Without batch normalization, the quality of the critical points found depended on the initialization, and some solutions found were not as good as others. Our observations are in contrast to the conclusions of Goodfellow et al., i.e. that local minima are not a problem in deep learning because, in the region of the loss function explored by SGD algorithms, the loss function is well-behaved (Goodfellow et al., 2015). Instead, our observations are more consistent with the explanation that the local minima found by popular SGD optimization methods are almost all good (Choromanska et al., 2015; Kawaguchi, 2016; Soudry & Carmon, 2016)."
      },
      {
        "heading": "Do different optimization algorithms find qualitatively different types of local minima?",
        "text": "Interestingly, we found that, while the local minima found by the same optimization algorithm from different initializations were different, the shape of the loss function around these local minima was strikingly similar, and was a characteristic of the optimization algorithm. In particular, we found that the size of the basin around ADAM-based optimization was larger than that around vanilla SGD (Section 4.2). A large basin is related to a large margin, as small changes in the weight vector will not affect the training error, and perhaps could have some implications for generalization error. In our experiments, however, we did not observe better generalization error for ADAM than SGD. Questions for potential future research are why the shapes of the loss functions around different local minima found by the same algorithm are so similar, and what the practical implications of this are."
      },
      {
        "heading": "A SUPPLEMANTARY MATERIALS",
        "text": "A.1 3D VISUALIZATION\nGoodfellow et al. (2015) introduced the idea of visualizing 1D subspace of the loss surface between the parameters. Here, we propose to visualize loss surface in 3D space through interpolating over three and four vertices.\nLinear Interpolation Given two parameters \u03b81 and \u03b82, \u03b8i = \u03b1\u03b81 + (1\u2212 \u03b1)\u03b82, \u2200\u03b1 \u2208 [0, 1]. (2)\nBilinear Interpolation Given four parameters \u03b80, \u03b81, \u03b82, and \u03b83, \u03c6i = \u03b1\u03b81 + (1\u2212 \u03b1)\u03b82 (3) \u03d5i = \u03b1\u03b83 + (1\u2212 \u03b1)\u03b84 (4) \u03b8j = \u03b2\u03c6i + (1\u2212 \u03b2)\u03d5i (5)\nfor all \u03b1 \u2208 [0, 1] and \u03b2 \u2208 [0, 1].\nBarycentric Interpolation Given four parameters \u03b80, \u03b81, and \u03b82, let d1 = \u03b81 \u2212 \u03b80 and d2 = \u03b82 \u2212 \u03b80. Then, the formulation of the interpolation is\n\u03c6i = \u03b1d1 + \u03b80 (6) \u03d5i = \u03b1d2 + \u03b80 (7) \u03b8j = \u03b2\u03c6i + (1\u2212 \u03b2)\u03d5i (8)\nfor all \u03b1 \u2208 [0, 1] and \u03b2 \u2208 [0, 1]."
      },
      {
        "heading": "A.2 OPTIMIZATION METHODS",
        "text": ""
      },
      {
        "heading": "A.2.1 STOCHASTIC GRADIENT DESCENT",
        "text": "In many deep learning applications both the number of parameters and quantity of input data points can be quite large. This makes the full evaluation of U(\u03b8) be prohibitively expensive. A standard technique for aleviating computational loadis to apply an stochastic approximation to the gradient Robbins & Monro (1951). More precisely, one approximates U by a subset of n data points, denoted by {\u03c3j}Nj=1 at each timestep:\nUn(\u03b8) = 1\nn n\u2211 j=1 `(\u03b8,x\u03c3j ) ' 1 N N\u2211 i=1 `(\u03b8,xi) = U(\u03b8) (9)\nOf course this approximation also carries over to the gradient, which is of vital importance to optimization techniques:\n\u2207Un(\u03b8) = 1 n n\u2211 j=1 \u2207`(\u03b8,x\u03c3j ) ' \u2207U(\u03b8) (10)\nThis method is what is commonly called Stochastic Gradient Descent or SGD. So long as the data is distributed nicely the approximation error of Un should be sufficiently small such that not only will SGD still behave like normal GD , but it\u2019s wall clock time for to converge should be significantly lower as well.\nUsually one uses the stochastic gradient rather than the true gradient, but the inherent noisiness must be kept in mind. In what follows we will always mean the stochastic gradient."
      },
      {
        "heading": "A.2.2 MOMENTUM",
        "text": "In order to aleviate both noise in the input data as well as noise from stochasticity used in computing quantities one often maintains history of previous evaluations. In order to only require one extra variable one usually stores variables of the form\nE[F ]t = \u03b1Ft + \u03b2E[F ]t\u22121. (11)\nwhere Ft is some value changing over time and E[F ]t is the averaged quantity.\nAn easy scheme to apply this method to is to compute a rolling weighted average of gradients such as E[g]t = (1\u2212 \u03b1)gt + \u03b1E[g]t\u22121 but there will be other uses in the future."
      },
      {
        "heading": "A.2.3 PERTINENT METHODS",
        "text": "With the aforementioned tools there are a variety of methods that can be constructed. We choose to view these algorithms as implementations of Explicit Euler on a variety of different vector fields to remove the ambiguity between \u03b7 and gt. We therefore can define a method by the vector field Xt that explicit Euler is applied to with a single \u03b7 that is never changed.\nSGD with Momentum (SGDM) By simply applying momentum to gt one obtains this stabilized stochastic version of gradient descent:\nXt = \u2212E[g]t. (12) This is the most fundamental method that is used in practice and the basis for everything that follows.\nAdagrad Adagrad rescalesXt by summing up the sqaures of all previous gradients in a coefficientwise fashion:\nXt = \u2212 gt\u221a\u2211t\ni=1 g 2 i +\n. (13)\nHere is simply set to some small positive value to prevent division-by-zero. In the future we will neglect this term in denominators because it is always necessary.\nThe concept is to accentuate variations in gt, but because the denominator is monotonically nondecreasing over time this method is doomed to retard its own progress over time. The denominator can also be seen as a form of momentum where \u03b1 and \u03b2 are both set to 1.\nRmsprop A simple generalization of ADAGrad is to simply allow for \u03b1 and \u03b2 to be changed from 1. In particular one usually chooses a \u03b2 less than 1, and presumably \u03b1 = 1\u2212 \u03b2. Thus one arrives at a method where the effects of the distance history are diminished:\nXt =\u2212 gt\u221a E[g2]t . (14)\nAdadelta Adadelta adds another term to RMSprop in order to guarantee that the magnitude of X is balanced with gt Zeiler et al. (2011). More precisely it maintains\nXt\u221a E[X 2t ] = \u2212 gt\u221a E[g2t ]\n(15)\nwhich results in the following vector field: Xt =\u2212 \u221a E[X 2t ]\u221a E[g2t ] gt. (16)\nand \u03b7 is set to 1.\nADAM By applying momentum to both gt and g2t one arrives at what is called ADAM. This is often considered a combination of SGDM + RMSprop,\nXt = ct E[g]t\u221a E[g2]t . (17)\nct =\n\u221a 1\u2212\u03b2t2\n1\u2212\u03b2t1 is the initialization bias correction term with \u03b21, \u03b22 \u2208 [0, 1) being the \u03b2 parameters\nused in momentum for g and g2 respectively. Initialization bias is caused by the history of the momentum variable being initially set to zero."
      },
      {
        "heading": "A.3 RUNGE KUTTA",
        "text": "Runge-Kutta methods Butcher (1963) are a broad class of numerical integrators categorized by their truncation error. Because the ordinary differential equations Runge-Kutta methods solve generalize gradient descent, our augmentation is quite straightforward. Although our method applies to all explicit Runge-Kutta methods we will only describe second order methods for simplicity.\nThe general form of second-order explicit Runge-Kutta on a time-independent vector field is\n\u03b8t+1 = \u03b8t + (a1k1 + a2k2)h (18) k1 = X (\u03b8t) (19) k2 = X (\u03b8t + q1hk1) (20)\nwhere a1, a2, and q1 are parameters that define a given Runge-Kutta method. Table 3 refers to the parameters used for the different Runge-Kutta variants we use in our experiments."
      },
      {
        "heading": "A.3.1 AUGMENTING OPTIMIZATION WITH RUNGE KUTTA",
        "text": "For a given timestep, explicit integrators can be seen as a morphism over vector fields X \u2192 X\u0304 h. For a gradient gt = \u2207\u03b8U we can solve a modified RK2 gradient g\u0304t in the following fashion:\n\u03b8t+1 = \u03b8t + g\u0304th = Advect rk2 g (\u03b8, h) (21)\nrearranged with respect to g\u0304t\ng\u0304t = Advectrk2g (\u03b8, h)\u2212 \u03b8t\nh (22)\n= \u03b8t + (a1k1 + a2k2)h\u2212 \u03b8t\nh (23)\n= (a1k1 + a2k2). (24) If we simply substitute the gradient gt with g\u0304t one obtains an RK2-augmented optimization technique."
      },
      {
        "heading": "A.4 EXPERIMENTS WITH RUNGE-KUTTA INTEGRATOR",
        "text": "The results in Figure 9 illustrates that, with the exception of the Midpoint method, stochastic RungeKutta methods outperform SGD. \u201cSGD x2\u201d is the stochastic gradient descent with twice of the learning rate of \u201cSGD\u201d. From the figure, we observe that the Runge-Kutta methods perform even better with half the number of gradient computed by SGD. The reason is because SGD has the accumulated truncated error of O(h) while second-order Runge-Kutta methods have the accumulated truncated error of O(h2).\nUnfortunately, ADAM outperforms ADAM+RK2 methods. We speculate that this is because the way how ADAM\u2019s renormalization of input gradients in conjunction with momentum eliminates the value added by using our RK-based descent directions."
      },
      {
        "heading": "A.5 EFFECTS OF BATCH-NORMALIZATION AND EXTREME INITIALIZATIONS",
        "text": "The neural networks are typically initialized with very small parameter values (Glorot & Bengio, 2010; He et al., 2015). Instead, we trained NIN with exotic intializations such as initial parameters drawn from N (\u221210.0, 0.01) or N (\u22121.0, 1.0) and observe the loss surface behaviours. The results are shown in Figure 11. We can see that NIN without BN does not train at all with any of these initializations. Swirszcz et al. (2016) mentioned that bad performance of neural networks trained with these initializations are due to finding a bad local minima. However, we see that loss surface region around these initializations are plateau 1 rather than a bad local minima as shown in Figure 11b. On\n1We used same initializations as (Swirszcz et al., 2016) but we trained different neural networks with SGD on a different dataset. We used NIN and CIFAR10 and Swirszcz et al. (2016) used smaller neural network and MNIST.\nthe other hand, NIN with BN does train slowly over time but finds a local minima. This implies that BN redeems the ill-posed loss surface (plateau region). Nevertheless, the local minima it found was not good as when the parameters were initialized with small values. However, it is not totally clear whether this is due to difficulty of training or due to falling in a bad local minima."
      },
      {
        "heading": "A.6 SWITCHING OPTIMIZATION METHODS",
        "text": ""
      }
    ],
    "references": [
      {
        "title": "Linear learning: Landscapes and algorithms",
        "author": [
          "Pierre. Baldi"
        ],
        "venue": "Advances in neural information processing systems.,",
        "citeRegEx": "Baldi.,? \\Q1989\\E",
        "shortCiteRegEx": "Baldi.",
        "year": 1989
      },
      {
        "title": "Neural networks and principal component analysis: Learning from examples without local minima",
        "author": [
          "Pierre Baldi",
          "K. Hornik"
        ],
        "venue": "Neural Networks,",
        "citeRegEx": "Baldi and Hornik.,? \\Q1989\\E",
        "shortCiteRegEx": "Baldi and Hornik.",
        "year": 1989
      },
      {
        "title": "Complex-valued autoencoders",
        "author": [
          "Pierre. Baldi",
          "Zhiqin. Lu"
        ],
        "venue": "Neural Networks,",
        "citeRegEx": "Baldi and Lu.,? \\Q2012\\E",
        "shortCiteRegEx": "Baldi and Lu.",
        "year": 2012
      },
      {
        "title": "Stochastic gradient learning in neural networks",
        "author": [
          "Leon Bottou"
        ],
        "venue": "In Proceedings of Nuero-Nimes,",
        "citeRegEx": "Bottou.,? \\Q1991\\E",
        "shortCiteRegEx": "Bottou.",
        "year": 1991
      },
      {
        "title": "The statistics of critical points of gaussian fields on largedimensional spaces",
        "author": [
          "Alan J. Bray",
          "David S. Dean"
        ],
        "venue": "In Physics Review Letter,",
        "citeRegEx": "Bray and Dean.,? \\Q2007\\E",
        "shortCiteRegEx": "Bray and Dean.",
        "year": 2007
      },
      {
        "title": "The convergence of a class of double-rank minimization algorithms 1. general considerations",
        "author": [
          "C. G Broyden"
        ],
        "venue": "Journal of Applied Mathematics,",
        "citeRegEx": "Broyden.,? \\Q1970\\E",
        "shortCiteRegEx": "Broyden.",
        "year": 1970
      },
      {
        "title": "Coefficients for the study of runge-kutta integration processes",
        "author": [
          "John C. Butcher"
        ],
        "venue": "Society for Industrial and Applied Mathematics,",
        "citeRegEx": "Butcher.,? \\Q1963\\E",
        "shortCiteRegEx": "Butcher.",
        "year": 1963
      },
      {
        "title": "The loss surfaces of multilayer networks",
        "author": [
          "Anna Choromanska",
          "Mikael Henaf",
          "Michael Mathieu",
          "Gerard Ben Arous",
          "Yann LeCun"
        ],
        "venue": "arXiv preprint arXiv:1406.2572,",
        "citeRegEx": "Choromanska et al\\.,? \\Q2015\\E",
        "shortCiteRegEx": "Choromanska et al\\.",
        "year": 2015
      },
      {
        "title": "Identifying and attacking the saddle point problem in high-dimensional non-convex optimization",
        "author": [
          "Yann N. Dauphin",
          "Razvan Pascanu",
          "Caglar Gulcehre",
          "Kyunghyun Cho",
          "Surya Ganguli",
          "Yoshua Bengio"
        ],
        "venue": "arXiv preprint arXiv:1406.2572,",
        "citeRegEx": "Dauphin et al\\.,? \\Q2014\\E",
        "shortCiteRegEx": "Dauphin et al\\.",
        "year": 2014
      },
      {
        "title": "Convergence rates of sub-sampled newton methods",
        "author": [
          "Murat A. Erdogdu",
          "Andrea Montanari"
        ],
        "venue": "In Proceedings of the Neural Information Processing Systems (NIPS),",
        "citeRegEx": "Erdogdu and Montanari.,? \\Q2015\\E",
        "shortCiteRegEx": "Erdogdu and Montanari.",
        "year": 2015
      },
      {
        "title": "Replica symmetry breaking condition exposed by random matrix calculation of landscape complexity",
        "author": [
          "Yan V. Fyodorov",
          "Ian Williams"
        ],
        "venue": "Journal of Statistical Physics,,",
        "citeRegEx": "Fyodorov and Williams.,? \\Q2007\\E",
        "shortCiteRegEx": "Fyodorov and Williams.",
        "year": 2007
      },
      {
        "title": "Understanding the difficulty of training deep feedforward neural networks",
        "author": [
          "Xavier Glorot",
          "Y. Bengio"
        ],
        "venue": "In International conference on artificial intelligence and statistics,",
        "citeRegEx": "Glorot and Bengio.,? \\Q2010\\E",
        "shortCiteRegEx": "Glorot and Bengio.",
        "year": 2010
      },
      {
        "title": "Qualitatively characterizing neural network optimization problems",
        "author": [
          "Ian J. Goodfellow",
          "Oriol Vinyals",
          "Andrew M. Saxe"
        ],
        "venue": "In Proceedings of the International Conference on Learning Representations (ICLR),",
        "citeRegEx": "Goodfellow et al\\.,? \\Q2015\\E",
        "shortCiteRegEx": "Goodfellow et al\\.",
        "year": 2015
      },
      {
        "title": "Solving Ordinary Differential Equations I Nonstiff",
        "author": [
          "Ernst Hairer",
          "Nrsett Syvert P",
          "Gerhard Wanner"
        ],
        "venue": null,
        "citeRegEx": "Hairer et al\\.,? \\Q1987\\E",
        "shortCiteRegEx": "Hairer et al\\.",
        "year": 1987
      },
      {
        "title": "Delving deep into rectifiers: Surpassing human-level performance on imagenet classification",
        "author": [
          "Kaiming He",
          "Xiangyu Zhang",
          "Shaoqing Ren",
          "Jian Sun"
        ],
        "venue": "In arXiv preprint arXiv:1502.01852,",
        "citeRegEx": "He et al\\.,? \\Q2015\\E",
        "shortCiteRegEx": "He et al\\.",
        "year": 2015
      },
      {
        "title": "Long short-term memory",
        "author": [
          "S. Hochreiter",
          "J. Schmidhuber"
        ],
        "venue": "Neural computation,",
        "citeRegEx": "Hochreiter and Schmidhuber.,? \\Q1997\\E",
        "shortCiteRegEx": "Hochreiter and Schmidhuber.",
        "year": 1997
      },
      {
        "title": "Deep learning without poor local minima",
        "author": [
          "Kenji Kawaguchi"
        ],
        "venue": "arXiv preprint arXiv:1605.07110,",
        "citeRegEx": "Kawaguchi.,? \\Q2016\\E",
        "shortCiteRegEx": "Kawaguchi.",
        "year": 2016
      },
      {
        "title": "Adam: A method for stochastic optimization",
        "author": [
          "Diederik Kingma",
          "Jimmy Ba"
        ],
        "venue": "In Proceedings of the International Conference on Learning Representations (ICLR),",
        "citeRegEx": "Kingma and Ba.,? \\Q2014\\E",
        "shortCiteRegEx": "Kingma and Ba.",
        "year": 2014
      },
      {
        "title": "Learning multiple layers of features from tiny images",
        "author": [
          "Alex Krizhevsky"
        ],
        "venue": "In MSc thesis, Univesity of Toronto,",
        "citeRegEx": "Krizhevsky.,? \\Q2009\\E",
        "shortCiteRegEx": "Krizhevsky.",
        "year": 2009
      },
      {
        "title": "Network in network",
        "author": [
          "Min Lin",
          "Qiang Chen",
          "Shuicheng Yan"
        ],
        "venue": "In Proceedings of the International Conference on Learning Representations (ICLR),",
        "citeRegEx": "Lin et al\\.,? \\Q2014\\E",
        "shortCiteRegEx": "Lin et al\\.",
        "year": 2014
      },
      {
        "title": "Deep learning via hessian-free optimization",
        "author": [
          "James Martens"
        ],
        "venue": "In Proceedings of the International Conference of Machine Learning (ICML),",
        "citeRegEx": "Martens.,? \\Q2010\\E",
        "shortCiteRegEx": "Martens.",
        "year": 2010
      },
      {
        "title": "A method of solving a convex programming problem with convergence rate o(1/sqr(k))",
        "author": [
          "Yurii Nesterov"
        ],
        "venue": "Soviet Mathematics Doklady,",
        "citeRegEx": "Nesterov.,? \\Q1983\\E",
        "shortCiteRegEx": "Nesterov.",
        "year": 1983
      },
      {
        "title": "Probabilistic line searches for stochastic optimization",
        "author": [
          "Giorgio Parisi"
        ],
        "venue": "arXiv preprint arXiv:0706.0094,",
        "citeRegEx": "Parisi.,? \\Q2016\\E",
        "shortCiteRegEx": "Parisi.",
        "year": 2016
      },
      {
        "title": "Some methods of speeding up the convergence of iteration methods",
        "author": [
          "B.T Polyak"
        ],
        "venue": "USSR Computational Mathematics and Mathematical Physics,",
        "citeRegEx": "Polyak.,? \\Q1964\\E",
        "shortCiteRegEx": "Polyak.",
        "year": 1964
      },
      {
        "title": "A stochastic approximation method",
        "author": [
          "Herbert Robbins",
          "Sutton Monro"
        ],
        "venue": "Annals of Mathematical Statistics,",
        "citeRegEx": "Robbins and Monro.,? \\Q1951\\E",
        "shortCiteRegEx": "Robbins and Monro.",
        "year": 1951
      },
      {
        "title": "Imagenet large scale visual recognition challenge",
        "author": [
          "O. Russakovsky",
          "H. Deng",
          "J. adn Su",
          "J. Krause",
          "S. Satheesh",
          "S. Ma",
          "Z. Huang",
          "A. Karpathy",
          "A. Khosla",
          "M. Bernstein",
          "A.C. Berg",
          "L. Fei-Fei"
        ],
        "venue": "In arXiv preprint arXiv:1409.0575,",
        "citeRegEx": "Russakovsky et al\\.,? \\Q2014\\E",
        "shortCiteRegEx": "Russakovsky et al\\.",
        "year": 2014
      },
      {
        "title": "Exact solutions to the nonlinear dynamics of learning in deep linear neural networks",
        "author": [
          "Andrew M Saxe",
          "James L McClelland",
          "Surya. Ganguli"
        ],
        "venue": "In In International Conference on Learning Representations.,",
        "citeRegEx": "Saxe et al\\.,? \\Q2014\\E",
        "shortCiteRegEx": "Saxe et al\\.",
        "year": 2014
      },
      {
        "title": "Very deep convolutional networks for large-scale image recognition",
        "author": [
          "Karen Simonyan",
          "Andrew Zisserman"
        ],
        "venue": "In Proceedings of the International Conference on Learning Representations (ICLR),",
        "citeRegEx": "Simonyan and Zisserman.,? \\Q2015\\E",
        "shortCiteRegEx": "Simonyan and Zisserman.",
        "year": 2015
      },
      {
        "title": "No bad local minima: Data independent training error guarantees for multilayer neural networks",
        "author": [
          "Daniel Soudry",
          "Yair Carmon"
        ],
        "venue": "arXiv preprint arXiv:1605.08361,",
        "citeRegEx": "Soudry and Carmon.,? \\Q2016\\E",
        "shortCiteRegEx": "Soudry and Carmon.",
        "year": 2016
      },
      {
        "title": "On the importance of momentum and initialization in deep learning",
        "author": [
          "Ilya Sutskever",
          "James Martens",
          "George Dahl",
          "Geoffery Hinton"
        ],
        "venue": "In Proceedings of the International Conference of Machine Learning (ICML),",
        "citeRegEx": "Sutskever et al\\.,? \\Q2013\\E",
        "shortCiteRegEx": "Sutskever et al\\.",
        "year": 2013
      },
      {
        "title": "Local minima in training of deep networks",
        "author": [
          "Grzegorz Swirszcz",
          "Wojciech Marian Czarnecki",
          "Razvan Pascanu"
        ],
        "venue": "In International conference on artificial intelligence and statistics,",
        "citeRegEx": "Swirszcz et al\\.,? \\Q2016\\E",
        "shortCiteRegEx": "Swirszcz et al\\.",
        "year": 2016
      },
      {
        "title": "Rmsprop gradient optimization. In Neural Networks for Machine Learning slide: http://www.cs.toronto.edu/t\u0303ijmen/csc321/slides/lecture slides lec6.pdf",
        "author": [
          "Tijmen Tieleman",
          "Geoffery Hinton"
        ],
        "venue": null,
        "citeRegEx": "Tieleman and Hinton.,? \\Q2012\\E",
        "shortCiteRegEx": "Tieleman and Hinton.",
        "year": 2012
      },
      {
        "title": "Adaptive deconvolutional networks for mid and high level feature learning",
        "author": [
          "Matthew D. Zeiler",
          "Graham W. Taylor",
          "Rob Fergus"
        ],
        "venue": "In International Conference on Computer Visio,",
        "citeRegEx": "Zeiler et al\\.,? \\Q2011\\E",
        "shortCiteRegEx": "Zeiler et al\\.",
        "year": 2011
      },
      {
        "title": "2015) introduced the idea of visualizing 1D subspace of the loss surface between the parameters. Here, we propose to visualize loss surface in 3D space through interpolating over three and four vertices",
        "author": [
          "VISUALIZATION Goodfellow"
        ],
        "venue": null,
        "citeRegEx": "Goodfellow,? \\Q2015\\E",
        "shortCiteRegEx": "Goodfellow",
        "year": 2015
      },
      {
        "title": "Instead, we trained NIN with exotic intializations such as initial parameters drawn from N (\u221210.0, 0.01) or N (\u22121.0, 1.0) and observe the loss surface behaviours. The results are shown in Figure 11. We can see that NIN without BN does not train at all with any of these initializations",
        "author": [
          "He"
        ],
        "venue": "Swirszcz et al",
        "citeRegEx": "He,? \\Q2015\\E",
        "shortCiteRegEx": "He",
        "year": 2015
      }
    ],
    "referenceMentions": [
      {
        "referenceID": 23,
        "context": "These loss functions are usually minimized using first-order gradient descent (Robbins & Monro, 1951; Polyak, 1964) algorithms such as stochastic gradient descent (SGD) (Bottou, 1991).",
        "startOffset": 78,
        "endOffset": 115
      },
      {
        "referenceID": 3,
        "context": "These loss functions are usually minimized using first-order gradient descent (Robbins & Monro, 1951; Polyak, 1964) algorithms such as stochastic gradient descent (SGD) (Bottou, 1991).",
        "startOffset": 169,
        "endOffset": 183
      },
      {
        "referenceID": 26,
        "context": "However, to make these analyses tractible, they have relied on simplifications of the network structures, including that the networks are linear (Saxe et al., 2014), or assuming the path and variable independence of the neural networks (Choromanska et al.",
        "startOffset": 145,
        "endOffset": 164
      },
      {
        "referenceID": 7,
        "context": ", 2014), or assuming the path and variable independence of the neural networks (Choromanska et al., 2015).",
        "startOffset": 79,
        "endOffset": 105
      },
      {
        "referenceID": 21,
        "context": "Orthogonally, the performance of various gradient descent algorithms has been theoretically characterized (Nesterov, 1983).",
        "startOffset": 106,
        "endOffset": 122
      },
      {
        "referenceID": 26,
        "context": "Others further investigated the learning dynamics of the deep linear neural networks (Saxe et al., 2014).",
        "startOffset": 85,
        "endOffset": 104
      },
      {
        "referenceID": 7,
        "context": "More recently, several others have attempted to study the loss surfaces of deep non-linear neural networks (Choromanska et al., 2015; Kawaguchi, 2016; Soudry & Carmon, 2016).",
        "startOffset": 107,
        "endOffset": 173
      },
      {
        "referenceID": 16,
        "context": "More recently, several others have attempted to study the loss surfaces of deep non-linear neural networks (Choromanska et al., 2015; Kawaguchi, 2016; Soudry & Carmon, 2016).",
        "startOffset": 107,
        "endOffset": 173
      },
      {
        "referenceID": 22,
        "context": "One approach is to analogize the states of neurons as the magnetics dipoles used in spherical spinglass Ising models from statistical physics (Parisi, 2016; Fyodorov & Williams, 2007; Bray & Dean, 2007).",
        "startOffset": 142,
        "endOffset": 202
      },
      {
        "referenceID": 16,
        "context": "Recent results (Kawaguchi, 2016; Soudry & Carmon, 2016) have provided cursory evidence in agreement with the theory provided by Choromanska et al.",
        "startOffset": 15,
        "endOffset": 55
      },
      {
        "referenceID": 23,
        "context": "In the literature the common method for measuring performance of optimization methods is to analyze them on nice convex quadratic functions (Polyak, 1964; Broyden, 1970; Nesterov, 1983; Martens, 2010; Erdogdu & Montanari, 2015) even though the problems are applied to non-convex problems.",
        "startOffset": 140,
        "endOffset": 227
      },
      {
        "referenceID": 5,
        "context": "In the literature the common method for measuring performance of optimization methods is to analyze them on nice convex quadratic functions (Polyak, 1964; Broyden, 1970; Nesterov, 1983; Martens, 2010; Erdogdu & Montanari, 2015) even though the problems are applied to non-convex problems.",
        "startOffset": 140,
        "endOffset": 227
      },
      {
        "referenceID": 21,
        "context": "In the literature the common method for measuring performance of optimization methods is to analyze them on nice convex quadratic functions (Polyak, 1964; Broyden, 1970; Nesterov, 1983; Martens, 2010; Erdogdu & Montanari, 2015) even though the problems are applied to non-convex problems.",
        "startOffset": 140,
        "endOffset": 227
      },
      {
        "referenceID": 20,
        "context": "In the literature the common method for measuring performance of optimization methods is to analyze them on nice convex quadratic functions (Polyak, 1964; Broyden, 1970; Nesterov, 1983; Martens, 2010; Erdogdu & Montanari, 2015) even though the problems are applied to non-convex problems.",
        "startOffset": 140,
        "endOffset": 227
      },
      {
        "referenceID": 0,
        "context": "1989; Baldi & Lu, 2012). Others further investigated the learning dynamics of the deep linear neural networks (Saxe et al., 2014). More recently, several others have attempted to study the loss surfaces of deep non-linear neural networks (Choromanska et al., 2015; Kawaguchi, 2016; Soudry & Carmon, 2016). One approach is to analogize the states of neurons as the magnetics dipoles used in spherical spinglass Ising models from statistical physics (Parisi, 2016; Fyodorov & Williams, 2007; Bray & Dean, 2007). Choromanska et al. (2015) attempted to understand the loss function of neural networks through studying the random Gaussian error functions of Ising models.",
        "startOffset": 6,
        "endOffset": 536
      },
      {
        "referenceID": 0,
        "context": "1989; Baldi & Lu, 2012). Others further investigated the learning dynamics of the deep linear neural networks (Saxe et al., 2014). More recently, several others have attempted to study the loss surfaces of deep non-linear neural networks (Choromanska et al., 2015; Kawaguchi, 2016; Soudry & Carmon, 2016). One approach is to analogize the states of neurons as the magnetics dipoles used in spherical spinglass Ising models from statistical physics (Parisi, 2016; Fyodorov & Williams, 2007; Bray & Dean, 2007). Choromanska et al. (2015) attempted to understand the loss function of neural networks through studying the random Gaussian error functions of Ising models. Recent results (Kawaguchi, 2016; Soudry & Carmon, 2016) have provided cursory evidence in agreement with the theory provided by Choromanska et al. (2015) in that they found that that there are no \u201cpoor\u201d local minima in neural networks still with strong assumptions.",
        "startOffset": 6,
        "endOffset": 821
      },
      {
        "referenceID": 0,
        "context": "1989; Baldi & Lu, 2012). Others further investigated the learning dynamics of the deep linear neural networks (Saxe et al., 2014). More recently, several others have attempted to study the loss surfaces of deep non-linear neural networks (Choromanska et al., 2015; Kawaguchi, 2016; Soudry & Carmon, 2016). One approach is to analogize the states of neurons as the magnetics dipoles used in spherical spinglass Ising models from statistical physics (Parisi, 2016; Fyodorov & Williams, 2007; Bray & Dean, 2007). Choromanska et al. (2015) attempted to understand the loss function of neural networks through studying the random Gaussian error functions of Ising models. Recent results (Kawaguchi, 2016; Soudry & Carmon, 2016) have provided cursory evidence in agreement with the theory provided by Choromanska et al. (2015) in that they found that that there are no \u201cpoor\u201d local minima in neural networks still with strong assumptions. There is some potential disconnect between these theoretical results and what is found in practice due to several strong assumptions such as the activation of the hidden units and output being independent of the previous hidden units and input data. The work of Dauphin et al. (2014) empirically investigated properties of the critical points of neural network loss functions and demonstrated that their critical points behave similarly to the critical points of random Gaussian error functions in high dimensional space.",
        "startOffset": 6,
        "endOffset": 1217
      },
      {
        "referenceID": 29,
        "context": "This behavior has been discussed as a \u201ctransient\u201d phase followed by a \u201cminimization\u201d phase (Sutskever et al., 2013) 2",
        "startOffset": 91,
        "endOffset": 115
      },
      {
        "referenceID": 19,
        "context": "Network-inNetwork (NIN) (Lin et al., 2014) and the VGG(Simonyan & Zisserman, 2015) network are feedforward convolutional networks developed for image classification, and have excellent performance on the Imagenet (Russakovsky et al.",
        "startOffset": 24,
        "endOffset": 42
      },
      {
        "referenceID": 25,
        "context": ", 2014) and the VGG(Simonyan & Zisserman, 2015) network are feedforward convolutional networks developed for image classification, and have excellent performance on the Imagenet (Russakovsky et al., 2014) and CIFAR10 (Krizhevsky, 2009) data sets.",
        "startOffset": 178,
        "endOffset": 204
      },
      {
        "referenceID": 18,
        "context": ", 2014) and CIFAR10 (Krizhevsky, 2009) data sets.",
        "startOffset": 20,
        "endOffset": 38
      },
      {
        "referenceID": 32,
        "context": "2 OPTIMIZATION METHODS We analyzed the performance of five popular gradient-descent optimization methods for these learning frameworks: Stochastic gradient descent (SGD) (Robbins & Monro, 1951), stochastic gradient descent with momentum (SGDM), RMSprop (Tieleman & Hinton, 2012), Adadelta (Zeiler et al., 2011), and ADAM (Kingma & Ba, 2014).",
        "startOffset": 289,
        "endOffset": 310
      },
      {
        "referenceID": 12,
        "context": "(Goodfellow et al., 2015).",
        "startOffset": 0,
        "endOffset": 25
      },
      {
        "referenceID": 12,
        "context": "(Goodfellow et al., 2015).",
        "startOffset": 0,
        "endOffset": 25
      },
      {
        "referenceID": 14,
        "context": "The neural networks are typically initialized with very small parameter values (Glorot & Bengio, 2010; He et al., 2015).",
        "startOffset": 79,
        "endOffset": 119
      },
      {
        "referenceID": 12,
        "context": "that local minima are not a problem in deep learning because, in the region of the loss function explored by SGD algorithms, the loss function is well-behaved (Goodfellow et al., 2015).",
        "startOffset": 159,
        "endOffset": 184
      },
      {
        "referenceID": 7,
        "context": "Instead, our observations are more consistent with the explanation that the local minima found by popular SGD optimization methods are almost all good (Choromanska et al., 2015; Kawaguchi, 2016; Soudry & Carmon, 2016).",
        "startOffset": 151,
        "endOffset": 217
      },
      {
        "referenceID": 16,
        "context": "Instead, our observations are more consistent with the explanation that the local minima found by popular SGD optimization methods are almost all good (Choromanska et al., 2015; Kawaguchi, 2016; Soudry & Carmon, 2016).",
        "startOffset": 151,
        "endOffset": 217
      }
    ],
    "year": 2016,
    "abstractText": "The training of deep neural networks is a high-dimension optimization problem with respect to the loss function of a model. Unfortunately, these functions are of high dimension and non-convex and hence difficult to characterize. In this paper, we empirically investigate the geometry of the loss functions for state-of-the-art networks with multiple stochastic optimization methods. We do this through several experiments that are visualized on polygons to understand how and when these stochastic optimization methods find local minima.",
    "creator": "LaTeX with hyperref package"
  }
}