{
  "name": "566.pdf",
  "metadata": {
    "source": "CRF",
    "title": null,
    "authors": [
      "Melanie Ducoffe",
      "Frederic Precioso"
    ],
    "emails": [
      "precioso}@i3s.unice.fr"
    ],
    "sections": [
      {
        "heading": "1 INTRODUCTION",
        "text": "A daunting challenge in many contexts is to gather annotated data. This can be a long and tedious process, which often slows down the development of a framework and may jeopardize its economic prospects.\nWe refer to active learning Cohn (1994) as the field of machine learning which targets building iteratively the annotated training set with the help of an oracle.\nIn this setting and in a context of pool-based active learning1, a model is trained on a small amount of data (i.e. the initial training set) and a scoring function discriminates samples which should be labeled by the oracle from the ones which do not hold new information for the model. The queried samples are then submitted to an oracle (which can be another decision algorithm for instance in co-training context, or a human expert in interactive learning context) to be labeled. They are then added to the current training set. Finally the model is retrained from scratch. This process is repeated recursively to grow the training set.\nAlthough active learning and deep learning represent two important pillars of machine learning, they have mainly coexisted into independent stream of works owing to the complexity of combining them. The main issues are the scalability and the adaptability of common active learning schemes when considering architectures with a huge number of parameters such as deep networks. Another issue lies in the overall number of training iterations since training a deep architecture remains a computationally expensive process despite all the optimizations through GPU processing. This specificity has prevented deep learning from being prevalent within active learning. Indeed seminal active learning frameworks Cohn (1994) have mainly focused on adding one sample at-a-time. When it comes to selecting a batch of queries, the most intuitive solution is to select top scoring samples.\n1Other settings exist but are not considered here for the sake of clarity, we refer the reader to Settles (2012)\nSuch a solution is immediate in the process but fails to model the correlations between samples. Labeling one sample at-a-time may therefore lead to the labeling of another sample totally useless.\nIn our work, batches of actively selected samples are added at each training iteration. We propose a batch active learning framework designed for deep architectures, especially Deep Convolutional Neural Networks (CNN).\nBatch active learning is highly suitable for deep networks which are trained on minibatches of data at each iterations. Indeed training with minibatches help the training of deep networks, and we empirically noticed that the size of the minibatch is a major hyperparameter. Thus it makes sense to query a batch of unlabelled data whose size would be proportionnal to the size of a minibatch. In our work, batches have the same size as the minibatches but they could be decorrelated by considering importance sampling techniques.\nOur model focuses on log loss which is involved in the training process of most neural networks. To achieve the required scalability of active learning for deep architectures, we step away from traditional active learning methods and focus our attention on a more general setting: Maximum Likelihood Estimation (MLE) and Bayesian inference. Provided certain assumptions, our active selection relies on a criterion which is based on Fisher information and is obtained from the minimization of a stochastic method for variational inference. Our active selection relies on the Fisher matrices on the unlabeled data and on the data selected by the active learning step. An approximation of Fisher information, based on a diagonal Kronecker-block decomposition makes our criterion computationally affordable for an active greedy selection scheme.\nVariational methods have been previously explored like in Graves (2011) as a tractable approximation to Bayesian inference for Artificial Neural Networks (ANNs). One advantage of such a representation is that it leads to a two-term active learning criterion: one related to the prediction accuracy on the observed data and the second term expressing the model complexity. Such a two-fold criterion is, to the best of our knowledge, the first of the kind scalable for active learning. Such an expression may help both to analyze and to optimize ANNs, not only in an active learning framework but also for curriculum learning.\nWe dedicate section Related works to the presentation of active learning literature. Section Covering presents the theoretical aspects of our active learning framework, while section Active learning as a greedy selection scheme details our greedy algorithm. We then assess our active learning method through experiments on MNIST and USPS benchmarks. We discuss possible improvements of our approach and connections with previous MLE-based active learning methods before concluding."
      },
      {
        "heading": "2 RELATED WORKS",
        "text": "Active learning is a framework to automatize the selection of instances to be labeled in a learning process. Active learning offers a variety of strategies where the learner actively selects which samples seem \u201coptimal\u201d to annotate, so as to reduce the size of the labeled training set required to achieve equivalent performance.\nWe consider the context of pool-based active learning where the learner selects its queries among a given unlabeled data set. For other variants (query synthesis, (stream-based) selective sampling) we refer the reader to Settles (2012)."
      },
      {
        "heading": "2.1 POOL-BASED ACTIVE LEARNING",
        "text": "When it comes to pool-based active learning, the most intuitive approaches focus on minimizing some error on the target classifier. Uncertainty sampling minimizes the training error by querying unlabeled data on which the current classifier (i.e. from previous training iteration) is assigning labels with the weakest confidence. This method, uncertainty sampling, while being the least computational consuming among all active learning techniques has the main drawback of ignoring much of the output distribution classes, and is prone to querying outliers. Thanks to its low cost and easy setup, uncertainty has been adapted to deep architectures for sentiment classification Zhou et al. (2010). However, deep architectures are subject to adversarial examples, a type of noise we suspect uncertainty selection to be highly sensitive to Szegedy et al. (2014); Goodfellow et al. (2015). Other strategies (expected error reduction, expected output variance reduction) directly minimize the\nerror on a validation set after querying a new unlabeled sample. However they are computationally expensive especially when considering neural networks.\nTraditional active learning techniques handle selection of one sample at-a-time. One of the main drawbacks of the aforementioned active learning techniques is that is does not pay attention to the information held in unlabeled data besides considering it as potential queries. Hence once the strategy for selecting samples to be labeled and added to the training set is defined, the question on the impact of the possible correlation between successive selected samples remains.\nTo that end, one recent class of methods deals with the selection of a batch of samples during the active process, batch mode active learning. Batch mode active learning selects a set of most informative unlabeled sample instead of a unique sample. Such a strategy is highly suitable when retraining the model is not immediate and require to restart the training from scratch at each iteration as it is the case for neural networks. A simple strategy (whose has also been used for previous deep active learning strategy Zhou et al. (2010)) is to select a batch of top scoring instances. However that strategy fails to consider the correlation among pairs of samples. The redundancy between the so-selected samples may therefore hinder the learning process.\nIn the context of a deep learning scenario, if several elements related to the same direction of the gradient are in the same minibatch, the gradient descent in the next learning step may lead at once too close to a local minimum, diverting the process away from the global minimum.\nWhile one sample at-a-time can prevent from being misled that way, it gets prohibitive when considering big data because the number of iterations is equal to the number of learning samples, unlike the batch-based strategies.\nRecently some solutions have been proposed for choosing an appropriate subset of samples so as to minimize any significant loss in performance. Those methods consider the minimization of the Kullback-Leibler (KL) divergence between the resampled distribution of any possible subset selected for the active process and the whole unlabeled data set distribution. A lower bound of the negative of this KL divergence is then defined and rewritten as a submodular function. The minimization of the initial KL divergence becomes then a problem of submodular maximization Hoi et al. (2006). In Wei et al. (2015), Wei et al have designed several submodular functions so as to answer at best the need of specific classifiers (Naive Bayes Classifiers, Logistic Regression Classifier, Nearest Neighbor Classifier). However, their approach is hardly scalable to handle all the information from non-shallow classifiers such as deep networks.\nAnother solution to minimize the correlation among a set of queries is to perform bayesian inference on the weights of a neural network. In a bayesian context, a neural network is considered as a parametric model which assigns a conditional probability on the observed labeled data A given a set of weights w. The weights follow some prior distribution P (\u03b1) depending on the parameter \u03b1 and the posterior distribution of the weights P (w | A, \u03b1) is deduced. The goal is thus to maximize the posterior probability of the weights on the observed data A. Indeed bayesian inference expresses the uncertainty of the weights which consequently leads to a relevant exploration of the underlying distribution of the input data X. When it comes to active learning, the learner needs not only to estimate the posterior given the observed data A but also to consider the impact of new data on that posterior Golovin et al. (2010). In our context, bayesian inference is intractable, partially due to the high number of weights involved in a deep network. To solve this issue, Graves (2011) introduced a variational approximation to perform bayesian inference on neural networks. Specifically he approximates the posterior distribution P (w | A, \u03b1) with a tractable distribution of his choice Q(w | \u03b2) depending on a new parameter \u03b2. The quality of the approximation Q(w | \u03b2) compared to the true posterior P (w | A, \u03b1) is measured by the variational free energy F with respect to the parameters \u03b1 and \u03b2. F has no upper bound but gets closer to zero as both distributions become more and more similar.\nF(\u03b1, \u03b2) = \u2212Ew\u223cQ(\u03b2)\n( ln ( P (A | w)P (w | \u03b1)\nQ(w | \u03b2)\n)) (1)\nFinally in Graves (2011), F is then expressed as a minimum description loss function on \u03b1 and \u03b2: F(\u03b1, \u03b2) = Ew\u223cQ(\u03b2)(L(A;w)) +KL(Q(w) || P(\u03b1)) (2)\nwhere KL is the Kullback Leibler divergence between Q(\u03b2) and P(\u03b1).\nUnder certain assumptions on the family distribution for the posterior and prior of the weights ( diagonal gaussian ...), Graves proposed a backpropagation compatible algorithm to train an ensemble of networks, whose weights are sampled from a shared probability distribution.\nThe primary purpose of the variational free energy is to propose a new training objectif for neural network by learning \u03b1 and \u03b2. In an active learning context, the main drawback of variational free energy based method is that it requires to update by backpropagation the parameters for each unlabeled data submitted as a query. However we know from statistical assumption on the maximum likelihood the posterior and prior distribution of trained weights given the current labeled training set: if and only if we consider trained networks, we know how to build \u03b1 and \u03b2 in a unique iteration without backpropagation. This knowledge helps us to extend Graves first objectives to the use of variational free energy to measure how new observations affect the posterior."
      },
      {
        "heading": "3 COVERING",
        "text": ""
      },
      {
        "heading": "3.1 VARIATIONAL INFERENCE ON NEURAL NETWORK WITH GAUSSIAN POSTERIOR WEIGHT DISTRIBUTION",
        "text": "As done for the majority of neural networks, we measure the error of the weights w by the negative log likelihood on an observed set of annotated data A:\nL(A;w) = \u2212 \u2211\n(x,y)\u2208A\nln(P (y | x,w)) (3)\nWe consider the Maximum Likelihood Estimator (MLE) W as the value which makes the data observed A as likely as possible for a fixed architecture. Note than even for a fixed A in the case of neural network,W may not be unique.\nW = argminwL(A;w) (4)\nWhen assuming that an arbitrary parameterW\u2217 is governing the data generation process, we know that the expected negative log likelihood is lower bounded by the expected negative log likelihood of the true parameterW\u2217 governing the data generation process. What it means is that no distribution describes the data as well as the true distribution that generated it. It turns out that, under certain assumptions, we can prove using the central limit theorem that the MLE is asymptotically normal with a mean equal to the true parameter value and variance equal to the inverse of the expected Fisher information evaluated at the true parameter.\nIf we denote by X the underlying data distribution,WX the MLE andW\u2217X the true parameter, we know thatWX is a sample from a multivariate gaussian distribution parametrized byW\u2217X . Note that in this context we assume the Fisher matrices are invertible.\nWX \u223c N (W\u2217X , I\u22121X (W \u2217 X)) (5)\nHowever the expected Fisher information on the underlying distribution is intractable. Eventually, using the law of large numbers, we know that the observed Fisher information converges to the expected Fisher information as the sample size increases. Another theoretical limitation is that the true parameter is unknown but we can approximate its observed Fisher information with the observed Fisher information at the MLE because of the consistency of the MLE. For a sake of simplicity we keep the same notation for observed and expected Fisher matrix.\nLet denote by Y the random variable after resampling the underlying distribution X using an active learning strategy. W\u2217X,W\u2217Y are the true parameters with respect to their respective data distributions and their respective MLE variablesWX,WY, then the following relations hold:\nWX \u223c N (W\u2217X, I\u22121X (W \u2217 X)) WY \u223c N (W\u2217Y, I\u22121Y (W \u2217 Y))\n(6)\nWe thus notice than in an active learning context, the learner is trained on data uniformly sampled from Y, while the optimal solution would be when training on data uniformly sampled from X.\nThe asymptotic behaviour provides us with a prior distribution of the weights based on the data distribution X. In our context of active learning, we approximate the posterior distribution with the MLE distribution induced by the resampling Y. Hence we define a prior and posterior distribution which did not require to be learnt by backpropagation directly but depend on the two data distribution X and Y.\nP (\u03b1) \u2261 P (\u03b1X) = N (W\u2217X, I\u22121X (W \u2217 X)) Q(\u03b2) \u2261 Q(\u03b2Y) = N (W\u2217Y, I\u22121Y (W \u2217 Y))\n(7)\nOur active learning scheme relies on the selection of input data whose induced MLE distribution Q(\u03b2Y) is minimizing the variational free energy.\nY = argminY F(\u03b1X, \u03b2Y) (8)\nIt consists in the minimization of the sum of two terms which we denote respectively by the training factor EW\u223cQ(\u03b2)(L(A;W)) and the generalization factor KL(Q(\u03b2) || P(\u03b1)). It is possible to analyze both terms independently and explain their role into the minimization:\n\u2022 Training factor: Ideally, the Cramer Rao bound implies that the minimum on the training factor is reached whenQ(\u03b2) matches the asymptotically most efficient estimator of the optimal parameter on the error loss on the observed data. Hence the training factor corresponds to the minimization of the error on the observed data A.\n\u2022 Generalization factor: Empirical results Choromanska et al. (2015) tend to show that the variance of the accuracy diminishes as the depth of the classifier increases. So our ultimate goal would be to converge to any set of parameters of the MLE distribution as their effectiveness is similar. The goal of the generalization factor is to converge to the asymptotic distribution on the whole input distribution X and to minimize the error of prediction of new input data.\nIf the expression of the variational free energy provides us a theoretical context to work on, the usage of Fisher matrices of deep networks renders it computationally unaffordable. Indeed the Fisher matrix is a quadratic matrix in terms of the number of parameters of the deep networks. Because of the huge number of parameters involved, such matrices takes a lot of memory and processing them costs a lot of ressources, especially if the operations may be repeated often in the framework (as it would be the case for every possible query processed by an active learning scheme.)\nThe next section 3.2 explains the different approximation proposed to deduce a more friendly user criterion."
      },
      {
        "heading": "3.2 APPROXIMATIONS",
        "text": ""
      },
      {
        "heading": "3.2.1 KRONECKER FACTORED APPROXIMATION OF THE FISHER INFORMATION",
        "text": "OF A CNN\nRecently an approximation of the Fisher information for deep architectures has been proposed first for fully connected layer in Martens & Grosse (2015), and then for convolutional layer as well in Grosse & Martens (2016). The block kronecker decomposition content (\u03c8, \u03c4 ) is explained in Martens & Grosse (2015); Grosse & Martens (2016)\nBased on their decomposition definition, we define the evaluation of blocks of the Fisher information at a certain point xi(\u03c8xi,l, \u03c4xi,l) and an empirical estimation of the Fisher matrix on a set of data A. A sum up of their decomposition is presented in Eq. (9) while the exact content of the kronecker\nblocks \u03c8 and \u03c4 is left as undescribed in this paper for the sake of concision.\nIA(W) = diag([\u03c8A,l(W)\u2297 \u03c4A,l(W)]Ll=1)\n\u03c8A,l(W) = 1 | A | \u2211 xi\u2208A \u03c8xi,l(W)\n\u03c4A,l(W) = 1 | A | \u2211 xi\u2208A \u03c4xi,l(W)\n(9)\nThe strength of this decomposition lies in the properties of block diagonal combined with those of the kronecker product. \u03c8 and \u03c4 are respectively related to the covariance matrix of the activation and the covariance of the derivative given the input of a layer. Recent deep architectures tend to prevail the depth over the width (i.e. the number of input and output neurons) so this expression becomes really suitable and tractable."
      },
      {
        "heading": "3.3 APPROXIMATION OF THE TRAINING FACTOR",
        "text": "Despite the block kronecker product approximation of the Fisher matrix, sampling on Q(\u03b2) requires to compute the inverse. Because the kronecker blocks may still have an important number of parameters involved (especially the first fully connected layer suceeding to a convolutional layer), the inverse of the blocks may be still too computationally expensive. To approximate the training factor, we opt for a second order approximation of the log likelihood for parametersW close to the mean parameterW\u2217Y of Q(\u03b2).\nL(A;W) \u2248 L(A;W\u2217Y) + \u2202L(A;W\u2217Y)\n\u2202W + (W \u2212W\u2217Y)T \u22022L(A;W\u2217Y) \u2202W \u2032\u2202W (W \u2212W\u2217Y) (10)\nOur first approximation consists in assuming that the MLE parameter w\u0302 of the currently trained network is a good approximator ofW\u2217Y. Because the network has converged on the current set of observed data A the first derivative of the log likelihood is also set to zero. Hence Eq. (10) thus becomes:\nL(A;W) \u2248 L(A; w\u0302) + (W \u2212 w\u0302)T I\u22121A (w\u0302)(W \u2212 w\u0302) (11)\nTo compute the expectation over the range of weights sampled fromQ(\u03b2) we need to upperbound the expectation of the dot product ofW given the Fisher matrix. Because we assume our Fisher matrices invertible, and because a covariance matrix is at least semi-definite, our Fisher matrices are positive definite matrix. Hence every eigenvalue is positive and the trace of the Fisher matrix is greater than its maximum eigenvalue. From basic properties of the variance covariance matrix, if we denote by N the number of parameters in the network we obtain the following upperbound for the training factor:\nEW\u223cQ(\u03b2)(L(A;W)) \u2264 L(A; w\u0302) + N\u221a \u03c0 Tr(I\u22121Y (w\u0302) T I\u22121A (w\u0302)I \u22121 Y (w\u0302)) (12)\nWhen it comes to the trace of the inverse, we approximate it by the closest lower bound with the inverse of the trace like in Wei et al. (2015).\nEW\u223cQ(\u03b2)(L(A;W)) \u221d\u223c L(A; w\u0302) + N\u221a \u03c0\nN2\nTr(IY(w\u0302)IA(w\u0302)IY(w\u0302)T ) (13)"
      },
      {
        "heading": "3.4 APPROXIMATION OF THE GENERALIZATION FACTOR",
        "text": "Our generalization factor corresponds to the KL divergence between the approximation of our posterior Q(\u03b2) and the prior P(\u03b1). Because both distributions are multivariate gaussians, we have a direct formulation of the KL which is always definite since the Fisher matrices are invertible:\nKL(Q(\u03b2) || P(\u03b1)) = 1 2\n( ln ( det(I\u22121X (W\u2217X)) det(I\u22121Y (W\u2217Y)) ) \u2212N+Tr(IX(W\u2217X)I\u22121Y (W \u2217 Y))+(W\u2217X\u2212W\u2217Y)T IX(W\u2217X)(W\u2217X\u2212W\u2217Y) ) (14)\nOur first approximation consists in assuming that the MLE parameter w\u0302 of the currently trained network is a good approximator of both optimal parametersW\u2217X,W\u2217Y like in Zhang & Oles (2000). We also upper bound the determinant with a function of the trace and the number N of parameters. When it comes to the trace of the inverse, we approximate it again by the closest lower bound with the inverse of the trace.\nKL(Q(\u03b2) || P(\u03b1)) \u221d\u223c N\n( ln ( Tr(IY(w\u0302)I\u22121X (w\u0302)) ) +\nN\nTr(IY(w\u0302)I\u22121X (w\u0302))\n) (15)"
      },
      {
        "heading": "3.5 APPROXIMATION OF THE VARIATIONAL FREE ENERGY",
        "text": "In the previous subsections, we proposed independent approximations of both our sub-criteria: the training factor and the generalization factor. However the scale of our approximations may not be balanced so we sum up our criterion with an hyperparameter factor \u03b3 which counterparts the difference of scale between the factors:\nF \u221d\u223c \u03b3 ( N\u221a \u03c0\nN2\nTr(IY(w\u0302)IA(w\u0302)IY(w\u0302)T )\n) +N ( ln ( Tr ( IY(w\u0302)I\u22121X (w\u0302) )) +\nN\nTr(IY(w\u0302)I\u22121X (w\u0302)) ) (16)\nWe approximate the expected Fisher matrices on the underlying distribution Y and X by the observed Fisher matrices on a set of data sampled from those distributions. This approximation is relevant due to the consistenty of the MLE.\nAs we are in a pool-based selection case, we dispose at first of two sets of data: A and U which denote respectively the annotated observed data and unlabeled data. Note that the derivatives in the Fisher matrix computation implies to know the label of the samples. Thus at each active learning step, an unknown label is approximated by its prediction from the current trained network. We denote by S the subset of data to be queried by an oracle. The size of S is fixed with | S |= K. S is the subset sampled from Y while U is sampled from X. Finally an approximation of F will be:\nF \u221d\u223c \u03b3 ( N\u221a \u03c0\nN2\nTr(IS(w\u0302)IA(w\u0302)IS(w\u0302)T )\n) +N ( ln ( Tr ( IS(w\u0302)I\u22121U (w\u0302) )) +\nN\nTr(IS(w\u0302)I\u22121U (w\u0302)) ) (17)\nNow we express the trace based on the approximation of the Fisher matrix: we consider that every Fisher matrix for CNN is a L diagonal block matrix, with L the number of layers of the CNN. Every block is made of a kronecker product of two terms \u03c8 and \u03c4 . We rely on the properties involved by the choice of this specific matrix topology to obtain a more computationally compliant approximation of F in Eq. (18):\nF \u221d\u223c\u03b3 ( N\u221a \u03c0 N2\u2211 l\u2208(1,L) Tr(\u03c8S,l(w\u0302)\u03c8 \u22121 A,l(w\u0302)\u03c8S,l(w\u0302) T )Tr(\u03c4S,l(w\u0302)\u03c4 \u22121 A,l(w\u0302)\u03c4S,l(w\u0302) T ) )\n+N ( ln ( \u2211 l\u2208(1,L) Tr ( \u03c8S,l(w\u0302)\u03c8 \u22121 U,l(w\u0302) ) Tr(\u03c4S,l(w\u0302)\u03c4 \u22121 U,l (w\u0302)) )\n+ N\u2211\nl\u2208(1,L) Tr(\u03c8S,l(w\u0302)\u03c8 \u22121 U,l(w\u0302))Tr(\u03c4S,l(w\u0302)\u03c4 \u22121 U,l (w\u0302))\n) (18)"
      },
      {
        "heading": "4 ACTIVE LEARNING AS A GREEDY SELECTION SCHEME ON THE VARIATIATIONAL FREE ENERGY",
        "text": "The selected subset S selected at one step of active learning is only involved through the kronecker product of the Fisher matrix IS(w\u0302). We express our approximation of the free energy by a criterion\non the subset S in Eq. (19): C(S;A,U) =\u03b3 ( N\u221a \u03c0 N2\u2211 l\u2208(1,L) Tr(\u03c8S,l(w\u0302)\u03c8A,l(w\u0302)\u03c8S,l(w\u0302) T )Tr(\u03c4S,l(w\u0302)\u03c4A,l(w\u0302)\u03c4S,l(w\u0302)T ) )\n+N ( ln ( \u2211 l\u2208(1,L) Tr(\u03c8S,l(w\u0302)\u03c8 \u22121 U,l(w\u0302))Tr(\u03c4S,l(w\u0302)\u03c4 \u22121 U,l (w\u0302)) )\n+ N\u2211\nl\u2208(1,L) Tr(\u03c8S,l(w\u0302)\u03c8 \u22121 U,l(w\u0302))Tr(\u03c4S,l(w\u0302)\u03c4 \u22121 U,l (w\u0302)) ) (19)\nFinally we estimate our subset S by a greedy procedure: to be more robust to outliers and for reasons of computational efficiency, we select first a pool of samples D \u2282 U which we will use as the set of possible queries. We recursively build S \u2282 D by picking the next sample xi \u2208 D which minimizes C(S \u222a {xi};A,U) among all remaining samples in D. When it comes to the training factor coefficient, we notice that it is a quadratic term in IS(w\u0302) which increases the complexity in a greedy selection scheme. Our choice is to estimate the trace in the following way:\nTr(\u03c8S\u222a{x},l(w\u0302)\u03c8A,l(w\u0302)\u03c8S\u222a{x},l(w\u0302) T ) \u2248 Tr(\u03c8S,l(w\u0302)\u03c8A,l(w\u0302)\u03c8S,l(w\u0302)T )+Tr(\u03c8{x},l(w\u0302)\u03c8A,l(w\u0302)\u03c8{x},l(w\u0302)T )\nPseudo-code and illustration of the algorithm are provided in table 1 in appendix."
      },
      {
        "heading": "5 EXPERIMENTS",
        "text": "We demonstrate the validity of our approach on two datasets: MNIST (28-by-28 pictures, 50.000 training samples, 10.0000 validation samples and 10.000 test samples) and USPS (16-by-16 pictures, 4185 training samples, 464 validation samples and 4649 testing samples) both gray scaled digits image datasets. We describe the CNN configuration and the hyperparameters settings in table 2 in appendix. Note that we do not optimize the hyperparameters specifically for the size of the current annotated training set A. We picked those two similar datasets to judge of the robustness of our method against different size of unlabeled datasets, as expected our method is efficient on both small and large databases."
      },
      {
        "heading": "5.1 TEST ERROR",
        "text": "We run 10 runs of experiments and average the error on the test set of the best validation error before a pass of active learning. We start from an annotated training set of the size of one minibatch selected randomly. We stop both set of experiments after 30% of the training set has been selected (15.000 image for MNIST, 1255 for USPS). We compare the lowest test error achieved so far by our MLE based method against naive baselines: uncertainty sampling, curriculum sampling and a random selection of a minibatch of examples. We measure both uncertainty and curriculum scores based on the log likelihood of a sample using as label its prediction on the full network. While uncertainty selects samples with the highest log likelihood, our version of curriculum does the exact contrary. We select randomly the set of possible queries D among the unlabeled training data. Its size is set to 30 times the minibatch size. We present the results in two phases for the sake of clarity in figure 1 for MNIST and figure 2 for USPS: the first rounds of active learning when the annotated training set is almost empty, and the second round which is more stable in the evolution of the error. In both phases and for both databases we observe a clear difference between the test error achieved by our MLE method with the test error obtained by selecting randomly the data to be queried. Moreover the error achieved by our method on 30 % is close (even equivalent in the case of USPS), to the error achieved using the standard full training sets defined for both datasets (this error rate is defined as yellow line groundtruth on the figures). The experiments made appear that curriculum learning is not a good active learning strategy for both tested datasets. As for the uncertainty selection, it works really well on MNIST while it fails on USPS. While MNIST is a pretty clean database, USPS contains more outliers and noisy samples rendering it more difficult in terms of accuracy even though both databases are designed to assess digit classification. As other works we mentioned in the related work section, we are led to explain uncertainty selection to select useless samples with the amount of outliers and noisy samples in USPS."
      },
      {
        "heading": "5.2 TIME COMPLEXITY",
        "text": "To validate our method in terms of scalability and time complexity, we measured in seconds, the current processor time for one pass of active learning. We repeated this evaluation for different size of query (8 to 128 unlabeled samples added to the currrent training set). For this experiments we used a laptop with a Titan-X (GTX 980 M) with 8 GB RAM GPU memory. Metrics were reported in figure 3. Our criterions takes few seconds to select a batch of query of hundreds of unlabeled data. Moreover the evolution of the time given the size of the query is less than linear.\nPage 1\n9"
      },
      {
        "heading": "6 DISCUSSION",
        "text": "We believe our method is a proof of concept for the use of variational inference for active learning on deep neural networks. However our approximations are subject to improvements which may lead to faster convergence and lower generalization error.\nThe first point to raise is that our approximation of the posterior is an asymptotic distribution which may be unstable on a small subset of observed data, as it is the case for active learning. Such a distribution may be regularized by taking the probability provided by the central limit theorem about how well our data fits to the asymptotic gaussian distribution. When it comes to the KFAC approximation, it suffers from the same issue and could be regularized when evaluating on small subset. A refinement of the approximations, especially for the generalization factor, following the approaches of submodular functions may be investigated.\nFinally, an interesting observation is that our formulation of the variational free energy finds similarities with other MLE based active learning criteria previously proposed in the litterature. Indeed, in Zhang & Oles (2000) the authors study active learning by looking among the possible resampling of the input distribution. They formulate their criterion as the minimization of the trace of the inverse Fisher of the resampled distribution multiplied by the Fisher matrix on the input distribution: minS Tr(I\u22121S (w\u0302)IU (w\u0302))"
      },
      {
        "heading": "7 CONCLUSION",
        "text": "In a nutshell, we proposed a scalable batch active learning framework for deep networks relying on a variational approximation to perform bayesian inference. We deduced a formulation of the posterior and prior distributions of the weights using statistical knowledge on the Maximum Likelihood Estimator. Those assumptions combined with an existing approximation of the Fisher information for neural network, lead us to a backpropagation free active criterion. Eventually we used our own approximations to obtain a greedy active selection scheme.\nOur criterion is the first of the kind to scale batch active learning to deep networks, especially Convolutional Neural Networks. On different databases, it achieves better test accuracy than random sampling, and is scalable with increasing size of queries. It achieves near optimal error on the test set using a limited percentage (30%) of the annotated training set on larger and more reduced dataset. Our works demonstrated the validity of batch mode active learning for deep networks and the promise of the KFAC approximations for deep Fisher matrices for the active learning community. Such a solution is also interesting as a new technique for curriculum learning approach."
      }
    ],
    "references": [
      {
        "title": "The loss surfaces of multilayer networks",
        "author": [
          "Choromanska",
          "Anna",
          "Henaff",
          "Mikael",
          "Mathieu",
          "Michael",
          "Arous",
          "G\u00e9rard Ben",
          "LeCun",
          "Yann"
        ],
        "venue": "In AISTATS,",
        "citeRegEx": "Choromanska et al\\.,? \\Q2015\\E",
        "shortCiteRegEx": "Choromanska et al\\.",
        "year": 2015
      },
      {
        "title": "Neural network exploration using optimal experiment design",
        "author": [
          "Cohn",
          "David A"
        ],
        "venue": null,
        "citeRegEx": "Cohn and A.,? \\Q1994\\E",
        "shortCiteRegEx": "Cohn and A.",
        "year": 1994
      },
      {
        "title": "Near-optimal bayesian active learning with noisy observations",
        "author": [
          "Golovin",
          "Daniel",
          "Krause",
          "Andreas",
          "Ray",
          "Debajyoti"
        ],
        "venue": "In Advances in Neural Information Processing Systems,",
        "citeRegEx": "Golovin et al\\.,? \\Q2010\\E",
        "shortCiteRegEx": "Golovin et al\\.",
        "year": 2010
      },
      {
        "title": "Explaining and Harnessing Adversarial Examples",
        "author": [
          "I.J. Goodfellow",
          "J. Shlens",
          "C. Szegedy"
        ],
        "venue": "ICLR 2015,",
        "citeRegEx": "Goodfellow et al\\.,? \\Q2015\\E",
        "shortCiteRegEx": "Goodfellow et al\\.",
        "year": 2015
      },
      {
        "title": "Practical variational inference for neural networks",
        "author": [
          "Graves",
          "Alex"
        ],
        "venue": "In Proceedings of the 24th International Conference on Neural Information Processing Systems,",
        "citeRegEx": "Graves and Alex.,? \\Q2011\\E",
        "shortCiteRegEx": "Graves and Alex.",
        "year": 2011
      },
      {
        "title": "A kronecker-factored approximate fisher matrix for convolution layers",
        "author": [
          "Grosse",
          "Roger",
          "Martens",
          "James"
        ],
        "venue": "arXiv preprint arXiv:1602.01407,",
        "citeRegEx": "Grosse et al\\.,? \\Q2016\\E",
        "shortCiteRegEx": "Grosse et al\\.",
        "year": 2016
      },
      {
        "title": "Batch mode active learning and its application to medical image classification",
        "author": [
          "Hoi",
          "Steven C. H",
          "Jin",
          "Rong",
          "Zhu",
          "Jianke",
          "Lyu",
          "Michael R"
        ],
        "venue": "ICML \u201906,",
        "citeRegEx": "Hoi et al\\.,? \\Q2006\\E",
        "shortCiteRegEx": "Hoi et al\\.",
        "year": 2006
      },
      {
        "title": "Optimizing neural networks with kronecker-factored approximate curvature",
        "author": [
          "Martens",
          "James",
          "Grosse",
          "Roger"
        ],
        "venue": "arXiv preprint arXiv:1503.05671,",
        "citeRegEx": "Martens et al\\.,? \\Q2015\\E",
        "shortCiteRegEx": "Martens et al\\.",
        "year": 2015
      },
      {
        "title": "Active Learning, volume 6 of Synthesis Lectures on Artificial Intelligence and Machine Learning",
        "author": [
          "Settles",
          "Burr"
        ],
        "venue": null,
        "citeRegEx": "Settles and Burr.,? \\Q2012\\E",
        "shortCiteRegEx": "Settles and Burr.",
        "year": 2012
      },
      {
        "title": "Intriguing properties of neural networks",
        "author": [
          "Szegedy",
          "Christian",
          "Zaremba",
          "Wojciech",
          "Sutskever",
          "Ilya",
          "Bruna",
          "Joan",
          "Erhan",
          "Dumitru",
          "Goodfellow",
          "Ian",
          "Fergus",
          "Rob"
        ],
        "venue": "In International Conference on Learning Representations,",
        "citeRegEx": "Szegedy et al\\.,? \\Q2014\\E",
        "shortCiteRegEx": "Szegedy et al\\.",
        "year": 2014
      },
      {
        "title": "Matrix Approximation for Large-scale Learning",
        "author": [
          "Talwalkar",
          "Ameet"
        ],
        "venue": "PhD thesis,",
        "citeRegEx": "Talwalkar and Ameet.,? \\Q2010\\E",
        "shortCiteRegEx": "Talwalkar and Ameet.",
        "year": 2010
      },
      {
        "title": "Submodularity in data subset selection and active learning",
        "author": [
          "Wei",
          "Kai",
          "Iyer",
          "Rishabh",
          "Bilmes",
          "Jeff"
        ],
        "venue": "In International Conference on Machine Learning,",
        "citeRegEx": "Wei et al\\.,? \\Q1954\\E",
        "shortCiteRegEx": "Wei et al\\.",
        "year": 1954
      },
      {
        "title": "The value of unlabeled data for classification problems",
        "author": [
          "Zhang",
          "Tong",
          "F. Oles"
        ],
        "venue": "In Proceedings of the Seventeenth International Conference on Machine Learning,(Langley, P.,",
        "citeRegEx": "Zhang et al\\.,? \\Q2000\\E",
        "shortCiteRegEx": "Zhang et al\\.",
        "year": 2000
      },
      {
        "title": "Active deep networks for semi-supervised sentiment classification",
        "author": [
          "Zhou",
          "Shusen",
          "Chen",
          "Qingcai",
          "Wang",
          "Xiaolong"
        ],
        "venue": "In ACL International Conference on Computational Linguistics,",
        "citeRegEx": "Zhou et al\\.,? \\Q2010\\E",
        "shortCiteRegEx": "Zhou et al\\.",
        "year": 2010
      }
    ],
    "referenceMentions": [
      {
        "referenceID": 11,
        "context": "Thanks to its low cost and easy setup, uncertainty has been adapted to deep architectures for sentiment classification Zhou et al. (2010). However, deep architectures are subject to adversarial examples, a type of noise we suspect uncertainty selection to be highly sensitive to Szegedy et al.",
        "startOffset": 119,
        "endOffset": 138
      },
      {
        "referenceID": 8,
        "context": "However, deep architectures are subject to adversarial examples, a type of noise we suspect uncertainty selection to be highly sensitive to Szegedy et al. (2014); Goodfellow et al.",
        "startOffset": 140,
        "endOffset": 162
      },
      {
        "referenceID": 3,
        "context": "(2014); Goodfellow et al. (2015). Other strategies (expected error reduction, expected output variance reduction) directly minimize the",
        "startOffset": 8,
        "endOffset": 33
      },
      {
        "referenceID": 10,
        "context": "A simple strategy (whose has also been used for previous deep active learning strategy Zhou et al. (2010)) is to select a batch of top scoring instances.",
        "startOffset": 87,
        "endOffset": 106
      },
      {
        "referenceID": 5,
        "context": "The minimization of the initial KL divergence becomes then a problem of submodular maximization Hoi et al. (2006). In Wei et al.",
        "startOffset": 96,
        "endOffset": 114
      },
      {
        "referenceID": 5,
        "context": "The minimization of the initial KL divergence becomes then a problem of submodular maximization Hoi et al. (2006). In Wei et al. (2015), Wei et al have designed several submodular functions so as to answer at best the need of specific classifiers (Naive Bayes Classifiers, Logistic Regression Classifier, Nearest Neighbor Classifier).",
        "startOffset": 96,
        "endOffset": 136
      },
      {
        "referenceID": 2,
        "context": "When it comes to active learning, the learner needs not only to estimate the posterior given the observed data A but also to consider the impact of new data on that posterior Golovin et al. (2010). In our context, bayesian inference is intractable, partially due to the high number of weights involved in a deep network.",
        "startOffset": 175,
        "endOffset": 197
      },
      {
        "referenceID": 2,
        "context": "When it comes to active learning, the learner needs not only to estimate the posterior given the observed data A but also to consider the impact of new data on that posterior Golovin et al. (2010). In our context, bayesian inference is intractable, partially due to the high number of weights involved in a deep network. To solve this issue, Graves (2011) introduced a variational approximation to perform bayesian inference on neural networks.",
        "startOffset": 175,
        "endOffset": 356
      },
      {
        "referenceID": 0,
        "context": "\u2022 Generalization factor: Empirical results Choromanska et al. (2015) tend to show that the variance of the accuracy diminishes as the depth of the classifier increases.",
        "startOffset": 43,
        "endOffset": 69
      },
      {
        "referenceID": 11,
        "context": "When it comes to the trace of the inverse, we approximate it by the closest lower bound with the inverse of the trace like in Wei et al. (2015).",
        "startOffset": 126,
        "endOffset": 144
      }
    ],
    "year": 2017,
    "abstractText": "One main concern of the deep learning community is to increase the capacity of representation of deep networks by increasing their depth. This requires to scale up the size of the training database accordingly. Indeed a major intuition lies in the fact that the depth of the network and the size of the training set are strongly correlated. However recent works tend to show that deep learning may be handled with smaller dataset as long as the training samples are carefully selected (let us mention for instance curriculum learning). In this context we introduce a scalable and efficient active learning method that can be applied to most neural networks, especially Convolutional Neural Networks (CNN). To the best of our knowledge, this paper is the first of its kind to design an active learning selection scheme based on a variational inference for neural networks. We also deduced a formulation of the posterior and prior distributions of the weights using statistical knowledge on the Maximum Likelihood Estimator. We describe our strategy to come up with our active learning criterion. We assess its consistency by checking the accuracy obtained by successive active learning steps on two benchmark datasets MNIST and USPS. We also demonstrate its scalability towards increasing training set size.",
    "creator": "LaTeX with hyperref package"
  }
}