{
  "year": 2017,
  "abstract": "Text classification in general is a well studied area. However, classifying short and noisy text remains challenging. Feature sparsity is a major issue. The quality of document representation here has a great impact on the classification accuracy. Existing methods represent text using bag-of-word model, with TFIDF or other weighting schemes. Recently word embedding and even document embedding are proposed to represent text. The purpose is to capture features at both word level and sentence level. However, the character level information are usually ignored. In this paper, we take word morphology and word semantic meaning into consideration, which are represented by character-aware embedding and word distributed embedding. By concatenating both character-level and word distributed embedding together and arranging words in order, a sentence representation matrix could be obtained. To overcome data sparsity problem of short text, sentence representation vector is then derived based on different views from sentence representation matrix. The various views contributes to the construction of an enriched sentence embedding. We employ a residual network on the sentence embedding to get a consistent and refined sentence representation. Evaluated on a few short text datasets, our model outperforms state-of-the-art models.",
  "score": 4,
  "verdict": "Reject",
  "reviews": [
    {
      "title": "R1",
      "comments": "\nA paper that needs more work\nThis paper proposes a character-aware attention residual network for sentence embedding. Several text classification tasks are used to evaluate the effectiveness of the proposed model. On two of the three tasks, the residual network outforms a few baselines, but couldn't beat the simple TFIDF-SVM on the last one.\n\nThis work is not novel enough. Character information has been applied in many previously published work, as cited by the authors. Residual network is also not new.\n\nWhy not testing the model on a few more widely used datasets for short text classification, such as TREC? More competitive baselines can be compared to. Also, it's not clear how the \"Question\" dataset was created and which domain it is.\n\nLast, it is surprising that the format of citations throughout the paper is all wrong. \n\nFor example:\nlike Word2Vec Mikolov et al. (2013)\n->\nlike Word2Vec (Mikolov et al., 2013)\n\nThe citations can't just mix with the normal text. Please refer to other published papers.",
      "recommendation": 4
    },
    {
      "title": "R2",
      "comments": "\nNeed more explanation about network architecture\nThis paper proposes a new neural network model for sentence representation. This new model is inspired by the success of residual network in Computer Vision and some observation of word morphology in Natural Language Processing. Although this paper shows that this new model could give the best results on several datasets, it lacks a strong evidence/intuition/motivation to support the network architecture.\n\nTo be specific:\n\n- I was confused by the contribution of this paper: character-aware word embedding or residual network or both?\n- The claim of using residual network in section 3.3 seems pretty thin, since it ignores some fundamental difference between image representation and sentence representation. Even though the results show that adding residual network could help, I was still not be convinced. Is there any explanation about what is captured in the residual component from the perspective of sentence modeling?\n- This paper combines several components in the classification framework, including character-aware model for word embedding, residual network and attention weight in Type 1 feature. I would like to see the contribution from each of them to the final performance, while in Table 3 I only saw one of them. Is it possible to add more results on the ablation test?\n- In equation (5), what is the meaning of $i$ in $G_i$?\n- The citation format is impropriate\n",
      "recommendation": 4
    },
    {
      "title": "R3",
      "comments": "\nReview\nThis paper proposes a new model for sentence classification. \n\nPros:\n- Some interesting architecture choices in the network.\n\nCons:\n- No evaluation of the architecture choices. An ablation study is critical here to understand what is important and what is not.\n- No evaluation on standard datasets. On the only pre-existing dataset evaluated on a simple TFIDF-SVM method is state-of-the-art, so results are unconvincing.",
      "recommendation": 4
    },
    {
      "title": "R4",
      "comments": ""
    }
  ]
}