{
  "name": "569.pdf",
  "metadata": {
    "source": "CRF",
    "title": "ATTENTIVE RECURRENT COMPARATORS",
    "authors": [
      "Pranav Shyam"
    ],
    "emails": [
      "pranavm.cs13@rvce.edu.in,",
      "ad@csa.iisc.ernet.in"
    ],
    "sections": [
      {
        "heading": "1 INTRODUCTION",
        "text": "Advancing Deep Learning systems to solve Artificial Intelligence tasks requires that models be capable of performing continual meta-learning[ (Lake et al., 2016), (Schaul & Schmidhuber, 2010)]. But top-down hierarchical designs of models (Santoro et al., 2016) to perform such tasks are not very successful on real world data and there are many reasons for this. First, most datasets are generally not designed with such higher order tasks in mind, thus researchers either work with synthetic data or fabricate higher level tasks based on traditional datasets - both of which constrain their utility. Second, hierarchical or meta models suffer from reduced supervision during training due to their inherent design. Third, with our experiments we found that the foundational architectures like Memory Augmented Neural Networks are still in their infancy and not ripe enough to be utilized in complex hierarchical systems. Therefore, in this paper, we present an alternative way of bridging this gap by building models in a bottom-up fashion. Comparing two or more inputs and estimating their similarity is a primal task using which more sophisticated models can be designed - an idea that has been well exploited in traditional Machine Learning for long (Bellet et al., 2013). Using the modern developments of attention mechanisms and by combining it with recurrent neural networks, we first built better comparators called Attentive Recurrent Comparators (ARCs) 1. Using ARCs as a foundational element, we were then able to build more complex models and achieve qualitatively better results on tasks like one-shot learning. Thus, this work is proof of concept for the bottom-up design approach that can be applied to almost any dataset.\nWhen a person is asked to compare two objects and estimate their similarity, the person does so by repeatedly looking back and forth between the two objects. With each glimpse of an object, a specific observation is made. These observations made in both objects are then cumulatively used to come to a conclusion about their similarity. A crucial characteristic of this process is that new observations are made conditioned on the previous context that has been investigated so far by the observer. The observation and it\u2019s contextual location are based on intermediate deductions. These intermediate deductions are themselves based on the observations made so far in the two objects.\n\u2217Other Affiliation: Student at R V College of Engineering, Bengaluru 1Code available at https://github.com/pranv/ARC\nA series of such guided observations and the entailing inferences are accumulated and finally the judgement on similarity is made.\nIn stark contrast to this, current similarity estimating systems in Deep Learning are analogues of the Siamese similarity learning system (Bromley et al., 1993). In this system, a fixed set of features is detected in both the objects. Detection of features is independent of the features present in the other object. The two objects are compared based on the mutual agreement in the detected features. More concretely, comparison between two objects in this system consists of measuring the distance between their vector embeddings. A neural network defines the mapping from the object to the corresponding embedding vector in target space. This neural network is trained to extract the most salient features from the object for the specific task in hand.\nThere is major underlying difference between the human approach discussed above and the siamese approach to the problem. In the human way, the information from the two objects is fused from the very beginning and this combined information primes the subsequent steps in comparison. There are multiple lookups on each of the objects and each of these lookups are conditioned on the observations of both the objects so far. In the siamese way, when the embeddings in the target space are compared the information fuses mostly at an abstract level and only in the last stage.\nWe were interested to see the utility of the human way of comparing objects. For this, we used the modern tools of attention and recurrence to build an end-to-end differentiable model that can learn to compare objects called Attentive Recurrent Comparators (ARCs). ARCs judge similarity of objects similar to the way people do as discussed above.\nWe tested ARCs across many visual tasks and compared it against strong baselines of prevalent methods. ARCs which did not use any convolutions showed superior performance compared to Deep Convolutional Siamese Neural Networks on challenging tasks. Though Dense ARCs are as capable as ConvNets, a combination of both ARCs and convolutions produces more superior models (hereafter referred to as ConvARCs), capable of better generalization and performance. In the task of estimating the similarity of two characters from the Omniglot dataset for example, ARCs and Deep Convnets both achieve about 93.4% accuracy, whereas ConvARCs achieve 96.10% accuracy.\nFurther, as discussed above, similarity estimation is a generic and a primal task in many other higherlevel cognitive tasks. Evaluating our model on these higher-level tasks also lets us explore the generalisation capacity of ARCs. In this work, we study the performance of models designed to perform One Shot Learning with ARCs as building blocks. On the Omniglot one-shot classification task, our model achieved 98.5% accuracy significantly surpassing the current state of the art set by Deep Learning methods or other systems.\nFundamentally, the performance of ARCs shows the value of early fusion of information across the entire context of the task. Further, it also strengthens the view that attention and recurrence together can be as good as convolutions in some cases."
      },
      {
        "heading": "2 ATTENTIVE RECURRENT COMPARATORS",
        "text": "The ARC model can be directly derived by distilling the vital aspects from the human way discussed in Section 1. In the following paragraphs we describe the ARC model for the binary image case - where there are two images whose similarity has to be judged. It is trivial to generalise it to more objects or other modalities. See Figure 1 for a visual depiction of the model.\nThe model operates on given two images over the span of an episode. The images are given at the beginning of the episode and the ARC is expected to emit a token of similarity at the end of this episode. Given two images {xa, xb}, the model repeatedly cycles through the both, attending to only one image at one time step. Thus the sequence of presentations is xa, xb, xa, xb, ... and so on for a finite number of presentations of each image. An episode is nothing more than a collection of time-steps, with an action being taken in each time-step.\nFor time step t the input image presented is given by:"
      },
      {
        "heading": "It \u2190\u2212 xa if t % 2 is 0 else xb",
        "text": "The model functionally consists of a recurrent core and an attention mechanism. During the span of the episode, the model iteratively focuses its attention on the current input. At each time step of the episode, the model attends to only one input, but over the course of many time steps it would have observed many aspects of all the inputs. The observations are made by the model at each time step by directing its attention to a region of interest in each input. Since the core of the model is a recurrent neural network, this round robin like cyclic presentation of inputs allows for early fusion of information from all the inputs. This makes the model aware of the context in which it is operating. Consequently, this provides feedback to the attention mechanism to attend on the relevant and crucial parts of each sample considering the context of all the inputs and observations made so far.\nIf there are n inputs and we allow for g glimpses of each input, then the episode length L is ng. The hidden state of the RNN controller at the final time step hL can be then used for subsequent processing.\nThe attention mechanism focuses on a specific region of the image It to get the glimpse Gt.\nGt \u2190\u2212 attend(It,\u2126t) \u2126t = Wght\u22121\nattend(.) is the attention mechanism described in the sub section below, that acts on image It. \u2126t are the attention glimpse parameters which specify the location and size of the attention window. At each step, we use the previous hidden state of the RNN core ht\u22121 to compute \u2126t. Wg is the projection matrix that maps the hidden state to the required number of attention parameters.\nNext, both the glimpse and previous hidden state are combined to form the next hidden state.\nht \u2190\u2212 RNN(Gt, ht\u22121)\nRNN(.) is the update function for the recurrent core being used. This could be simple RNN or an LSTM.\nThe above 4 equations describe the Binary ARC. We arrived at the iterative cycling of input paradigm after trying out many approaches to attend to multiple images at once. Iterative cycling turned out to\nbe more computationally efficient, scalable and statistically more consistent than other approaches we tested. Note that It for some t alternates between xa and xb, while the rest of the equations are exactly the same for all time steps."
      },
      {
        "heading": "2.1 ATTENTION MECHANISM",
        "text": "The attention mechanism is based on DRAW (Gregor et al., 2015), zoomable and differentiable. The attention window is defined by an N \u00d7N 2D grid of Cauchy kernels. We found that the heavy tail of the Cauchy curve to aids in alleviating some of the vanishing gradient issues and it sped up training.\nThe grid\u2019s location and size is defined based on the glimpse parameters. The N \u00d7N grid of kernels is placed at (x, y) on the S \u00d7 S image, with the central Cauchy kernel being located at (x, y). The distance between two Cauchy kernals either in the vertical or horizontal direction is \u03b4. In other words, the elemental square of the 2D grid is \u03b4\u00d7\u03b4 in size. The glimpse parameter set \u2126t is unpacked to get \u2126t \u2192 (x\u0302, y\u0302, \u03b4\u0302). x, y and \u03b4 are computed from x\u0302, y\u0302 and,\u03b4\u0302 using the following transforms:\nx = (S \u2212 1) (x\u0302+ 1) 2\ny = (S \u2212 1) (y\u0302 + 1) 2\n\u03b4 = S\nN (1\u2212 |\u03b4\u0302|) \u03b3 = e1\u22122|\u03b4\u0302|\nThe location of a ith row, jth column\u2019s Cauchy kernel in terms of the pixel coordinates of the image is given by:\n\u00b5iX = x+ (i\u2212 (N + 1)/2) \u03b4 and \u00b5 j Y = y + (j \u2212 (N + 1)/2) \u03b4\nThe horizontal and vertical filterbank matrices are then calculated as:\nFX [i, a] = 1\nZX\n{ \u03c0\u03b3 [ 1 + ( a\u2212 \u00b5iX \u03b3 )2]}\u22121 and FY [j, b] = 1\nZY\n\u03c0\u03b3 1 +(b\u2212 \u00b5jY \u03b3 )2 \u22121\nZX and ZY are normalization constants such that they make \u03a3aFX [i, a] = 1 and \u03a3bFX [j, b] = 1\nFinal result of the attending to the image is given by:\nattend(It,\u2126t) = FY ItF T X\nattend thus gets an N \u00d7N patch of the image, which is flattened and used in the model."
      },
      {
        "heading": "2.2 USE OF CONVOLUTIONS",
        "text": "As seen in the experimental section below, while simple attention over raw images performs as well as Deep ResNets, we found large improvements by using Convolutional feature extractors. Applying several layers of Convolution produces a 3D solid of activations (or a stack of 2D feature maps). Attention over this corresponds to applying the same 2D attention over the entire depth of the 3D feature map and outputting the flattened glimpse."
      },
      {
        "heading": "3 PRACTICAL EXPERIMENTS AND ANALYSIS",
        "text": "Understanding the empirical functioning of an ARC and identifying factors affecting its performance requires both qualitative and quantitative studies. Qualitative analysis tells us what the model is doing when it is comparing 2 images and how this relates to human ways of comparison. Quantitative analysis shows the variations in performance when certain aspects of the model are changed and thus provide an estimate of their importance. For the analysis presented below, we use the simple ARC model (without convolutions) described in Section 2 above trained for the verification task on the Omniglot dataset. Data samples in the Omniglot dataset have an understandable structure with characters being composed of simple strokes drawn on a clean canvas. The dataset is also very diverse, which allows us to study various characteristics of our model under a wide range of conditions. Since our main result in the paper is also on the Omniglot dataset (Sections 4 and 5), we train\nthe ARC on this same dataset for this analysis to get an insight into the type of performance gains brought about by this architecture.\nThe verification task is a binary classification problem wherein the model is trained to predict whether the 2 drawings of characters provided belong to the same character or not (see Section 4 for more details). The final hidden state of the RNN Controller hL is given to a single logistic neuron to estimate the probability of similarity. The whole setup is trained end to end with back-propagation and SGD. The particular model under consideration had an LSTM controller (Hochreiter & Schmidhuber, 1997) with forget gates (Gers et al., 2000). The number of glimpses per image was fixed to 8, thus the total number of recurrent steps being 16. 32 \u00d7 32 greyscale images of characters were used and the attention glimpse resolution is 4\u00d7 4."
      },
      {
        "heading": "3.1 QUALITATIVE ANALYSIS",
        "text": "The following inferences were made after studying several cases of ARC\u2019s operation (see Figure 2 for an example):\n1. The observations in one image are definitely being conditioned on the observations in the other image. This can be seen in figures 2a and 2b.\n2. The ARC seems to have learnt a fairly regular left to right parsing strategy, during which the attention window gradually reduces in size. This is quite similar to strategies found in other sequential attentive models like DRAW (Gregor et al., 2015).\n3. Deviation from such regular ordered parsing occurs if model finds some interesting feature in either character. This results in attention being fixated to that particular region of the character for a few subsequent glimpses.\n4. There is no strict coordination or correspondence chronologically between the attended regions of the two images. While instances of ARC focussing on the same aspect/stroke of two characters were common, there were plenty more instances wherein the ARC attended to different aspects/strokes in each image during an interval. We hypothesise that the RNN\ncontroller could be utilizing turns of glimpsing at an image to observe some other aspects which are not of immediate consequence.\n5. We also frequently encountered cases wherein the attention window, after parsing as described in point 2, would end up focusing on some blank, stroke-less region, as if it had stopped looking at the sample. We hypothesize that the model is preferring to utilize its recurrent transitions and not to be disturbed by any input stimuli."
      },
      {
        "heading": "3.2 QUANTITATIVE ANALYSIS",
        "text": "We performed a simple yet very insightful ablation study to understand ARC\u2019s dynamics. ARC accumulates information about both the input images by a series of attentive observations. We trained 8 separate binary classifiers to classify images as being similar or not based on hidden states of the LSTM controller at every even time step correspondingly . The performance of these binary classifiers are correlated with the information contained in the hidden states. The performance of these classifiers is reported in Table 1. Since the ARC has an attention window of only 4\u00d7 4 pixels, it can barely see anything in the first time step, where its attention is spread throughout the whole image. With more glimpses, finer observations bring in more precise information into the ARC and the recurrent transitions make use of this knowledge, leading to higher accuracies. We also used the 8 binary classifiers to study how models confidence grows with more glimpses and one such good example is provided in Figure 3."
      },
      {
        "heading": "4 SIMILARITY LEARNING",
        "text": "Verification is a generic and common task in Machine Learning. The verification task essentially requires models that can predict whether the two inputs are the same or different, for some notion of same (such as unique facial identity, objects of same class etc.,). Specifically, here we restrict ourselves to the task of estimating the similarity of the given pair of images. When given two images the models are required to output a single logistic value, which is expected to be 1 for very similar inputs and 0 for very dissimilar inputs. We compare our ARC model with several baselines and report performance on two challenging datasets."
      },
      {
        "heading": "4.1 DATASETS",
        "text": ""
      },
      {
        "heading": "4.1.1 OMNIGLOT",
        "text": "The dataset is thoroughly detailed in the next section which is on one shot classification on this dataset. And this task acts as a precursor to the more sophisticated next task. We use 32\u00d732 images and similar/dissimilar pairs of character drawings are randomly chosen only within alphabet to make the task more challenging. Out of the 50 alphabets provided in the dataset, 30 were used for training, 10 for validation and the last 10 for testing."
      },
      {
        "heading": "4.2 BASELINES AND IMPLEMENTATION DETAILS",
        "text": "We consider strong convolutional baselines, which have been shown time and again to excel at such visual tasks. We particularly use Wide Resnets (WRNs) (Zagoruyko & Komodakis, 2016) which are the current state of the art models in image classification. Independent nets were tuned for each dataset. Hyper parameters were set for reasonable values for all our ARC models and no hyperparameter tuning of any kind was employed. For the Omniglot dataset, we also include the result from (Koch et al.) We used moderate data augmentation consisting of translation, flipping, rotation and shearing, which we found to be critical for training ARC models."
      },
      {
        "heading": "4.3 RESULTS",
        "text": "The results are in Table 1 for Omniglot respectively. Our simple ARC model without using any convolutional layers obtains a performance that matches a AlexNet style 6 layer Deep Convnet with millions of parameters. Using convolutional feature extractors, ARCs outperform the Wide ResNet based Siamese ConvNet baselines, even the ones containing an order of magnitude more parameters."
      },
      {
        "heading": "5 OMNIGLOT ONE SHOT CLASSIFICATION",
        "text": "One shot learning requires Machine Learning models to be at the apotheosis of data efficiency. In case of classification, only a single example of each individual class is given and the model is\nexpected to generalise to new samples. A classic example is of a human kid learning about the animal giraffe (Vinyals et al., 2016). The kid does not need to see thousands of images of a Giraffe to learn to detect it. Rather, just from a single example, the kid can not only recognize it at a future point, but going further, she can also speculate on its other characteristics. While humans excel at this task, current Deep Learning systems are at the opposite end of the spectrum, where they are trained on millions of samples to achieve the kind of results that they are well known for. With ARCs we have developed a generic method to comparing objects. We have also shown that our model generalizes extremely well. So we decided to test ARC on the challenging Omniglot dataset.\nOmniglot is a dataset by Lake et al. (2015) that specially designed to compare and contrast the learning abilities of humans and machines. The dataset contains handwritten characters of 50 of the world\u2019s languages/alphabets. Though there are 1623 characters, there are only 20 samples for each which is drawn by 20 individuals. So this is in a diagonally opposite position when compared to MNIST or ImageNet. One Shot Classification on this dataset is very challenging one as most Deep Learning systems do not work well in such extreme conditions. Lake et al. (2015) developed a dedicated system for such rapid knowledge acquisition called Hierarchical Bayesian Programming Learning, which surpasses human performance and is the current state of the art of all methods."
      },
      {
        "heading": "5.1 TASK",
        "text": "The dataset is divided into a background set and an evaluation set. Background set contains 30 alphabets (964 characters) and only this set should be used to perform all learning (e.g. hyper-parameter inference or feature learning). The remaining 20 alphabets are for pure evaluation purposes only. Each character is a 105\u00d7 105 image. A one shot classification task episode is as follows: from a randomly chosen alphabet, 20 characters are chosen which becomes the support set. One character among these 20 becomes the test character. 2 drawers are chosen, one each for the support set and the test character. The task is to match the test drawing to the correct character\u2019s drawing in the support set. Assigning an image to one of the 20 characters given results in a 20-way, 1-shot classification task."
      },
      {
        "heading": "5.2 MODELS",
        "text": ""
      },
      {
        "heading": "5.2.1 NAIVE ARC MODEL",
        "text": "This is a trivial extension of ARC for used for verification to this task. The test image from the first set is chosen and compared against all 20 images from the second set. It is matched to the character with maximum similarity. This is done for 20 times for each character in the first set."
      },
      {
        "heading": "5.2.2 FULL CONTEXT ARC",
        "text": "Our whole hypothesis in this work has been about the value of providing the full context to the model. And we have shown to that models which are aware of the context of operation are better than the ones that aren\u2019t. While Naive ARC model is simple and efficient, it does not incorporate the whole context in which our model is expected to make the decision of similarity. When the character is being compared to 20 other characters from the support set, the comparisons are all independently done. That is, the model is not aware available options for matching, so it assigns the similarity score to each pair independently.\nIt is highly desirable to have a 20-way ARC, where each observation is conditioned on the all images. Unfortunately, such a model is not practical. The recurrent controller has memory limitations in its state. Scaling up the memory incurs a huge parameter burden. So instead, we use a hierarchical setup, which decomposes the comparisons to be at two levels - first local pairwise comparison and a second global comparison. We found that this model reduces the information that has to be crammed in the controller state, while still providing sufficient context.\nAs with the Naive method, we compare one image from set A with one from set B in pairs. But instead of emitting a similarity score immediately, we collect the comparison embeddings of each comparison. Comparison embeddings are the final hidden state of the controller when the test image T is being compared to image Sj from the support set B: ej = hLT,Sj . These embeddings are further processed by a Bi-Directional LSTM layer. This merges the information from all comparisons, thus\nproviding the necessary context before score emission. This is also the method used in Matching Networks (Vinyals et al., 2016).\ncj = [ \u2212\u2212\u2212\u2212\u2192 LSTM(ej); \u2190\u2212\u2212\u2212\u2212 LSTM(ej) ] \u2200j \u2208 [1, 20]\nEach embedding is mapped to a single score sj = f(cj), where f(.) is an affine transform followed by a non-linearity. The final output is the normalized similarity with respect to all similarity scores.\npj = softmax(sj) \u2200j \u2208 [1, 20]\nThis whole process is to make sure that we adhere to the fundamental principle of deep learning, which is to optimise objectives that directly reflect the task. The normalisation allows for the expression of relative similarity rather than absolute similarity."
      },
      {
        "heading": "5.3 BASELINES AND OTHER METHODS",
        "text": "We compare the two models discussed above with other methods in literature: starting from the simplest baseline of k-Nearest Neighbours to the latest meta-learning methods. The training and evaluation practises are non consistent."
      },
      {
        "heading": "5.3.1 ACROSS ALPHABETS",
        "text": "Many papers recently, like Matching Networks Vinyals et al. (2016) and MANNs Santoro et al. (2016) have used 1200 chars for background set (instead of 964 specified by Lake et al. (2015)). The remaining 423 characters are used for testing. Most importantly, the characters sampled for both training and evaluation are across all the alphabets in the training set."
      },
      {
        "heading": "5.3.2 WITHIN ALPHABETS",
        "text": "This corresponds to standard Omniglot setting where characters are sampled within an alphabet and only the 30 background characters are used for training and validation.\nThe across alphabet task is much more simpler as it is easy to distinguish characters belonging to different languages, compared to distinguishing characters belonging to the same language. Further, across alphabet methods use a lot more data which is a particularly advantageous entity for Deep Learning Methods.\nThere are large variations in the resolution of the images used as well. The Deep Siamese Network of Koch et al. uses 105x105 images and thus not comparable to out model, but we include it as it is the current best result using deep neural nets. The performance of MANNs in this standard setup is interpreted from the graph in the paper as the authors did not report it. It should also be noted that HBPL incorporates human stroke data into the model. Lake et al estimate the human performance to be at 95.5%."
      },
      {
        "heading": "5.4 RESULTS",
        "text": "Results are presented in Table 2. Our ARC models outperform all previous methods according to both of the testing protocols and establish the corresponding state of the art results."
      },
      {
        "heading": "6 RELATED WORK",
        "text": "Deep Neural Networks (Schmidhuber, 2015) (LeCun et al., 2015) are very complex parametrised functions which can be adapted to have the required behaviour by specifying a suitable objective function. Our overall model is a simple combination of the attention mechanism and recurrent neural networks (RNNs). We test our model by analysing its performance in similarity learning. We also test its generalisation ability by using it in a model built for the challenging task of one shot classification on hand-written character symbols."
      },
      {
        "heading": "6.1 ATTENTION",
        "text": "It is known that attention brings in selectivity in processing information while reducing the processing load (Desimone & Duncan, 1995). Attention and (Recurrent) Neural Networks were combined in Schmidhuber & Huber (1991) to learn fovea trajectories. Later attention was used in conjunction with RBMs to learn what and where to attend in Larochelle & Hinton (2010) and in Denil et al. (2012). Hard Attention mechanism based on Reinforcement Learning was used in Mnih et al. (2014) and further extended to multiple objects in Ba et al. (2014); both of these models showed that the computation required at inference is significantly less compared to highly parallel Convolutional Networks, while still achieving good performance. A soft or differentiable attention mechanisms have been used in Graves (2013). A specialised form of location based soft attention mechanism, well suited for 2D images was developed for the DRAW architecture (Gregor et al., 2015), and this forms the basis of our attention mechanism in ARC."
      },
      {
        "heading": "6.2 SIMILARITY LEARNING",
        "text": "A survey of the methods and importance of measuring similarity of samples in Machine Learning is presented in Bellet et al. (2013). With respect to deep learning methods, the most popular architecture family is that of Siamese Networks (Bromley et al., 1993). The energy based derivation is presented in Chopra et al. (2005) and since then they have been used across wide range of modalities - in vision (Zagoruyko & Komodakis, 2015) (Bertinetto et al., 2016), for face recognition and verification (Taigman et al., 2014) and in Natural Language Processing (Lu & Li, 2013) (Hu et al., 2014). Recently Triplet Losses (Hoffer & Ailon, 2015) are being used to achieve higher performance and is similar to our Ternary ARC model at an abstract level."
      },
      {
        "heading": "6.3 ONE SHOT LEARNING",
        "text": "A bayesian framework for one shot visual recognition was presented in Fe-Fei et al. (2003). Lake et al. (2015) extensively study One Shot Learning and present a novel probabilistic framework called Hierarchical Bayesian Program Learning (HBPL) for rapid learning. They have also released the Omniglot dataset, which has become a testing ground for One Shot learning techniques. Recently, many Deep Learning methods have been developed to do one shot learning: Koch et al. use Deep Convolutional Siamese Networks for performing one shot classification. Matching Networks (Vinyals et al., 2016) and Memory Augmented Neural Networks (Santoro et al., 2016) are other approaches to perform continual or meta learning in the low data regime. All the models except the HBPL have inferior one shot classification performance compared to humans on the Omniglot Dataset."
      },
      {
        "heading": "7 CONCLUSION AND FUTURE WORK",
        "text": "We presented a model that uses attention and recurrence to cycle through a set images repeatedly and estimate their similarity. We showed that this model is not only viable but also much better than the siamese neural networks in wide use today in terms of performance and generalization. Our main\nresult is in the task of One Shot classification on the Omniglot dataset, where we achieved state of the art performance surpassing HBPL\u2019s and human performance.\nOne potential downside of this model is that due to sequential execution of the recurrent core and by the very design of the model, it might be more computationally expensive than a distance metric method. But we believe that advancing hardware speeds, such costs will be outweighed by the benefits of ARCs.\nThough presented in the context of images, ARCs can be used in any modality. There are innumerable ways to extend ARCs. Better attention mechanisms, higher resolution images, different datasets, hyper-parameter tuning, more complicated controllers etc are the simple things which could be employed to achieve better performance.\nMore interesting extensions would involve developing more complex architectures using this bottom-up approach to solve even more challenging AI tasks."
      },
      {
        "heading": "ACKNOWLEDGEMENTS",
        "text": "We would like to thank all the members of the Statistics and Machine Learning Lab at the Indian Institute of Science for their support and feedback. We would like to specifically thank Akshay Mehrotra for his extensive help with everything from the implementation to discussing results. We would also like to thank Siddharth Agrawal and Gaurav Pandey for their helpful feedback throughout the process. We would like to thank Soumith Chintala for his feedback on this manuscript and the idea."
      }
    ],
    "references": [
      {
        "title": "Multiple object recognition with visual attention",
        "author": [
          "Jimmy Ba",
          "Volodymyr Mnih",
          "Koray Kavukcuoglu"
        ],
        "venue": "arXiv preprint arXiv:1412.7755,",
        "citeRegEx": "Ba et al\\.,? \\Q2014\\E",
        "shortCiteRegEx": "Ba et al\\.",
        "year": 2014
      },
      {
        "title": "A survey on metric learning for feature vectors and structured data",
        "author": [
          "Aur\u00e9lien Bellet",
          "Amaury Habrard",
          "Marc Sebban"
        ],
        "venue": "arXiv preprint arXiv:1306.6709,",
        "citeRegEx": "Bellet et al\\.,? \\Q2013\\E",
        "shortCiteRegEx": "Bellet et al\\.",
        "year": 2013
      },
      {
        "title": "Fullyconvolutional siamese networks for object tracking",
        "author": [
          "Luca Bertinetto",
          "Jack Valmadre",
          "Joao F Henriques",
          "Andrea Vedaldi",
          "Philip HS Torr"
        ],
        "venue": "arXiv preprint arXiv:1606.09549,",
        "citeRegEx": "Bertinetto et al\\.,? \\Q2016\\E",
        "shortCiteRegEx": "Bertinetto et al\\.",
        "year": 2016
      },
      {
        "title": "Signature verification using a ?siamese? time delay neural network",
        "author": [
          "Jane Bromley",
          "James W Bentz",
          "L\u00e9on Bottou",
          "Isabelle Guyon",
          "Yann LeCun",
          "Cliff Moore",
          "Eduard S\u00e4ckinger",
          "Roopak Shah"
        ],
        "venue": "International Journal of Pattern Recognition and Artificial Intelligence,",
        "citeRegEx": "Bromley et al\\.,? \\Q1993\\E",
        "shortCiteRegEx": "Bromley et al\\.",
        "year": 1993
      },
      {
        "title": "Learning a similarity metric discriminatively, with application to face verification",
        "author": [
          "Sumit Chopra",
          "Raia Hadsell",
          "Yann LeCun"
        ],
        "venue": "IEEE Computer Society Conference on Computer Vision and Pattern Recognition (CVPR\u201905),",
        "citeRegEx": "Chopra et al\\.,? \\Q2005\\E",
        "shortCiteRegEx": "Chopra et al\\.",
        "year": 2005
      },
      {
        "title": "Learning where to attend with deep architectures for image tracking",
        "author": [
          "Misha Denil",
          "Loris Bazzani",
          "Hugo Larochelle",
          "Nando de Freitas"
        ],
        "venue": "Neural computation,",
        "citeRegEx": "Denil et al\\.,? \\Q2012\\E",
        "shortCiteRegEx": "Denil et al\\.",
        "year": 2012
      },
      {
        "title": "Neural mechanisms of selective visual attention",
        "author": [
          "Robert Desimone",
          "John Duncan"
        ],
        "venue": "Annual review of neuroscience,",
        "citeRegEx": "Desimone and Duncan.,? \\Q1995\\E",
        "shortCiteRegEx": "Desimone and Duncan.",
        "year": 1995
      },
      {
        "title": "A bayesian approach to unsupervised one-shot learning of object categories",
        "author": [
          "Li Fe-Fei",
          "Robert Fergus",
          "Pietro Perona"
        ],
        "venue": "In Computer Vision,",
        "citeRegEx": "Fe.Fei et al\\.,? \\Q2003\\E",
        "shortCiteRegEx": "Fe.Fei et al\\.",
        "year": 2003
      },
      {
        "title": "Learning to forget: Continual prediction with lstm",
        "author": [
          "Felix A Gers",
          "J\u00fcrgen Schmidhuber",
          "Fred Cummins"
        ],
        "venue": "Neural computation,",
        "citeRegEx": "Gers et al\\.,? \\Q2000\\E",
        "shortCiteRegEx": "Gers et al\\.",
        "year": 2000
      },
      {
        "title": "Generating sequences with recurrent neural networks",
        "author": [
          "Alex Graves"
        ],
        "venue": "arXiv preprint arXiv:1308.0850,",
        "citeRegEx": "Graves.,? \\Q2013\\E",
        "shortCiteRegEx": "Graves.",
        "year": 2013
      },
      {
        "title": "Draw: A recurrent neural network for image generation",
        "author": [
          "Karol Gregor",
          "Ivo Danihelka",
          "Alex Graves",
          "Danilo Jimenez Rezende",
          "Daan Wierstra"
        ],
        "venue": "arXiv preprint arXiv:1502.04623,",
        "citeRegEx": "Gregor et al\\.,? \\Q2015\\E",
        "shortCiteRegEx": "Gregor et al\\.",
        "year": 2015
      },
      {
        "title": "Long short-term memory",
        "author": [
          "Sepp Hochreiter",
          "J\u00fcrgen Schmidhuber"
        ],
        "venue": "Neural computation,",
        "citeRegEx": "Hochreiter and Schmidhuber.,? \\Q1997\\E",
        "shortCiteRegEx": "Hochreiter and Schmidhuber.",
        "year": 1997
      },
      {
        "title": "Deep metric learning using triplet network",
        "author": [
          "Elad Hoffer",
          "Nir Ailon"
        ],
        "venue": "In International Workshop on Similarity-Based Pattern Recognition,",
        "citeRegEx": "Hoffer and Ailon.,? \\Q2015\\E",
        "shortCiteRegEx": "Hoffer and Ailon.",
        "year": 2015
      },
      {
        "title": "Convolutional neural network architectures for matching natural language sentences",
        "author": [
          "Baotian Hu",
          "Zhengdong Lu",
          "Hang Li",
          "Qingcai Chen"
        ],
        "venue": "In Advances in Neural Information Processing Systems,",
        "citeRegEx": "Hu et al\\.,? \\Q2014\\E",
        "shortCiteRegEx": "Hu et al\\.",
        "year": 2014
      },
      {
        "title": "Human-level concept learning through probabilistic program induction",
        "author": [
          "Brenden M Lake",
          "Ruslan Salakhutdinov",
          "Joshua B Tenenbaum"
        ],
        "venue": null,
        "citeRegEx": "Lake et al\\.,? \\Q2015\\E",
        "shortCiteRegEx": "Lake et al\\.",
        "year": 2015
      },
      {
        "title": "Building machines that learn and think like people",
        "author": [
          "Brenden M. Lake",
          "Tomer D. Ullman",
          "Joshua B. Tenenbaum",
          "Samuel J. Gershman"
        ],
        "venue": "CoRR, abs/1604.00289,",
        "citeRegEx": "Lake et al\\.,? \\Q2016\\E",
        "shortCiteRegEx": "Lake et al\\.",
        "year": 2016
      },
      {
        "title": "Learning to combine foveal glimpses with a third-order boltzmann machine",
        "author": [
          "Hugo Larochelle",
          "Geoffrey E Hinton"
        ],
        "venue": "In Advances in neural information processing systems,",
        "citeRegEx": "Larochelle and Hinton.,? \\Q2010\\E",
        "shortCiteRegEx": "Larochelle and Hinton.",
        "year": 2010
      },
      {
        "title": "A deep architecture for matching short texts",
        "author": [
          "Zhengdong Lu",
          "Hang Li"
        ],
        "venue": "In Advances in Neural Information Processing Systems,",
        "citeRegEx": "Lu and Li.,? \\Q2013\\E",
        "shortCiteRegEx": "Lu and Li.",
        "year": 2013
      },
      {
        "title": "Recurrent models of visual attention",
        "author": [
          "Volodymyr Mnih",
          "Nicolas Heess",
          "Alex Graves"
        ],
        "venue": "In Advances in Neural Information Processing Systems,",
        "citeRegEx": "Mnih et al\\.,? \\Q2014\\E",
        "shortCiteRegEx": "Mnih et al\\.",
        "year": 2014
      },
      {
        "title": "Oneshot learning with memory-augmented neural networks",
        "author": [
          "Adam Santoro",
          "Sergey Bartunov",
          "Matthew Botvinick",
          "Daan Wierstra",
          "Timothy Lillicrap"
        ],
        "venue": "arXiv preprint arXiv:1605.06065,",
        "citeRegEx": "Santoro et al\\.,? \\Q2016\\E",
        "shortCiteRegEx": "Santoro et al\\.",
        "year": 2016
      },
      {
        "title": "Learning to generate artificial fovea trajectories for target detection",
        "author": [
          "Juergen Schmidhuber",
          "Rudolf Huber"
        ],
        "venue": "International Journal of Neural Systems,",
        "citeRegEx": "Schmidhuber and Huber.,? \\Q1991\\E",
        "shortCiteRegEx": "Schmidhuber and Huber.",
        "year": 1991
      },
      {
        "title": "Deep learning in neural networks: An overview",
        "author": [
          "J\u00fcrgen Schmidhuber"
        ],
        "venue": "Neural Networks,",
        "citeRegEx": "Schmidhuber.,? \\Q2015\\E",
        "shortCiteRegEx": "Schmidhuber.",
        "year": 2015
      },
      {
        "title": "Deepface: Closing the gap to human-level performance in face verification",
        "author": [
          "Yaniv Taigman",
          "Ming Yang",
          "Marc\u2019Aurelio Ranzato",
          "Lior Wolf"
        ],
        "venue": "In Proceedings of the IEEE Conference on Computer Vision and Pattern Recognition,",
        "citeRegEx": "Taigman et al\\.,? \\Q2014\\E",
        "shortCiteRegEx": "Taigman et al\\.",
        "year": 2014
      },
      {
        "title": "Matching networks for one shot learning",
        "author": [
          "Oriol Vinyals",
          "Charles Blundell",
          "Timothy Lillicrap",
          "Koray Kavukcuoglu",
          "Daan Wierstra"
        ],
        "venue": "arXiv preprint arXiv:1606.04080,",
        "citeRegEx": "Vinyals et al\\.,? \\Q2016\\E",
        "shortCiteRegEx": "Vinyals et al\\.",
        "year": 2016
      },
      {
        "title": "Learning to compare image patches via convolutional neural networks",
        "author": [
          "Sergey Zagoruyko",
          "Nikos Komodakis"
        ],
        "venue": "In The IEEE Conference on Computer Vision and Pattern Recognition (CVPR),",
        "citeRegEx": "Zagoruyko and Komodakis.,? \\Q2015\\E",
        "shortCiteRegEx": "Zagoruyko and Komodakis.",
        "year": 2015
      }
    ],
    "referenceMentions": [
      {
        "referenceID": 15,
        "context": "Advancing Deep Learning systems to solve Artificial Intelligence tasks requires that models be capable of performing continual meta-learning[ (Lake et al., 2016), (Schaul & Schmidhuber, 2010)].",
        "startOffset": 142,
        "endOffset": 161
      },
      {
        "referenceID": 19,
        "context": "But top-down hierarchical designs of models (Santoro et al., 2016) to perform such tasks are not very successful on real world data and there are many reasons for this.",
        "startOffset": 44,
        "endOffset": 66
      },
      {
        "referenceID": 1,
        "context": "Comparing two or more inputs and estimating their similarity is a primal task using which more sophisticated models can be designed - an idea that has been well exploited in traditional Machine Learning for long (Bellet et al., 2013).",
        "startOffset": 212,
        "endOffset": 233
      },
      {
        "referenceID": 3,
        "context": "In stark contrast to this, current similarity estimating systems in Deep Learning are analogues of the Siamese similarity learning system (Bromley et al., 1993).",
        "startOffset": 138,
        "endOffset": 160
      },
      {
        "referenceID": 10,
        "context": "The attention mechanism is based on DRAW (Gregor et al., 2015), zoomable and differentiable.",
        "startOffset": 41,
        "endOffset": 62
      },
      {
        "referenceID": 8,
        "context": "The particular model under consideration had an LSTM controller (Hochreiter & Schmidhuber, 1997) with forget gates (Gers et al., 2000).",
        "startOffset": 115,
        "endOffset": 134
      },
      {
        "referenceID": 10,
        "context": "This is quite similar to strategies found in other sequential attentive models like DRAW (Gregor et al., 2015).",
        "startOffset": 89,
        "endOffset": 110
      },
      {
        "referenceID": 23,
        "context": "A classic example is of a human kid learning about the animal giraffe (Vinyals et al., 2016).",
        "startOffset": 70,
        "endOffset": 92
      },
      {
        "referenceID": 14,
        "context": "Omniglot is a dataset by Lake et al. (2015) that specially designed to compare and contrast the learning abilities of humans and machines.",
        "startOffset": 25,
        "endOffset": 44
      },
      {
        "referenceID": 14,
        "context": "Omniglot is a dataset by Lake et al. (2015) that specially designed to compare and contrast the learning abilities of humans and machines. The dataset contains handwritten characters of 50 of the world\u2019s languages/alphabets. Though there are 1623 characters, there are only 20 samples for each which is drawn by 20 individuals. So this is in a diagonally opposite position when compared to MNIST or ImageNet. One Shot Classification on this dataset is very challenging one as most Deep Learning systems do not work well in such extreme conditions. Lake et al. (2015) developed a dedicated system for such rapid knowledge acquisition called Hierarchical Bayesian Programming Learning, which surpasses human performance and is the current state of the art of all methods.",
        "startOffset": 25,
        "endOffset": 567
      },
      {
        "referenceID": 23,
        "context": "This is also the method used in Matching Networks (Vinyals et al., 2016).",
        "startOffset": 50,
        "endOffset": 72
      },
      {
        "referenceID": 20,
        "context": "Many papers recently, like Matching Networks Vinyals et al. (2016) and MANNs Santoro et al.",
        "startOffset": 45,
        "endOffset": 67
      },
      {
        "referenceID": 17,
        "context": "(2016) and MANNs Santoro et al. (2016) have used 1200 chars for background set (instead of 964 specified by Lake et al.",
        "startOffset": 17,
        "endOffset": 39
      },
      {
        "referenceID": 14,
        "context": "(2016) have used 1200 chars for background set (instead of 964 specified by Lake et al. (2015)).",
        "startOffset": 76,
        "endOffset": 95
      },
      {
        "referenceID": 21,
        "context": "Deep Neural Networks (Schmidhuber, 2015) (LeCun et al.",
        "startOffset": 21,
        "endOffset": 40
      },
      {
        "referenceID": 10,
        "context": "A specialised form of location based soft attention mechanism, well suited for 2D images was developed for the DRAW architecture (Gregor et al., 2015), and this forms the basis of our attention mechanism in ARC.",
        "startOffset": 129,
        "endOffset": 150
      },
      {
        "referenceID": 16,
        "context": "Attention and (Recurrent) Neural Networks were combined in Schmidhuber & Huber (1991) to learn fovea trajectories.",
        "startOffset": 59,
        "endOffset": 86
      },
      {
        "referenceID": 16,
        "context": "Attention and (Recurrent) Neural Networks were combined in Schmidhuber & Huber (1991) to learn fovea trajectories. Later attention was used in conjunction with RBMs to learn what and where to attend in Larochelle & Hinton (2010) and in Denil et al.",
        "startOffset": 59,
        "endOffset": 229
      },
      {
        "referenceID": 4,
        "context": "Later attention was used in conjunction with RBMs to learn what and where to attend in Larochelle & Hinton (2010) and in Denil et al. (2012). Hard Attention mechanism based on Reinforcement Learning was used in Mnih et al.",
        "startOffset": 121,
        "endOffset": 141
      },
      {
        "referenceID": 4,
        "context": "Later attention was used in conjunction with RBMs to learn what and where to attend in Larochelle & Hinton (2010) and in Denil et al. (2012). Hard Attention mechanism based on Reinforcement Learning was used in Mnih et al. (2014) and further extended to multiple objects in Ba et al.",
        "startOffset": 121,
        "endOffset": 230
      },
      {
        "referenceID": 0,
        "context": "(2014) and further extended to multiple objects in Ba et al. (2014); both of these models showed that the computation required at inference is significantly less compared to highly parallel Convolutional Networks, while still achieving good performance.",
        "startOffset": 51,
        "endOffset": 68
      },
      {
        "referenceID": 0,
        "context": "(2014) and further extended to multiple objects in Ba et al. (2014); both of these models showed that the computation required at inference is significantly less compared to highly parallel Convolutional Networks, while still achieving good performance. A soft or differentiable attention mechanisms have been used in Graves (2013). A specialised form of location based soft attention mechanism, well suited for 2D images was developed for the DRAW architecture (Gregor et al.",
        "startOffset": 51,
        "endOffset": 332
      },
      {
        "referenceID": 3,
        "context": "With respect to deep learning methods, the most popular architecture family is that of Siamese Networks (Bromley et al., 1993).",
        "startOffset": 104,
        "endOffset": 126
      },
      {
        "referenceID": 2,
        "context": "(2005) and since then they have been used across wide range of modalities - in vision (Zagoruyko & Komodakis, 2015) (Bertinetto et al., 2016), for face recognition and verification (Taigman et al.",
        "startOffset": 116,
        "endOffset": 141
      },
      {
        "referenceID": 22,
        "context": ", 2016), for face recognition and verification (Taigman et al., 2014) and in Natural Language Processing (Lu & Li, 2013) (Hu et al.",
        "startOffset": 47,
        "endOffset": 69
      },
      {
        "referenceID": 13,
        "context": ", 2014) and in Natural Language Processing (Lu & Li, 2013) (Hu et al., 2014).",
        "startOffset": 59,
        "endOffset": 76
      },
      {
        "referenceID": 1,
        "context": "A survey of the methods and importance of measuring similarity of samples in Machine Learning is presented in Bellet et al. (2013). With respect to deep learning methods, the most popular architecture family is that of Siamese Networks (Bromley et al.",
        "startOffset": 110,
        "endOffset": 131
      },
      {
        "referenceID": 1,
        "context": "A survey of the methods and importance of measuring similarity of samples in Machine Learning is presented in Bellet et al. (2013). With respect to deep learning methods, the most popular architecture family is that of Siamese Networks (Bromley et al., 1993). The energy based derivation is presented in Chopra et al. (2005) and since then they have been used across wide range of modalities - in vision (Zagoruyko & Komodakis, 2015) (Bertinetto et al.",
        "startOffset": 110,
        "endOffset": 325
      },
      {
        "referenceID": 23,
        "context": "Matching Networks (Vinyals et al., 2016) and Memory Augmented Neural Networks (Santoro et al.",
        "startOffset": 18,
        "endOffset": 40
      },
      {
        "referenceID": 19,
        "context": ", 2016) and Memory Augmented Neural Networks (Santoro et al., 2016) are other approaches to perform continual or meta learning in the low data regime.",
        "startOffset": 45,
        "endOffset": 67
      },
      {
        "referenceID": 7,
        "context": "A bayesian framework for one shot visual recognition was presented in Fe-Fei et al. (2003). Lake et al.",
        "startOffset": 70,
        "endOffset": 91
      },
      {
        "referenceID": 7,
        "context": "A bayesian framework for one shot visual recognition was presented in Fe-Fei et al. (2003). Lake et al. (2015) extensively study One Shot Learning and present a novel probabilistic framework called Hierarchical Bayesian Program Learning (HBPL) for rapid learning.",
        "startOffset": 70,
        "endOffset": 111
      }
    ],
    "year": 2016,
    "abstractText": "Attentive Recurrent Comparators (ARCs) are a novel class of neural networks built with attention and recurrence that learn to estimate the similarity of a set of objects by cycling through them and making observations. The observations made in one object are conditioned on the observations made in all the other objects. This allows ARCs to learn to focus on the salient aspects needed to ascertain similarity. Our simplistic model that does not use any convolutions performs comparably to Deep Convolutional Siamese Networks on various visual tasks. However using ARCs and convolutional feature extractors in conjunction produces a model that is significantly better than any other method and has superior generalization capabilities. On the Omniglot dataset, ARC based models achieve an error rate of 1.5% in the One-Shot classification task a 2-3x reduction compared to the previous best models. This is also the first Deep Learning model to outperform humans (4.5%) and surpass the state of the art accuracy set by the highly specialized Hierarchical Bayesian Program Learning (HBPL) system (3.3%).",
    "creator": "LaTeX with hyperref package"
  }
}