{
  "name": "617.pdf",
  "metadata": {
    "source": "CRF",
    "title": null,
    "authors": [
      "LEVERAGING ASYNCHRONICITY",
      "DEEP LEARNING",
      "Jeff Daily",
      "Abhinav Vishnu",
      "Charles Siegel"
    ],
    "emails": [
      "jeff.daily@pnnl.gov",
      "abhinav.vishnu@pnnl.gov",
      "charles.siegel@pnnl.gov"
    ],
    "sections": [
      {
        "heading": "1 INTRODUCTION",
        "text": "Deep Learning (DL) algorithms are a class of Machine Learning and Data Mining (MLDM) algorithms, which use an inter-connection of neurons and synapses to emulate the computational structure of a mammalian brain. DL algorithms have demonstrated resounding success in many computer vision tasks and science domains such as high energy physics, computational chemistry and high performance computing use-cases. Several DL implementations such as TensorFlow, Caffe, Theano, and Torch have become available. These implementations are primarily geared towards compute nodes that may contain multi-core architecture (such as Intel Xeon/KNC/KNL) and or many-core architectures (GPUs).\nDL algorithms are under-going a tremendous revolution of their own. Widely used DL algorithms such as Convolutional Neural Networks (CNNs) and Recurrent Neural Networks (RNNs) are computationally expensive. Their computational requirements are further worsened by: 1) Very deep neural networks such as recently proposed 1000-layer complex Residual Networks (ResNet), 2) Increasing volume of data produced by simulations, experiments and handheld devices. An important solution to these problems is the design and implementation of DL algorithms that are capable of execution on distributed memory large scale cluster/cloud computing systems. A few distributed DL implementations such as CaffeonSpark, Distributed TensorFlow, CNTK, Machine Learning Toolkit on Extreme Scale (MaTEx), and FireCaffe have become available. Implementations such as CNTK, FireCaffe and MaTEx use MPI (Gropp et al., 1996; Geist et al., 1996) \u2013 which makes them a natural fit for high-end systems.\nDL algorithms primarily use gradient descent \u2013 an iterative technique in which the weights of synapes are updated using the difference between the ground truth (actual value) and the predicted value (using the current state of the neural network). The larger the difference, the steeper the de-\nscent to a minima (a low value of minima generates the solution). An important type of gradient descent is batch gradient descent \u2013 where a random subset of samples are used for iterative feedforward (calculation of predicted value) and back-propagation (update of synaptic weights). A small batch is prone to severe pertubations to the descent, while a large batch results in slow convergence. Hence, a data scientist tends to use a fairly average batch \u2013 which finds the balance between these two conflicting metrics.\nA large scale parallelization of gradient descent must maximize the equivalence to the default algorithm, such that the convergence property is maintained. Consider a scenario where a batch (b) in the original algorithm is split across multiple compute nodes (n) \u2013 an example of data parallelism. To provide equivalence to the default algorithm, the batch must be split equally to bn , although the communication which would require an all-to-all reduction would increase as \u0398(log n). Naturally, as n is increased and b is held constant (strong scaling), this becomes prohibitive, whereas keeping the batch size per node b/n constant (weak scaling) increases the convergence time.\nSeveral researchers have proposed methods to alleviate the communication requirements of distributed gradient descent. Parameter-server based approaches use a server to hold the latest version of the model while clients send computed gradients and request the latest model. This approach has been proposed and extended by several researchers. While theoretically this provides O(1) timecomplexity since all batch updates can be computed simultaneously, this approach fails to scale beyond a few compute nodes when considering the time to convergence relative to having run the computation on a single device. Others have proven divergence from the original algorithm. Remote Direct Memory Access (RDMA) based approaches have been proposed, but they also diverge from the original algorithm. Several other implementations are primarily geared towards shared memory systems, and address the thread contention issue for gradient descent.\nOur objective is to design a non-parameter-server based technique, which maximizes the equivalence to the default algorithm, while leveraging high performance architectures \u2013 including computational units such as GPUs and high performance interconnects such as InfiniBand, Intel Omni-path architectures by using MPI."
      },
      {
        "heading": "1.1 CONTRIBUTIONS",
        "text": "Specifically, we make the following contributions in this paper:\n\u2022 We design a baseline asynchronous gradient descent, which delays the gradient updates of the entire model by one or more iterations adaptively on the basis of available overlap and user-defined input.\n\u2022 We propose a layer-wise gradient descent method, which overlaps weight updates of a layer with inter-node synchronization of other layers. The proposed method is exactly equiavalent to the default sequential algorithm.\n\u2022 We implement our approaches and other baseline techniques using the Machine Learning Toolkit for Extreme Scale (MaTEx), which consists of a distributed memory implementation of Caffe using MPI (Gropp et al., 1996; Geist et al., 1996).\n\u2022 We evaluate our approaches and other baseline implementations on a large scale CPU-based InfiniBand cluster as well as on NVIDIA\u2019s DGX-1 multi-GPU system. We use several well studied datasets and DNN topologies such as ImageNet (1.3M images, 250GB dataset) with AlexNet and GoogleNet DNNs.\nOur evaluation indicates the efficacy of the proposed approach. Specifically, the best asynchronous approach is up to 1.7x faster than the synchronous approach while achieving up to 82% parallel efficiency.\nThe rest of the paper is organized as follows: In section 2, we present related work of our proposed research. We present the background in section 3, followed by an in-depth solution space in section 4. In section 6, we present a detailed performance evaluation of asynchronous gradient descent, and conclusions with future directions in section 7."
      },
      {
        "heading": "2 RELATED WORK",
        "text": "Batch gradient descent is the most widely used algorithm for training Deep Learning models. This algorithm has been implemented several times for sequential, multi-core and many-core systems such as GPUs. The most widely used implementations are Caffe (Jia et al., 2014) (CPUs/GPUs), Warp-CTC (GPUs), Theano (Bastien et al., 2012; Bergstra et al., 2010) (CPUs/GPUs), Torch (Collobert et al., 2002) (CPUs/GPUs), CNTK (Agarwal et al., 2014) (GPUs and Distributed Memory using MPI) and Google TensorFlow (Abadi et al., 2015) which use nVIDIA CUDA Deep Neural Network (cuDNN).\nCaffe is one of the leading software tools for training and deploying deep learning algorithms, and it can be used to develop novel extensions to these algorithms such as the ones described below. Caffe supports execution on a single node (connected with several GPUs) and a version has been implemented that takes full advantage of Intel systems. While the research described below was performed using Caffe, the extensions can be applied to Tensorflow as well.\nCaffe (and other deep learning software) is also equipped with several optimizations designed to avoid significant problems in training deep networks. The vanishing gradient problem (Bianchini & Scarselli, 2014) causes deep networks to fail to learn much at all in the early layers, and was solved in (Hinton & Osindero, 2006) and (Bengio et al., 2007) where it was shown that a network could be trained one layer at a time with autoencoders (Hinton & Salakhutdinov, 2006), and then put together to form a single network (Vincent et al., 2010). Another optimization that helps to solve this problem is switching from sigmoidal neurons to rectified linear neurons.\nThe problem of accelerating gradient descent, especially disctributed across compute resources, is of interest to many researchers. Approaches generally fall into two categories, whether or not they are equivalent to having run using a single compute device; utilizing a single compute device necessarily computes gradient updates and applies them immediately to the model. Further, the gradient updates can be classified as either synchronous or asynchronous depending on whether the communication of the gradients can be overlapped with any computation of the gradients. For example, the DistBelief parameter server approach (Dean et al., 2012) computes gradient updates asynchronously based on an out-of-date copy of the model and applies them to the latest model. Though this is not equivalent to having run on a single device, it is able to process samples much faster.\nChen et al. (2016) revisit asynchronous gradient descent and propose a few synchronous variants in order to impove time to convergence. Notably, they show that waiting for all workers to complete, aggregating the gradients, and applying the gradients to the same common model (thereby each worker has a copy of the latest model) provides a good time to convergence while also leveraging multiple compute devices. Their approach is where this paper begins while additionally proposing approaches ranging from synchronous to parameter server variants."
      },
      {
        "heading": "3 FUNDAMENTALS",
        "text": ""
      },
      {
        "heading": "3.1 NEURAL NETWORKS",
        "text": "Machine Learning algorithms designed to emulate the computational structure of the brain to model data are called \u201cNeural Networks.\u201d The basic unit of a neural network is the neuron and neurons are connected to one another via synapses."
      },
      {
        "heading": "3.1.1 BACKPROPAGATION",
        "text": "Neural networks are trained through an algorithm called backpropagation. This is a means of computing gradients layer by layer to implement the gradient descent algorithm\u2019s update rule of\nw\u2032 = w + \u03bb\u2207wC (1) b\u2032 = b + \u03bb\u2207bC (2)\nwhere w are the weights, b the biases, \u03bb the learning rate, and C is a cost function to be optimized, usually square error or cross-entropy. This rule is often replaced by a slightly more complex rule, such as Adaptive Gradient Descent (AdaGrad) (Duchi et al., 2011) or Momentum (Qian, 1999).\nTo compute the gradients, we set W (`), b(`) the weights and biases for each layer, z(`+1) = W (`)a(`) + b(`) and a(`) = \u03c3(z(`)), where \u03c3 is the activation function. Let n` represent the number of layers. Then, we use Algorithm 1.\nAlgorithm 1 Back Propagation\n1: input: Data X \u2208 Rn\u00d7p and labels Y \u2208 Rn\u00d7` 2: for i from 1 to n do 3: Compute all z(`) and a(`). 4: \u03b4(n`) = \u2212(y \u2212 an`) \u03c3(z(n`)) 5: for ` from n` \u2212 1 to 2 do 6: \u03b4(`) = W `\u03b4(`+1) \u03c3\u2032(z(`)) 7: end for 8: \u2207W (`)C = \u03b4(`+1)a(`) T\n9: \u2207b(`)C = \u03b4(`+1) 10: end for\nAlthough there are several nonlinear activation functions in common use, the networks examined in this paper only include rectified linear units (ReLU) where ReLU(x) = max(0, x)."
      },
      {
        "heading": "3.2 CAFFE",
        "text": "Caffe (Jia et al., 2014) is one of the leading software packages for building and training neural networks. It provides abstractions for a wide range of topologies and for training them with many different types of optimizers. Caffe provides abstractions for operations on multi-dimensional arrays (tensors) which are essential for implementing Deep Learning algorithms. From an input tensor, an output tensor, and tensors for each hidden layer, Caffe constructs a computational graph that manages these tensors and their updates as a single object. Caffe is particularly useful for researchers, because it is heavily optimized and can be modified through an open source C++ backend.\nAs Caffe\u2019s runtime is implemented in C++, it can extract native performance from the computation environment it is run on. Furthermore, Caffe abstracts GPU computations, leveraging nVIDIA CUDA Deep Neural Network Library (cuDNN) for the task. We have modified this code for distributed memory computation on large scale systems using MPI to natively use network hardware for optimal performance. The base, synchronous implementation is similar to FireCaffe (Iandola et al., 2015), another distributed memory implementation of Caffe. Further modifications are described in Section 4.\nThere are three phases of computation within Caffe that pass over the enumerated layers of the network. First, the forward pass computes the output result given the samples from the input batch, starting at the first layer. Next, starting at the last (output) layer, based on the difference between the output result and the ground truth, the backward pass uses the backpropagation technique to compute the gradients for each layer. Lastly, one final pass is made over the network to apply the gradients to the weights and biases before starting the process over again with the next batch."
      },
      {
        "heading": "4 SOLUTION SPACE",
        "text": "The goal of improving gradient descent is to accelerate the time to solution without sacrificing the accuracy of the model. The base case to consider is then computing and applying gradients one batch at a time on a single compute device. One way to accelerate the computation while also maintaining equivalence to the sequential is to use data parallelism. Data parallelism is where the traditional batch is further subdivided into equally-sized mini-batches, each mini-batch is computed on separate devices, then the gradients resulting from each mini-batch is averaged together. Since each gradient update is itself an average, taking the average of the mini-gradients results in an update that is effectively the same as having computed the original batch size. This is called the effective batch size. Data parallelism is the approach we explore in this paper, attempting many ways of hiding the latency of the gradient communication that occurs between compute devices. We use MPI to communicate the gradients.\nCaffe provides callback methods in its C++ interface that interject user-defined functionality into key phases of the computation (see 3.2). Specifically, one user-defined function is executed immediately before the foward pass when the batch computation begins. The other user-defined function executes after the backward pass finishes, but before the application of the gradients to the weights and biases. Additional callback functions were added to support finer-grained control over the three phases of computation. One of the additional callbacks executes after each gradient is computed during the backward phase, once per set of learnable parameters, such as the weights or biases of a given layer. Another callback function that was added is called once per learnable parameter during the apply phase, just before the gradients are applied. Lastly, a callback function was added that turns the gradient application into a task queue, requesting additional tasks in an unspecified order until all gradients have been applied.\nA critical implementation detail for any of our proposed approaches is to make sure the individual network models maintained by each compute device start from the same random initial conditions for the weights and biases. Before the first batch is computed, the weights and biases from the master process are copied (broadcast) to the other processes. That way any gradients that are computed, when averaged together, are based on the same initial conditions."
      },
      {
        "heading": "4.1 SYNCHRONOUS GRADIENT DESCENT",
        "text": "Similar to what Chen et al. (2016) proposes and what is implemented in FireCaffe (Iandola et al., 2015), synchronous gradient descent averages the gradients from each mini-batch together before applying them, forming one complete batch at a time. The way this is implemented in Caffe is to use the callback function that executes when all gradients are ready to be applied. During this callback, MPI Allreduce is used to sum the gradients, placing the same resulting sum on each compute device. This function is blocking, meaning it returns control back to Caffe only after the sum is computed across all devices. Since the result is a sum and not the intended average, it is then scaled down based on the number of compute devices in use. It is important to note that the reduction operation can be performed in-place, meaning it can use the memory location directly holding the gradient without performing any costly memory copies, especially for networks with a large number of parameters such as AlexNet. This approach also has the important quality that the gradients are averaged after they have been used by each layer of the backpropagation, preserving the importance of any activations within the network against the mini-batch instead of against the effective batch."
      },
      {
        "heading": "4.2 LAYER-WISE GRADIENT DESCENT",
        "text": "Chen et al. (2016) proposes the pipelining of gradient computation and application. For example, the gradients of upper layers can be concurrently applied while computing the gradients of lower layers. This approach must be done carefully to maintain equivalence with the sequential base case. We make the observation that gradients can be averaged as soon as they are computed during the backward phase, instead of waiting for all gradients to be computed. However, adjacent layers will use and/or update the gradients of layers that have otherwise finished computing their gradients. This implies the averaging of the gradients must be performed on a copy of the gradients rather than in-place. Further, the averaging of the copied gradients must finish before they can be applied.\nWe utilize a background thread of computation in order to perform the gradient averaging concurrent with the remaining gradient computation. This provides maximal overlap of the communication latency with useful computation. There are a few options when to apply the averaged gradients. Waiting for all communication to finish before applying all gradients is straightfoward and similar to the synchronous approach described previously, though perhaps at least some of the communication latency would be overlapped. Another approach is to wait, one layer at a time, for the gradients for a particular layer to finish averaging and then apply the gradients. It is intuitive to perform the waiting in the same order in which backpropagation was performed, from the last layer to the first layer. Lastly, since all gradient updates are independent, we can perform them in an arbitrary order. This takes advantage of the observation that not all layers have the same number of parameters, and further, the gradients for the weights and the gradients for the biases can be averaged separately; the size of the weight gradients are typically larger than the bias gradients, implying that the bias gradients will complete their communication more quickly. Since the communcation of the various parameters can finish somewhat arbitrarily based on when the communication was initiated and the\nsize of the communication, we can apply the gradients as soon as they complete their averaging. We evaluate these strategies in 6."
      },
      {
        "heading": "4.3 ASYNCHRONOUS GRADIENT DESCENT",
        "text": "As stated in (Chen et al., 2016), parameter server implementations suffer from poor convergence since gradient updates are calculated based on out-of-date networks. Continuing with our data parallel approach, there is a lower limit to the size of the mini-batches and therefore the number of compute devices that can be utilized. As the amount of work per compute device decreases proportional to the decreasing size of the mini-batches, there is less computation available to mask the latency of the gradient averaging across the devices. Initiating the averaging layer-wise as described above may not be enough to mitigate this problem.\nWe propose delaying the application of the gradients by a fixed number of iterations much smaller than the number of compute devices as would have been done in a parameter server approach. The gradients are delayed by using a concurrent communication thread and applying the gradient one, two, or three iterations later thus giving the averaging enough time to complete as needed. If the gradient needs to be delayed by one iteration, this requires one communication thread and one additional buffer to hold the gradient; delaying by two iterations requires two communication threads and two additional buffers and so on. This approach is somewhere between a parameter server (Dean et al., 2012) and the various approaches that maintain equivalency with a sequential computation."
      },
      {
        "heading": "5 IMPLEMENTATION DETAILS",
        "text": "The implementations evaluated in this paper focus on data parallelism and the averaging of gradients across compute devices. This is achieved using MPI and parallel I/O."
      },
      {
        "heading": "5.1 HANDLING I/O",
        "text": "The data parallelism is achieved by distributing datasets across compute devices, partitioning them based on the number of devices utilized; each device receives a disjoint subset of the dataset and no samples are shuffled or exchanged between compute devices outside of the gradient averaging. Caffe frequently uses a database in LMDB format for its datasets, however this format cannot be used on remote (network) filesystems or even between processes on the same host. Caffe mitigates this issue when using more than one GPU on the same host by using a single I/O reading thread and a round-robin deal of the samples to device-specific queues. Our implementations mitigate this issue by first converting an LMDB database into a netCDF file (Rew & Davis, 1990). netCDF files can be read and partitioned using parallel MPI-IO via the parallel netCDF library (Li et al., 2003)."
      },
      {
        "heading": "5.2 DISTRIBUTED MEMORY IMPLEMENTATION USING MPI",
        "text": "For single-node GPU computation, using one or more GPU devices in a single host, Caffe provides a means of allocating one contiguous buffer to hold the data for the weights and biases and a second buffer to hold the gradients for each. We extended this approach for CPU hosts. A single contigous buffer allows the non-layer-wise, i.e., network-wise gradient averages to be performed using a single MPI reduction operation. The layer-wise implementations require one MPI reduction operation per network parameter. There is a fixed cost to start a communication primitive regardless of how much data is communicated. It is sometimes beneficial to aggregate otherwise many small communication requests into a larger one.\nAlthough Caffe provides a way of utilizing all GPUs within the host, it does not currently leverage NVIDIA\u2019s NCCL package (NVIDIA Corporation, 2015) for optimized, high-bandwidth collective communication routines. We used the NCCL equivalent to the MPI all reduction to sum gradients across GPU devices on the DGX-1 platform."
      },
      {
        "heading": "6 EXPERIMENTAL EVALUATION",
        "text": "In this section, we present an experimental evaluation and analysis of the heuristics described in section 4."
      },
      {
        "heading": "6.1 HARDWARE ARCHITECTURES",
        "text": "We evaluate using a CPU cluster as well as NVIDIA\u2019s speialized DGX-1 multi-GPU host system. Each node of the multi-node cluster consists of a multi-core Intel Sandybridge CPU connected via InfiniBand. We use Intel MPI 5.1.2 for performance evaluation. The heuristics are implemented in Caffe (Jia et al., 2014), specifically the intelcaffe branch designed to optimize performance on Intel CPUs.\nThe DGX-1 system contains 8 Pascal GPUs connected using the high-speed NVlink interconnect. For the DGX-1 evaluations, the latest version of Berkley\u2019s Caffe was modified to use the NCCL communicaiton primitives in addition to our algorithmic changes."
      },
      {
        "heading": "6.2 IMAGENET AND NETWORK ARCHITECTURES",
        "text": "We evaluate on two distinct network architectures trained on the ImageNet dataset. ImageNet refers specifically to the ILSVRC2015 (Russakovsky et al., 2015) dataset. This dataset consists of a training set of just under 1.3 million images of various sizes (as jpg files) divided among 1000 classes, along with a validation set consisting of 50000 images of the same type and classes. Additionally, for the competition, there is a testing set, but it is held separately and not available publicly. It is established as one of the benchmark dataset for machine learning with large datasets, and among the famous architectures that achieved record top 1 and top 5 accuracies on it are AlexNet (Krizhevsky et al., 2012) and GoogLeNet (Szegedy et al., 2015).\nWe evaluate on AlexNet and GoogLeNet because they are now well-established models with known training regimes and loss curves. They also demonstrate two different regimes for parallelization: AlexNet has approximately 60 million parameters that need to be communicated, whereas GoogLeNet has approximately 4 million. In contrast to the smaller amount of communication for GoogLeNet, it requires roughly twice the amount of time to process a each image than AlexNet does when communication is ignored."
      },
      {
        "heading": "6.3 EVALUATION",
        "text": "Figure 1 compares the implemented approaches relative to a communication-less baseline \u201cno comm\u201d. The effective batch sizes were 256 and 32 for AleNet and GoogLeNet, respectively. For example, using 8 compute devices for GoogLeNet uses a mini-batch size of 32/8 = 4. The evaluation on DGX-1 were limited to 8 compute devices whereas the CPU cluster evaluation eventually hit the strong scaling limit for data parallelism.\nThese results show that delaying the gradient updates by one or more iterations is the most effective means of hiding the communication latency. The layer-wise approaches did not perform as well as expected. These trends were consistent across both hardware platforms.\nThe layer-wise approaches, though promising as equivalent to a sequential computation, were not able to complete their gradient averages quickly enough. Compared to the delayed gradient approach, this is perhaps intuitive. The delayed gradient approach is able to hide the communication latency across all three complete phases of the computation whereas the layer-wise approaches only have as long as it takes to complete the backpropagation phase. This is not enough time to complete the communication, especially as the mini-batch sizes decrease and therefore provide less work to mask the communication.\nIn addition to looking at the time per batch above, the rates of convergence of these heuristics must be evaluated. All of the heuristics completed training AlexNet to the standard top-1 accuracy of \u2248 54% using the default AlexNet settings that come with Caffe. However, it is worth noting that at the beginning of training, they showed different loss curves showing that there is a tradeoff between number of batches per second and accuracy at a given batch as shown in Table 1.\nWe also evaluated whether these approaches converged in addition to just improving the number of iterations per second. All approaches evaluated managed to converge within the exepcted number of iterations. Notably, AlexNet on DGX-1 reached convergence in 11 hours using the delayed gradient approach and two communication threads using the standard AlexNet network from Caffe."
      },
      {
        "heading": "7 CONCLUSIONS",
        "text": "There is a tradeoff between maintaining equivalence to sequential methods versus leveraging the vast computational resources available for gradient descent. We find that asynchronous methods can give a 1.7x speedup while not sacrificing accuracy at the end of an otherwise identical training regime. This improvement was achieved without the need for a warm start, contrary to previously published results using parameter servers."
      }
    ],
    "references": [
      {
        "title": "TensorFlow: Large-scale machine learning on heterogeneous systems",
        "author": [
          "cent Vanhoucke",
          "Vijay Vasudevan",
          "Fernanda Vi\u00e9gas",
          "Oriol Vinyals",
          "Pete Warden",
          "Martin Wattenberg",
          "Martin Wicke",
          "Yuan Yu",
          "Xiaoqiang Zheng"
        ],
        "venue": null,
        "citeRegEx": "Vanhoucke et al\\.,? \\Q2015\\E",
        "shortCiteRegEx": "Vanhoucke et al\\.",
        "year": 2015
      },
      {
        "title": "An introduction to computational networks and the computational network toolkit",
        "author": [
          "colm Slaney",
          "Andreas Stolcke",
          "Yongqiang Wang",
          "Huaming Wang",
          "Kaisheng Yao",
          "Dong Yu",
          "Yu Zhang",
          "Geoffrey Zweig"
        ],
        "venue": "Technical Report MSR-TR-2014-112,",
        "citeRegEx": "Slaney et al\\.,? \\Q2014\\E",
        "shortCiteRegEx": "Slaney et al\\.",
        "year": 2014
      },
      {
        "title": "Theano: new features and speed improvements",
        "author": [
          "Fr\u00e9d\u00e9ric Bastien",
          "Pascal Lamblin",
          "Razvan Pascanu",
          "James Bergstra",
          "Ian J. Goodfellow",
          "Arnaud Bergeron",
          "Nicolas Bouchard",
          "Yoshua Bengio"
        ],
        "venue": "Deep Learning and Unsupervised Feature Learning NIPS 2012 Workshop,",
        "citeRegEx": "Bastien et al\\.,? \\Q2012\\E",
        "shortCiteRegEx": "Bastien et al\\.",
        "year": 2012
      },
      {
        "title": "Greedy layer-wise training of deep networks",
        "author": [
          "Yoshua Bengio",
          "Pascal Lamblin",
          "Dan Popovici",
          "Hugo Larochelle"
        ],
        "venue": "Advances in Neural Information Processing Systems",
        "citeRegEx": "Bengio et al\\.,? \\Q2007\\E",
        "shortCiteRegEx": "Bengio et al\\.",
        "year": 2007
      },
      {
        "title": "Theano: a CPU and GPU math expression compiler",
        "author": [
          "James Bergstra",
          "Olivier Breuleux",
          "Fr\u00e9d\u00e9ric Bastien",
          "Pascal Lamblin",
          "Razvan Pascanu",
          "Guillaume Desjardins",
          "Joseph Turian",
          "David Warde-Farley",
          "Yoshua Bengio"
        ],
        "venue": "In Proceedings of the Python for Scientific Computing Conference (SciPy),",
        "citeRegEx": "Bergstra et al\\.,? \\Q2010\\E",
        "shortCiteRegEx": "Bergstra et al\\.",
        "year": 2010
      },
      {
        "title": "On the complexity of neural network classifiers: A comparison between shallow and deep architectures",
        "author": [
          "Monica Bianchini",
          "Franco Scarselli"
        ],
        "venue": "IEEE Transactions on Neural Networks and Learning Systems,",
        "citeRegEx": "Bianchini and Scarselli.,? \\Q2014\\E",
        "shortCiteRegEx": "Bianchini and Scarselli.",
        "year": 2014
      },
      {
        "title": "Revisiting distributed synchronous SGD",
        "author": [
          "Jianmin Chen",
          "Rajat Monga",
          "Samy Bengio",
          "Rafal J\u00f3zefowicz"
        ],
        "venue": "CoRR, abs/1604.00981,",
        "citeRegEx": "Chen et al\\.,? \\Q2016\\E",
        "shortCiteRegEx": "Chen et al\\.",
        "year": 2016
      },
      {
        "title": "Torch: A modular machine learning software",
        "author": [
          "Ronan Collobert",
          "Samy Bengio",
          "Johnny Marithoz"
        ],
        "venue": null,
        "citeRegEx": "Collobert et al\\.,? \\Q2002\\E",
        "shortCiteRegEx": "Collobert et al\\.",
        "year": 2002
      },
      {
        "title": "Large scale distributed deep networks",
        "author": [
          "Jeffrey Dean",
          "Greg Corrado",
          "Rajat Monga",
          "Kai Chen",
          "Matthieu Devin",
          "Mark Mao",
          "Marc\u2019aurelio Ranzato",
          "Andrew Senior",
          "Paul Tucker",
          "Ke Yang",
          "Quoc V. Le",
          "Andrew Y. Ng"
        ],
        "venue": "Advances in Neural Information Processing Systems",
        "citeRegEx": "Dean et al\\.,? \\Q2012\\E",
        "shortCiteRegEx": "Dean et al\\.",
        "year": 2012
      },
      {
        "title": "Adaptive subgradient methods for online learning and stochastic optimization",
        "author": [
          "John Duchi",
          "Elad Hazan",
          "Yoram Singer"
        ],
        "venue": "J. Mach. Learn. Res.,",
        "citeRegEx": "Duchi et al\\.,? \\Q2011\\E",
        "shortCiteRegEx": "Duchi et al\\.",
        "year": 2011
      },
      {
        "title": "A High-Performance, Portable Implementation of the MPI Message Passing Interface Standard",
        "author": [
          "W. Gropp",
          "E. Lusk",
          "N. Doss",
          "A. Skjellum"
        ],
        "venue": "Parallel Computing,",
        "citeRegEx": "Gropp et al\\.,? \\Q1996\\E",
        "shortCiteRegEx": "Gropp et al\\.",
        "year": 1996
      },
      {
        "title": "Reducing the dimensionality of data with neural networks",
        "author": [
          "G E Hinton",
          "R R Salakhutdinov"
        ],
        "venue": "Science,",
        "citeRegEx": "Hinton and Salakhutdinov.,? \\Q2006\\E",
        "shortCiteRegEx": "Hinton and Salakhutdinov.",
        "year": 2006
      },
      {
        "title": "A fast learning algorithm for deep belief nets",
        "author": [
          "Geoffrey E. Hinton",
          "Simon Osindero"
        ],
        "venue": "Neural Computation,",
        "citeRegEx": "Hinton and Osindero.,? \\Q2006\\E",
        "shortCiteRegEx": "Hinton and Osindero.",
        "year": 2006
      },
      {
        "title": "Firecaffe: nearlinear acceleration of deep neural network training on compute clusters",
        "author": [
          "Forrest N Iandola",
          "Khalid Ashraf",
          "Mattthew W Moskewicz",
          "Kurt Keutzer"
        ],
        "venue": "arXiv preprint arXiv:1511.00175,",
        "citeRegEx": "Iandola et al\\.,? \\Q2015\\E",
        "shortCiteRegEx": "Iandola et al\\.",
        "year": 2015
      },
      {
        "title": "Caffe: Convolutional architecture for fast feature embedding",
        "author": [
          "Yangqing Jia",
          "Evan Shelhamer",
          "Jeff Donahue",
          "Sergey Karayev",
          "Jonathan Long",
          "Ross Girshick",
          "Sergio Guadarrama",
          "Trevor Darrell"
        ],
        "venue": "arXiv preprint arXiv:1408.5093,",
        "citeRegEx": "Jia et al\\.,? \\Q2014\\E",
        "shortCiteRegEx": "Jia et al\\.",
        "year": 2014
      },
      {
        "title": "Imagenet classification with deep convolutional neural networks",
        "author": [
          "Alex Krizhevsky",
          "Ilya Sutskever",
          "Geoffrey E. Hinton"
        ],
        "venue": "Advances in Neural Information Processing Systems",
        "citeRegEx": "Krizhevsky et al\\.,? \\Q2012\\E",
        "shortCiteRegEx": "Krizhevsky et al\\.",
        "year": 2012
      },
      {
        "title": "Parallel netcdf: A highperformance scientific i/o interface",
        "author": [
          "Jianwei Li",
          "Wei-keng Liao",
          "Alok Choudhary",
          "Robert Ross",
          "Rajeev Thakur",
          "William Gropp",
          "Robert Latham",
          "Andrew Siegel",
          "Brad Gallagher",
          "Michael Zingale"
        ],
        "venue": "In Supercomputing,",
        "citeRegEx": "Li et al\\.,? \\Q2003\\E",
        "shortCiteRegEx": "Li et al\\.",
        "year": 2003
      },
      {
        "title": "On the momentum term in gradient descent learning algorithms",
        "author": [
          "Ning Qian"
        ],
        "venue": "Neural Networks,",
        "citeRegEx": "Qian.,? \\Q1999\\E",
        "shortCiteRegEx": "Qian.",
        "year": 1999
      },
      {
        "title": "Netcdf: an interface for scientific data access",
        "author": [
          "Russ Rew",
          "Glenn Davis"
        ],
        "venue": "IEEE computer graphics and applications,",
        "citeRegEx": "Rew and Davis.,? \\Q1990\\E",
        "shortCiteRegEx": "Rew and Davis.",
        "year": 1990
      },
      {
        "title": "Going deeper with convolutions",
        "author": [
          "Christian Szegedy",
          "Wei Liu",
          "Yangqing Jia",
          "Pierre Sermanet",
          "Scott Reed",
          "Dragomir Anguelov",
          "Dumitru Erhan",
          "Vincent Vanhoucke",
          "Andrew Rabinovich"
        ],
        "venue": "In CVPR 2015,",
        "citeRegEx": "Szegedy et al\\.,? \\Q2015\\E",
        "shortCiteRegEx": "Szegedy et al\\.",
        "year": 2015
      },
      {
        "title": "Stacked denoising autoencoders: Learning useful representations in a deep network with a local denoising criterion",
        "author": [
          "Pascal Vincent",
          "Hugo Larochelle",
          "Isabelle Lajoie",
          "Yoshua Bengio",
          "Pierre-Antoine Manzagol"
        ],
        "venue": "J. Mach. Learn. Res.,",
        "citeRegEx": "Vincent et al\\.,? \\Q2010\\E",
        "shortCiteRegEx": "Vincent et al\\.",
        "year": 2010
      }
    ],
    "referenceMentions": [
      {
        "referenceID": 10,
        "context": "Implementations such as CNTK, FireCaffe and MaTEx use MPI (Gropp et al., 1996; Geist et al., 1996) \u2013 which makes them a natural fit for high-end systems.",
        "startOffset": 58,
        "endOffset": 98
      },
      {
        "referenceID": 10,
        "context": "\u2022 We implement our approaches and other baseline techniques using the Machine Learning Toolkit for Extreme Scale (MaTEx), which consists of a distributed memory implementation of Caffe using MPI (Gropp et al., 1996; Geist et al., 1996).",
        "startOffset": 195,
        "endOffset": 235
      },
      {
        "referenceID": 14,
        "context": "The most widely used implementations are Caffe (Jia et al., 2014) (CPUs/GPUs), Warp-CTC (GPUs), Theano (Bastien et al.",
        "startOffset": 47,
        "endOffset": 65
      },
      {
        "referenceID": 2,
        "context": ", 2014) (CPUs/GPUs), Warp-CTC (GPUs), Theano (Bastien et al., 2012; Bergstra et al., 2010) (CPUs/GPUs), Torch (Collobert et al.",
        "startOffset": 45,
        "endOffset": 90
      },
      {
        "referenceID": 4,
        "context": ", 2014) (CPUs/GPUs), Warp-CTC (GPUs), Theano (Bastien et al., 2012; Bergstra et al., 2010) (CPUs/GPUs), Torch (Collobert et al.",
        "startOffset": 45,
        "endOffset": 90
      },
      {
        "referenceID": 7,
        "context": ", 2010) (CPUs/GPUs), Torch (Collobert et al., 2002) (CPUs/GPUs), CNTK (Agarwal et al.",
        "startOffset": 27,
        "endOffset": 51
      },
      {
        "referenceID": 3,
        "context": "The vanishing gradient problem (Bianchini & Scarselli, 2014) causes deep networks to fail to learn much at all in the early layers, and was solved in (Hinton & Osindero, 2006) and (Bengio et al., 2007) where it was shown that a network could be trained one layer at a time with autoencoders (Hinton & Salakhutdinov, 2006), and then put together to form a single network (Vincent et al.",
        "startOffset": 180,
        "endOffset": 201
      },
      {
        "referenceID": 20,
        "context": ", 2007) where it was shown that a network could be trained one layer at a time with autoencoders (Hinton & Salakhutdinov, 2006), and then put together to form a single network (Vincent et al., 2010).",
        "startOffset": 176,
        "endOffset": 198
      },
      {
        "referenceID": 8,
        "context": "For example, the DistBelief parameter server approach (Dean et al., 2012) computes gradient updates asynchronously based on an out-of-date copy of the model and applies them to the latest model.",
        "startOffset": 54,
        "endOffset": 73
      },
      {
        "referenceID": 2,
        "context": ", 2014) (CPUs/GPUs), Warp-CTC (GPUs), Theano (Bastien et al., 2012; Bergstra et al., 2010) (CPUs/GPUs), Torch (Collobert et al., 2002) (CPUs/GPUs), CNTK (Agarwal et al., 2014) (GPUs and Distributed Memory using MPI) and Google TensorFlow (Abadi et al., 2015) which use nVIDIA CUDA Deep Neural Network (cuDNN). Caffe is one of the leading software tools for training and deploying deep learning algorithms, and it can be used to develop novel extensions to these algorithms such as the ones described below. Caffe supports execution on a single node (connected with several GPUs) and a version has been implemented that takes full advantage of Intel systems. While the research described below was performed using Caffe, the extensions can be applied to Tensorflow as well. Caffe (and other deep learning software) is also equipped with several optimizations designed to avoid significant problems in training deep networks. The vanishing gradient problem (Bianchini & Scarselli, 2014) causes deep networks to fail to learn much at all in the early layers, and was solved in (Hinton & Osindero, 2006) and (Bengio et al., 2007) where it was shown that a network could be trained one layer at a time with autoencoders (Hinton & Salakhutdinov, 2006), and then put together to form a single network (Vincent et al., 2010). Another optimization that helps to solve this problem is switching from sigmoidal neurons to rectified linear neurons. The problem of accelerating gradient descent, especially disctributed across compute resources, is of interest to many researchers. Approaches generally fall into two categories, whether or not they are equivalent to having run using a single compute device; utilizing a single compute device necessarily computes gradient updates and applies them immediately to the model. Further, the gradient updates can be classified as either synchronous or asynchronous depending on whether the communication of the gradients can be overlapped with any computation of the gradients. For example, the DistBelief parameter server approach (Dean et al., 2012) computes gradient updates asynchronously based on an out-of-date copy of the model and applies them to the latest model. Though this is not equivalent to having run on a single device, it is able to process samples much faster. Chen et al. (2016) revisit asynchronous gradient descent and propose a few synchronous variants in order to impove time to convergence.",
        "startOffset": 46,
        "endOffset": 2331
      },
      {
        "referenceID": 9,
        "context": "This rule is often replaced by a slightly more complex rule, such as Adaptive Gradient Descent (AdaGrad) (Duchi et al., 2011) or Momentum (Qian, 1999).",
        "startOffset": 105,
        "endOffset": 125
      },
      {
        "referenceID": 17,
        "context": ", 2011) or Momentum (Qian, 1999).",
        "startOffset": 20,
        "endOffset": 32
      },
      {
        "referenceID": 14,
        "context": "Caffe (Jia et al., 2014) is one of the leading software packages for building and training neural networks.",
        "startOffset": 6,
        "endOffset": 24
      },
      {
        "referenceID": 13,
        "context": "The base, synchronous implementation is similar to FireCaffe (Iandola et al., 2015), another distributed memory implementation of Caffe.",
        "startOffset": 61,
        "endOffset": 83
      },
      {
        "referenceID": 13,
        "context": "(2016) proposes and what is implemented in FireCaffe (Iandola et al., 2015), synchronous gradient descent averages the gradients from each mini-batch together before applying them, forming one complete batch at a time.",
        "startOffset": 53,
        "endOffset": 75
      },
      {
        "referenceID": 6,
        "context": "Similar to what Chen et al. (2016) proposes and what is implemented in FireCaffe (Iandola et al.",
        "startOffset": 16,
        "endOffset": 35
      },
      {
        "referenceID": 6,
        "context": "As stated in (Chen et al., 2016), parameter server implementations suffer from poor convergence since gradient updates are calculated based on out-of-date networks.",
        "startOffset": 13,
        "endOffset": 32
      },
      {
        "referenceID": 8,
        "context": "This approach is somewhere between a parameter server (Dean et al., 2012) and the various approaches that maintain equivalency with a sequential computation.",
        "startOffset": 54,
        "endOffset": 73
      },
      {
        "referenceID": 16,
        "context": "netCDF files can be read and partitioned using parallel MPI-IO via the parallel netCDF library (Li et al., 2003).",
        "startOffset": 95,
        "endOffset": 112
      },
      {
        "referenceID": 14,
        "context": "The heuristics are implemented in Caffe (Jia et al., 2014), specifically the intelcaffe branch designed to optimize performance on Intel CPUs.",
        "startOffset": 40,
        "endOffset": 58
      },
      {
        "referenceID": 15,
        "context": "It is established as one of the benchmark dataset for machine learning with large datasets, and among the famous architectures that achieved record top 1 and top 5 accuracies on it are AlexNet (Krizhevsky et al., 2012) and GoogLeNet (Szegedy et al.",
        "startOffset": 193,
        "endOffset": 218
      },
      {
        "referenceID": 19,
        "context": ", 2012) and GoogLeNet (Szegedy et al., 2015).",
        "startOffset": 22,
        "endOffset": 44
      }
    ],
    "year": 2016,
    "abstractText": "In this paper, we present multiple approaches for improving the performance of gradient descent when utilizing mutiple compute resources. The proposed approaches span a solution space ranging from equivalence to running on a single compute device to delaying gradient updates a fixed number of times. We present a new approach, asynchronous layer-wise gradient descent that maximizes overlap of layer-wise backpropagation (computation) with gradient synchronization (communication). This approach provides maximal theoretical equivalence to the de facto gradient descent algorithm, requires limited asynchronicity across multiple iterations of gradient descent, theoretically improves overall speedup, while minimizing the additional space requirements for asynchronicity. We implement all of our proposed approaches using Caffe \u2013 a high performance Deep Learning library \u2013 and evaluate it on both an Intel Sandy Bridge cluster connected with InfiniBand as well as an NVIDIA DGX-1 connected with NVLink. The evaluations are performed on a set of well known workloads including AlexNet and GoogleNet on the ImageNet dataset. Our evaluation of these neural network topologies indicates asynchronous gradient descent has a speedup of up to 1.7x compared to synchronous.",
    "creator": "LaTeX with hyperref package"
  }
}