{
  "name": "628.pdf",
  "metadata": {
    "source": "CRF",
    "title": null,
    "authors": [
      "SCENE UNDERSTANDING",
      "Abram L. Friesen"
    ],
    "emails": [
      "afriesen@cs.washington.edu",
      "pedrod@cs.washington.edu"
    ],
    "sections": [
      {
        "heading": "1 INTRODUCTION",
        "text": "Sum-product networks (SPNs) (Poon & Domingos, 2011; Gens & Domingos, 2012) are a class of deep probabilistic models that consist of many layers of hidden variables and can have unbounded treewidth. Despite this depth and corresponding expressivity, exact inference in SPNs is guaranteed to take time linear in their size, allowing their structure and parameters to be learned effectively from data. However, there are still many models for which the corresponding SPN has size exponential in the number of variables and is thus intractable. For example, in scene understanding (or semantic segmentation), the goal is to label each pixel of an image with its semantic class, which requires simultaneously detecting, segmenting, and recognizing each object in the scene. Even the simplest SPN for scene understanding is intractable, as it must represent the exponentially large set of segmentations of the image into its constituent objects.\nScene understanding is commonly formulated as a flat Markov (or conditional) random field (MRF) over the pixels or superpixels of an image (e.g., Shotton et al. (2006); Gould et al. (2009)). Inference in MRFs is intractable in general; however, there exist restrictions of the MRF that enable tractable inference. For pairwise binary MRFs, if the energy of each pairwise term is submodular (alternatively, attractive or regular) (Kolmogorov & Zabih, 2004), meaning that each pair of neighboring pixels prefers to have the same label, then the exact MAP labeling of the MRF can be recovered in low-order polynomial time through the use of a graph cut algorithm1 (Greig et al., 1989; Boykov & Kolmogorov, 2004). This result from the binary case has been used to develop a number of powerful approximate algorithms for the multi-label case (e.g., Komodakis et al. (2007); Lempitsky et al. (2010)), the most well-known of which is \u03b1-expansion (Boykov et al., 2001), which efficiently returns an approximate labeling that is within a constant factor of the true optimum by solving a series of binary graph cut problems. Unfortunately, pairwise MRFs are insufficiently expressive for com-\n1Formally, a min-cut/max-flow algorithm(Ahuja et al., 1993) on a graph constructed from the MRF.\nplex tasks such as scene understanding, as they are unable to model high-level relationships, such as constituency (part-subpart) or subcategorization (superclass-subclass), between arbitrary regions of the image, unless these can be encoded in the labels of the MRF and enforced between pairs of (super)pixels. However, this encoding requires a combinatorial number of labels, which is intractable. Instead, higher-level structure is needed to efficiently represent these relationships.\nIn this paper, we present submodular sum-product networks (SSPNs), a novel model that combines the expressive power of sum-product networks with the tractable segmentation properties of submodular energies. An SSPN is a sum-product network in which the weight of each child of a sum node corresponds to the energy of a particular labeling of a submodular energy function. Equivalently, an SSPN over an image corresponds to an instantiation of all possible parse trees of that image with respect to a given image grammar, where the probability distribution over the segmentations of a production on a particular region is defined by a submodular random field over the pixels in that region. Importantly, SSPNs permit objects and regions to take arbitrary shapes, instead of restricting the set of possible shapes as has previously been necessary for tractable inference. By exploiting submodularity, we develop a highly-efficient approximate inference algorithm, INFERSSPN, for computing the MAP state of the SSPN (equivalently, the optimal parse of the image). INFERSSPN is an iterative move-making-style algorithm that provably converges to a local minimum of the energy, reduces to \u03b1-expansion in the case of a trivial grammar, and has complexity O(|G|c(n)) for each iteration, where c(n) is the complexity of a single graph cut and |G| is the size of the grammar. As with other move-making algorithms, INFERSSPN converges to a local minimum with respect to an exponentially-large set of neighbors, overcoming many of the main issues of local minima (Boykov et al., 2001). Empirically, we compare INFERSSPN to belief propagation (BP) on a multilevel MRF and to \u03b1-expansion on an equivalent flat MRF. We show that INFERSSPN parses images in exponentially less time than both of these while returning energies comparable to \u03b1-expansion, which is guaranteed to return energies within a constant factor of the true optimum.\nThe literature on using higher-level information for scene understanding is vast. We briefly discuss the most relevant work on hierarchical random fields over multiple labels, image grammars for segmentation, and neural parsing methods. Hierarchical random field models (e.g., Russell et al. (2010); Lempitsky et al. (2011)) define MRFs with multiple layers of hidden variables and then perform inference, often using graph cuts to efficiently extract the MAP solution. However, these models are typically restricted to just a few layers and to pre-computed segmentations of the image, and thus do not allow arbitrary region shapes. In addition, they require a combinatorial number of labels to encode complex grammar structures. Previous grammar-based methods for scene understanding, such as Zhu & Mumford (2006) and Zhao & Zhu (2011), have used MRFs with AND-OR graphs (Dechter & Mateescu, 2007), but needed to restrict their grammars to a very limited set of productions and region shapes in order to perform inference in reasonable time, and are thus much less expressive than SSPNs. Finally, neural parsing methods such as those in Socher et al. (2011) and Sharma et al. (2014) use recursive neural network architectures over superpixel-based features to segment an image; thus, these methods also do not allow arbitrary region shapes. Further, Socher et al. (2011) greedily combine regions to form parse trees, while (Sharma et al., 2014) use randomly generated parse trees, whereas inference in SSPNs finds the (approximately) optimal parse tree."
      },
      {
        "heading": "2 SUBMODULAR SUM-PRODUCT NETWORKS",
        "text": "In the following, we define submodular sum-product networks (SSPNs) in terms of an image grammar because this simplifies the exposition with respect to the structure of the sum-product network (SPN) and because scene understanding is the domain we use to evaluate SSPNs. However, it is not necessary to define SSPNs in this way, and our results extend to any SPN with sum-node weights defined by a random field with submodular potentials. Due to lack of space we refer readers to Gens & Domingos (2012), Poon & Domingos (2011) and Gens & Domingos (2013) for SPN details.\nWith respect to scene understanding, an SSPN defines a generative model of an image and a hierarchy of regions within that image where each region is labeled with a production (and implicitly by the head symbol of that production), can have arbitrary shape, and is a subset of the region of each of its ancestors. An example of an SSPN for parsing a farm scene is shown in Figure 1. Given a starting symbol and the region containing the entire image, the generative process is to first choose a production of that symbol into its constituent symbols and then choose a segmentation of the region into a set of mutually exclusive and exhaustive subregions, with one subregion per constituent sym-\nbol. The process then recurses, choosing a production and a segmentation for each subregion given its symbol. The recursion terminates when one of the constituents is a terminal symbol, at which point the pixels corresponding to that region of the image are generated. This produces a parse tree in which each internal node is a pair containing a region and a production of the region, and the leaves are regions of pixels. For each node in a parse tree, the regions of its children are mutually exclusive and exhaustive with respect to the parent node\u2019s region. As in a probabilistic context-free grammar (PCFG) (Jurafsky & Martin, 2000), productions are chosen from a categorical distribution over the productions of the current symbol. Segmentations of a given region, however, are sampled from a (submodular) Markov random field (MRF) over the pixels in the region.\nFormally, let G = (N,\u03a3, R, S,w) be a non-recursive stochastic grammar, where N is a finite set of nonterminal symbols; \u03a3 is a finite set of terminal symbols; R is a finite set of productions R = {v : X \u2192 Y1Y2 . . . Yk} with head symbol X \u2208 N and constituent symbols Yi \u2208 N \u222a \u03a3 for i = 1 . . . k and k > 0; S \u2208 N is a distinguished start symbol, meaning that it does not appear on the right-hand side of any production; and w are the weights that parameterize the probability distribution defined by G. For a production v \u2208 t in a parse tree t \u2208 TG, we denote its region as Pv and its parent and children as pa(v) and ch(v), respectively, where TG is the set of possible parse trees under the grammar G. The labeling corresponding to the segmentation of the pixels in Pv for production v : X \u2192 Y1 . . . Yk is yv \u2208 Y |Pv|v , where Yv = {Y1, . . . , Yk}. The region of any production v \u2208 t is the set of pixels in Ppa(v) whose assigned label is the head of v, i.e., Pv = {p \u2208 Ppa(v) : y pa(v) p = head(v)}, except for the production of the start symbol, which has\nthe entire image as its region. The probability of an image x is pw(x) = \u2211\nt\u2208TG pw(t,x), where the joint probability of parse tree t and the image is the product over all productions in t of the probability of choosing that production v and then segmenting its region Pv according to yv:\npw(t,x) = 1\nZ exp(\u2212Ew(t,x)) =\n1 Z exp(\u2212 \u2211 v\u2208t Evw(v,y v, head(v),Pv,x)).\nHere, Z = \u2211\nt\u2208TG exp(\u2212Ew(t,x)) is the partition function, w are the model parameters, and E is the energy function. In the following, we will simplify notation by omitting head(v), Pv , x, w, and superscript v from the energy function when they are clear from context. The energy of a production and its segmentation on the region Pv are given by a pairwise Markov random field (MRF) as E(v,yv) = \u2211 p\u2208Pv \u03b8 v p(y v p ;w) + \u2211 (p,q)\u2208Ev \u03b8 v pq(y v p , y v q ;w), where \u03b8 v p and \u03b8 v pq are the unary and pairwise costs of the segmentation MRF, {yvp : p \u2208 Pv} is the labeling defining the segmentation of the pixels in the current region, and Ev are the edges in Pv . Without loss of generality we assume that Ev contains only one of (p, q) or (q, p), since the two terms can always be combined. Here, \u03b8vp is the per-pixel data cost and \u03b8vpq is the boundary term, which penalizes adjacent pixels within the same region that have different labels. We describe these terms in more detail below. In general, even computing the segmentation for a single production is intractable. In order to permit efficient inference, we require that \u03b8vpq satisfies the submodularity condition \u03b8 v pq(Y1, Y1) + \u03b8 v pq(Y2, Y2) \u2264 \u03b8vpq(Y1, Y2) + \u03b8 v pq(Y2, Y1) for all productions v : X \u2192 Y1Y2 once the grammar has been converted to a grammar in which each production has only two constituents, which is always possible and in the worst case increases the grammar size quadratically (Jurafsky & Martin, 2000; Chomsky,\n1959). We also require for every production v \u2208 R and for every production c that is a descendant of v in the grammar that \u03b8vpq(y v p , y v q ) \u2265 \u03b8cpq(ycp, ycq) for all possible labelings (yvp , yvq , ycp, ycq), where yvp , y v q \u2208 Yv and ycp, ycq \u2208 Yc. This condition ensures that segmentations for higher-level productions are submodular, no matter what occurs below them. It also encodes the reasonable assumption that higher-level abstractions are separated by stronger, shorter boundaries (relative to their size), while lower-level objects are more likely to be composed of smaller, more intricately-shaped regions.\nThe above model defines a sum-product network containing a sum node for each possible region of each nonterminal, a product node for each segmentation of each production of each possible region of each nonterminal, and a leaf function on the pixels of the image for each possible region of the image for each terminal symbol. The children of the sum node s for nonterminal Xs with region Ps are all product nodes r with a production vr : Xs \u2192 Y1 . . . Yk and region Pvr = Ps. Each product node corresponds to a labeling yvr of Pvr and the edge to its parent sum node has weight exp(\u2212E(v,yvr ,Pvr )). The children of product node r are the sum or leaf nodes with matching regions that correspond to the constituent nonterminals or terminals of vr, respectively. Since the weights of the edges from a sum node to its children correspond to submodular energy functions, we call this a submodular sum-product network (SSPN).\nA key benefit of SSPNs in comparison to previous grammar-based approaches is that regions can have arbitrary shapes and are not restricted to a small class of shapes such as rectangles (Poon & Domingos, 2011; Zhao & Zhu, 2011). This flexibility is important when parsing images, as realworld objects and abstractions can take any shape, but it comes with a combinatorial explosion of possible parses. However, by exploiting submodularity, we are able to develop an efficient inference algorithm for SSPNs, allowing us to efficiently parse images into a hierarchy of arbitrarily-shaped regions and objects, yielding a very expressive model class. This efficiency is despite the size of the underlying SSPN, which is in general far too large to explicitly instantiate."
      },
      {
        "heading": "2.1 MRF SEGMENTATION DETAILS",
        "text": "As discussed above, the energy of each segmentation of a region for a given production is defined by a submodular MRF E(v,yv) = \u2211 p\u2208Pv \u03b8 v p(y v p ;w) + \u2211 (p,q)\u2208Ev \u03b8 v pq(y v p , y v q ;w). The unary terms in E(v,yv) differ depending on whether the label yvp corresponds to a terminal or nonterminal symbol. For a terminal T \u2208 \u03a3, the unary terms are a linear function of the image features \u03b8vp(yvp = T ;w) = wPCv +w > T \u03c6 U p , wherew PC v is an element of w that specifies the cost of v relative to other productions and \u03c6Up is a feature vector representing the local appearance of pixel p. In our experiments, \u03c6 U p is the output of a deep neural network. For labels corresponding to a nonterminal X \u2208 N , the unary terms are \u03b8vp(y v p = X;w) = w PC v + \u03b8 c p(y c p), where c is the child production of v in the current parse tree that contains p, such that p \u2208 Pc. This dependence makes inference challenging, because the choice of children in the parse tree itself depends on the region that is being parsed as X , which depends on the segmentation this unary is being used to compute.\nThe pairwise terms in E(v,yv) are a recursive version of the standard contrast-dependent pairwise boundary potential (e.g., Shotton et al. (2006)) defined for each production v and each pair of adjacent pixels p, q as \u03b8vpq(y v p , y v q ;w) = w BF v exp(\u2212\u03b2\u22121||\u03c6Bp \u2212\u03c6Bq ||2)\u00b7[yvp 6= yvq ]+\u03b8cpq(ycp, ycq;w), where \u03b2 is half the average image contrast between all adjacent pixels in an image, wBFv is the boundary factor that controls the relative cost of this term for each production, \u03c6Bp is the pairwise per-pixel feature vector, c is the same as in the unary term above, and [\u00b7] is the indicator function, which has value 1 when its argument is true and is 0 otherwise. For each pair of pixels (p, q), only one such term will ever be non-zero, because once two pixels are labeled differently at a node in the parse tree, they are placed in separate subtrees and thus never co-occur in any region below the current node. In our experiments, \u03c6Bp are the intensity values for each pixel."
      },
      {
        "heading": "3 INFERENCE",
        "text": "Scene understanding (or semantic segmentation) requires labeling each pixel of an image with its semantic class. By constructing a grammar containing a set of nonterminals in one-to-one correspondence with the semantic labels and only allowing these symbols to produce terminals, we can recover the semantic segmentation of an image from a parse tree for this grammar. In the simplest case, a grammar need contain only one additional production from the start symbol to all other nonterminals. More generally, however, the grammar encodes rich structure about the relationships\n- confusing part: not clear that X->Y->AB in subregion of LHS figure is just sub-selecting from existing parse of Y->AB over entire region - need to explain clearly what\u2019s happening\u2026\n- confusing par : not clear that X->Y->AB in subregion of LHS figure is just sub-selecting from existing parse of Y->AB over entire region - eed to explain clearly what\u2019s happening\u2026\nbetween image regions at various levels of abstraction, including concepts such as composition and subcategorization. Identifying the relevant structure and relationships for a particular image entails finding the best parse of an image x given a grammarG (or, equivalently, performing MAP inference in the corresponding SSPN), i.e., t\u2217 = arg maxt\u2208TG p(t|x) = arg mint\u2208TG \u2211 v\u2208tE(v,y v,x).\nIn PCFGs over sentences (Jurafsky & Martin, 2000), the optimal parse can be recovered exactly in timeO(n3|G|) with the CYK algorithm (Hopcroft & Ullman, 1979), where n is the length of the sentence and |G| is the number of productions in the grammar, by iterating over all possible split points of the sentence and using dynamic programming to avoid recomputing sub-parses. Unfortunately, for images and other 2-D data types, there are 2n possible segmentations of the data for each binary production, rendering this approach infeasible in general. With an SSPN, however, it is possible to efficiently compute the approximate optimal parse of an image. In our algorithm, INFERSSPN, this is done by iteratively constructing parses of different regions in a bottom-up fashion."
      },
      {
        "heading": "3.1 PARSE TREE CONSTRUCTION",
        "text": "Given a production v : X \u2192 Y1Y2 and two parse trees t1, t2 over the same region P and with head symbols Y1, Y2, respectively, then for any labeling yv \u2208 {Y1, Y2}|P| of P we can construct a third parse tree tX over region P with root production v, labeling yv , and subtrees t\u20321, t\u20322 over regions P1,P2, respectively, such that Pi = {p \u2208 P : yvp = Yi} and t\u2032i = ti \u2229 Pi for each i, where the intersection of a parse tree and a region t \u2229 P is the new parse tree resulting from intersecting P with the region at each node in t. Of course, the quality of the resulting parse tree, tX , depends on the particular labeling (segmentation) yv used. Recall that a parse tree t on region P has energy E(t,P) = \u2211 v\u2208tE(v,y v,Pv), which can be written asE(t,P) = \u2211 p\u2208P \u03b8 t p+ \u2211 (p,q)\u2208E \u03b8 t pq , where\n\u03b8tp = \u2211 v\u2208t \u03b8 v p(y v p) \u00b7 [p \u2208 Pv] and \u03b8tpq = \u2211 v\u2208t \u03b8 v pq(y v p , y v q ) \u00b7 [(p, q) \u2208 Ev]. This allows us to define the fusion operation, which is a key subroutine in INFERSSPN. Note that \u03b4ij is the Kronecker delta.\nDefinition 1. For a production v : X \u2192 Y1, Y2 and two parse trees t1, t2 over region P with head symbols Y1, Y2 then tX is the fusion of t1 and t2 constructed from the minimum energy labeling yv = arg min\ny\u2208Y|P|v E(v, t1, t2,y), where E(v, t1, t2,y) = \u2211 p\u2208P \u03b8t1p \u00b7 \u03b4ypY1 + \u03b8t2p \u00b7 \u03b4ypY2 + \u2211 (p,q)\u2208E \u03b8t1pq \u00b7 \u03b4ypY1 \u00b7 \u03b4yqY1\n+ \u03b8t2pq \u00b7 \u03b4ypY2 \u00b7 \u03b4yqY2 + \u03b8vpq(Y1, Y2) \u00b7 \u03b4ypY1 \u00b7 \u03b4yqY2 .\nFigure 2a shows an example of fusing two parse trees to create a new parse tree. Although fusion requires finding the optimal labeling from an exponentially large set, the energy is submodular and can be efficiently optimized with a single graph cut. All proofs are presented in the appendix. Proposition 1. The energy E(v, t1, t2,yv) of the fusion of parse trees t1, t2 over region P with head symbols Y1, Y2 for a production v : X \u2192 Y1Y2 is submodular.\nOnce a parse tree has been constructed, INFERSSPN then improves that parse tree on subsequent iterations. The following result shows how INFERSSPN can improve a parse tree while ensuring that the energy of that parse tree never gets worse. Lemma 1. Given a labeling yv which fuses parse trees t1, t2 into t with root production v, energy E(t,P) = E(v, t1, t2,yv), and subtree regions P1 \u2229 P2 = \u2205 defined by yv , then any improvement\n\u2206 in E(t1,P1) also improves E(t,P) by at least \u2206, regardless of any change in E(t1,P\\P1).\nFinally, it will be useful to define the union t = t1 \u222a t2 of two parse trees t1, t2 that have the same production at their root but are over disjoint regions P1 \u2229 P2 = \u2205, as the parse tree t with region P = P1\u222aP2 and in which all nodes that co-occur in both t1 and t2 (i.e., have the same path to them from the root and have the same production) are merged to form a single node in t. In general, t may be an inconsistent parse tree, as the same symbol may be parsed as two separate productions, in which case we define the energy of the boundary terms between the pixels parsed as these separate productions to be infinite."
      },
      {
        "heading": "3.2 INFERSSPN",
        "text": "Pseudocode for our algorithm, INFERSSPN, is presented in Algorithm 1. INFERSSPN is an iterative bottom-up algorithm based on graph cuts (Kolmogorov & Zabih, 2004) that provably converges to a local minimum of the energy function. In its first iteration, INFERSSPN constructs a parse tree over the full image for each production in the grammar. The parse of each terminal production is trivial to construct and simply labels each pixel as the terminal symbol. The parse for every other production v : X \u2192 Y1Y2 is constructed by choosing productions for Y1 and Y2 and fusing their corresponding parse trees to get a parse of the image as X . Since the grammar is non-recursive, we can construct a directed acyclic graph (DAG) containing a node for each symbol and an edge from each symbol to each constituent of each production of that symbol and then traverse this graph from the leaves (terminals) to the root (start symbol), fusing the children of each production of each symbol when we visit that symbol\u2019s node. Of course, to fuse parses of Y1 and Y2 into a parse of X , we need to choose which production of Y1 (and Y2) to fuse; this is done by simply choosing the production of Y1 (and Y2) that has the lowest energy over the current region. The best parse of the image, t\u0302, now corresponds to the lowest-energy parse of all productions of the start symbol.\nFurther iterations of INFERSSPN improve t\u0302 in a flexible manner that allows any of its productions or labelings to change, while also ensuring that its energy never increases. INFERSSPN does this by again computing parses of the full image for each production in the grammar. This time, however, when parsing a symbol X , INFERSSPN independently parses each region of the image that was parsed as any production of X in t\u0302 (none of these regions will overlap because the grammar is nonrecursive) and then parses the remainder of the image given these parses of subregions of the image, meaning that the pixels in these other subregions are instantiated in the MRF but fixed to the labels that the subregion parses specify. The parse of the image as X is then constructed as the union of these subregion parses. This procedure ensures that the energy will never increase (see Theorem 1 and Lemma 1), but also that any subtree of t\u0302 can be replaced with another subtree if it results in lower energy. Figure 2b shows a simple example of updating a parse of a region as X \u2192 Y Z. Further, this (re)parsing of subregions can again be achieved in a single bottom-up pass through the grammar DAG, resulting in a very efficient algorithm for SSPN inference. This is because each pixel only appears in at most one subregion for any symbol, and thus only ever needs to be parsed once per production. See Algorithm 1 for more details."
      },
      {
        "heading": "3.3 ANALYSIS",
        "text": "As shown in Theorem 1, INFERSSPN always converges to a local minimum of the energy function. Similar to other graph-cut-based algorithms, such as \u03b1-expansion (Boykov et al., 2001), INFERSSPN explores an exponentially large set of moves at each step, so the returned local minimum is much better than those returned by more local procedures, such as max-product belief propagation. Further, we observe convergence within a few iterations in all experiments, with the majority of the energy improvement occurring in the first iteration. Theorem 1. Given a parse (tree) t\u0302 of S over the entire image with energy E(t\u0302), each iteration of INFERSSPN constructs a parse (tree) t of S over the entire image with energy E(t) \u2264 E(t\u0302) and since the minimum energy of an image parse is finite, INFERSSPN will always converge.\nAs shown in Proposition 2, each iteration of INFERSSPN takes time O(|G|c(n)), where n is the number of pixels in the image and c(n) is the complexity of the underlying graph cut algorithm used, which is low-order polynomial in the worst-case but nearly linear-time in practice (Boykov & Kolmogorov, 2004; Boykov et al., 2001). Proposition 2. Let c(n) be the time complexity of computing a graph cut on n pixels and |G| be the size of the grammar defining the SSPN, then each iteration of INFERSSPN takes time O(|G|c(n)).\nAlgorithm 1 Compute the (approximate) MAP assignment of the SSPN variables (i.e., the productions and labelings) defined by an image and a grammar. This is equivalent to parsing the image.\nInput: The image x, a non-recursive grammar G = (N,\u03a3, R, S,w), and (optional) input parse t\u0302. Output: A parse of the image, t\u2217, with energy E(t\u2217,x) \u2264 E(t\u0302,x).\n1: function INFERSSPN(x, G, t\u0302) 2: T,E \u2190 empty lists of parse trees and energies, respectively, both of length |R|+ |\u03a3| 3: for each terminal Y \u2208 \u03a3 do 4: T [Y ]\u2190 the trivial parse with all pixels parsed as Y 5: E[Y ]\u2190 \u2211 p\u2208x w > Y \u03c6 U p\n6: while the energy of any production of the start symbol S has not converged do 7: for each symbol X \u2208 N , in reverse topological order do // as defined by the DAG of G 8: for each subtree t\u0302i of t\u0302 rooted at a production ui with head X do 9: Pi,yi \u2190 the region that t\u0302i is over and its labeling in t\u0302i // {Pi} are all disjoint 10: for each production vj : X \u2192 Y1Y2 do // iterate over all productions of X 11: tij , eij \u2190FUSE(Pi,yi, vj , T ) // parse Pi as vj by fusing parses of Y1 and Y2 12: PX \u2190 all pixels that are not in any region Pi 13: for each production vj : X \u2192 Y1Y2 do // iterate over all productions of X 14: yrand \u2190 a random labeling of PX // use random for initialization 15: tX , eX \u2190 FUSE(PX ,yrand, vj , T, (\u222aitij)) // parse PX as vj given (\u222aitij) 16: update lists: T [vj ]\u2190 (\u222aitij) \u222a tX and E[vj ]\u2190 \u2211 i eij + eX for all vj with head X 17: t\u0302, e\u0302\u2190 the production of S with the lowest energy in E and its energy 18: return t\u0302, e\u0302\nInput: A region P , a labeling y of P , a production v : X \u2192 Y1Y2, a list of parses T , and an optional parse tP of pixels not in P , used to set pairwise terms of edges that are leaving P . Output: A parse tree rooted at v over region P and the energy of that parse tree. 1: function FUSE(P,y, v, T, tP ) 2: for each Yi with i \u2208 1, 2 do 3: ui \u2190 production of Yi in T with lowest energy over {p : yp = Yi} given tP 4: create submodular energy function E(v,y,P,x) on P from T [u1], T [u2], and tP 5: yv, ev \u2190 (arg) miny E(v,y,P,x) // label each pixel in P as Y1 or Y2 using graph cuts 6: tv \u2190 combine T [u1] and T [u2] according to yv and append v as the root 7: return tv, ev\nNote that a straightforward application of \u03b1-expansion to image parsing that uses one label for every possible parse in the grammar requires an exponential number of labels in general.\nINFERSSPN can be extended to productions with more than two constituents by simply replacing the internal graph cut used to fuse subtrees with a multi-label algorithm such as \u03b1-expansion. INFERSSPN would still converge because each subtree would still never decrease in energy. An algorithm such as QPBO (Kolmogorov & Rother, 2007) could also be used, which would allow the submodularity restriction to be relaxed. Finally, running INFERSSPN on the grammar containing k \u2212 1 binary productions that results from converting a grammar with a single production on k > 2 constituents is equivalent to running \u03b1-expansion on the k constituents."
      },
      {
        "heading": "4 EXPERIMENTS",
        "text": "We evaluated INFERSSPN by parsing images from the Stanford background dataset (SBD) using grammars with generated structure and weights inferred from the pixel labels of the images we parsed. SBD is a standard semantic segmentation dataset containing images with an average size of 320 \u00d7 240 pixels and a total of 8 labels. The input features we used were from the Deeplab system (Chen et al., 2015; 2016) trained on the same images used for evaluation (note that we are not evaluating learning and thus use the same features for each algorithm and evaluate on the training data in order to separate inference performance from generalization performance). We compared INFERSSPN to \u03b1-expansion on a flat pairwise MRF and to max-product belief propagation (BP) on a multi-level (3-D) pairwise grid MRF. Details of these models are provided in the appendix. We note\nthat the flat encoding for \u03b1-expansion results in a label for each path in the grammar, where there are an exponential number of such paths in the height of the grammar. However, once \u03b1-expansion converges, its energy is within a constant factor of the global minimum energy (Boykov et al., 2001) and thus serves as a good surrogate for the true global minimum, which is intractable to compute.\nWe compared these algorithms by varying three different parameters: boundary strength (strength of pairwise terms), grammar height, and number of productions per nonterminal. Each grammar used for testing contained a start symbol, multiple layers of nonterminals, and a final layer of nonterminals in one-to-one correspondence with the eight terminal symbols, each of which had a single production that produces a region of pixels. The start symbol had one production for each pair of symbols in the layer below it, and the last nonterminal layer (ignoring the nonterminals for the labels) had productions for each pair of labels, distributed uniformly over this last nonterminal layer.\nBoundary strength. Increasing the boundary strength of an MRF makes inference more challenging, as individual pixel labels cannot be easily flipped without large side effects. To test this, we constructed a grammar as above with 2 layers of nonterminals (not including the start symbol), each containing 3 nonterminal symbols with 4 binary productions to the next layer. We vary wBFv for all v and plot the mean average pixel accuracy returned by each algorithm (the x-axis is log-scale) in Figure 3a. INFERSSPN returns parses with almost identical accuracy (and energy) to \u03b1-expansion. BP also returns comparable accuracies, but almost always returns invalid parses with infinite energy (if it converges at all) that contain multiple productions of the same object or a production of some symbol Y even though a pixel is labeled as symbol X.\nGrammar height. In general, the number of paths in the grammar is exponential in its height, so the height of the grammar controls the complexity of inference and thus the difficulty of parsing images. For this experiment, we set the boundary scale factor to 10 and constructed a grammar with four nonterminals per layer, each with three binary productions to the next layer. Figure 3b shows the effect of grammar height on total inference time (to convergence or a maximum number of iterations, whichever first occurred). As expected from Proposition 2, the time taken for INFERSSPN scales linearly with the height of the grammar, which is within a constant factor of the size of the grammar when all other parameters are fixed. Similarly, inference time for both \u03b1-expansion and BP scaled exponentially with the height of the grammar because the number of labels for both increases combinatorially. Again, the energies and corresponding accuracies achieved by INFERSSPN were nearly identical to those of \u03b1-expansion (see Figure 5 in the appendix). Productions per nonterminal. The number of paths in the grammar is also directly affected by the number of productions per symbol. For this experiment, we increased each pairwise term by a factor of 10 and constructed a grammar with 2 layers of nonterminals, each with 4 nonterminal symbols. Figure 3c shows the effect of increasing the number of productions per nonterminal, which again demonstrates that INFERSSPN is far more efficient than either \u03b1-expansion or BP as the complexity of the grammar increases, while still finding comparable solutions (see Figure 6 in the appendix)."
      },
      {
        "heading": "5 CONCLUSION",
        "text": "This paper proposed submodular sum-product networks (SSPNs), a novel extension of sum-product networks that can be understood as an instantiation of an image grammar in which all possible parses of an image over arbitrary shapes are represented. Despite this complexity, we presented\nINFERSSPN, a move-making algorithm that exploits submodularity in order to find the (approximate) MAP state of an SSPN, which is equivalent to finding the (approximate) optimal parse of an image. Analytically, we showed that INFERSSPN is both very efficient \u2013 each iteration takes time linear in the size of the grammar and the complexity of one graph cut \u2013 and convergent. Empirically, we showed that INFERSSPN achieves accuracies and energies comparable to \u03b1-expansion, which is guaranteed to return optima within a constant factor of the global optimum, while taking exponentially less time to do so.\nWe have begun work on learning the structure and parameters of SSPNs from data. This is a particularly promising avenue of research because many recent works have demonstrated that learning both the structure and parameters of sum-product networks from data is feasible and effective, despite the well-known difficulty of grammar induction. We also plan to apply SSPNs to additional domains, such as activity recognition, social network modeling, and probabilistic knowledge bases."
      },
      {
        "heading": "ACKNOWLEDGMENTS",
        "text": "AF would like to thank Robert Gens and Rahul Kidambi for useful discussions and insights, and Gena Barnabee for assisting with Figure 1 and for feedback on this document. This research was partly funded by ONR grant N00014-16-1-2697 and AFRL contract FA8750-13-2-0019. The views and conclusions contained in this document are those of the authors and should not be interpreted as necessarily representing the official policies, either expressed or implied, of ONR, AFRL, or the United States Government."
      },
      {
        "heading": "A PROOFS",
        "text": "Proposition 1. The energy E(v, t1, t2,yv) of the fusion of parse trees t1, t2 over region P with head symbols Y1, Y2 for a production v : X \u2192 Y1Y2 is submodular.\nProof. E(v, t1, t2) is submodular as long as 2 \u00b7 \u03b8vpq(Y1, Y2) \u2265 \u03b8t1pq + \u03b8t2pq , which is true by construction, since \u03b8vpq(y v p , y v q ) \u2265 \u03b8cpq(ycp, ycq) for c any possible descendant of v and for all labelings.\nLemma 2. Given a labeling yv which fuses parse trees t1, t2 into t with root production v, energy E(t,P) = E(v, t1, t2,yv), and subtree regions P1 \u2229 P2 = \u2205 defined by yv , then any improvement \u2206 in E(t1,P1) also improves E(t,P) by at least \u2206, regardless of any change in E(t1,P\\P1).\nProof. Since the optimal fusion can be found exactly, and the energy of the current labeling yv has improved by \u2206, the optimal fusion will have improved by at least \u2206.\nProposition 2. Let c(n) be the time complexity of computing a graph cut on n pixels and |G| be the size of the grammar defining the SSPN, then each iteration of INFERSSPN takes time O(|G|c(n)).\nProof. Let k be the number of productions per nonterminal symbol and N be the nonterminals. For each nonterminal, FUSE is called k times for each region and once for the remainder of the pixels. FUSE itself has complexity O(|P| + c(|P|) = O(c(|P|)) when called with region P . However, in INFERSSPN each pixel is processed only once for each symbol because no regions overlap, so the worst-case complexity occurs when each symbol has only one region, and thus the total complexity of each iteration of INFERSSPN is O(|N |k \u00b7 c(n)) = O(|G|c(n)).\nTheorem 2. Given a parse (tree) t\u0302 of S over the entire image with energy E(t\u0302), each iteration of INFERSSPN constructs a parse (tree) t of S over the entire image with energy E(t) \u2264 E(t\u0302), and since the minimum energy of an image parse is finite, INFERSSPN will always converge.\nProof. We will prove by induction that for all nodes ni \u2208 t\u0302 with corresponding subtree t\u0302i, region Pi, production vi : X \u2192 Y1Y2 and child subtrees t\u03021, t\u03022, that E(ti) \u2264 E(t\u0302i) after one iteration for all ti = T [vi]\u2229Pi. Since this holds for every production of S over the image, this proves the claim. Base case. When t\u0302i is the subtree with region Pi and production vi : X \u2192 Y containing only a single terminal child, then by definition ti = T [vi]\u2229Pi = t\u0302i because terminal parses do not change given the same region. Thus, E(ti) = E(t\u0302i) and the claim holds. Induction step. Let vi : X \u2192 Y1Y2 be the production for a node in t\u0302i with subtrees t\u03021, t\u03022 over regions P1,P2, respectively, such that P1 \u222a P2 = Pi and P1 \u2229 P2 = \u2205, and suppose that for all productions u1j with head Y1 and all productions u2k with head Y2 and corresponding parse trees t1j = T [u1j ]\u2229P1 and t2k = T [u2k]\u2229P2, respectively, thatE(t1j) \u2264 E(t\u03021j) andE(t2k) \u2264 E(t\u03022k). Now, when FUSE is called on region P1 it will choose the subtrees t\u22171j : j = arg minj E(t1j ,P1), and t\u22172k : k = arg mink E(t2k,P2) and fuse these into t\u2032i over P . However, from Lemma 1, we know that ti could at the very least simply reuse the labeling yv that partitions P into P1,P2 and in doing so return a tree t\u2032i with energy E(t \u2032 i) \u2264 E(t\u0302i), because each of its subtrees over their same regions has lower (or equal) energy to those in t\u0302. Finally, since t\u2032i is computed independently of any other trees for region P and then placed into T [vi] as a union of other trees, then ti = T [vi]\u2229P = t\u2032i, and the claim follows."
      },
      {
        "heading": "B ADDITIONAL EXPERIMENTAL RESULTS AND DETAILS",
        "text": "We compared INFERSSPN to running \u03b1-expansion on a flat pairwise MRF and to max-product belief propagation over a multi-level (3-D) pairwise grid MRF. Each label of the flat MRF corresponds to a possible path in the grammar from the start symbol to a production to one of its constituent symbols, etc, until reaching a terminal. In general, the number of such paths is exponential in the height of the grammar. The unary terms are the sum of unary terms along the path and the pairwise term for a pair of labels is the pairwise term of the first production at which their constituents differ. For any two labels with paths that choose a different production of the same symbol (and have the same path from the start symbol) we assign infinite cost to enforce the restriction that an object can only have a single production of it into constituents. Note that after convergence \u03b1-expansion is\nguaranteed to be within a constant factor of the global minimum energy (Boykov et al., 2001) and thus serves as a good surrogate for the true global minimum, which is intractable to compute. The multi-layer MRF is constructed similarly. The number of levels in the MRF is equal to the height of the DAG corresponding to the grammar used. The labels at a particular level of the MRF are all (production, constituent) pairs that can occur at this height in the grammar. The pairwise term between the same pixel in two levels is 0 when the parent label\u2019s constituent equals the child label\u2019s production head, and\u221e otherwise. Pairwise terms within a layer are defined as in the flat MRF with infinite cost for incompatible labels (i.e., two neighboring productions of the same symbol), unless two copies of that nonterminal could be produced at that level by the grammar.\nAll experiments were run on the same computer running an Intel Core i7-5960X with 8 cores and 128MB of RAM. Each algorithm was limited to a single thread."
      }
    ],
    "references": [
      {
        "title": "Network flows: theory, algorithms and applications",
        "author": [
          "Ravindra K. Ahuja",
          "Thomas L. Magnanti",
          "James B. Orlin"
        ],
        "venue": "Network, 1:864,",
        "citeRegEx": "Ahuja et al\\.,? \\Q1993\\E",
        "shortCiteRegEx": "Ahuja et al\\.",
        "year": 1993
      },
      {
        "title": "An experimental comparison of min-cut/max-flow algorithms for energy minimization in vision",
        "author": [
          "Yuri Boykov",
          "Vladimir Kolmogorov"
        ],
        "venue": "IEEE Transactions on Pattern Analysis and Machine Intelligence,",
        "citeRegEx": "Boykov and Kolmogorov.,? \\Q2004\\E",
        "shortCiteRegEx": "Boykov and Kolmogorov.",
        "year": 2004
      },
      {
        "title": "Fast approximate energy minimization via graph cuts",
        "author": [
          "Yuri Boykov",
          "Olga Veksler",
          "Ramin Zabih"
        ],
        "venue": "IEEE Transactions on Pattern Analysis and Machine Intelligence,",
        "citeRegEx": "Boykov et al\\.,? \\Q2001\\E",
        "shortCiteRegEx": "Boykov et al\\.",
        "year": 2001
      },
      {
        "title": "Semantic Image Segmentation with Deep Convolutional Nets and Fully Connected CRFs",
        "author": [
          "Liang-Chieh Chen",
          "George Papandreou",
          "Iasonas Kokkinos",
          "Kevin Murphy",
          "Alan L. Yuille"
        ],
        "venue": "Proceedings of the International Conference on Learning Representations,",
        "citeRegEx": "Chen et al\\.,? \\Q2015\\E",
        "shortCiteRegEx": "Chen et al\\.",
        "year": 2015
      },
      {
        "title": "DeepLab: Semantic Image Segmentation with Deep Convolutional Nets, Atrous Convolution, and Fully Connected CRFs",
        "author": [
          "Liang-Chieh Chen",
          "George Papandreou",
          "Iasonas Kokkinos",
          "Kevin Murphy",
          "Alan L. Yuille"
        ],
        "venue": "In ArXiv e-prints,",
        "citeRegEx": "Chen et al\\.,? \\Q2016\\E",
        "shortCiteRegEx": "Chen et al\\.",
        "year": 2016
      },
      {
        "title": "On Certain Formal Properties of Grammars",
        "author": [
          "Noam Chomsky"
        ],
        "venue": "Information and Control,",
        "citeRegEx": "Chomsky.,? \\Q1959\\E",
        "shortCiteRegEx": "Chomsky.",
        "year": 1959
      },
      {
        "title": "AND/OR search spaces for graphical models",
        "author": [
          "Rina Dechter",
          "Robert Mateescu"
        ],
        "venue": "Artificial intelligence,",
        "citeRegEx": "Dechter and Mateescu.,? \\Q2007\\E",
        "shortCiteRegEx": "Dechter and Mateescu.",
        "year": 2007
      },
      {
        "title": "Discriminative learning of sum-product networks",
        "author": [
          "Robert Gens",
          "Pedro Domingos"
        ],
        "venue": "In Advances in Neural Information Processing Systems,",
        "citeRegEx": "Gens and Domingos.,? \\Q2012\\E",
        "shortCiteRegEx": "Gens and Domingos.",
        "year": 2012
      },
      {
        "title": "Learning the structure of sum-product networks",
        "author": [
          "Robert Gens",
          "Pedro Domingos"
        ],
        "venue": "In Proceedings of the 30th International Conference on Machine Learning,",
        "citeRegEx": "Gens and Domingos.,? \\Q2013\\E",
        "shortCiteRegEx": "Gens and Domingos.",
        "year": 2013
      },
      {
        "title": "Decomposing a scene into geometric and semantically consistent regions",
        "author": [
          "Stephen Gould",
          "Richard Fulton",
          "Daphne Koller"
        ],
        "venue": "In Proceedings of the IEEE International Conference on Computer Vision, pp",
        "citeRegEx": "Gould et al\\.,? \\Q2009\\E",
        "shortCiteRegEx": "Gould et al\\.",
        "year": 2009
      },
      {
        "title": "Exact maximum a posteriori estimation for binary images",
        "author": [
          "D.M. Greig",
          "B.T. Porteous",
          "A.H. Seheult"
        ],
        "venue": "Journal of the Royal Statistical Society. Series B (Methodological),",
        "citeRegEx": "Greig et al\\.,? \\Q1989\\E",
        "shortCiteRegEx": "Greig et al\\.",
        "year": 1989
      },
      {
        "title": "Introduction to Automata Theory, Languages, and Computation",
        "author": [
          "John Hopcroft",
          "Jeffrey Ullman"
        ],
        "venue": "Addison-Wesley, Reading MA,",
        "citeRegEx": "Hopcroft and Ullman.,? \\Q1979\\E",
        "shortCiteRegEx": "Hopcroft and Ullman.",
        "year": 1979
      },
      {
        "title": "Speech and Language Processing: An Introduction to Natural Language Processing, Computational Linguistics, and Speech Recognition",
        "author": [
          "Daniel S. Jurafsky",
          "James H. Martin"
        ],
        "venue": null,
        "citeRegEx": "Jurafsky and Martin.,? \\Q2000\\E",
        "shortCiteRegEx": "Jurafsky and Martin.",
        "year": 2000
      },
      {
        "title": "Minimizing nonsubmodular functions with graph cuts a review",
        "author": [
          "Vladimir Kolmogorov",
          "Carsten Rother"
        ],
        "venue": "IEEE transactions on pattern analysis and machine intelligence,",
        "citeRegEx": "Kolmogorov and Rother.,? \\Q2007\\E",
        "shortCiteRegEx": "Kolmogorov and Rother.",
        "year": 2007
      },
      {
        "title": "What Energy Functions Can Be Minimized via Graph Cuts",
        "author": [
          "Vladimir Kolmogorov",
          "Ramin Zabih"
        ],
        "venue": "IEEE Transactions on Pattern Analysis and Machine Intelligence,",
        "citeRegEx": "Kolmogorov and Zabih.,? \\Q2004\\E",
        "shortCiteRegEx": "Kolmogorov and Zabih.",
        "year": 2004
      },
      {
        "title": "Fast, approximately optimal solutions for single and dynamic MRFs",
        "author": [
          "Nikos Komodakis",
          "Georgios Tziritas",
          "Nikos Paragios"
        ],
        "venue": "In Proceedings of the IEEE Computer Society Conference on Computer Vision and Pattern Recognition,",
        "citeRegEx": "Komodakis et al\\.,? \\Q2007\\E",
        "shortCiteRegEx": "Komodakis et al\\.",
        "year": 2007
      },
      {
        "title": "Fusion Moves for Markov Random Field Optimization",
        "author": [
          "Victor Lempitsky",
          "Carsten Rother",
          "Stefan Roth",
          "Andrew Blake"
        ],
        "venue": "IEEE Transactions on Pattern Analysis and Machine Intelligence,",
        "citeRegEx": "Lempitsky et al\\.,? \\Q2010\\E",
        "shortCiteRegEx": "Lempitsky et al\\.",
        "year": 2010
      },
      {
        "title": "A Pylon Model for Semantic Segmentation",
        "author": [
          "Victor Lempitsky",
          "Andrea Vedaldi",
          "Andrew Zisserman"
        ],
        "venue": "In Neural Information Processing Systems,",
        "citeRegEx": "Lempitsky et al\\.,? \\Q2011\\E",
        "shortCiteRegEx": "Lempitsky et al\\.",
        "year": 2011
      },
      {
        "title": "Sum-product networks: A new deep architecture",
        "author": [
          "Hoifung Poon",
          "Pedro Domingos"
        ],
        "venue": "In Proceedings of the 27th Conference on Uncertainty in Artificial Intelligence,",
        "citeRegEx": "Poon and Domingos.,? \\Q2011\\E",
        "shortCiteRegEx": "Poon and Domingos.",
        "year": 2011
      },
      {
        "title": "Exact and Approximate Inference in Associative Hierarchical Networks using Graph Cuts",
        "author": [
          "Chris Russell",
          "Lubor Ladick\u00fd",
          "Pushmeet Kohli",
          "Philip H.S. Torr"
        ],
        "venue": "The 26th Conference on Uncertainty in Artificial Intelligence,",
        "citeRegEx": "Russell et al\\.,? \\Q2010\\E",
        "shortCiteRegEx": "Russell et al\\.",
        "year": 2010
      },
      {
        "title": "Recursive Context Propagation Network for Semantic Scene Labeling",
        "author": [
          "Abhishek Sharma",
          "Oncel Tuzel",
          "Ming-Yu Liu"
        ],
        "venue": "In Advances in Neural Information Processing Systems,",
        "citeRegEx": "Sharma et al\\.,? \\Q2014\\E",
        "shortCiteRegEx": "Sharma et al\\.",
        "year": 2014
      },
      {
        "title": "TextonBoost: Joint Appearance, Shape and Conext Modeling for Muli-class object Recognition and Segmentation",
        "author": [
          "Jamie Shotton",
          "John Winn",
          "Carsten Rother",
          "Antonio Criminisi"
        ],
        "venue": "Proceedings European Conference on Computer Vision (ECCV),",
        "citeRegEx": "Shotton et al\\.,? \\Q2006\\E",
        "shortCiteRegEx": "Shotton et al\\.",
        "year": 2006
      },
      {
        "title": "Parsing natural scenes and natural language with recursive neural networks",
        "author": [
          "Richard Socher",
          "Cliff C. Lin",
          "Chris Manning",
          "Andrew Y. Ng"
        ],
        "venue": "In Proceedings of the 28th International Conference on Machine Learning, pp",
        "citeRegEx": "Socher et al\\.,? \\Q2011\\E",
        "shortCiteRegEx": "Socher et al\\.",
        "year": 2011
      },
      {
        "title": "Image Parsing via Stochastic Scene Grammar",
        "author": [
          "Yibiao Zhao",
          "Song-Chun Zhu"
        ],
        "venue": "In Advances in Neural Information Processing Systems, pp",
        "citeRegEx": "Zhao and Zhu.,? \\Q2011\\E",
        "shortCiteRegEx": "Zhao and Zhu.",
        "year": 2011
      },
      {
        "title": "A Stochastic Grammar of Images",
        "author": [
          "Song-Chun Zhu",
          "David Mumford"
        ],
        "venue": "Foundations and Trends in Computer Graphics and Vision,",
        "citeRegEx": "Zhu and Mumford.,? \\Q2006\\E",
        "shortCiteRegEx": "Zhu and Mumford.",
        "year": 2006
      }
    ],
    "referenceMentions": [
      {
        "referenceID": 10,
        "context": "For pairwise binary MRFs, if the energy of each pairwise term is submodular (alternatively, attractive or regular) (Kolmogorov & Zabih, 2004), meaning that each pair of neighboring pixels prefers to have the same label, then the exact MAP labeling of the MRF can be recovered in low-order polynomial time through the use of a graph cut algorithm1 (Greig et al., 1989; Boykov & Kolmogorov, 2004).",
        "startOffset": 347,
        "endOffset": 394
      },
      {
        "referenceID": 2,
        "context": "(2010)), the most well-known of which is \u03b1-expansion (Boykov et al., 2001), which efficiently returns an approximate labeling that is within a constant factor of the true optimum by solving a series of binary graph cut problems.",
        "startOffset": 53,
        "endOffset": 74
      },
      {
        "referenceID": 15,
        "context": ", Shotton et al. (2006); Gould et al.",
        "startOffset": 2,
        "endOffset": 24
      },
      {
        "referenceID": 8,
        "context": "(2006); Gould et al. (2009)).",
        "startOffset": 8,
        "endOffset": 28
      },
      {
        "referenceID": 8,
        "context": "(2006); Gould et al. (2009)). Inference in MRFs is intractable in general; however, there exist restrictions of the MRF that enable tractable inference. For pairwise binary MRFs, if the energy of each pairwise term is submodular (alternatively, attractive or regular) (Kolmogorov & Zabih, 2004), meaning that each pair of neighboring pixels prefers to have the same label, then the exact MAP labeling of the MRF can be recovered in low-order polynomial time through the use of a graph cut algorithm1 (Greig et al., 1989; Boykov & Kolmogorov, 2004). This result from the binary case has been used to develop a number of powerful approximate algorithms for the multi-label case (e.g., Komodakis et al. (2007); Lempitsky et al.",
        "startOffset": 8,
        "endOffset": 707
      },
      {
        "referenceID": 8,
        "context": "(2006); Gould et al. (2009)). Inference in MRFs is intractable in general; however, there exist restrictions of the MRF that enable tractable inference. For pairwise binary MRFs, if the energy of each pairwise term is submodular (alternatively, attractive or regular) (Kolmogorov & Zabih, 2004), meaning that each pair of neighboring pixels prefers to have the same label, then the exact MAP labeling of the MRF can be recovered in low-order polynomial time through the use of a graph cut algorithm1 (Greig et al., 1989; Boykov & Kolmogorov, 2004). This result from the binary case has been used to develop a number of powerful approximate algorithms for the multi-label case (e.g., Komodakis et al. (2007); Lempitsky et al. (2010)), the most well-known of which is \u03b1-expansion (Boykov et al.",
        "startOffset": 8,
        "endOffset": 732
      },
      {
        "referenceID": 0,
        "context": "Formally, a min-cut/max-flow algorithm(Ahuja et al., 1993) on a graph constructed from the MRF.",
        "startOffset": 38,
        "endOffset": 58
      },
      {
        "referenceID": 2,
        "context": "As with other move-making algorithms, INFERSSPN converges to a local minimum with respect to an exponentially-large set of neighbors, overcoming many of the main issues of local minima (Boykov et al., 2001).",
        "startOffset": 185,
        "endOffset": 206
      },
      {
        "referenceID": 20,
        "context": "(2011) greedily combine regions to form parse trees, while (Sharma et al., 2014) use randomly generated parse trees, whereas inference in SSPNs finds the (approximately) optimal parse tree.",
        "startOffset": 59,
        "endOffset": 80
      },
      {
        "referenceID": 2,
        "context": "As with other move-making algorithms, INFERSSPN converges to a local minimum with respect to an exponentially-large set of neighbors, overcoming many of the main issues of local minima (Boykov et al., 2001). Empirically, we compare INFERSSPN to belief propagation (BP) on a multilevel MRF and to \u03b1-expansion on an equivalent flat MRF. We show that INFERSSPN parses images in exponentially less time than both of these while returning energies comparable to \u03b1-expansion, which is guaranteed to return energies within a constant factor of the true optimum. The literature on using higher-level information for scene understanding is vast. We briefly discuss the most relevant work on hierarchical random fields over multiple labels, image grammars for segmentation, and neural parsing methods. Hierarchical random field models (e.g., Russell et al. (2010); Lempitsky et al.",
        "startOffset": 186,
        "endOffset": 854
      },
      {
        "referenceID": 2,
        "context": "As with other move-making algorithms, INFERSSPN converges to a local minimum with respect to an exponentially-large set of neighbors, overcoming many of the main issues of local minima (Boykov et al., 2001). Empirically, we compare INFERSSPN to belief propagation (BP) on a multilevel MRF and to \u03b1-expansion on an equivalent flat MRF. We show that INFERSSPN parses images in exponentially less time than both of these while returning energies comparable to \u03b1-expansion, which is guaranteed to return energies within a constant factor of the true optimum. The literature on using higher-level information for scene understanding is vast. We briefly discuss the most relevant work on hierarchical random fields over multiple labels, image grammars for segmentation, and neural parsing methods. Hierarchical random field models (e.g., Russell et al. (2010); Lempitsky et al. (2011)) define MRFs with multiple layers of hidden variables and then perform inference, often using graph cuts to efficiently extract the MAP solution.",
        "startOffset": 186,
        "endOffset": 879
      },
      {
        "referenceID": 2,
        "context": "As with other move-making algorithms, INFERSSPN converges to a local minimum with respect to an exponentially-large set of neighbors, overcoming many of the main issues of local minima (Boykov et al., 2001). Empirically, we compare INFERSSPN to belief propagation (BP) on a multilevel MRF and to \u03b1-expansion on an equivalent flat MRF. We show that INFERSSPN parses images in exponentially less time than both of these while returning energies comparable to \u03b1-expansion, which is guaranteed to return energies within a constant factor of the true optimum. The literature on using higher-level information for scene understanding is vast. We briefly discuss the most relevant work on hierarchical random fields over multiple labels, image grammars for segmentation, and neural parsing methods. Hierarchical random field models (e.g., Russell et al. (2010); Lempitsky et al. (2011)) define MRFs with multiple layers of hidden variables and then perform inference, often using graph cuts to efficiently extract the MAP solution. However, these models are typically restricted to just a few layers and to pre-computed segmentations of the image, and thus do not allow arbitrary region shapes. In addition, they require a combinatorial number of labels to encode complex grammar structures. Previous grammar-based methods for scene understanding, such as Zhu & Mumford (2006) and Zhao & Zhu (2011), have used MRFs with AND-OR graphs (Dechter & Mateescu, 2007), but needed to restrict their grammars to a very limited set of productions and region shapes in order to perform inference in reasonable time, and are thus much less expressive than SSPNs.",
        "startOffset": 186,
        "endOffset": 1370
      },
      {
        "referenceID": 2,
        "context": "As with other move-making algorithms, INFERSSPN converges to a local minimum with respect to an exponentially-large set of neighbors, overcoming many of the main issues of local minima (Boykov et al., 2001). Empirically, we compare INFERSSPN to belief propagation (BP) on a multilevel MRF and to \u03b1-expansion on an equivalent flat MRF. We show that INFERSSPN parses images in exponentially less time than both of these while returning energies comparable to \u03b1-expansion, which is guaranteed to return energies within a constant factor of the true optimum. The literature on using higher-level information for scene understanding is vast. We briefly discuss the most relevant work on hierarchical random fields over multiple labels, image grammars for segmentation, and neural parsing methods. Hierarchical random field models (e.g., Russell et al. (2010); Lempitsky et al. (2011)) define MRFs with multiple layers of hidden variables and then perform inference, often using graph cuts to efficiently extract the MAP solution. However, these models are typically restricted to just a few layers and to pre-computed segmentations of the image, and thus do not allow arbitrary region shapes. In addition, they require a combinatorial number of labels to encode complex grammar structures. Previous grammar-based methods for scene understanding, such as Zhu & Mumford (2006) and Zhao & Zhu (2011), have used MRFs with AND-OR graphs (Dechter & Mateescu, 2007), but needed to restrict their grammars to a very limited set of productions and region shapes in order to perform inference in reasonable time, and are thus much less expressive than SSPNs.",
        "startOffset": 186,
        "endOffset": 1392
      },
      {
        "referenceID": 2,
        "context": "As with other move-making algorithms, INFERSSPN converges to a local minimum with respect to an exponentially-large set of neighbors, overcoming many of the main issues of local minima (Boykov et al., 2001). Empirically, we compare INFERSSPN to belief propagation (BP) on a multilevel MRF and to \u03b1-expansion on an equivalent flat MRF. We show that INFERSSPN parses images in exponentially less time than both of these while returning energies comparable to \u03b1-expansion, which is guaranteed to return energies within a constant factor of the true optimum. The literature on using higher-level information for scene understanding is vast. We briefly discuss the most relevant work on hierarchical random fields over multiple labels, image grammars for segmentation, and neural parsing methods. Hierarchical random field models (e.g., Russell et al. (2010); Lempitsky et al. (2011)) define MRFs with multiple layers of hidden variables and then perform inference, often using graph cuts to efficiently extract the MAP solution. However, these models are typically restricted to just a few layers and to pre-computed segmentations of the image, and thus do not allow arbitrary region shapes. In addition, they require a combinatorial number of labels to encode complex grammar structures. Previous grammar-based methods for scene understanding, such as Zhu & Mumford (2006) and Zhao & Zhu (2011), have used MRFs with AND-OR graphs (Dechter & Mateescu, 2007), but needed to restrict their grammars to a very limited set of productions and region shapes in order to perform inference in reasonable time, and are thus much less expressive than SSPNs. Finally, neural parsing methods such as those in Socher et al. (2011) and Sharma et al.",
        "startOffset": 186,
        "endOffset": 1714
      },
      {
        "referenceID": 2,
        "context": "As with other move-making algorithms, INFERSSPN converges to a local minimum with respect to an exponentially-large set of neighbors, overcoming many of the main issues of local minima (Boykov et al., 2001). Empirically, we compare INFERSSPN to belief propagation (BP) on a multilevel MRF and to \u03b1-expansion on an equivalent flat MRF. We show that INFERSSPN parses images in exponentially less time than both of these while returning energies comparable to \u03b1-expansion, which is guaranteed to return energies within a constant factor of the true optimum. The literature on using higher-level information for scene understanding is vast. We briefly discuss the most relevant work on hierarchical random fields over multiple labels, image grammars for segmentation, and neural parsing methods. Hierarchical random field models (e.g., Russell et al. (2010); Lempitsky et al. (2011)) define MRFs with multiple layers of hidden variables and then perform inference, often using graph cuts to efficiently extract the MAP solution. However, these models are typically restricted to just a few layers and to pre-computed segmentations of the image, and thus do not allow arbitrary region shapes. In addition, they require a combinatorial number of labels to encode complex grammar structures. Previous grammar-based methods for scene understanding, such as Zhu & Mumford (2006) and Zhao & Zhu (2011), have used MRFs with AND-OR graphs (Dechter & Mateescu, 2007), but needed to restrict their grammars to a very limited set of productions and region shapes in order to perform inference in reasonable time, and are thus much less expressive than SSPNs. Finally, neural parsing methods such as those in Socher et al. (2011) and Sharma et al. (2014) use recursive neural network architectures over superpixel-based features to segment an image; thus, these methods also do not allow arbitrary region shapes.",
        "startOffset": 186,
        "endOffset": 1739
      },
      {
        "referenceID": 2,
        "context": "As with other move-making algorithms, INFERSSPN converges to a local minimum with respect to an exponentially-large set of neighbors, overcoming many of the main issues of local minima (Boykov et al., 2001). Empirically, we compare INFERSSPN to belief propagation (BP) on a multilevel MRF and to \u03b1-expansion on an equivalent flat MRF. We show that INFERSSPN parses images in exponentially less time than both of these while returning energies comparable to \u03b1-expansion, which is guaranteed to return energies within a constant factor of the true optimum. The literature on using higher-level information for scene understanding is vast. We briefly discuss the most relevant work on hierarchical random fields over multiple labels, image grammars for segmentation, and neural parsing methods. Hierarchical random field models (e.g., Russell et al. (2010); Lempitsky et al. (2011)) define MRFs with multiple layers of hidden variables and then perform inference, often using graph cuts to efficiently extract the MAP solution. However, these models are typically restricted to just a few layers and to pre-computed segmentations of the image, and thus do not allow arbitrary region shapes. In addition, they require a combinatorial number of labels to encode complex grammar structures. Previous grammar-based methods for scene understanding, such as Zhu & Mumford (2006) and Zhao & Zhu (2011), have used MRFs with AND-OR graphs (Dechter & Mateescu, 2007), but needed to restrict their grammars to a very limited set of productions and region shapes in order to perform inference in reasonable time, and are thus much less expressive than SSPNs. Finally, neural parsing methods such as those in Socher et al. (2011) and Sharma et al. (2014) use recursive neural network architectures over superpixel-based features to segment an image; thus, these methods also do not allow arbitrary region shapes. Further, Socher et al. (2011) greedily combine regions to form parse trees, while (Sharma et al.",
        "startOffset": 186,
        "endOffset": 1927
      },
      {
        "referenceID": 21,
        "context": ", Shotton et al. (2006)) defined for each production v and each pair of adjacent pixels p, q as \u03b8 pq(y v p , y v q ;w) = w BF v exp(\u2212\u03b2||\u03c6p \u2212\u03c6q ||)\u00b7[y p 6= y q ]+\u03b8 pq(y p, y q;w), where \u03b2 is half the average image contrast between all adjacent pixels in an image, wBF v is the boundary factor that controls the relative cost of this term for each production, \u03c6p is the pairwise per-pixel feature vector, c is the same as in the unary term above, and [\u00b7] is the indicator function, which has value 1 when its argument is true and is 0 otherwise.",
        "startOffset": 2,
        "endOffset": 24
      },
      {
        "referenceID": 2,
        "context": "Similar to other graph-cut-based algorithms, such as \u03b1-expansion (Boykov et al., 2001), INFERSSPN explores an exponentially large set of moves at each step, so the returned local minimum is much better than those returned by more local procedures, such as max-product belief propagation.",
        "startOffset": 65,
        "endOffset": 86
      },
      {
        "referenceID": 2,
        "context": "As shown in Proposition 2, each iteration of INFERSSPN takes time O(|G|c(n)), where n is the number of pixels in the image and c(n) is the complexity of the underlying graph cut algorithm used, which is low-order polynomial in the worst-case but nearly linear-time in practice (Boykov & Kolmogorov, 2004; Boykov et al., 2001).",
        "startOffset": 277,
        "endOffset": 325
      },
      {
        "referenceID": 3,
        "context": "The input features we used were from the Deeplab system (Chen et al., 2015; 2016) trained on the same images used for evaluation (note that we are not evaluating learning and thus use the same features for each algorithm and evaluate on the training data in order to separate inference performance from generalization performance).",
        "startOffset": 56,
        "endOffset": 81
      },
      {
        "referenceID": 2,
        "context": "However, once \u03b1-expansion converges, its energy is within a constant factor of the global minimum energy (Boykov et al., 2001) and thus serves as a good surrogate for the true global minimum, which is intractable to compute.",
        "startOffset": 105,
        "endOffset": 126
      }
    ],
    "year": 2017,
    "abstractText": "Sum-product networks (SPNs) are an expressive class of deep probabilistic models in which inference takes time linear in their size, enabling them to be learned effectively. However, for certain challenging problems, such as scene understanding, the corresponding SPN has exponential size and is thus intractable. In this work, we introduce submodular sum-product networks (SSPNs), an extension of SPNs in which sum-node weights are defined by a submodular energy function. SSPNs combine the expressivity and depth of SPNs with the ability to efficiently compute the MAP state of a combinatorial number of labelings afforded by submodular energies. SSPNs for scene understanding can be understood as representing all possible parses of an image over arbitrary region shapes with respect to an image grammar. Despite this complexity, we develop an efficient and convergent algorithm based on graph cuts for computing the (approximate) MAP state of an SSPN, greatly increasing the expressivity of the SPN model class. Empirically, we show exponential improvements in parsing time compared to traditional inference algorithms such as \u03b1-expansion and belief propagation, while returning comparable minima.",
    "creator": "LaTeX with hyperref package"
  }
}