{
  "name": "646.pdf",
  "metadata": {
    "source": "CRF",
    "title": "A CONTEXT-AWARE ATTENTION NETWORK FOR INTERACTIVE QUESTION ANSWERING",
    "authors": [
      "Huayu Li",
      "Martin Renqiang Min",
      "Yong Ge",
      "Asim Kadav"
    ],
    "emails": [
      "hli38@uncc.edu,",
      "renqiang@nec-labs.com,",
      "yongge@email.arizona.edu,",
      "asim@nec-labs.com"
    ],
    "sections": [
      {
        "heading": "1 INTRODUCTION",
        "text": "The ultimate goal of Question Answering (QA) research is to build intelligent systems capable of naturally communicating with humans, which poses a major challenge for natural language processing and machine learning. Inspired by recent success of sequence-to-sequence models with an encoder-decoder framework (Sutskever et al., 2014; Cho et al., 2014), researchers have attempted to apply variants of such models with explicit memory and attention to QA tasks, aiming to move a step further from machine learning to machine reasoning (Sainbayar et al., 2015; Kumar et al., 2016; Xiong et al., 2016). Similarly, all these models employ encoders to map statements and questions to fixed-length feature vectors, and a decoder to generate outputs. Empowered by the adoption of memory and attention, they have achieved remarkable success on several challenging datasets, including the recently acclaimed Facebook bAbI dataset.\nHowever, previous models suffer from the following important limitations. First, they fail to model context-dependent meaning of words. Different words may have different meanings in different contexts, which increases the difficulty of extracting the essential semantic logic flow of each sentence in different paragraphs. Second, many existing models only work in ideal QA settings and fail to address the uncertain situations under which models require additional user input to gather complete information to answer a given question. As shown in Table 1, the example on the left is an ideal QA problem. We can clearly understand what the question is and then locate the relevant sentences to generate the answer. However, it is hard to answer the question in the right example, because there are two types of bedrooms mentioned in the story and we do not know which bedroom the user refers to. These scenarios with incomplete information naturally appear in human conversations, and thus, effectively handling them is a key capability of intelligent QA models.\nTo address the challenges presented above, we propose a Context-aware Attention Network (CAN) to learn fine-grained representations for input sentences, and develop a mechanism to interact with the user for comprehensively understanding a given question. Specifically, we employ two-level attention applied at word level and sentence level to compute representations of all input sentences.\n\u2217Most of this work was done when the author was an intern at NEC Labs America.\nThe context information extracted from the input story is allowed to influence the attention over each word, and governs the word semantic meaning contributing to a sentence representation. In addition, an interactive mechanism is activated to generate a supplementary question for the user when the model feels that it does not have complete information to answer a given question. User\u2019s feedback is then encoded and exploited to attend over all input sentences to infer the answer. Our proposed model CAN can be viewed as an encoder-decoder approach augmented with two-level attention and an interactive mechanism, rendering our model self-adaptive, as illustrated in Figure 1.\nOur contributions in this paper are as follows: (i) We develop a new encoder-decoder model called CAN for question answering with two-level attention. Due to the new attention mechanism, our model avoids the necessity of multiple-hop attention, required by previous QA models, and knows when it can readily output an answer and when it needs additional information. (ii) We augment the encoder-decoder framework for QA with an interactive mechanism for handling user\u2019s feedback, which immediately changes sentence-level attention to infer the final answer without additional model training. (iii) We introduce a new dataset based on the bAbI dataset, namely ibAbI, for IQA tasks. (iv) Extensive experiments show that our approach outperforms state-of-the-art models on both QA and IQA datasets. Specifically, our approach achieves 40% improvement over traditional QA models (e.g., MemN2N and DMN+) on IQA datasets."
      },
      {
        "heading": "2 RELATED WORK",
        "text": "Recent work on QA has been heavily influenced by research on various models with attention and/or memory. Most of these models employ an encoder-decoder framework, and have been successfully applied to image classification (Seo et al., 2016), image captioning (Xu et al., 2015; Mnih et al., 2014), machine translation (Cho et al., 2014; Bahdanau et al., 2015; Luong et al., 2015), document classification (Yang et al., 2016), and textual/visual QA (Sainbayar et al., 2015; Yang et al., 2015; Lu et al., 2016; Kumar et al., 2016; Xiong et al., 2016). For textual QA in the form of statementsquestion-answer triplets, Sainbayar et al. (2015) utilizes an external memory module. It maps each input sentence to an input representation space regarded as a memory component. The output representation is calculated by summarizing over input representations with different attention weights. This single-layer memory can be extended to multi-layer memory by reasoning the content and the question multiple times. Instead of simply stacking the memory layers, Kumar et al. (2016) have introduced a dynamic memory network (DMN) to update the memory vectors through a modified GRU, in which the gate weight is trained in a supervised fashion. To improve DMN by train-\ning without supervision, Xiong et al. (2016) encode input sentences with a bidirectional GRU and then utilize an attention-based GRU to summarize these input sentences. Neural Turing Machine (NTM) (Graves et al., 2014), a model with content and location-based memory addressing mechanisms, has also been used for QA tasks recently. There is other recent work about QA using external resources (Wu et al., 2015; Fader et al., 2014; Savenkov & Emory, 2016; Hermann et al., 2015; Golub & He, 2016), and exploring dialog tasks (Weston, 2016; Bordes & Weston, 2016).\nOur model in this paper also addresses textual QA in the form of statements-question-answer triplets, but it differs from prior work in two aspects. First, in our attention network, the word attention are context-dependent for generating accurate sentence representations and the sentence attention are question-guided for generating context representation. Second, this new attention mechanism helps our model understand when it can readily output an answer and when it can generate a supplementary question for activating the user interaction. Incorporating user\u2019s feedback does not require additional model training and this property makes our model highly self-adaptive."
      },
      {
        "heading": "3 GATED RECURRENT UNIT NETWORKS",
        "text": "Gated Recurrent Unit (GRU) (Cho et al., 2014) is the basic building block of our model for IQA. GRU has been widely adopted for many NLP tasks, such as machine translation (Bahdanau et al., 2015) and language modeling (Zaremba et al., 2014). GRU improves Long Short-term Memory (LSTM) (Hochreiter & Schmidhuber, 1997) by removing the cell component and making each hidden state adaptively capture the dependencies over different time scales using reset and update gates. For each time step t with input xt and previous hidden state ht\u22121, we compute the updated hidden state ht = GRU(ht\u22121,xt) by,\nrt = \u03c3(Urx t +Wrh t\u22121 + br), z t = \u03c3(Uzx t +Wzh t\u22121 + bz),\nh\u0303t = tanh(Uhx t +Wh(r t ht\u22121) + bh), ht = zt ht\u22121 + (1\u2212 zt) h\u0303t,\nwhere \u03c3 is the sigmoid activation function, is an element-wise product, Ur,Uz,Uh \u2208 RK\u00d7D, Wr,Wz,Wh \u2208 RK\u00d7K , br,bz,bh \u2208 RK\u00d71, K is the hidden size and D is the input size."
      },
      {
        "heading": "4 CONTEXT-AWARE ATTENTION NETWORK",
        "text": "In this section, we first illustrate the proposed model CAN (\u00a7 4.1), including the question module (\u00a7 4.2), the input module(\u00a7 4.3) and the answer module (\u00a7 4.4). We then describe each of these modules in detail. Finally, we elaborate the training procedure of CAN (\u00a7 4.5)."
      },
      {
        "heading": "4.1 FRAMEWORK",
        "text": "Given a story represented by N input sentences (or statements), i.e., (l1, \u00b7 \u00b7 \u00b7 , lN ), and a question q, our goal is to generate an answer a. Each sentence lt includes a sequence of Nt words, denoted as (wt1, \u00b7 \u00b7 \u00b7 , wtNt), and a question with Nq words is represented as (w q 1, \u00b7 \u00b7 \u00b7 , w q Nq\n). Let V denote the size of dictionary, including the words from each lt, q and a, and end-of-sentence (EOS) symbols.\nThe whole framework of our model is shown in Figure 2, consisting of the following three key parts:\n\u2022 Question Module: The question module encodes the target question into a vector representation.\n\u2022 Input Module: The input module encodes a set of input sentences into a vector representation.\n\u2022 Answer Module: The answer module generates an answer based on the outputs of question and input modules. Unlike traditional QA models, it has two choices, either to output an answer immediately or to interact with the user for further information. Hence, if the model lacks sufficient evidence for answer prediction based on the existing knowledge at current timestamp, an interactive mechanism is enabled. Specifically, the model generates a supplementary question, and the user needs to provide a feedback, which is utilized to estimate an answer."
      },
      {
        "heading": "4.2 QUESTION MODULE",
        "text": "Suppose a question is a sequence of Nq words, we encode each word wj into a Kw-dimensional vector space xqj using an embedding matrix Ww \u2208 RKw\u00d7V , i.e., x q j = Ww[wj ], where [wj ] is a one-hot vector associated with word wj . The sequence order within a sentence significantly affects each word\u2019s semantic meaning due to its dependence on the previous words. Thus, a GRU is employed by taking each word vector xqj as input and updating the hidden state g q j \u2208 RKh\u00d71 as:\ngqj = GRUw(g q j\u22121,x q j), (1)\nwhere the subscript of GRU is used to distinguish other GRUs used in the following sections. The hidden state gqj can be regarded as the annotation vector of word wj by incorporating the word order information. We also explore a variety of encoding schema, such as LSTM and RNN. However, LSTM is prone to overfitting due to large number of parameters, and RNN has a poor performance because of exploding and vanishing gradients (Bengio et al., 1994).\nIn addition, each word contributes differently to the representation of a question. For example, in a question \u2018Where is the football?\u2019, \u2018where\u2019 and \u2018football\u2019 play a critical role in summarizing this sentence. Therefore, an attention mechanism is introduced to generate a question representation by focusing on the important words for their semantic meaning. A positive weight \u03b3j is placed on each word to indicate the relative importance of contribution to the representation of the question. Specifically, this weight is measured as the similarity of corresponding word annotation vector gj and a word level latent vector v \u2208 RKh\u00d71 for question which is jointly learned during the training process. The question representation u \u2208 RKc\u00d71 is then generated by a weighted summation of the word annotation vectors and corresponding important weights, where we also use one-layer MLP to transfer it from sentence-level space into context-level space,\n\u03b3j = softmax(v Tgqj ), (2) u = Wch Nq\u2211 j=1 \u03b3jg q j + b (q) c , (3)\nwhere softmax is defined as softmax(xi) = exp(xi)\u2211 j\u2032 exp(xj\u2032 ) , Wch \u2208 RKc\u00d7Kh , and b(q)c \u2208 RKc\u00d71."
      },
      {
        "heading": "4.3 INPUT MODULE",
        "text": "Input module aims at generating a representation for input sentences, including a sentence encoder and a context encoder. Sentence encoder computes a sentence representation, and context encoder calculates a representation of input sentences, both of which are introduced in the following sections."
      },
      {
        "heading": "4.3.1 SENTENCE ENCODER",
        "text": "For each input sentence lt, containing a sequence ofNt words (w1, \u00b7 \u00b7 \u00b7 , wNt), similar to the question module, each word wi is embedded into word space xti \u2208 RKw\u00d71 with the embedding matrix Ww, and a recurrent neural network is used to capture the context information from the words which have already been generated in the same sentence. Let hti \u2208 RKh\u00d71 denote the hidden state which can be interpreted as the word annotation in the input space. A GRU retrieves each word annotation by taking word vector as input and relying on previous hidden state,\nhti = GRUw(h t i\u22121,x t i). (4)\nIn Eq.(4), each word annotation vector takes the sequence order into consideration to learn its semantic meaning based on previous information within a sentence through a recurrent neural network. A question answering system is usually given multiple input sentences which often form a story together. A single word has different meaning in the different stories. Learning a single sentence context at which a word is located is insufficient to understand the meaning of this word, in particular when the sentence is placed in a story context. In other words, only modeling a sequence of words prior to a word within a sentence may lose some important information which results in the failure of the generation of sentence representation. Hence, we take the whole context into account as well to appropriately characterize each word and well understand this sentence\u2019s meaning. Suppose st\u22121 \u2208 RKc\u00d71 is the annotation vector of previous sentence lt\u22121, which will be introduced in the next section. To incorporate context information generated by previous sentences, we feed word annotation hti and previous sentence annotation st\u22121 through a two-layer MLP, where a context-aware word vector eti \u2208 RKc\u00d71 is obtained as follows:\neti = \u03c3(Weetanh(Wesst\u22121 +Wehh t i + b (1) e ) + b (2) e ), (5)\nwhere Wee,Wes \u2208 RKc\u00d7Kc and Weh \u2208 RKc\u00d7Kh are weight matrices, and b(1)e ,b(2)e \u2208 RKc\u00d71 are the bias terms. It is worth noting that st\u22121 is dependent on its previous sentence. Recursively, this sentence relies on its previous one as well. Hence, our model is able to encode the previous context. In addition, the sentence representation will focus on those words which are able to address the question. Inspired by this intuition, another word level attention mechanism is introduced to attend informative words about the question for generating a sentence\u2019s representation. As the question representation is utilized to guide the word attention, a positive weight \u03b1ti associated with each word is computed as the similarity of the question vector u and the corresponding context-aware word vector eti. Then the sentence representation yt \u2208 RKh\u00d71 is generated by aggregating the word annotation vectors with different weights,\n\u03b1ti = softmax(u Teti), yt = Nt\u2211 i=1 \u03b1tih t i. (6)"
      },
      {
        "heading": "4.3.2 CONTEXT ENCODER",
        "text": "Suppose a story is comprised of a sequence of sentences, i.e., (l1, \u00b7 \u00b7 \u00b7 , lN ), each of which is encoded as a Kh-dimensional vector yt through a sentence encoder. As input sentences have a sequence order, simply using their sentence vectors for context generation cannot effectively capture the entire context of the sequence of sentences. To address this issue, a sentence annotation vector is introduced to capture the previous context and this sentence\u2019s own meaning using a GRU. Given the sentence vector yt and the state st\u22121 of previous sentence, we get annotation vector st \u2208 RKc\u00d71 as:\nst = GRUs(st\u22121,yt). (7)\nA GRU can learn a sentence\u2019s meaning based on previous context information. However, just relying on GRU at sentence level using simple word embedding vectors makes it difficult to learn the precise semantic meaning for each word in the story. Hence, we introduce a context-aware attention mechanism shown in Eq.(5) to properly encode each word for the generation of sentence representation, which guarantees that each word is reasoned under the specific context.\nOnce the sentence annotation vectors (s1, \u00b7 \u00b7 \u00b7 , sN ) are obtained as described above, a sentence level attention mechanism is enabled to emphasize those sentences that are highly relevant to the question. We can estimate the attention weight \u03b2t with the similarity of the question and the\ncorresponding sentence. Hence, the context representation m is retrieved by summing over all sentence representations associated with corresponding attention weights, and given by:\n\u03b2t = softmax(u T st), (8) m = N\u2211 t=1 \u03b2tst. (9)\nSimilar to bidirectional RNN, our model can be extended to use another sentence-level GRU that moves backward through time beginning from the end of the sequence."
      },
      {
        "heading": "4.4 ANSWER MODULE",
        "text": "The answer module utilizes a decoder to generate an answer, where it has two output cases according to the understanding ability of both the question and the context. One is to generate the answer immediately after receiving the context and question information. Another one is to generate a supplementary question and then use the user\u2019s feedback to predict the answer. This process is taken by an interactive mechanism."
      },
      {
        "heading": "4.4.1 ANSWER GENERATION",
        "text": "Given the question representation u and the context representation m, another GRU is used as the decoder to generate a sentence as the answer. To fuse u and m together, we sum these vectors rather than concatenating them to reduce the total number of parameters. Suppose x\u0302k\u22121 \u2208 RKw\u00d71 is the predicted word vector in last step, GRU updates the hidden state zk \u2208 RKo\u00d71 as follows,\nx\u0302k Ww= softmax(Wodzk + bo), zk = GRUd(zk\u22121, [m+ u; x\u0302k\u22121]) (10)\nwhere Ww= denotes the predicted word vector through the embedding matrix Ww. Note that we require that each sentence ends with a special EOS symbol, including question mask and period symbol, which enables the model to define a distribution over sentences of all possible lengths.\nOutput Choices. In practice, the system is not aways able to answer question immediately based on its current knowledge due to the lack of some crucial information bridging the gap between question and context knowledge, i.e., incomplete issue. Therefore, we allow the decoder to make a binary choice, either to generate an answer immediately, or to enable an interactive mechanism. Specifically, if the model has sufficiently strong evidence for a successful answer prediction based on the well-learned context representation and question representation, the decoder will directly output the answer. Otherwise, the system generates a supplementary question for user, where an example is shown in Table 2. At this time, this user needs to offer a feedback which is then encoded to update the sentence-level attentions for answer generation. This procedure is our interactive mechanism.\nThe sentence generated by the decoder ends with a special symbol, either a question mask or a period symbol. Hence, this special symbol is utilized to make a decision. In other words, if EOS symbol is a question mask, the generated sentence is regarded as a supplementary question and an interactive mechanism is enabled; otherwise the generated sentence is the estimated answer and the prediction task is done. In the next section, we will introduce the details of interactive mechanism."
      },
      {
        "heading": "4.4.2 INTERACTIVE MECHANISM",
        "text": "The interactive process is summarized as follows: 1) The decoder generates a supplementary question; 2) The user provides a feedback; 3) The feedback is used for answer prediction for the target question. Suppose the feedback contains a sequence of words, denoted as (wf1 , \u00b7 \u00b7 \u00b7 , w f Nf ). Similar to the input module, each word wfd is embedded to a vector x f d through an embedding matrix\nWw. Then the corresponding annotation vector g f d \u2208 RKh\u00d71 is retrieved via a GRU by taking the embedding vector as input, and shown as follows:\ngfd = GRUw(g f d\u22121,x f d). (11)\nBased on the annotation vectors, a representation f \u2208 RKh\u00d71 can be obtained by a simple attention mechanism where each word is considered to contribute equally, and given by:\nf = 1\nNf Nf\u2211 d=1 gfd . (12)\nOur goal is to utilize the feedback representation f to generate an answer for the target question. The provided feedback improves the ability to answer the question by distinguishing the relevance of each input sentence to the question. In other words, the similarity of specific input sentences in the provided feedback make these sentences more likely to address the question. Hence, we refine the attention weight of each sentence shown in Eq.(9) after receiving the user\u2019s feedback, given by,\nr = tanh(Wrf f + b (f) r ), (13) \u03b2t = softmax(u T st + r T st) (14)\nwhere Wrf \u2208 RKc\u00d7Kh and b(f)r \u2208 RKc\u00d71 are the weight matrix and bias vector, respectively. Eq.(13) is an one-layer neural network to transfer feedback representation to context space. After obtaining the newly learned attention weights, we update the context representation using the softattention operation shown in Eq.(9). This updated context representation and question representation will be used as the input for decoder to generate an answer. Note that for simplifying the problem, we allow the decoder to only generate at most one supplementary question. In addition, one advantage of using the user\u2019s feedback to update the attention weights of input sentences is that we do not need to re-train the encoder again once a feedback is entering the system."
      },
      {
        "heading": "4.5 TRAINING PROCEDURE",
        "text": "During training, all modules share an embedding matrix. There are three different GRUs employed for sentence encoding, context encoding and answer/supplementary question decoding. In other words, the same GRU is used to encode the question, input sentences and the user\u2019s feedback. The second one is applied to generate context representation and the third one is used as decoder. Training can be treated as a supervised classification problem to minimize the cross-entropy error of the answer sequence and the supplementary question sequence."
      },
      {
        "heading": "5 EXPERIMENTS",
        "text": "In this section, we evaluate our approach with many baseline methods based on various datasets."
      },
      {
        "heading": "5.1 EXPERIMENTAL SETUP",
        "text": "Datasets. In this paper, we use two types of datasets to evaluate the performance of our approach. One is traditional QA dataset, where we use Facebook bAbI English 10k dataset (Weston et al., 2015). It contains 20 different types of tasks with emphasis on different forms of reasoning and induction. The second is the newly designed IQA dataset, where we extend bAbI to add interactive QA and denote it as ibAbI. Overall, we generate three ibAbI datasets based on task 1 (single supporting fact), task 4 (two argument relations), and task 7 (counting). Specifically, the former two datasets focus on solving ambiguous actors/objects problem, and the latter one is to ask further information that assists answer prediction. Table 3 shows three examples for our three ibAbI tasks.\nIn addition, we also mix IQA data and corresponding QA data together with different IQA ratios, where the IQA ratio is ranging from 0.3 to 1 (with step as 0.1) and denoted asRIQA. For example, in task 1, we randomly pick RIQA\u00d7 100 percent data from ibAbI task 1, and then randomly select the remaining data from bAbI task 1. RIQA = 1 indicates that the whole dataset only consists of IQA problems; otherwise (i.e., ranging from 0.3 to 0.9) it consists of both types of QA problems. Overall, we have three tasks for ibAbI dataset, and eight sub-datasets for each task. In the experiments, 10k examples are used as training and another 1k examples are used as testing.\nExperiment Settings. We train our models using the Adam optimizer (Kingma & Ba, 2014). Xavier initialization is used for all parameters except for word embeddings, which utilize random uniform initialization ranging from \u2212 \u221a 3 to \u221a 3. The learning rate is set as 0.001. The grid search method is utilized to find optimal parameters, such as batch size and hidden size."
      },
      {
        "heading": "5.2 BASELINE METHODS",
        "text": "To demonstrate the effectiveness of our approach CAN, we compare it with the following models:\n\u2022 DMN+: Xiong et al. (2016) improve Dynamic Memory Networks (Kumar et al., 2016) by using stronger input and memory modules, where a bidirectional GRU is adopted to generate representations for statements and a neural network is used to update episodic memory multiple times.\n\u2022 MemN2N: This is an extension of Memory Network with weak supervision as proposed in Sainbayar et al. (2015). Here, an external memory module is used to encode the input statements and a recurrent attention mechanism is used to read the memory for answer prediction.\n\u2022 EncDec: We extend the encoder-decoder framework (Cho et al., 2014) to solve QA tasks as a baseline method. Specifically, EncDec uses a GRU to encode statements and questions, the end of hidden states is used as context representation, and another GRU to generate the output."
      },
      {
        "heading": "5.3 PERFORMANCE OF QUESTION ANSWERING",
        "text": "In this section, we evaluate model\u2019s ability for answer prediction based on traditional QA dataset (i.e., bAbI-10k). For this task, our model (denoted as CAN+QA) does not use the interactive mechanism. As the output answers for this dataset only contain a single word, we adopt test error rate as evaluation metric. For DMN+ and MemN2N methods, we select the best performance over bAbI dataset reported in (Xiong et al., 2016). The results of various models across 20 tasks are reported in Table 4. We summarize the main observations as follows:\n\u2022 Our approach is better than all baseline methods in each individual task. For example, it reduces the error by 4% compared to DMN+ in task 17, and compared to MemN2N, it reduces 18.4% and 4.8% error in task 17 and 18 respectively. We can achieve a better result primarily because our approach can model the semantic logic flow for statements. Table 5 shows two examples in task 17 and 18, where MemN2N predicts incorrectly while CAN+QA can make correct predictions. In these two examples, the semantic logic determines the relationship between two objects mentioned in the question, such as chest and suitcase. In addition, Kumar et al. (2016) has shown that memory networks with multiple hops are better than the one with single hop. Our strong results illustrate that our approach has more accurate context modeling even without multiple hops.\n\u2022 EncDec performs the worst amongst all models over all tasks. EncDec concatenates the statements and questions as a single input, resulting in the difficulty of training the GRU. For example, EncDec is not good on task 2 and 3 because these two tasks have longer inputs than other tasks.\n\u2022 The results of DMN+ and MemN2N are much better than EncDec. It is not surprising that they can outperform EncDec, because they are specifically designed for question answering and do not suffer from the problem mentioned above by treating input sentences separately.\n\u2022 All models perform poorly on task 16. Xiong et al. (2016) points out that MemN2N with a simple update for memory could achieve a near perfect error rate of 0.4 while a more complex method will lead to a much worse result. This shows that a sophisticated modeling method makes it\ndifficult to achieve a good performance in certain simple tasks with such limited data. This can be a possible reason for the poor performance of our model on this specific task as well.\nIn addition, different from MemN2N, we use a GRU to capture the semantic logic flow of input sentences, where the sentence-level attention can weaken the influence of unrelated sentences in a long story. Table 6 shows two examples of our results with long stories. From the attention weights, we can see our model can correctly search relevant sentences in a long story to address a question."
      },
      {
        "heading": "5.4 PERFORMANCE OF INTERACTIVE QUESTION ANSWERING",
        "text": "In this section, we evaluate the performance of various models based on IQA dataset (as described in Section 5.1). For testing, we simulate the interactive procedure by taking the predefined feedback as user\u2019s input for the generated supplementary question, and then generating an answer. All baseline methods do not have interactive part, so they take both statements and question as input and then estimate an answer. We compare our approach (CAN+IQA) with baseline methods in terms of test error rate shown in Table 7. From the results, we can achieve the following conclusions:\n\u2022 Our method significantly outperforms all baseline methods. Specifically, we can achieve 0% test error rate in task 1 and task 4 withRIQA = 1.0 ; while the best result of baseline methods can only get 40.5% test error rate. CAN+IQA benefits from more accurate context modeling, which allows it to correctly understand when to output an answer or require additional information. For those QA problems with incomplete information, it is necessary to gather the additional information from users. Randomly guessing may harm model\u2019s performance, which makes conventional QA models difficult to converge. But our approach uses an interactive procedure to obtain user\u2019s feedback and allows the model to provide the correct answer.\n\u2022 For the baseline methods, DMN+ and MemN2N perform similarly and do better than EncDec. Their similar performance (which are worse than our approach) is due to the limitation that they could not learn the accurate meaning of statements and questions with limited resource and then have trouble training the models. But they are superior over EncDec as they treat each input sentence separately instead of modeling very long inputs.\nIn addition, we also quantitatively evaluate the quality of supplementary question generated by our approach where the details can be found in Appendix A."
      },
      {
        "heading": "5.5 QUALITATIVE ANALYSIS OF INTERACTIVE MECHANISM",
        "text": "In this section, we qualitatively show the attention weights over input sentences generated by our model on both QA and IQA data. We train our model (CAN+IQA) on task 1 of ibAbI dataset with QIQA = 0.9, and randomly select one IQA example from the testing data. Then we do the prediction on this IQA problem. In addition, we change this instance to a QA problem by replacing the question \u201cWhere is she?\u201d with \u201cWhere is Sandra?\u201d, and then do the prediction as well. The prediction results on both QA and IQA problems are shown in Table 8. From the results, we observe the following: 1) The attention that uses user\u2019s feedback focuses on the key relevant sentence while the attention without feedback only focuses on an unrelated sentence. This happens because utilizing user\u2019s feedback allows the model to understand a question better and locate the relevant input sentences. This illustrates the effectiveness of an interactive mechanism on addressing questions that require additional information. 2) The attention on both two problems can finally focus on the relevant sentences, showing the usefulness of our model for solving different types of QA problems."
      },
      {
        "heading": "6 CONCLUSION",
        "text": "In this paper, we present a self-adaptive model, CAN, which learns more accurate representations for statements and questions. More importantly, our model is aware what it knows and what it does not know within the context of the story, and takes an interactive mechanism to answer a question. Hence, our model takes an important step towards having a natural and intelligent conversation\nwith humans. In the future, we plan to employ more powerful attention mechanisms with explicit unknown state modeling and multi-round feedback-guided fine-tuning to make the model fully selfaware, self-adaptive, and self-taught. We also plan to expand our results to harder co-reference and interactive visual QA tasks with uncertainty modeling."
      },
      {
        "heading": "A SUPPLEMENTARY QUESTION ANALYSIS",
        "text": "We quantitatively evaluate the quality of supplementary question generated by our model based on IQA dataset. All baseline methods are designed to only predict an answer, none of them can generate a question. Thus we design another baseline method to generate supplementary question based on EncDec, and denote it as EncDec\u2217. Specifically, in training procedure, EncDec\u2217 takes statements and questions as input. If the supplementary question is available, it is used as output; otherwise the corresponding answer is viewed as output. Similar to our approach, the EOS symbol is used to determine whether the generated sentence is question or not, where the question ends with question mark and the answer ends with period symbol.\nTo test model\u2019s ability to generate supplementary question, we define some following metrics. Suppose the number of problems is N , and the number of problems having supplementary question is Ns. Then Na = N \u2212Ns is the number of remaining problems. Let SQueAcc = N\u0302sNs is the fraction of IQA problems which can be correctly estimated, and AnsAcc = N\u0302aNa is the fraction of remaining problems which can be correctly estimated as QA problem. So SQueAnsAcc = N\u0302s+N\u0302aN is the overall accuracy. In addition, the widely used BLEU (Papineni et al., 2002) and METEROR (Banerjee & Lavie, 2005) are also adopted to evaluate the quality of generated supplementary question. The results of our method and baseline method are presented in Table 9.\nFrom the results, we can observe that 1) Two models can almost correctly determine whether it is time to output a question or not; 2) Two models are able to generate the correct supplementary questions whose contents exactly match with the ground truth. There is no surprise that EncDec\u2217 also performs well in generating question, because it is specifically designed for only outputting questions. Thus, if given enough training data, EncDec\u2217 could predict good questions. However, the limitation is that it cannot predict a supplementary question and an answer at the same time. Different from EncDec\u2217, our approach can accurately know when to output an answer or when to generate a supplementary question."
      }
    ],
    "references": [
      {
        "title": "Neural machine translation by jointly learning to align and translate",
        "author": [
          "Dzmitry Bahdanau",
          "Kyunghyun Cho",
          "Yoshua Bengio"
        ],
        "venue": "In ICLR,",
        "citeRegEx": "Bahdanau et al\\.,? \\Q2015\\E",
        "shortCiteRegEx": "Bahdanau et al\\.",
        "year": 2015
      },
      {
        "title": "Meteor: An automatic metric for mt evaluation with improved correlation with human judgments",
        "author": [
          "Satanjeev Banerjee",
          "Alon Lavie"
        ],
        "venue": "In ACL workshop,",
        "citeRegEx": "Banerjee and Lavie.,? \\Q2005\\E",
        "shortCiteRegEx": "Banerjee and Lavie.",
        "year": 2005
      },
      {
        "title": "Learning long-term dependencies with gradient descent is difficult",
        "author": [
          "Y. Bengio",
          "P. Simard",
          "P. Frasconi"
        ],
        "venue": "Trans. Neur. Netw.,",
        "citeRegEx": "Bengio et al\\.,? \\Q1994\\E",
        "shortCiteRegEx": "Bengio et al\\.",
        "year": 1994
      },
      {
        "title": "Learning end-to-end goal-oriented",
        "author": [
          "Antoine Bordes",
          "Jason Weston"
        ],
        "venue": "dialog. CoRR,",
        "citeRegEx": "Bordes and Weston.,? \\Q2016\\E",
        "shortCiteRegEx": "Bordes and Weston.",
        "year": 2016
      },
      {
        "title": "Learning phrase representations using RNN encoder-decoder for statistical machine translation",
        "author": [
          "Kyunghyun Cho",
          "Bart van Merrienboer",
          "\u00c7aglar G\u00fcl\u00e7ehre",
          "Dzmitry Bahdanau",
          "Fethi Bougares",
          "Holger Schwenk",
          "Yoshua Bengio"
        ],
        "venue": "In EMNLP,",
        "citeRegEx": "Cho et al\\.,? \\Q2014\\E",
        "shortCiteRegEx": "Cho et al\\.",
        "year": 2014
      },
      {
        "title": "Open question answering over curated and extracted knowledge bases",
        "author": [
          "Anthony Fader",
          "Luke Zettlemoyer",
          "Oren Etzioni"
        ],
        "venue": "In KDD, pp",
        "citeRegEx": "Fader et al\\.,? \\Q2014\\E",
        "shortCiteRegEx": "Fader et al\\.",
        "year": 2014
      },
      {
        "title": "Character-level question answering with attention",
        "author": [
          "David Golub",
          "Xiaodong He"
        ],
        "venue": "CoRR, abs/1604.00727,",
        "citeRegEx": "Golub and He.,? \\Q2016\\E",
        "shortCiteRegEx": "Golub and He.",
        "year": 2016
      },
      {
        "title": "Teaching machines to read and comprehend",
        "author": [
          "Karl Moritz Hermann",
          "Tom\u00e1s Kocisk\u00fd",
          "Edward Grefenstette",
          "Lasse Espeholt",
          "Will Kay",
          "Mustafa Suleyman",
          "Phil Blunsom"
        ],
        "venue": "In NIPS,",
        "citeRegEx": "Hermann et al\\.,? \\Q2015\\E",
        "shortCiteRegEx": "Hermann et al\\.",
        "year": 2015
      },
      {
        "title": "Long short-term memory",
        "author": [
          "Sepp Hochreiter",
          "J\u00fcrgen Schmidhuber"
        ],
        "venue": "Neural Computation,",
        "citeRegEx": "Hochreiter and Schmidhuber.,? \\Q1997\\E",
        "shortCiteRegEx": "Hochreiter and Schmidhuber.",
        "year": 1997
      },
      {
        "title": "Adam: A method for stochastic optimization",
        "author": [
          "Diederik P. Kingma",
          "Jimmy Ba"
        ],
        "venue": "CoRR, abs/1412.6980,",
        "citeRegEx": "Kingma and Ba.,? \\Q2014\\E",
        "shortCiteRegEx": "Kingma and Ba.",
        "year": 2014
      },
      {
        "title": "Ask me anything: Dynamic memory networks for natural language processing",
        "author": [
          "Ankit Kumar",
          "Ozan Irsoy",
          "Peter Ondruska",
          "Mohit Iyyer",
          "James Bradbury",
          "Ishaan Gulrajani",
          "Victor Zhong",
          "Romain Paulus",
          "Richard Socher"
        ],
        "venue": "In ICML,",
        "citeRegEx": "Kumar et al\\.,? \\Q2016\\E",
        "shortCiteRegEx": "Kumar et al\\.",
        "year": 2016
      },
      {
        "title": "Hierarchical question-image co-attention for visual question answering",
        "author": [
          "Jiasen Lu",
          "Jianwei Yang",
          "Dhruv Batra",
          "Devi Parikh"
        ],
        "venue": null,
        "citeRegEx": "Lu et al\\.,? \\Q2016\\E",
        "shortCiteRegEx": "Lu et al\\.",
        "year": 2016
      },
      {
        "title": "Effective approaches to attentionbased neural machine translation",
        "author": [
          "Minh-Thang Luong",
          "Hieu Pham",
          "Christopher D. Manning"
        ],
        "venue": "CoRR, abs/1508.04025,",
        "citeRegEx": "Luong et al\\.,? \\Q2015\\E",
        "shortCiteRegEx": "Luong et al\\.",
        "year": 2015
      },
      {
        "title": "Recurrent models of visual attention",
        "author": [
          "Volodymyr Mnih",
          "Nicolas Heess",
          "Alex Graves",
          "Koray Kavukcuoglu"
        ],
        "venue": "In NIPS, pp",
        "citeRegEx": "Mnih et al\\.,? \\Q2014\\E",
        "shortCiteRegEx": "Mnih et al\\.",
        "year": 2014
      },
      {
        "title": "Bleu: A method for automatic evaluation of machine translation",
        "author": [
          "Kishore Papineni",
          "Salim Roukos",
          "Todd Ward",
          "Wei-Jing Zhu"
        ],
        "venue": "In Association for Computational Linguistics,",
        "citeRegEx": "Papineni et al\\.,? \\Q2002\\E",
        "shortCiteRegEx": "Papineni et al\\.",
        "year": 2002
      },
      {
        "title": "End-to-end memory networks",
        "author": [
          "Sukhbaatar Sainbayar",
          "Szlam Arthur",
          "Weston Jason",
          "Fergus Rob"
        ],
        "venue": "In NIPS, pp",
        "citeRegEx": "Sainbayar et al\\.,? \\Q2015\\E",
        "shortCiteRegEx": "Sainbayar et al\\.",
        "year": 2015
      },
      {
        "title": "When a knowledge base is not enough: Question answering over knowledge bases with external text data",
        "author": [
          "Denis Savenkov",
          "Eugene Agichtein Emory"
        ],
        "venue": "In SIGIR,",
        "citeRegEx": "Savenkov and Emory.,? \\Q2016\\E",
        "shortCiteRegEx": "Savenkov and Emory.",
        "year": 2016
      },
      {
        "title": "Sequence to sequence learning with neural networks",
        "author": [
          "Ilya Sutskever",
          "Oriol Vinyals",
          "Quoc V Le"
        ],
        "venue": "In NIPS, pp",
        "citeRegEx": "Sutskever et al\\.,? \\Q2014\\E",
        "shortCiteRegEx": "Sutskever et al\\.",
        "year": 2014
      },
      {
        "title": "Dialog-based language learning",
        "author": [
          "Jason Weston"
        ],
        "venue": null,
        "citeRegEx": "Weston.,? \\Q2016\\E",
        "shortCiteRegEx": "Weston.",
        "year": 2016
      },
      {
        "title": "Towards ai-complete question answering: A set of prerequisite toy",
        "author": [
          "Jason Weston",
          "Antoine Bordes",
          "Sumit Chopra",
          "Tomas Mikolov"
        ],
        "venue": "tasks. CoRR,",
        "citeRegEx": "Weston et al\\.,? \\Q2015\\E",
        "shortCiteRegEx": "Weston et al\\.",
        "year": 2015
      },
      {
        "title": "Ask me anything: Free-form visual question answering based on knowledge from external sources",
        "author": [
          "Qi Wu",
          "Peng Wang",
          "Chunhua Shen",
          "Anton van den Hengel",
          "Anthony R. Dick"
        ],
        "venue": "CoRR, abs/1511.06973,",
        "citeRegEx": "Wu et al\\.,? \\Q2015\\E",
        "shortCiteRegEx": "Wu et al\\.",
        "year": 2015
      },
      {
        "title": "Dynamic memory networks for visual and textual question answering",
        "author": [
          "Caiming Xiong",
          "Stephen Merity",
          "Richard Socher"
        ],
        "venue": "In ICML,",
        "citeRegEx": "Xiong et al\\.,? \\Q2016\\E",
        "shortCiteRegEx": "Xiong et al\\.",
        "year": 2016
      },
      {
        "title": "Show, attend and tell: Neural image caption generation with visual attention",
        "author": [
          "Kelvin Xu",
          "Jimmy Ba",
          "Ryan Kiros",
          "Kyunghyun Cho",
          "Aaron C. Courville",
          "Ruslan Salakhutdinov",
          "Richard S. Zemel",
          "Yoshua Bengio"
        ],
        "venue": "CoRR, abs/1502.03044,",
        "citeRegEx": "Xu et al\\.,? \\Q2015\\E",
        "shortCiteRegEx": "Xu et al\\.",
        "year": 2015
      },
      {
        "title": "Stacked attention networks for image question answering",
        "author": [
          "Zichao Yang",
          "Xiaodong He",
          "Jianfeng Gao",
          "Li Deng",
          "Alexander J. Smola"
        ],
        "venue": "CoRR, abs/1511.02274,",
        "citeRegEx": "Yang et al\\.,? \\Q2015\\E",
        "shortCiteRegEx": "Yang et al\\.",
        "year": 2015
      },
      {
        "title": "Hierarchical attention networks for document classification",
        "author": [
          "Zichao Yang",
          "Diyi Yang",
          "Chris Dyer",
          "Xiaodong He",
          "Alexander J. Smola",
          "Eduard H. Hovy"
        ],
        "venue": "In HLT,",
        "citeRegEx": "Yang et al\\.,? \\Q2016\\E",
        "shortCiteRegEx": "Yang et al\\.",
        "year": 2016
      },
      {
        "title": "Recurrent neural network regularization",
        "author": [
          "Wojciech Zaremba",
          "Ilya Sutskever",
          "Oriol Vinyals"
        ],
        "venue": "CoRR, abs/1409.2329,",
        "citeRegEx": "Zaremba et al\\.,? \\Q2014\\E",
        "shortCiteRegEx": "Zaremba et al\\.",
        "year": 2014
      }
    ],
    "referenceMentions": [
      {
        "referenceID": 17,
        "context": "Inspired by recent success of sequence-to-sequence models with an encoder-decoder framework (Sutskever et al., 2014; Cho et al., 2014), researchers have attempted to apply variants of such models with explicit memory and attention to QA tasks, aiming to move a step further from machine learning to machine reasoning (Sainbayar et al.",
        "startOffset": 92,
        "endOffset": 134
      },
      {
        "referenceID": 4,
        "context": "Inspired by recent success of sequence-to-sequence models with an encoder-decoder framework (Sutskever et al., 2014; Cho et al., 2014), researchers have attempted to apply variants of such models with explicit memory and attention to QA tasks, aiming to move a step further from machine learning to machine reasoning (Sainbayar et al.",
        "startOffset": 92,
        "endOffset": 134
      },
      {
        "referenceID": 15,
        "context": ", 2014), researchers have attempted to apply variants of such models with explicit memory and attention to QA tasks, aiming to move a step further from machine learning to machine reasoning (Sainbayar et al., 2015; Kumar et al., 2016; Xiong et al., 2016).",
        "startOffset": 190,
        "endOffset": 254
      },
      {
        "referenceID": 10,
        "context": ", 2014), researchers have attempted to apply variants of such models with explicit memory and attention to QA tasks, aiming to move a step further from machine learning to machine reasoning (Sainbayar et al., 2015; Kumar et al., 2016; Xiong et al., 2016).",
        "startOffset": 190,
        "endOffset": 254
      },
      {
        "referenceID": 21,
        "context": ", 2014), researchers have attempted to apply variants of such models with explicit memory and attention to QA tasks, aiming to move a step further from machine learning to machine reasoning (Sainbayar et al., 2015; Kumar et al., 2016; Xiong et al., 2016).",
        "startOffset": 190,
        "endOffset": 254
      },
      {
        "referenceID": 22,
        "context": ", 2016), image captioning (Xu et al., 2015; Mnih et al., 2014), machine translation (Cho et al.",
        "startOffset": 26,
        "endOffset": 62
      },
      {
        "referenceID": 13,
        "context": ", 2016), image captioning (Xu et al., 2015; Mnih et al., 2014), machine translation (Cho et al.",
        "startOffset": 26,
        "endOffset": 62
      },
      {
        "referenceID": 4,
        "context": ", 2014), machine translation (Cho et al., 2014; Bahdanau et al., 2015; Luong et al., 2015), document classification (Yang et al.",
        "startOffset": 29,
        "endOffset": 90
      },
      {
        "referenceID": 0,
        "context": ", 2014), machine translation (Cho et al., 2014; Bahdanau et al., 2015; Luong et al., 2015), document classification (Yang et al.",
        "startOffset": 29,
        "endOffset": 90
      },
      {
        "referenceID": 12,
        "context": ", 2014), machine translation (Cho et al., 2014; Bahdanau et al., 2015; Luong et al., 2015), document classification (Yang et al.",
        "startOffset": 29,
        "endOffset": 90
      },
      {
        "referenceID": 24,
        "context": ", 2015), document classification (Yang et al., 2016), and textual/visual QA (Sainbayar et al.",
        "startOffset": 33,
        "endOffset": 52
      },
      {
        "referenceID": 15,
        "context": ", 2016), and textual/visual QA (Sainbayar et al., 2015; Yang et al., 2015; Lu et al., 2016; Kumar et al., 2016; Xiong et al., 2016).",
        "startOffset": 31,
        "endOffset": 131
      },
      {
        "referenceID": 23,
        "context": ", 2016), and textual/visual QA (Sainbayar et al., 2015; Yang et al., 2015; Lu et al., 2016; Kumar et al., 2016; Xiong et al., 2016).",
        "startOffset": 31,
        "endOffset": 131
      },
      {
        "referenceID": 11,
        "context": ", 2016), and textual/visual QA (Sainbayar et al., 2015; Yang et al., 2015; Lu et al., 2016; Kumar et al., 2016; Xiong et al., 2016).",
        "startOffset": 31,
        "endOffset": 131
      },
      {
        "referenceID": 10,
        "context": ", 2016), and textual/visual QA (Sainbayar et al., 2015; Yang et al., 2015; Lu et al., 2016; Kumar et al., 2016; Xiong et al., 2016).",
        "startOffset": 31,
        "endOffset": 131
      },
      {
        "referenceID": 21,
        "context": ", 2016), and textual/visual QA (Sainbayar et al., 2015; Yang et al., 2015; Lu et al., 2016; Kumar et al., 2016; Xiong et al., 2016).",
        "startOffset": 31,
        "endOffset": 131
      },
      {
        "referenceID": 0,
        "context": ", 2014; Bahdanau et al., 2015; Luong et al., 2015), document classification (Yang et al., 2016), and textual/visual QA (Sainbayar et al., 2015; Yang et al., 2015; Lu et al., 2016; Kumar et al., 2016; Xiong et al., 2016). For textual QA in the form of statementsquestion-answer triplets, Sainbayar et al. (2015) utilizes an external memory module.",
        "startOffset": 8,
        "endOffset": 311
      },
      {
        "referenceID": 0,
        "context": ", 2014; Bahdanau et al., 2015; Luong et al., 2015), document classification (Yang et al., 2016), and textual/visual QA (Sainbayar et al., 2015; Yang et al., 2015; Lu et al., 2016; Kumar et al., 2016; Xiong et al., 2016). For textual QA in the form of statementsquestion-answer triplets, Sainbayar et al. (2015) utilizes an external memory module. It maps each input sentence to an input representation space regarded as a memory component. The output representation is calculated by summarizing over input representations with different attention weights. This single-layer memory can be extended to multi-layer memory by reasoning the content and the question multiple times. Instead of simply stacking the memory layers, Kumar et al. (2016) have introduced a dynamic memory network (DMN) to update the memory vectors through a modified GRU, in which the gate weight is trained in a supervised fashion.",
        "startOffset": 8,
        "endOffset": 743
      },
      {
        "referenceID": 20,
        "context": "There is other recent work about QA using external resources (Wu et al., 2015; Fader et al., 2014; Savenkov & Emory, 2016; Hermann et al., 2015; Golub & He, 2016), and exploring dialog tasks (Weston, 2016; Bordes & Weston, 2016).",
        "startOffset": 61,
        "endOffset": 162
      },
      {
        "referenceID": 5,
        "context": "There is other recent work about QA using external resources (Wu et al., 2015; Fader et al., 2014; Savenkov & Emory, 2016; Hermann et al., 2015; Golub & He, 2016), and exploring dialog tasks (Weston, 2016; Bordes & Weston, 2016).",
        "startOffset": 61,
        "endOffset": 162
      },
      {
        "referenceID": 7,
        "context": "There is other recent work about QA using external resources (Wu et al., 2015; Fader et al., 2014; Savenkov & Emory, 2016; Hermann et al., 2015; Golub & He, 2016), and exploring dialog tasks (Weston, 2016; Bordes & Weston, 2016).",
        "startOffset": 61,
        "endOffset": 162
      },
      {
        "referenceID": 18,
        "context": ", 2015; Golub & He, 2016), and exploring dialog tasks (Weston, 2016; Bordes & Weston, 2016).",
        "startOffset": 54,
        "endOffset": 91
      },
      {
        "referenceID": 17,
        "context": "ing without supervision, Xiong et al. (2016) encode input sentences with a bidirectional GRU and then utilize an attention-based GRU to summarize these input sentences.",
        "startOffset": 25,
        "endOffset": 45
      },
      {
        "referenceID": 4,
        "context": "Gated Recurrent Unit (GRU) (Cho et al., 2014) is the basic building block of our model for IQA.",
        "startOffset": 27,
        "endOffset": 45
      },
      {
        "referenceID": 0,
        "context": "GRU has been widely adopted for many NLP tasks, such as machine translation (Bahdanau et al., 2015) and language modeling (Zaremba et al.",
        "startOffset": 76,
        "endOffset": 99
      },
      {
        "referenceID": 25,
        "context": ", 2015) and language modeling (Zaremba et al., 2014).",
        "startOffset": 30,
        "endOffset": 52
      },
      {
        "referenceID": 2,
        "context": "However, LSTM is prone to overfitting due to large number of parameters, and RNN has a poor performance because of exploding and vanishing gradients (Bengio et al., 1994).",
        "startOffset": 149,
        "endOffset": 170
      },
      {
        "referenceID": 19,
        "context": "One is traditional QA dataset, where we use Facebook bAbI English 10k dataset (Weston et al., 2015).",
        "startOffset": 78,
        "endOffset": 99
      },
      {
        "referenceID": 10,
        "context": "(2016) improve Dynamic Memory Networks (Kumar et al., 2016) by using stronger input and memory modules, where a bidirectional GRU is adopted to generate representations for statements and a neural network is used to update episodic memory multiple times.",
        "startOffset": 39,
        "endOffset": 59
      },
      {
        "referenceID": 4,
        "context": "\u2022 EncDec: We extend the encoder-decoder framework (Cho et al., 2014) to solve QA tasks as a baseline method.",
        "startOffset": 50,
        "endOffset": 68
      },
      {
        "referenceID": 18,
        "context": "\u2022 DMN+: Xiong et al. (2016) improve Dynamic Memory Networks (Kumar et al.",
        "startOffset": 8,
        "endOffset": 28
      },
      {
        "referenceID": 9,
        "context": "(2016) improve Dynamic Memory Networks (Kumar et al., 2016) by using stronger input and memory modules, where a bidirectional GRU is adopted to generate representations for statements and a neural network is used to update episodic memory multiple times. \u2022 MemN2N: This is an extension of Memory Network with weak supervision as proposed in Sainbayar et al. (2015). Here, an external memory module is used to encode the input statements and a recurrent attention mechanism is used to read the memory for answer prediction.",
        "startOffset": 40,
        "endOffset": 365
      },
      {
        "referenceID": 21,
        "context": "For DMN+ and MemN2N methods, we select the best performance over bAbI dataset reported in (Xiong et al., 2016).",
        "startOffset": 90,
        "endOffset": 110
      },
      {
        "referenceID": 10,
        "context": "In addition, Kumar et al. (2016) has shown that memory networks with multiple hops are better than the one with single hop.",
        "startOffset": 13,
        "endOffset": 33
      },
      {
        "referenceID": 10,
        "context": "In addition, Kumar et al. (2016) has shown that memory networks with multiple hops are better than the one with single hop. Our strong results illustrate that our approach has more accurate context modeling even without multiple hops. \u2022 EncDec performs the worst amongst all models over all tasks. EncDec concatenates the statements and questions as a single input, resulting in the difficulty of training the GRU. For example, EncDec is not good on task 2 and 3 because these two tasks have longer inputs than other tasks. \u2022 The results of DMN+ and MemN2N are much better than EncDec. It is not surprising that they can outperform EncDec, because they are specifically designed for question answering and do not suffer from the problem mentioned above by treating input sentences separately. \u2022 All models perform poorly on task 16. Xiong et al. (2016) points out that MemN2N with a simple update for memory could achieve a near perfect error rate of 0.",
        "startOffset": 13,
        "endOffset": 853
      }
    ],
    "year": 2016,
    "abstractText": "We develop a new model for Interactive Question Answering (IQA), using GatedRecurrent-Unit recurrent networks (GRUs) as encoders for statements and questions, and another GRU as a decoder for outputs. Distinct from previous work, our approach employs context-dependent word-level attention for more accurate statement representations and question-guided sentence-level attention for better context modeling. Employing these mechanisms, our model accurately understands when it can output an answer or when it requires generating a supplementary question for additional input. When available, user\u2019s feedback is encoded and directly applied to update sentence-level attention to infer the answer. Extensive experiments on QA and IQA datasets demonstrate quantitatively the effectiveness of our model with significant improvement over conventional QA models.",
    "creator": "LaTeX with hyperref package"
  }
}