{
  "year": 2017,
  "abstract": "We propose the Gaussian Error Linear Unit (GELU), a high-performing neural network activation function. The GELU nonlinearity is the expected transformation of a stochastic regularizer which randomly applies the identity or zero map to a neuron's input. This stochastic regularizer is comparable to nonlinearities aided by dropout, but it removes the need for a traditional nonlinearity. The connection between the GELU and the stochastic regularizer suggests a new probabilistic understanding of nonlinearities. We perform an empirical evaluation of the GELU nonlinearity against the ReLU and ELU activations and find performance improvements across all tasks.",
  "score": 5,
  "verdict": "Reject",
  "reviews": [
    {
      "title": "R1",
      "comments": "\nOfficial review.\nThe method proposed essential trains neural networks without a traditional nonlinearity, using multiplicative gating by the CDF of a Gaussian evaluated at the preactivation; this is motivated as a relaxation of a probit-Bernoulli stochastic gate. Experiments are performed with both.\n\nThe work is somewhat novel and interesting. Little is said about why this is preferable to other similar parameterizations of the same (sigmoidal? softsign? etc.) It would be stronger with more empirical interrogation of why this works and exploration of the nearby conceptual space. The CIFAR results look okay by today's standards but the MNIST results are quite bad, neural nets were doing better than 1.5% a decade ago and the SOI map results (and the ReLU baseline) are above 2%. (TIMIT results on frame classification also aren't that interesting without evaluating word error rate within a speech pipeline, but this is a minor point.)\n\nThe idea put forth that SOI map networks without additional nonlinearities are comparable to linear functions is rather misleading as they are, in expectation, nonlinear functions of their input. Varying an input example by multiplying or adding a constant will not be linearly reflected in the expected output of the network. In this sense they are more nonlinear than ReLU networks which are at least locally linear.\n\nThe plots are very difficult to read in grayscale,",
      "recommendation": 5
    },
    {
      "title": "R2",
      "comments": "\nThe proposed approach seems similar to other existing approaches in literature (eg. adaptive dropout). Experimental validation not adequate for evaluation.\nApproaches like adaptive dropout also have the binary mask as a function of input to a neuron very similar to the proposed approach. It is not clear, even from the new draft, how the proposed approach differs to Adaptive dropout in terms of functionality. The experimental validation is also not extensive since comparison to SOTA is not included. ",
      "recommendation": 5
    },
    {
      "title": "R3",
      "comments": "\nMinor variant on existing regularization methods\nThe proposed regularizer seems to be a particular combination of existing methods. Though the implied connection between nonlinearities and stochastic regularizers is intriguing, in my opinion the empirical performance does not exceed the performance achieved by similar methods by a large enough margin to arrive at a meaningful conclusion. ",
      "recommendation": 4
    },
    {
      "title": "R4",
      "comments": ""
    }
  ]
}